transport,run,n,matrix_bytes,h2d_us,compute_us,d2h_us,total_us
ucx-rdma,INFO - Parsing endpoint config from: /opt/GVirtuS/etc/properties.json
ucx-rdma,DEBUG - Full JSON dump:
ucx-rdma,{
ucx-rdma,    "communicator": [
ucx-rdma,        {
ucx-rdma,            "endpoint": {
ucx-rdma,                "port": "7676",
ucx-rdma,                "protocol": "ucx",
ucx-rdma,                "server_address": "24.24.24.1",
ucx-rdma,                "suite": "ucx"
ucx-rdma,            },
ucx-rdma,            "plugins": [
ucx-rdma,                "cuda",
ucx-rdma,                "cudart",
ucx-rdma,                "cublas",
ucx-rdma,                "curand",
ucx-rdma,                "cudnn",
ucx-rdma,                "cufft",
ucx-rdma,                "cusolver",
ucx-rdma,                "cusparse",
ucx-rdma,                "nvrtc",
ucx-rdma,                "nvml"
ucx-rdma,            ]
ucx-rdma,        }
ucx-rdma,    ],
ucx-rdma,    "secure_application": false
ucx-rdma,}
ucx-rdma,INFO - Parsed endpoint suite: ucx
ucx-rdma,INFO - Initializing UCX Endpoint
ucx-rdma,DEBUG: protocol string is [ucx]
ucx-rdma,DEBUG - Connect() to 24.24.24.1:7676
ucx-rdma,INFO - Connected to 24.24.24.1:7676 (UCX, wired up)
ucx-rdma,DEBUG - DEBUG - Received routine cudaRegisterFatBinary [pid=87, tid=87]
ucx-rdma,DEBUG - Write 1151 bytes to the buffer
ucx-rdma,DEBUG - Read 0 bytes from the buffer
ucx-rdma,DEBUG - Routine 'cudaRegisterFatBinary' returned 0 | server_exec=0s | send=0s | recv=0s | in=1151B | out=0B | pid=87 tid=87
ucx-rdma,DEBUG - DEBUG - Called: cudaRegisterFatBinary
ucx-rdma,DEBUG - DEBUG - Received routine cudaRegisterFatBinaryEnd [pid=87, tid=87]
ucx-rdma,DEBUG - Write 1151 bytes to the buffer
ucx-rdma,DEBUG - Read 0 bytes from the buffer
ucx-rdma,DEBUG - Routine 'cudaRegisterFatBinaryEnd' returned 0 | server_exec=0.028s | send=0s | recv=0.028s | in=1151B | out=0B | pid=87 tid=87
ucx-rdma,DEBUG - DEBUG - Called: cudaRegisterFatBinaryEnd
ucx-rdma,DEBUG - DEBUG - Received routine cudaMalloc [pid=87, tid=87]
ucx-rdma,DEBUG - Write 8 bytes to the buffer
ucx-rdma,DEBUG - Read 8 bytes from the buffer
ucx-rdma,DEBUG - Output buffer size is greater than 0, reading...
ucx-rdma,DEBUG - Routine 'cudaMalloc' returned 0 | server_exec=0.096s | send=0s | recv=0.096s | in=8B | out=8B | pid=87 tid=87
ucx-rdma,DEBUG - DEBUG - Called: cudaMalloc
ucx-rdma,DEBUG - DEBUG - Received routine cudaMalloc [pid=87, tid=87]
ucx-rdma,DEBUG - Write 8 bytes to the buffer
ucx-rdma,DEBUG - Read 8 bytes from the buffer
ucx-rdma,DEBUG - Output buffer size is greater than 0, reading...
ucx-rdma,DEBUG - Routine 'cudaMalloc' returned 0 | server_exec=0s | send=0s | recv=0s | in=8B | out=8B | pid=87 tid=87
ucx-rdma,DEBUG - DEBUG - Called: cudaMalloc
ucx-rdma,DEBUG - DEBUG - Received routine cudaMalloc [pid=87, tid=87]
ucx-rdma,DEBUG - Write 8 bytes to the buffer
ucx-rdma,DEBUG - Read 8 bytes from the buffer
ucx-rdma,DEBUG - Output buffer size is greater than 0, reading...
ucx-rdma,DEBUG - Routine 'cudaMalloc' returned 0 | server_exec=0s | send=0s | recv=0s | in=8B | out=8B | pid=87 tid=87
ucx-rdma,DEBUG - DEBUG - Called: cudaMalloc
ucx-rdma,DEBUG - DEBUG - Received routine cublasCreate_v2 [pid=87, tid=87]
ucx-rdma,DEBUG - Write 0 bytes to the buffer
ucx-rdma,DEBUG - Read 8 bytes from the buffer
ucx-rdma,DEBUG - Output buffer size is greater than 0, reading...
ucx-rdma,DEBUG - Routine 'cublasCreate_v2' returned 0 | server_exec=0.015s | send=0s | recv=0.015s | in=0B | out=8B | pid=87 tid=87
ucx-rdma,DEBUG - DEBUG - Called: cublasCreate_v2
ucx-rdma,DEBUG - DEBUG - Received routine cudaMemcpy [pid=87, tid=87]
ucx-rdma,DEBUG - Write 65564 bytes to the buffer
ucx-rdma,DEBUG - Read 0 bytes from the buffer
ucx-rdma,DEBUG - Routine 'cudaMemcpy' returned 0 | server_exec=0s | send=0s | recv=0s | in=65564B | out=0B | pid=87 tid=87
ucx-rdma,DEBUG - DEBUG - Called: cudaMemcpy
ucx-rdma,DEBUG - DEBUG - Received routine cudaMemcpy [pid=87, tid=87]
ucx-rdma,DEBUG - Write 65564 bytes to the buffer
ucx-rdma,DEBUG - Read 0 bytes from the buffer
ucx-rdma,DEBUG - Routine 'cudaMemcpy' returned 0 | server_exec=0s | send=0s | recv=0s | in=65564B | out=0B | pid=87 tid=87
ucx-rdma,DEBUG - DEBUG - Called: cudaMemcpy
ucx-rdma,DEBUG - DEBUG - Received routine cublasSgemm_v2 [pid=87, tid=87]
ucx-rdma,DEBUG - Write 88 bytes to the buffer
ucx-rdma,DEBUG - Read 0 bytes from the buffer
ucx-rdma,DEBUG - Routine 'cublasSgemm_v2' returned 0 | server_exec=0.045s | send=0s | recv=0.045s | in=88B | out=0B | pid=87 tid=87
ucx-rdma,DEBUG - DEBUG - Called: cublasSgemm_v2
ucx-rdma,DEBUG - DEBUG - Received routine cudaMemcpy [pid=87, tid=87]
ucx-rdma,DEBUG - Write 29 bytes to the buffer
ucx-rdma,DEBUG - Read 65544 bytes from the buffer
ucx-rdma,DEBUG - Output buffer size is greater than 0, reading...
ucx-rdma,DEBUG - Routine 'cudaMemcpy' returned 0 | server_exec=0s | send=0s | recv=0s | in=29B | out=65544B | pid=87 tid=87
ucx-rdma,DEBUG - DEBUG - Called: cudaMemcpy
ucx-rdma,run,n,matrix_bytes,h2d_us,compute_us,d2h_us,total_us
ucx-rdma,DEBUG - DEBUG - Received routine cudaMemcpy [pid=87, tid=87]
ucx-rdma,DEBUG - Write 65564 bytes to the buffer
ucx-rdma,DEBUG - Read 0 bytes from the buffer
ucx-rdma,DEBUG - Routine 'cudaMemcpy' returned 0 | server_exec=0s | send=0s | recv=0s | in=65564B | out=0B | pid=87 tid=87
ucx-rdma,DEBUG - DEBUG - Called: cudaMemcpy
ucx-rdma,DEBUG - DEBUG - Received routine cudaMemcpy [pid=87, tid=87]
ucx-rdma,DEBUG - Write 65564 bytes to the buffer
ucx-rdma,DEBUG - Read 0 bytes from the buffer
ucx-rdma,DEBUG - Routine 'cudaMemcpy' returned 0 | server_exec=0s | send=0s | recv=0s | in=65564B | out=0B | pid=87 tid=87
ucx-rdma,DEBUG - DEBUG - Called: cudaMemcpy
ucx-rdma,DEBUG - DEBUG - Received routine cublasSgemm_v2 [pid=87, tid=87]
ucx-rdma,DEBUG - Write 88 bytes to the buffer
ucx-rdma,DEBUG - Read 0 bytes from the buffer
ucx-rdma,DEBUG - Routine 'cublasSgemm_v2' returned 0 | server_exec=0s | send=0s | recv=0s | in=88B | out=0B | pid=87 tid=87
ucx-rdma,DEBUG - DEBUG - Called: cublasSgemm_v2
ucx-rdma,DEBUG - DEBUG - Received routine cudaMemcpy [pid=87, tid=87]
ucx-rdma,DEBUG - Write 29 bytes to the buffer
ucx-rdma,DEBUG - Read 65544 bytes from the buffer
ucx-rdma,DEBUG - Output buffer size is greater than 0, reading...
ucx-rdma,DEBUG - Routine 'cudaMemcpy' returned 0 | server_exec=0s | send=0s | recv=0s | in=29B | out=65544B | pid=87 tid=87
ucx-rdma,DEBUG - DEBUG - Called: cudaMemcpy
ucx-rdma,0,128,65536,102,61,59,223
ucx-rdma,DEBUG - DEBUG - Received routine cudaMemcpy [pid=87, tid=87]
ucx-rdma,DEBUG - Write 65564 bytes to the buffer
ucx-rdma,DEBUG - Read 0 bytes from the buffer
ucx-rdma,DEBUG - Routine 'cudaMemcpy' returned 0 | server_exec=0s | send=0s | recv=0s | in=65564B | out=0B | pid=87 tid=87
ucx-rdma,DEBUG - DEBUG - Called: cudaMemcpy
ucx-rdma,DEBUG - DEBUG - Received routine cudaMemcpy [pid=87, tid=87]
ucx-rdma,DEBUG - Write 65564 bytes to the buffer
ucx-rdma,DEBUG - Read 0 bytes from the buffer
ucx-rdma,DEBUG - Routine 'cudaMemcpy' returned 0 | server_exec=0s | send=0s | recv=0s | in=65564B | out=0B | pid=87 tid=87
ucx-rdma,DEBUG - DEBUG - Called: cudaMemcpy
ucx-rdma,DEBUG - DEBUG - Received routine cublasSgemm_v2 [pid=87, tid=87]
ucx-rdma,DEBUG - Write 88 bytes to the buffer
ucx-rdma,DEBUG - Read 0 bytes from the buffer
ucx-rdma,DEBUG - Routine 'cublasSgemm_v2' returned 0 | server_exec=0s | send=0s | recv=0s | in=88B | out=0B | pid=87 tid=87
ucx-rdma,DEBUG - DEBUG - Called: cublasSgemm_v2
ucx-rdma,DEBUG - DEBUG - Received routine cudaMemcpy [pid=87, tid=87]
ucx-rdma,DEBUG - Write 29 bytes to the buffer
ucx-rdma,DEBUG - Read 65544 bytes from the buffer
ucx-rdma,DEBUG - Output buffer size is greater than 0, reading...
ucx-rdma,DEBUG - Routine 'cudaMemcpy' returned 0 | server_exec=0s | send=0s | recv=0s | in=29B | out=65544B | pid=87 tid=87
ucx-rdma,DEBUG - DEBUG - Called: cudaMemcpy
ucx-rdma,1,128,65536,89,41,56,186
ucx-rdma,DEBUG - DEBUG - Received routine cudaMemcpy [pid=87, tid=87]
ucx-rdma,DEBUG - Write 65564 bytes to the buffer
ucx-rdma,DEBUG - Read 0 bytes from the buffer
ucx-rdma,DEBUG - Routine 'cudaMemcpy' returned 0 | server_exec=0s | send=0s | recv=0s | in=65564B | out=0B | pid=87 tid=87
ucx-rdma,DEBUG - DEBUG - Called: cudaMemcpy
ucx-rdma,DEBUG - DEBUG - Received routine cudaMemcpy [pid=87, tid=87]
ucx-rdma,DEBUG - Write 65564 bytes to the buffer
ucx-rdma,DEBUG - Read 0 bytes from the buffer
ucx-rdma,DEBUG - Routine 'cudaMemcpy' returned 0 | server_exec=0s | send=0s | recv=0s | in=65564B | out=0B | pid=87 tid=87
ucx-rdma,DEBUG - DEBUG - Called: cudaMemcpy
ucx-rdma,DEBUG - DEBUG - Received routine cublasSgemm_v2 [pid=87, tid=87]
ucx-rdma,DEBUG - Write 88 bytes to the buffer
ucx-rdma,DEBUG - Read 0 bytes from the buffer
ucx-rdma,DEBUG - Routine 'cublasSgemm_v2' returned 0 | server_exec=0s | send=0s | recv=0s | in=88B | out=0B | pid=87 tid=87
ucx-rdma,DEBUG - DEBUG - Called: cublasSgemm_v2
ucx-rdma,DEBUG - DEBUG - Received routine cudaMemcpy [pid=87, tid=87]
ucx-rdma,DEBUG - Write 29 bytes to the buffer
ucx-rdma,DEBUG - Read 65544 bytes from the buffer
ucx-rdma,DEBUG - Output buffer size is greater than 0, reading...
ucx-rdma,DEBUG - Routine 'cudaMemcpy' returned 0 | server_exec=0s | send=0s | recv=0s | in=29B | out=65544B | pid=87 tid=87
ucx-rdma,DEBUG - DEBUG - Called: cudaMemcpy
ucx-rdma,2,128,65536,81,39,52,174
ucx-rdma,DEBUG - DEBUG - Received routine cudaMemcpy [pid=87, tid=87]
ucx-rdma,DEBUG - Write 65564 bytes to the buffer
ucx-rdma,DEBUG - Read 0 bytes from the buffer
ucx-rdma,DEBUG - Routine 'cudaMemcpy' returned 0 | server_exec=0s | send=0s | recv=0s | in=65564B | out=0B | pid=87 tid=87
ucx-rdma,DEBUG - DEBUG - Called: cudaMemcpy
ucx-rdma,DEBUG - DEBUG - Received routine cudaMemcpy [pid=87, tid=87]
ucx-rdma,DEBUG - Write 65564 bytes to the buffer
ucx-rdma,DEBUG - Read 0 bytes from the buffer
ucx-rdma,DEBUG - Routine 'cudaMemcpy' returned 0 | server_exec=0s | send=0s | recv=0s | in=65564B | out=0B | pid=87 tid=87
ucx-rdma,DEBUG - DEBUG - Called: cudaMemcpy
ucx-rdma,DEBUG - DEBUG - Received routine cublasSgemm_v2 [pid=87, tid=87]
ucx-rdma,DEBUG - Write 88 bytes to the buffer
ucx-rdma,DEBUG - Read 0 bytes from the buffer
ucx-rdma,DEBUG - Routine 'cublasSgemm_v2' returned 0 | server_exec=0s | send=0s | recv=0s | in=88B | out=0B | pid=87 tid=87
ucx-rdma,DEBUG - DEBUG - Called: cublasSgemm_v2
ucx-rdma,DEBUG - DEBUG - Received routine cudaMemcpy [pid=87, tid=87]
ucx-rdma,DEBUG - Write 29 bytes to the buffer
ucx-rdma,DEBUG - Read 65544 bytes from the buffer
ucx-rdma,DEBUG - Output buffer size is greater than 0, reading...
ucx-rdma,DEBUG - Routine 'cudaMemcpy' returned 0 | server_exec=0s | send=0s | recv=0s | in=29B | out=65544B | pid=87 tid=87
ucx-rdma,DEBUG - DEBUG - Called: cudaMemcpy
ucx-rdma,3,128,65536,82,40,53,176
ucx-rdma,DEBUG - DEBUG - Received routine cudaMemcpy [pid=87, tid=87]
ucx-rdma,DEBUG - Write 65564 bytes to the buffer
ucx-rdma,DEBUG - Read 0 bytes from the buffer
ucx-rdma,DEBUG - Routine 'cudaMemcpy' returned 0 | server_exec=0s | send=0s | recv=0s | in=65564B | out=0B | pid=87 tid=87
ucx-rdma,DEBUG - DEBUG - Called: cudaMemcpy
ucx-rdma,DEBUG - DEBUG - Received routine cudaMemcpy [pid=87, tid=87]
ucx-rdma,DEBUG - Write 65564 bytes to the buffer
ucx-rdma,DEBUG - Read 0 bytes from the buffer
ucx-rdma,DEBUG - Routine 'cudaMemcpy' returned 0 | server_exec=0s | send=0s | recv=0s | in=65564B | out=0B | pid=87 tid=87
ucx-rdma,DEBUG - DEBUG - Called: cudaMemcpy
ucx-rdma,DEBUG - DEBUG - Received routine cublasSgemm_v2 [pid=87, tid=87]
ucx-rdma,DEBUG - Write 88 bytes to the buffer
ucx-rdma,DEBUG - Read 0 bytes from the buffer
ucx-rdma,DEBUG - Routine 'cublasSgemm_v2' returned 0 | server_exec=0s | send=0s | recv=0s | in=88B | out=0B | pid=87 tid=87
ucx-rdma,DEBUG - DEBUG - Called: cublasSgemm_v2
ucx-rdma,DEBUG - DEBUG - Received routine cudaMemcpy [pid=87, tid=87]
ucx-rdma,DEBUG - Write 29 bytes to the buffer
ucx-rdma,DEBUG - Read 65544 bytes from the buffer
ucx-rdma,DEBUG - Output buffer size is greater than 0, reading...
ucx-rdma,DEBUG - Routine 'cudaMemcpy' returned 0 | server_exec=0s | send=0s | recv=0s | in=29B | out=65544B | pid=87 tid=87
ucx-rdma,DEBUG - DEBUG - Called: cudaMemcpy
ucx-rdma,4,128,65536,90,40,53,184
ucx-rdma,DEBUG - DEBUG - Received routine cudaMemcpy [pid=87, tid=87]
ucx-rdma,DEBUG - Write 65564 bytes to the buffer
ucx-rdma,DEBUG - Read 0 bytes from the buffer
ucx-rdma,DEBUG - Routine 'cudaMemcpy' returned 0 | server_exec=0s | send=0s | recv=0s | in=65564B | out=0B | pid=87 tid=87
ucx-rdma,DEBUG - DEBUG - Called: cudaMemcpy
ucx-rdma,DEBUG - DEBUG - Received routine cudaMemcpy [pid=87, tid=87]
ucx-rdma,DEBUG - Write 65564 bytes to the buffer
ucx-rdma,DEBUG - Read 0 bytes from the buffer
ucx-rdma,DEBUG - Routine 'cudaMemcpy' returned 0 | server_exec=0s | send=0s | recv=0s | in=65564B | out=0B | pid=87 tid=87
ucx-rdma,DEBUG - DEBUG - Called: cudaMemcpy
ucx-rdma,DEBUG - DEBUG - Received routine cublasSgemm_v2 [pid=87, tid=87]
ucx-rdma,DEBUG - Write 88 bytes to the buffer
ucx-rdma,DEBUG - Read 0 bytes from the buffer
ucx-rdma,DEBUG - Routine 'cublasSgemm_v2' returned 0 | server_exec=0s | send=0s | recv=0s | in=88B | out=0B | pid=87 tid=87
ucx-rdma,DEBUG - DEBUG - Called: cublasSgemm_v2
ucx-rdma,DEBUG - DEBUG - Received routine cudaMemcpy [pid=87, tid=87]
ucx-rdma,DEBUG - Write 29 bytes to the buffer
ucx-rdma,DEBUG - Read 65544 bytes from the buffer
ucx-rdma,DEBUG - Output buffer size is greater than 0, reading...
ucx-rdma,DEBUG - Routine 'cudaMemcpy' returned 0 | server_exec=0s | send=0s | recv=0s | in=29B | out=65544B | pid=87 tid=87
ucx-rdma,DEBUG - DEBUG - Called: cudaMemcpy
ucx-rdma,5,128,65536,82,38,52,173
ucx-rdma,DEBUG - DEBUG - Received routine cudaMemcpy [pid=87, tid=87]
ucx-rdma,DEBUG - Write 65564 bytes to the buffer
ucx-rdma,DEBUG - Read 0 bytes from the buffer
ucx-rdma,DEBUG - Routine 'cudaMemcpy' returned 0 | server_exec=0s | send=0s | recv=0s | in=65564B | out=0B | pid=87 tid=87
ucx-rdma,DEBUG - DEBUG - Called: cudaMemcpy
ucx-rdma,DEBUG - DEBUG - Received routine cudaMemcpy [pid=87, tid=87]
ucx-rdma,DEBUG - Write 65564 bytes to the buffer
ucx-rdma,DEBUG - Read 0 bytes from the buffer
ucx-rdma,DEBUG - Routine 'cudaMemcpy' returned 0 | server_exec=0s | send=0s | recv=0s | in=65564B | out=0B | pid=87 tid=87
ucx-rdma,DEBUG - DEBUG - Called: cudaMemcpy
ucx-rdma,DEBUG - DEBUG - Received routine cublasSgemm_v2 [pid=87, tid=87]
ucx-rdma,DEBUG - Write 88 bytes to the buffer
ucx-rdma,DEBUG - Read 0 bytes from the buffer
ucx-rdma,DEBUG - Routine 'cublasSgemm_v2' returned 0 | server_exec=0s | send=0s | recv=0s | in=88B | out=0B | pid=87 tid=87
ucx-rdma,DEBUG - DEBUG - Called: cublasSgemm_v2
ucx-rdma,DEBUG - DEBUG - Received routine cudaMemcpy [pid=87, tid=87]
ucx-rdma,DEBUG - Write 29 bytes to the buffer
ucx-rdma,DEBUG - Read 65544 bytes from the buffer
ucx-rdma,DEBUG - Output buffer size is greater than 0, reading...
ucx-rdma,DEBUG - Routine 'cudaMemcpy' returned 0 | server_exec=0s | send=0s | recv=0s | in=29B | out=65544B | pid=87 tid=87
ucx-rdma,DEBUG - DEBUG - Called: cudaMemcpy
ucx-rdma,6,128,65536,81,38,51,171
ucx-rdma,DEBUG - DEBUG - Received routine cudaMemcpy [pid=87, tid=87]
ucx-rdma,DEBUG - Write 65564 bytes to the buffer
ucx-rdma,DEBUG - Read 0 bytes from the buffer
ucx-rdma,DEBUG - Routine 'cudaMemcpy' returned 0 | server_exec=0s | send=0s | recv=0s | in=65564B | out=0B | pid=87 tid=87
ucx-rdma,DEBUG - DEBUG - Called: cudaMemcpy
ucx-rdma,DEBUG - DEBUG - Received routine cudaMemcpy [pid=87, tid=87]
ucx-rdma,DEBUG - Write 65564 bytes to the buffer
ucx-rdma,DEBUG - Read 0 bytes from the buffer
ucx-rdma,DEBUG - Routine 'cudaMemcpy' returned 0 | server_exec=0s | send=0s | recv=0s | in=65564B | out=0B | pid=87 tid=87
ucx-rdma,DEBUG - DEBUG - Called: cudaMemcpy
ucx-rdma,DEBUG - DEBUG - Received routine cublasSgemm_v2 [pid=87, tid=87]
ucx-rdma,DEBUG - Write 88 bytes to the buffer
ucx-rdma,DEBUG - Read 0 bytes from the buffer
ucx-rdma,DEBUG - Routine 'cublasSgemm_v2' returned 0 | server_exec=0s | send=0s | recv=0s | in=88B | out=0B | pid=87 tid=87
ucx-rdma,DEBUG - DEBUG - Called: cublasSgemm_v2
ucx-rdma,DEBUG - DEBUG - Received routine cudaMemcpy [pid=87, tid=87]
ucx-rdma,DEBUG - Write 29 bytes to the buffer
ucx-rdma,DEBUG - Read 65544 bytes from the buffer
ucx-rdma,DEBUG - Output buffer size is greater than 0, reading...
ucx-rdma,DEBUG - Routine 'cudaMemcpy' returned 0 | server_exec=0s | send=0s | recv=0s | in=29B | out=65544B | pid=87 tid=87
ucx-rdma,DEBUG - DEBUG - Called: cudaMemcpy
ucx-rdma,7,128,65536,81,39,52,174
ucx-rdma,DEBUG - DEBUG - Received routine cudaMemcpy [pid=87, tid=87]
ucx-rdma,DEBUG - Write 65564 bytes to the buffer
ucx-rdma,DEBUG - Read 0 bytes from the buffer
ucx-rdma,DEBUG - Routine 'cudaMemcpy' returned 0 | server_exec=0s | send=0s | recv=0s | in=65564B | out=0B | pid=87 tid=87
ucx-rdma,DEBUG - DEBUG - Called: cudaMemcpy
ucx-rdma,DEBUG - DEBUG - Received routine cudaMemcpy [pid=87, tid=87]
ucx-rdma,DEBUG - Write 65564 bytes to the buffer
ucx-rdma,DEBUG - Read 0 bytes from the buffer
ucx-rdma,DEBUG - Routine 'cudaMemcpy' returned 0 | server_exec=0s | send=0s | recv=0s | in=65564B | out=0B | pid=87 tid=87
ucx-rdma,DEBUG - DEBUG - Called: cudaMemcpy
ucx-rdma,DEBUG - DEBUG - Received routine cublasSgemm_v2 [pid=87, tid=87]
ucx-rdma,DEBUG - Write 88 bytes to the buffer
ucx-rdma,DEBUG - Read 0 bytes from the buffer
ucx-rdma,DEBUG - Routine 'cublasSgemm_v2' returned 0 | server_exec=0s | send=0s | recv=0s | in=88B | out=0B | pid=87 tid=87
ucx-rdma,DEBUG - DEBUG - Called: cublasSgemm_v2
ucx-rdma,DEBUG - DEBUG - Received routine cudaMemcpy [pid=87, tid=87]
ucx-rdma,DEBUG - Write 29 bytes to the buffer
ucx-rdma,DEBUG - Read 65544 bytes from the buffer
ucx-rdma,DEBUG - Output buffer size is greater than 0, reading...
ucx-rdma,DEBUG - Routine 'cudaMemcpy' returned 0 | server_exec=0s | send=0s | recv=0s | in=29B | out=65544B | pid=87 tid=87
ucx-rdma,DEBUG - DEBUG - Called: cudaMemcpy
ucx-rdma,8,128,65536,82,38,52,173
ucx-rdma,DEBUG - DEBUG - Received routine cudaMemcpy [pid=87, tid=87]
ucx-rdma,DEBUG - Write 65564 bytes to the buffer
ucx-rdma,DEBUG - Read 0 bytes from the buffer
ucx-rdma,DEBUG - Routine 'cudaMemcpy' returned 0 | server_exec=0s | send=0s | recv=0s | in=65564B | out=0B | pid=87 tid=87
ucx-rdma,DEBUG - DEBUG - Called: cudaMemcpy
ucx-rdma,DEBUG - DEBUG - Received routine cudaMemcpy [pid=87, tid=87]
ucx-rdma,DEBUG - Write 65564 bytes to the buffer
ucx-rdma,DEBUG - Read 0 bytes from the buffer
ucx-rdma,DEBUG - Routine 'cudaMemcpy' returned 0 | server_exec=0s | send=0s | recv=0s | in=65564B | out=0B | pid=87 tid=87
ucx-rdma,DEBUG - DEBUG - Called: cudaMemcpy
ucx-rdma,DEBUG - DEBUG - Received routine cublasSgemm_v2 [pid=87, tid=87]
ucx-rdma,DEBUG - Write 88 bytes to the buffer
ucx-rdma,DEBUG - Read 0 bytes from the buffer
ucx-rdma,DEBUG - Routine 'cublasSgemm_v2' returned 0 | server_exec=0s | send=0s | recv=0s | in=88B | out=0B | pid=87 tid=87
ucx-rdma,DEBUG - DEBUG - Called: cublasSgemm_v2
ucx-rdma,DEBUG - DEBUG - Received routine cudaMemcpy [pid=87, tid=87]
ucx-rdma,DEBUG - Write 29 bytes to the buffer
ucx-rdma,DEBUG - Read 65544 bytes from the buffer
ucx-rdma,DEBUG - Output buffer size is greater than 0, reading...
ucx-rdma,DEBUG - Routine 'cudaMemcpy' returned 0 | server_exec=0s | send=0s | recv=0s | in=29B | out=65544B | pid=87 tid=87
ucx-rdma,DEBUG - DEBUG - Called: cudaMemcpy
ucx-rdma,9,128,65536,85,40,52,178
ucx-rdma,DEBUG - DEBUG - Received routine cublasDestroy_v2 [pid=87, tid=87]
ucx-rdma,DEBUG - Write 8 bytes to the buffer
ucx-rdma,DEBUG - Read 0 bytes from the buffer
ucx-rdma,DEBUG - Routine 'cublasDestroy_v2' returned 0 | server_exec=0s | send=0s | recv=0s | in=8B | out=0B | pid=87 tid=87
ucx-rdma,DEBUG - DEBUG - Called: cublasDestroy_v2
ucx-rdma,DEBUG - DEBUG - Received routine cudaFree [pid=87, tid=87]
ucx-rdma,DEBUG - Write 8 bytes to the buffer
ucx-rdma,DEBUG - Read 0 bytes from the buffer
ucx-rdma,DEBUG - Routine 'cudaFree' returned 0 | server_exec=0s | send=0s | recv=0s | in=8B | out=0B | pid=87 tid=87
ucx-rdma,DEBUG - DEBUG - Called: cudaFree
ucx-rdma,DEBUG - DEBUG - Received routine cudaFree [pid=87, tid=87]
ucx-rdma,DEBUG - Write 8 bytes to the buffer
ucx-rdma,DEBUG - Read 0 bytes from the buffer
ucx-rdma,DEBUG - Routine 'cudaFree' returned 0 | server_exec=0s | send=0s | recv=0s | in=8B | out=0B | pid=87 tid=87
ucx-rdma,DEBUG - DEBUG - Called: cudaFree
ucx-rdma,DEBUG - DEBUG - Received routine cudaFree [pid=87, tid=87]
ucx-rdma,DEBUG - Write 8 bytes to the buffer
ucx-rdma,DEBUG - Read 0 bytes from the buffer
ucx-rdma,DEBUG - Routine 'cudaFree' returned 0 | server_exec=0s | send=0s | recv=0s | in=8B | out=0B | pid=87 tid=87
ucx-rdma,DEBUG - DEBUG - Called: cudaFree
ucx-rdma,DEBUG - DEBUG - Received routine cudaUnregisterFatBinary [pid=87, tid=87]
ucx-rdma,DEBUG - Write 31 bytes to the buffer
ucx-rdma,DEBUG - Read 0 bytes from the buffer
ucx-rdma,DEBUG - Routine 'cudaUnregisterFatBinary' returned 0 | server_exec=0s | send=0s | recv=0s | in=31B | out=0B | pid=87 tid=87
ucx-rdma,DEBUG - DEBUG - Called: cudaUnregisterFatBinary
ucx-rdma,INFO - Parsing endpoint config from: /opt/GVirtuS/etc/properties.json
ucx-rdma,DEBUG - Full JSON dump:
ucx-rdma,{
ucx-rdma,    "communicator": [
ucx-rdma,        {
ucx-rdma,            "endpoint": {
ucx-rdma,                "port": "7676",
ucx-rdma,                "protocol": "ucx",
ucx-rdma,                "server_address": "24.24.24.1",
ucx-rdma,                "suite": "ucx"
ucx-rdma,            },
ucx-rdma,            "plugins": [
ucx-rdma,                "cuda",
ucx-rdma,                "cudart",
ucx-rdma,                "cublas",
ucx-rdma,                "curand",
ucx-rdma,                "cudnn",
ucx-rdma,                "cufft",
ucx-rdma,                "cusolver",
ucx-rdma,                "cusparse",
ucx-rdma,                "nvrtc",
ucx-rdma,                "nvml"
ucx-rdma,            ]
ucx-rdma,        }
ucx-rdma,    ],
ucx-rdma,    "secure_application": false
ucx-rdma,}
ucx-rdma,INFO - Parsed endpoint suite: ucx
ucx-rdma,INFO - Initializing UCX Endpoint
ucx-rdma,DEBUG: protocol string is [ucx]
ucx-rdma,DEBUG - Connect() to 24.24.24.1:7676
ucx-rdma,INFO - Connected to 24.24.24.1:7676 (UCX, wired up)
ucx-rdma,DEBUG - DEBUG - Received routine cudaRegisterFatBinary [pid=96, tid=96]
ucx-rdma,DEBUG - Write 1151 bytes to the buffer
ucx-rdma,DEBUG - Read 0 bytes from the buffer
ucx-rdma,DEBUG - Routine 'cudaRegisterFatBinary' returned 0 | server_exec=0s | send=0s | recv=0s | in=1151B | out=0B | pid=96 tid=96
ucx-rdma,DEBUG - DEBUG - Called: cudaRegisterFatBinary
ucx-rdma,DEBUG - DEBUG - Received routine cudaRegisterFatBinaryEnd [pid=96, tid=96]
ucx-rdma,DEBUG - Write 1151 bytes to the buffer
ucx-rdma,DEBUG - Read 0 bytes from the buffer
ucx-rdma,DEBUG - Routine 'cudaRegisterFatBinaryEnd' returned 0 | server_exec=0s | send=0s | recv=0s | in=1151B | out=0B | pid=96 tid=96
ucx-rdma,DEBUG - DEBUG - Called: cudaRegisterFatBinaryEnd
ucx-rdma,DEBUG - DEBUG - Received routine cudaMalloc [pid=96, tid=96]
ucx-rdma,DEBUG - Write 8 bytes to the buffer
ucx-rdma,DEBUG - Read 8 bytes from the buffer
ucx-rdma,DEBUG - Output buffer size is greater than 0, reading...
ucx-rdma,DEBUG - Routine 'cudaMalloc' returned 0 | server_exec=0s | send=0s | recv=0s | in=8B | out=8B | pid=96 tid=96
ucx-rdma,DEBUG - DEBUG - Called: cudaMalloc
ucx-rdma,DEBUG - DEBUG - Received routine cudaMalloc [pid=96, tid=96]
ucx-rdma,DEBUG - Write 8 bytes to the buffer
ucx-rdma,DEBUG - Read 8 bytes from the buffer
ucx-rdma,DEBUG - Output buffer size is greater than 0, reading...
ucx-rdma,DEBUG - Routine 'cudaMalloc' returned 0 | server_exec=0s | send=0s | recv=0s | in=8B | out=8B | pid=96 tid=96
ucx-rdma,DEBUG - DEBUG - Called: cudaMalloc
ucx-rdma,DEBUG - DEBUG - Received routine cudaMalloc [pid=96, tid=96]
ucx-rdma,DEBUG - Write 8 bytes to the buffer
ucx-rdma,DEBUG - Read 8 bytes from the buffer
ucx-rdma,DEBUG - Output buffer size is greater than 0, reading...
ucx-rdma,DEBUG - Routine 'cudaMalloc' returned 0 | server_exec=0s | send=0s | recv=0s | in=8B | out=8B | pid=96 tid=96
ucx-rdma,DEBUG - DEBUG - Called: cudaMalloc
ucx-rdma,DEBUG - DEBUG - Received routine cublasCreate_v2 [pid=96, tid=96]
ucx-rdma,DEBUG - Write 0 bytes to the buffer
ucx-rdma,DEBUG - Read 8 bytes from the buffer
ucx-rdma,DEBUG - Output buffer size is greater than 0, reading...
ucx-rdma,DEBUG - Routine 'cublasCreate_v2' returned 0 | server_exec=0s | send=0s | recv=0s | in=0B | out=8B | pid=96 tid=96
ucx-rdma,DEBUG - DEBUG - Called: cublasCreate_v2
ucx-rdma,DEBUG - DEBUG - Received routine cudaMemcpy [pid=96, tid=96]
ucx-rdma,DEBUG - Write 262172 bytes to the buffer
ucx-rdma,DEBUG - Read 0 bytes from the buffer
ucx-rdma,DEBUG - Routine 'cudaMemcpy' returned 0 | server_exec=0s | send=0s | recv=0s | in=262172B | out=0B | pid=96 tid=96
ucx-rdma,DEBUG - DEBUG - Called: cudaMemcpy
ucx-rdma,DEBUG - DEBUG - Received routine cudaMemcpy [pid=96, tid=96]
ucx-rdma,DEBUG - Write 262172 bytes to the buffer
ucx-rdma,DEBUG - Read 0 bytes from the buffer
ucx-rdma,DEBUG - Routine 'cudaMemcpy' returned 0 | server_exec=0s | send=0s | recv=0s | in=262172B | out=0B | pid=96 tid=96
ucx-rdma,DEBUG - DEBUG - Called: cudaMemcpy
ucx-rdma,DEBUG - DEBUG - Received routine cublasSgemm_v2 [pid=96, tid=96]
ucx-rdma,DEBUG - Write 88 bytes to the buffer
ucx-rdma,DEBUG - Read 0 bytes from the buffer
ucx-rdma,DEBUG - Routine 'cublasSgemm_v2' returned 0 | server_exec=0.008s | send=0s | recv=0.008s | in=88B | out=0B | pid=96 tid=96
ucx-rdma,DEBUG - DEBUG - Called: cublasSgemm_v2
ucx-rdma,DEBUG - DEBUG - Received routine cudaMemcpy [pid=96, tid=96]
ucx-rdma,DEBUG - Write 29 bytes to the buffer
ucx-rdma,DEBUG - Read 262152 bytes from the buffer
ucx-rdma,DEBUG - Output buffer size is greater than 0, reading...
ucx-rdma,DEBUG - Routine 'cudaMemcpy' returned 0 | server_exec=0s | send=0s | recv=0s | in=29B | out=262152B | pid=96 tid=96
ucx-rdma,DEBUG - DEBUG - Called: cudaMemcpy
ucx-rdma,run,n,matrix_bytes,h2d_us,compute_us,d2h_us,total_us
ucx-rdma,DEBUG - DEBUG - Received routine cudaMemcpy [pid=96, tid=96]
ucx-rdma,DEBUG - Write 262172 bytes to the buffer
ucx-rdma,DEBUG - Read 0 bytes from the buffer
ucx-rdma,DEBUG - Routine 'cudaMemcpy' returned 0 | server_exec=0s | send=0s | recv=0s | in=262172B | out=0B | pid=96 tid=96
ucx-rdma,DEBUG - DEBUG - Called: cudaMemcpy
ucx-rdma,DEBUG - DEBUG - Received routine cudaMemcpy [pid=96, tid=96]
ucx-rdma,DEBUG - Write 262172 bytes to the buffer
ucx-rdma,DEBUG - Read 0 bytes from the buffer
ucx-rdma,DEBUG - Routine 'cudaMemcpy' returned 0 | server_exec=0s | send=0s | recv=0s | in=262172B | out=0B | pid=96 tid=96
ucx-rdma,DEBUG - DEBUG - Called: cudaMemcpy
ucx-rdma,DEBUG - DEBUG - Received routine cublasSgemm_v2 [pid=96, tid=96]
ucx-rdma,DEBUG - Write 88 bytes to the buffer
ucx-rdma,DEBUG - Read 0 bytes from the buffer
ucx-rdma,DEBUG - Routine 'cublasSgemm_v2' returned 0 | server_exec=0s | send=0s | recv=0s | in=88B | out=0B | pid=96 tid=96
ucx-rdma,DEBUG - DEBUG - Called: cublasSgemm_v2
ucx-rdma,DEBUG - DEBUG - Received routine cudaMemcpy [pid=96, tid=96]
ucx-rdma,DEBUG - Write 29 bytes to the buffer
ucx-rdma,DEBUG - Read 262152 bytes from the buffer
ucx-rdma,DEBUG - Output buffer size is greater than 0, reading...
ucx-rdma,DEBUG - Routine 'cudaMemcpy' returned 0 | server_exec=0s | send=0s | recv=0s | in=29B | out=262152B | pid=96 tid=96
ucx-rdma,DEBUG - DEBUG - Called: cudaMemcpy
ucx-rdma,0,256,262144,231,77,145,454
ucx-rdma,DEBUG - DEBUG - Received routine cudaMemcpy [pid=96, tid=96]
ucx-rdma,DEBUG - Write 262172 bytes to the buffer
ucx-rdma,DEBUG - Read 0 bytes from the buffer
ucx-rdma,DEBUG - Routine 'cudaMemcpy' returned 0 | server_exec=0s | send=0s | recv=0s | in=262172B | out=0B | pid=96 tid=96
ucx-rdma,DEBUG - DEBUG - Called: cudaMemcpy
ucx-rdma,DEBUG - DEBUG - Received routine cudaMemcpy [pid=96, tid=96]
ucx-rdma,DEBUG - Write 262172 bytes to the buffer
ucx-rdma,DEBUG - Read 0 bytes from the buffer
ucx-rdma,DEBUG - Routine 'cudaMemcpy' returned 0 | server_exec=0s | send=0s | recv=0s | in=262172B | out=0B | pid=96 tid=96
ucx-rdma,DEBUG - DEBUG - Called: cudaMemcpy
ucx-rdma,DEBUG - DEBUG - Received routine cublasSgemm_v2 [pid=96, tid=96]
ucx-rdma,DEBUG - Write 88 bytes to the buffer
ucx-rdma,DEBUG - Read 0 bytes from the buffer
ucx-rdma,DEBUG - Routine 'cublasSgemm_v2' returned 0 | server_exec=0s | send=0s | recv=0s | in=88B | out=0B | pid=96 tid=96
ucx-rdma,DEBUG - DEBUG - Called: cublasSgemm_v2
ucx-rdma,DEBUG - DEBUG - Received routine cudaMemcpy [pid=96, tid=96]
ucx-rdma,DEBUG - Write 29 bytes to the buffer
ucx-rdma,DEBUG - Read 262152 bytes from the buffer
ucx-rdma,DEBUG - Output buffer size is greater than 0, reading...
ucx-rdma,DEBUG - Routine 'cudaMemcpy' returned 0 | server_exec=0s | send=0s | recv=0s | in=29B | out=262152B | pid=96 tid=96
ucx-rdma,DEBUG - DEBUG - Called: cudaMemcpy
ucx-rdma,1,256,262144,199,58,144,402
ucx-rdma,DEBUG - DEBUG - Received routine cudaMemcpy [pid=96, tid=96]
ucx-rdma,DEBUG - Write 262172 bytes to the buffer
ucx-rdma,DEBUG - Read 0 bytes from the buffer
ucx-rdma,DEBUG - Routine 'cudaMemcpy' returned 0 | server_exec=0s | send=0s | recv=0s | in=262172B | out=0B | pid=96 tid=96
ucx-rdma,DEBUG - DEBUG - Called: cudaMemcpy
ucx-rdma,DEBUG - DEBUG - Received routine cudaMemcpy [pid=96, tid=96]
ucx-rdma,DEBUG - Write 262172 bytes to the buffer
ucx-rdma,DEBUG - Read 0 bytes from the buffer
ucx-rdma,DEBUG - Routine 'cudaMemcpy' returned 0 | server_exec=0s | send=0s | recv=0s | in=262172B | out=0B | pid=96 tid=96
ucx-rdma,DEBUG - DEBUG - Called: cudaMemcpy
ucx-rdma,DEBUG - DEBUG - Received routine cublasSgemm_v2 [pid=96, tid=96]
ucx-rdma,DEBUG - Write 88 bytes to the buffer
ucx-rdma,DEBUG - Read 0 bytes from the buffer
ucx-rdma,DEBUG - Routine 'cublasSgemm_v2' returned 0 | server_exec=0s | send=0s | recv=0s | in=88B | out=0B | pid=96 tid=96
ucx-rdma,DEBUG - DEBUG - Called: cublasSgemm_v2
ucx-rdma,DEBUG - DEBUG - Received routine cudaMemcpy [pid=96, tid=96]
ucx-rdma,DEBUG - Write 29 bytes to the buffer
ucx-rdma,DEBUG - Read 262152 bytes from the buffer
ucx-rdma,DEBUG - Output buffer size is greater than 0, reading...
ucx-rdma,DEBUG - Routine 'cudaMemcpy' returned 0 | server_exec=0s | send=0s | recv=0s | in=29B | out=262152B | pid=96 tid=96
ucx-rdma,DEBUG - DEBUG - Called: cudaMemcpy
ucx-rdma,2,256,262144,199,55,139,395
ucx-rdma,DEBUG - DEBUG - Received routine cudaMemcpy [pid=96, tid=96]
ucx-rdma,DEBUG - Write 262172 bytes to the buffer
ucx-rdma,DEBUG - Read 0 bytes from the buffer
ucx-rdma,DEBUG - Routine 'cudaMemcpy' returned 0 | server_exec=0s | send=0s | recv=0s | in=262172B | out=0B | pid=96 tid=96
ucx-rdma,DEBUG - DEBUG - Called: cudaMemcpy
ucx-rdma,DEBUG - DEBUG - Received routine cudaMemcpy [pid=96, tid=96]
ucx-rdma,DEBUG - Write 262172 bytes to the buffer
ucx-rdma,DEBUG - Read 0 bytes from the buffer
ucx-rdma,DEBUG - Routine 'cudaMemcpy' returned 0 | server_exec=0s | send=0s | recv=0s | in=262172B | out=0B | pid=96 tid=96
ucx-rdma,DEBUG - DEBUG - Called: cudaMemcpy
ucx-rdma,DEBUG - DEBUG - Received routine cublasSgemm_v2 [pid=96, tid=96]
ucx-rdma,DEBUG - Write 88 bytes to the buffer
ucx-rdma,DEBUG - Read 0 bytes from the buffer
ucx-rdma,DEBUG - Routine 'cublasSgemm_v2' returned 0 | server_exec=0s | send=0s | recv=0s | in=88B | out=0B | pid=96 tid=96
ucx-rdma,DEBUG - DEBUG - Called: cublasSgemm_v2
ucx-rdma,DEBUG - DEBUG - Received routine cudaMemcpy [pid=96, tid=96]
ucx-rdma,DEBUG - Write 29 bytes to the buffer
ucx-rdma,DEBUG - Read 262152 bytes from the buffer
ucx-rdma,DEBUG - Output buffer size is greater than 0, reading...
ucx-rdma,DEBUG - Routine 'cudaMemcpy' returned 0 | server_exec=0s | send=0s | recv=0s | in=29B | out=262152B | pid=96 tid=96
ucx-rdma,DEBUG - DEBUG - Called: cudaMemcpy
ucx-rdma,3,256,262144,201,58,137,397
ucx-rdma,DEBUG - DEBUG - Received routine cudaMemcpy [pid=96, tid=96]
ucx-rdma,DEBUG - Write 262172 bytes to the buffer
ucx-rdma,DEBUG - Read 0 bytes from the buffer
ucx-rdma,DEBUG - Routine 'cudaMemcpy' returned 0 | server_exec=0s | send=0s | recv=0s | in=262172B | out=0B | pid=96 tid=96
ucx-rdma,DEBUG - DEBUG - Called: cudaMemcpy
ucx-rdma,DEBUG - DEBUG - Received routine cudaMemcpy [pid=96, tid=96]
ucx-rdma,DEBUG - Write 262172 bytes to the buffer
ucx-rdma,DEBUG - Read 0 bytes from the buffer
ucx-rdma,DEBUG - Routine 'cudaMemcpy' returned 0 | server_exec=0s | send=0s | recv=0s | in=262172B | out=0B | pid=96 tid=96
ucx-rdma,DEBUG - DEBUG - Called: cudaMemcpy
ucx-rdma,DEBUG - DEBUG - Received routine cublasSgemm_v2 [pid=96, tid=96]
ucx-rdma,DEBUG - Write 88 bytes to the buffer
ucx-rdma,DEBUG - Read 0 bytes from the buffer
ucx-rdma,DEBUG - Routine 'cublasSgemm_v2' returned 0 | server_exec=0s | send=0s | recv=0s | in=88B | out=0B | pid=96 tid=96
ucx-rdma,DEBUG - DEBUG - Called: cublasSgemm_v2
ucx-rdma,DEBUG - DEBUG - Received routine cudaMemcpy [pid=96, tid=96]
ucx-rdma,DEBUG - Write 29 bytes to the buffer
ucx-rdma,DEBUG - Read 262152 bytes from the buffer
ucx-rdma,DEBUG - Output buffer size is greater than 0, reading...
ucx-rdma,DEBUG - Routine 'cudaMemcpy' returned 0 | server_exec=0s | send=0s | recv=0s | in=29B | out=262152B | pid=96 tid=96
ucx-rdma,DEBUG - DEBUG - Called: cudaMemcpy
ucx-rdma,4,256,262144,205,57,140,404
ucx-rdma,DEBUG - DEBUG - Received routine cudaMemcpy [pid=96, tid=96]
ucx-rdma,DEBUG - Write 262172 bytes to the buffer
ucx-rdma,DEBUG - Read 0 bytes from the buffer
ucx-rdma,DEBUG - Routine 'cudaMemcpy' returned 0 | server_exec=0s | send=0s | recv=0s | in=262172B | out=0B | pid=96 tid=96
ucx-rdma,DEBUG - DEBUG - Called: cudaMemcpy
ucx-rdma,DEBUG - DEBUG - Received routine cudaMemcpy [pid=96, tid=96]
ucx-rdma,DEBUG - Write 262172 bytes to the buffer
ucx-rdma,DEBUG - Read 0 bytes from the buffer
ucx-rdma,DEBUG - Routine 'cudaMemcpy' returned 0 | server_exec=0s | send=0s | recv=0s | in=262172B | out=0B | pid=96 tid=96
ucx-rdma,DEBUG - DEBUG - Called: cudaMemcpy
ucx-rdma,DEBUG - DEBUG - Received routine cublasSgemm_v2 [pid=96, tid=96]
ucx-rdma,DEBUG - Write 88 bytes to the buffer
ucx-rdma,DEBUG - Read 0 bytes from the buffer
ucx-rdma,DEBUG - Routine 'cublasSgemm_v2' returned 0 | server_exec=0s | send=0s | recv=0s | in=88B | out=0B | pid=96 tid=96
ucx-rdma,DEBUG - DEBUG - Called: cublasSgemm_v2
ucx-rdma,DEBUG - DEBUG - Received routine cudaMemcpy [pid=96, tid=96]
ucx-rdma,DEBUG - Write 29 bytes to the buffer
ucx-rdma,DEBUG - Read 262152 bytes from the buffer
ucx-rdma,DEBUG - Output buffer size is greater than 0, reading...
ucx-rdma,DEBUG - Routine 'cudaMemcpy' returned 0 | server_exec=0s | send=0s | recv=0s | in=29B | out=262152B | pid=96 tid=96
ucx-rdma,DEBUG - DEBUG - Called: cudaMemcpy
ucx-rdma,5,256,262144,196,56,138,392
ucx-rdma,DEBUG - DEBUG - Received routine cudaMemcpy [pid=96, tid=96]
ucx-rdma,DEBUG - Write 262172 bytes to the buffer
ucx-rdma,DEBUG - Read 0 bytes from the buffer
ucx-rdma,DEBUG - Routine 'cudaMemcpy' returned 0 | server_exec=0s | send=0s | recv=0s | in=262172B | out=0B | pid=96 tid=96
ucx-rdma,DEBUG - DEBUG - Called: cudaMemcpy
ucx-rdma,DEBUG - DEBUG - Received routine cudaMemcpy [pid=96, tid=96]
ucx-rdma,DEBUG - Write 262172 bytes to the buffer
ucx-rdma,DEBUG - Read 0 bytes from the buffer
ucx-rdma,DEBUG - Routine 'cudaMemcpy' returned 0 | server_exec=0s | send=0s | recv=0s | in=262172B | out=0B | pid=96 tid=96
ucx-rdma,DEBUG - DEBUG - Called: cudaMemcpy
ucx-rdma,DEBUG - DEBUG - Received routine cublasSgemm_v2 [pid=96, tid=96]
ucx-rdma,DEBUG - Write 88 bytes to the buffer
ucx-rdma,DEBUG - Read 0 bytes from the buffer
ucx-rdma,DEBUG - Routine 'cublasSgemm_v2' returned 0 | server_exec=0s | send=0s | recv=0s | in=88B | out=0B | pid=96 tid=96
ucx-rdma,DEBUG - DEBUG - Called: cublasSgemm_v2
ucx-rdma,DEBUG - DEBUG - Received routine cudaMemcpy [pid=96, tid=96]
ucx-rdma,DEBUG - Write 29 bytes to the buffer
ucx-rdma,DEBUG - Read 262152 bytes from the buffer
ucx-rdma,DEBUG - Output buffer size is greater than 0, reading...
ucx-rdma,DEBUG - Routine 'cudaMemcpy' returned 0 | server_exec=0s | send=0s | recv=0s | in=29B | out=262152B | pid=96 tid=96
ucx-rdma,DEBUG - DEBUG - Called: cudaMemcpy
ucx-rdma,6,256,262144,201,55,139,395
ucx-rdma,DEBUG - DEBUG - Received routine cudaMemcpy [pid=96, tid=96]
ucx-rdma,DEBUG - Write 262172 bytes to the buffer
ucx-rdma,DEBUG - Read 0 bytes from the buffer
ucx-rdma,DEBUG - Routine 'cudaMemcpy' returned 0 | server_exec=0s | send=0s | recv=0s | in=262172B | out=0B | pid=96 tid=96
ucx-rdma,DEBUG - DEBUG - Called: cudaMemcpy
ucx-rdma,DEBUG - DEBUG - Received routine cudaMemcpy [pid=96, tid=96]
ucx-rdma,DEBUG - Write 262172 bytes to the buffer
ucx-rdma,DEBUG - Read 0 bytes from the buffer
ucx-rdma,DEBUG - Routine 'cudaMemcpy' returned 0 | server_exec=0s | send=0s | recv=0s | in=262172B | out=0B | pid=96 tid=96
ucx-rdma,DEBUG - DEBUG - Called: cudaMemcpy
ucx-rdma,DEBUG - DEBUG - Received routine cublasSgemm_v2 [pid=96, tid=96]
ucx-rdma,DEBUG - Write 88 bytes to the buffer
ucx-rdma,DEBUG - Read 0 bytes from the buffer
ucx-rdma,DEBUG - Routine 'cublasSgemm_v2' returned 0 | server_exec=0s | send=0s | recv=0s | in=88B | out=0B | pid=96 tid=96
ucx-rdma,DEBUG - DEBUG - Called: cublasSgemm_v2
ucx-rdma,DEBUG - DEBUG - Received routine cudaMemcpy [pid=96, tid=96]
ucx-rdma,DEBUG - Write 29 bytes to the buffer
ucx-rdma,DEBUG - Read 262152 bytes from the buffer
ucx-rdma,DEBUG - Output buffer size is greater than 0, reading...
ucx-rdma,DEBUG - Routine 'cudaMemcpy' returned 0 | server_exec=0s | send=0s | recv=0s | in=29B | out=262152B | pid=96 tid=96
ucx-rdma,DEBUG - DEBUG - Called: cudaMemcpy
ucx-rdma,7,256,262144,202,55,138,396
ucx-rdma,DEBUG - DEBUG - Received routine cudaMemcpy [pid=96, tid=96]
ucx-rdma,DEBUG - Write 262172 bytes to the buffer
ucx-rdma,DEBUG - Read 0 bytes from the buffer
ucx-rdma,DEBUG - Routine 'cudaMemcpy' returned 0 | server_exec=0s | send=0s | recv=0s | in=262172B | out=0B | pid=96 tid=96
ucx-rdma,DEBUG - DEBUG - Called: cudaMemcpy
ucx-rdma,DEBUG - DEBUG - Received routine cudaMemcpy [pid=96, tid=96]
ucx-rdma,DEBUG - Write 262172 bytes to the buffer
ucx-rdma,DEBUG - Read 0 bytes from the buffer
ucx-rdma,DEBUG - Routine 'cudaMemcpy' returned 0 | server_exec=0s | send=0s | recv=0s | in=262172B | out=0B | pid=96 tid=96
ucx-rdma,DEBUG - DEBUG - Called: cudaMemcpy
ucx-rdma,DEBUG - DEBUG - Received routine cublasSgemm_v2 [pid=96, tid=96]
ucx-rdma,DEBUG - Write 88 bytes to the buffer
ucx-rdma,DEBUG - Read 0 bytes from the buffer
ucx-rdma,DEBUG - Routine 'cublasSgemm_v2' returned 0 | server_exec=0s | send=0s | recv=0s | in=88B | out=0B | pid=96 tid=96
ucx-rdma,DEBUG - DEBUG - Called: cublasSgemm_v2
ucx-rdma,DEBUG - DEBUG - Received routine cudaMemcpy [pid=96, tid=96]
ucx-rdma,DEBUG - Write 29 bytes to the buffer
ucx-rdma,DEBUG - Read 262152 bytes from the buffer
ucx-rdma,DEBUG - Output buffer size is greater than 0, reading...
ucx-rdma,DEBUG - Routine 'cudaMemcpy' returned 0 | server_exec=0s | send=0s | recv=0s | in=29B | out=262152B | pid=96 tid=96
ucx-rdma,DEBUG - DEBUG - Called: cudaMemcpy
ucx-rdma,8,256,262144,196,55,137,389
ucx-rdma,DEBUG - DEBUG - Received routine cudaMemcpy [pid=96, tid=96]
ucx-rdma,DEBUG - Write 262172 bytes to the buffer
ucx-rdma,DEBUG - Read 0 bytes from the buffer
ucx-rdma,DEBUG - Routine 'cudaMemcpy' returned 0 | server_exec=0s | send=0s | recv=0s | in=262172B | out=0B | pid=96 tid=96
ucx-rdma,DEBUG - DEBUG - Called: cudaMemcpy
ucx-rdma,DEBUG - DEBUG - Received routine cudaMemcpy [pid=96, tid=96]
ucx-rdma,DEBUG - Write 262172 bytes to the buffer
ucx-rdma,DEBUG - Read 0 bytes from the buffer
ucx-rdma,DEBUG - Routine 'cudaMemcpy' returned 0 | server_exec=0s | send=0s | recv=0s | in=262172B | out=0B | pid=96 tid=96
ucx-rdma,DEBUG - DEBUG - Called: cudaMemcpy
ucx-rdma,DEBUG - DEBUG - Received routine cublasSgemm_v2 [pid=96, tid=96]
ucx-rdma,DEBUG - Write 88 bytes to the buffer
ucx-rdma,DEBUG - Read 0 bytes from the buffer
ucx-rdma,DEBUG - Routine 'cublasSgemm_v2' returned 0 | server_exec=0s | send=0s | recv=0s | in=88B | out=0B | pid=96 tid=96
ucx-rdma,DEBUG - DEBUG - Called: cublasSgemm_v2
ucx-rdma,DEBUG - DEBUG - Received routine cudaMemcpy [pid=96, tid=96]
ucx-rdma,DEBUG - Write 29 bytes to the buffer
ucx-rdma,DEBUG - Read 262152 bytes from the buffer
ucx-rdma,DEBUG - Output buffer size is greater than 0, reading...
ucx-rdma,DEBUG - Routine 'cudaMemcpy' returned 0 | server_exec=0s | send=0s | recv=0s | in=29B | out=262152B | pid=96 tid=96
ucx-rdma,DEBUG - DEBUG - Called: cudaMemcpy
ucx-rdma,9,256,262144,195,55,139,391
ucx-rdma,DEBUG - DEBUG - Received routine cublasDestroy_v2 [pid=96, tid=96]
ucx-rdma,DEBUG - Write 8 bytes to the buffer
ucx-rdma,DEBUG - Read 0 bytes from the buffer
ucx-rdma,DEBUG - Routine 'cublasDestroy_v2' returned 0 | server_exec=0s | send=0s | recv=0s | in=8B | out=0B | pid=96 tid=96
ucx-rdma,DEBUG - DEBUG - Called: cublasDestroy_v2
ucx-rdma,DEBUG - DEBUG - Received routine cudaFree [pid=96, tid=96]
ucx-rdma,DEBUG - Write 8 bytes to the buffer
ucx-rdma,DEBUG - Read 0 bytes from the buffer
ucx-rdma,DEBUG - Routine 'cudaFree' returned 0 | server_exec=0s | send=0s | recv=0s | in=8B | out=0B | pid=96 tid=96
ucx-rdma,DEBUG - DEBUG - Called: cudaFree
ucx-rdma,DEBUG - DEBUG - Received routine cudaFree [pid=96, tid=96]
ucx-rdma,DEBUG - Write 8 bytes to the buffer
ucx-rdma,DEBUG - Read 0 bytes from the buffer
ucx-rdma,DEBUG - Routine 'cudaFree' returned 0 | server_exec=0s | send=0s | recv=0s | in=8B | out=0B | pid=96 tid=96
ucx-rdma,DEBUG - DEBUG - Called: cudaFree
ucx-rdma,DEBUG - DEBUG - Received routine cudaFree [pid=96, tid=96]
ucx-rdma,DEBUG - Write 8 bytes to the buffer
ucx-rdma,DEBUG - Read 0 bytes from the buffer
ucx-rdma,DEBUG - Routine 'cudaFree' returned 0 | server_exec=0s | send=0s | recv=0s | in=8B | out=0B | pid=96 tid=96
ucx-rdma,DEBUG - DEBUG - Called: cudaFree
ucx-rdma,DEBUG - DEBUG - Received routine cudaUnregisterFatBinary [pid=96, tid=96]
ucx-rdma,DEBUG - Write 31 bytes to the buffer
ucx-rdma,DEBUG - Read 0 bytes from the buffer
ucx-rdma,DEBUG - Routine 'cudaUnregisterFatBinary' returned 0 | server_exec=0s | send=0s | recv=0s | in=31B | out=0B | pid=96 tid=96
ucx-rdma,DEBUG - DEBUG - Called: cudaUnregisterFatBinary
ucx-rdma,INFO - Parsing endpoint config from: /opt/GVirtuS/etc/properties.json
ucx-rdma,DEBUG - Full JSON dump:
ucx-rdma,{
ucx-rdma,    "communicator": [
ucx-rdma,        {
ucx-rdma,            "endpoint": {
ucx-rdma,                "port": "7676",
ucx-rdma,                "protocol": "ucx",
ucx-rdma,                "server_address": "24.24.24.1",
ucx-rdma,                "suite": "ucx"
ucx-rdma,            },
ucx-rdma,            "plugins": [
ucx-rdma,                "cuda",
ucx-rdma,                "cudart",
ucx-rdma,                "cublas",
ucx-rdma,                "curand",
ucx-rdma,                "cudnn",
ucx-rdma,                "cufft",
ucx-rdma,                "cusolver",
ucx-rdma,                "cusparse",
ucx-rdma,                "nvrtc",
ucx-rdma,                "nvml"
ucx-rdma,            ]
ucx-rdma,        }
ucx-rdma,    ],
ucx-rdma,    "secure_application": false
ucx-rdma,}
ucx-rdma,INFO - Parsed endpoint suite: ucx
ucx-rdma,INFO - Initializing UCX Endpoint
ucx-rdma,DEBUG: protocol string is [ucx]
ucx-rdma,DEBUG - Connect() to 24.24.24.1:7676
ucx-rdma,INFO - Connected to 24.24.24.1:7676 (UCX, wired up)
ucx-rdma,DEBUG - DEBUG - Received routine cudaRegisterFatBinary [pid=105, tid=105]
ucx-rdma,DEBUG - Write 1151 bytes to the buffer
ucx-rdma,DEBUG - Read 0 bytes from the buffer
ucx-rdma,DEBUG - Routine 'cudaRegisterFatBinary' returned 0 | server_exec=0s | send=0s | recv=0s | in=1151B | out=0B | pid=105 tid=105
ucx-rdma,DEBUG - DEBUG - Called: cudaRegisterFatBinary
ucx-rdma,DEBUG - DEBUG - Received routine cudaRegisterFatBinaryEnd [pid=105, tid=105]
ucx-rdma,DEBUG - Write 1151 bytes to the buffer
ucx-rdma,DEBUG - Read 0 bytes from the buffer
ucx-rdma,DEBUG - Routine 'cudaRegisterFatBinaryEnd' returned 0 | server_exec=0s | send=0s | recv=0s | in=1151B | out=0B | pid=105 tid=105
ucx-rdma,DEBUG - DEBUG - Called: cudaRegisterFatBinaryEnd
ucx-rdma,DEBUG - DEBUG - Received routine cudaMalloc [pid=105, tid=105]
ucx-rdma,DEBUG - Write 8 bytes to the buffer
ucx-rdma,DEBUG - Read 8 bytes from the buffer
ucx-rdma,DEBUG - Output buffer size is greater than 0, reading...
ucx-rdma,DEBUG - Routine 'cudaMalloc' returned 0 | server_exec=0s | send=0s | recv=0s | in=8B | out=8B | pid=105 tid=105
ucx-rdma,DEBUG - DEBUG - Called: cudaMalloc
ucx-rdma,DEBUG - DEBUG - Received routine cudaMalloc [pid=105, tid=105]
ucx-rdma,DEBUG - Write 8 bytes to the buffer
ucx-rdma,DEBUG - Read 8 bytes from the buffer
ucx-rdma,DEBUG - Output buffer size is greater than 0, reading...
ucx-rdma,DEBUG - Routine 'cudaMalloc' returned 0 | server_exec=0s | send=0s | recv=0s | in=8B | out=8B | pid=105 tid=105
ucx-rdma,DEBUG - DEBUG - Called: cudaMalloc
ucx-rdma,DEBUG - DEBUG - Received routine cudaMalloc [pid=105, tid=105]
ucx-rdma,DEBUG - Write 8 bytes to the buffer
ucx-rdma,DEBUG - Read 8 bytes from the buffer
ucx-rdma,DEBUG - Output buffer size is greater than 0, reading...
ucx-rdma,DEBUG - Routine 'cudaMalloc' returned 0 | server_exec=0s | send=0s | recv=0s | in=8B | out=8B | pid=105 tid=105
ucx-rdma,DEBUG - DEBUG - Called: cudaMalloc
ucx-rdma,DEBUG - DEBUG - Received routine cublasCreate_v2 [pid=105, tid=105]
ucx-rdma,DEBUG - Write 0 bytes to the buffer
ucx-rdma,DEBUG - Read 8 bytes from the buffer
ucx-rdma,DEBUG - Output buffer size is greater than 0, reading...
ucx-rdma,DEBUG - Routine 'cublasCreate_v2' returned 0 | server_exec=0s | send=0s | recv=0s | in=0B | out=8B | pid=105 tid=105
ucx-rdma,DEBUG - DEBUG - Called: cublasCreate_v2
ucx-rdma,DEBUG - DEBUG - Received routine cudaMemcpy [pid=105, tid=105]
ucx-rdma,DEBUG - Write 1048604 bytes to the buffer
ucx-rdma,DEBUG - Read 0 bytes from the buffer
ucx-rdma,DEBUG - Routine 'cudaMemcpy' returned 0 | server_exec=0s | send=0s | recv=0s | in=1048604B | out=0B | pid=105 tid=105
ucx-rdma,DEBUG - DEBUG - Called: cudaMemcpy
ucx-rdma,DEBUG - DEBUG - Received routine cudaMemcpy [pid=105, tid=105]
ucx-rdma,DEBUG - Write 1048604 bytes to the buffer
ucx-rdma,DEBUG - Read 0 bytes from the buffer
ucx-rdma,DEBUG - Routine 'cudaMemcpy' returned 0 | server_exec=0s | send=0s | recv=0s | in=1048604B | out=0B | pid=105 tid=105
ucx-rdma,DEBUG - DEBUG - Called: cudaMemcpy
ucx-rdma,DEBUG - DEBUG - Received routine cublasSgemm_v2 [pid=105, tid=105]
ucx-rdma,DEBUG - Write 88 bytes to the buffer
ucx-rdma,DEBUG - Read 0 bytes from the buffer
ucx-rdma,DEBUG - Routine 'cublasSgemm_v2' returned 0 | server_exec=0s | send=0s | recv=0s | in=88B | out=0B | pid=105 tid=105
ucx-rdma,DEBUG - DEBUG - Called: cublasSgemm_v2
ucx-rdma,DEBUG - DEBUG - Received routine cudaMemcpy [pid=105, tid=105]
ucx-rdma,DEBUG - Write 29 bytes to the buffer
ucx-rdma,DEBUG - Read 1048584 bytes from the buffer
ucx-rdma,DEBUG - Output buffer size is greater than 0, reading...
ucx-rdma,DEBUG - Routine 'cudaMemcpy' returned 0 | server_exec=0.001s | send=0s | recv=0.002s | in=29B | out=1048584B | pid=105 tid=105
ucx-rdma,DEBUG - DEBUG - Called: cudaMemcpy
ucx-rdma,run,n,matrix_bytes,h2d_us,compute_us,d2h_us,total_us
ucx-rdma,DEBUG - DEBUG - Received routine cudaMemcpy [pid=105, tid=105]
ucx-rdma,DEBUG - Write 1048604 bytes to the buffer
ucx-rdma,DEBUG - Read 0 bytes from the buffer
ucx-rdma,DEBUG - Routine 'cudaMemcpy' returned 0 | server_exec=0s | send=0s | recv=0s | in=1048604B | out=0B | pid=105 tid=105
ucx-rdma,DEBUG - DEBUG - Called: cudaMemcpy
ucx-rdma,DEBUG - DEBUG - Received routine cudaMemcpy [pid=105, tid=105]
ucx-rdma,DEBUG - Write 1048604 bytes to the buffer
ucx-rdma,DEBUG - Read 0 bytes from the buffer
ucx-rdma,DEBUG - Routine 'cudaMemcpy' returned 0 | server_exec=0s | send=0s | recv=0s | in=1048604B | out=0B | pid=105 tid=105
ucx-rdma,DEBUG - DEBUG - Called: cudaMemcpy
ucx-rdma,DEBUG - DEBUG - Received routine cublasSgemm_v2 [pid=105, tid=105]
ucx-rdma,DEBUG - Write 88 bytes to the buffer
ucx-rdma,DEBUG - Read 0 bytes from the buffer
ucx-rdma,DEBUG - Routine 'cublasSgemm_v2' returned 0 | server_exec=0s | send=0s | recv=0s | in=88B | out=0B | pid=105 tid=105
ucx-rdma,DEBUG - DEBUG - Called: cublasSgemm_v2
ucx-rdma,DEBUG - DEBUG - Received routine cudaMemcpy [pid=105, tid=105]
ucx-rdma,DEBUG - Write 29 bytes to the buffer
ucx-rdma,DEBUG - Read 1048584 bytes from the buffer
ucx-rdma,DEBUG - Output buffer size is greater than 0, reading...
ucx-rdma,DEBUG - Routine 'cudaMemcpy' returned 0 | server_exec=0s | send=0s | recv=0s | in=29B | out=1048584B | pid=105 tid=105
ucx-rdma,DEBUG - DEBUG - Called: cudaMemcpy
ucx-rdma,0,512,1048576,556,50,383,990
ucx-rdma,DEBUG - DEBUG - Received routine cudaMemcpy [pid=105, tid=105]
ucx-rdma,DEBUG - Write 1048604 bytes to the buffer
ucx-rdma,DEBUG - Read 0 bytes from the buffer
ucx-rdma,DEBUG - Routine 'cudaMemcpy' returned 0 | server_exec=0s | send=0s | recv=0s | in=1048604B | out=0B | pid=105 tid=105
ucx-rdma,DEBUG - DEBUG - Called: cudaMemcpy
ucx-rdma,DEBUG - DEBUG - Received routine cudaMemcpy [pid=105, tid=105]
ucx-rdma,DEBUG - Write 1048604 bytes to the buffer
ucx-rdma,DEBUG - Read 0 bytes from the buffer
ucx-rdma,DEBUG - Routine 'cudaMemcpy' returned 0 | server_exec=0s | send=0s | recv=0s | in=1048604B | out=0B | pid=105 tid=105
ucx-rdma,DEBUG - DEBUG - Called: cudaMemcpy
ucx-rdma,DEBUG - DEBUG - Received routine cublasSgemm_v2 [pid=105, tid=105]
ucx-rdma,DEBUG - Write 88 bytes to the buffer
ucx-rdma,DEBUG - Read 0 bytes from the buffer
ucx-rdma,DEBUG - Routine 'cublasSgemm_v2' returned 0 | server_exec=0s | send=0s | recv=0s | in=88B | out=0B | pid=105 tid=105
ucx-rdma,DEBUG - DEBUG - Called: cublasSgemm_v2
ucx-rdma,DEBUG - DEBUG - Received routine cudaMemcpy [pid=105, tid=105]
ucx-rdma,DEBUG - Write 29 bytes to the buffer
ucx-rdma,DEBUG - Read 1048584 bytes from the buffer
ucx-rdma,DEBUG - Output buffer size is greater than 0, reading...
ucx-rdma,DEBUG - Routine 'cudaMemcpy' returned 0 | server_exec=0s | send=0s | recv=0s | in=29B | out=1048584B | pid=105 tid=105
ucx-rdma,DEBUG - DEBUG - Called: cudaMemcpy
ucx-rdma,1,512,1048576,506,43,374,925
ucx-rdma,DEBUG - DEBUG - Received routine cudaMemcpy [pid=105, tid=105]
ucx-rdma,DEBUG - Write 1048604 bytes to the buffer
ucx-rdma,DEBUG - Read 0 bytes from the buffer
ucx-rdma,DEBUG - Routine 'cudaMemcpy' returned 0 | server_exec=0s | send=0s | recv=0s | in=1048604B | out=0B | pid=105 tid=105
ucx-rdma,DEBUG - DEBUG - Called: cudaMemcpy
ucx-rdma,DEBUG - DEBUG - Received routine cudaMemcpy [pid=105, tid=105]
ucx-rdma,DEBUG - Write 1048604 bytes to the buffer
ucx-rdma,DEBUG - Read 0 bytes from the buffer
ucx-rdma,DEBUG - Routine 'cudaMemcpy' returned 0 | server_exec=0s | send=0s | recv=0s | in=1048604B | out=0B | pid=105 tid=105
ucx-rdma,DEBUG - DEBUG - Called: cudaMemcpy
ucx-rdma,DEBUG - DEBUG - Received routine cublasSgemm_v2 [pid=105, tid=105]
ucx-rdma,DEBUG - Write 88 bytes to the buffer
ucx-rdma,DEBUG - Read 0 bytes from the buffer
ucx-rdma,DEBUG - Routine 'cublasSgemm_v2' returned 0 | server_exec=0s | send=0s | recv=0s | in=88B | out=0B | pid=105 tid=105
ucx-rdma,DEBUG - DEBUG - Called: cublasSgemm_v2
ucx-rdma,DEBUG - DEBUG - Received routine cudaMemcpy [pid=105, tid=105]
ucx-rdma,DEBUG - Write 29 bytes to the buffer
ucx-rdma,DEBUG - Read 1048584 bytes from the buffer
ucx-rdma,DEBUG - Output buffer size is greater than 0, reading...
ucx-rdma,DEBUG - Routine 'cudaMemcpy' returned 0 | server_exec=0s | send=0s | recv=0s | in=29B | out=1048584B | pid=105 tid=105
ucx-rdma,DEBUG - DEBUG - Called: cudaMemcpy
ucx-rdma,2,512,1048576,507,57,377,941
ucx-rdma,DEBUG - DEBUG - Received routine cudaMemcpy [pid=105, tid=105]
ucx-rdma,DEBUG - Write 1048604 bytes to the buffer
ucx-rdma,DEBUG - Read 0 bytes from the buffer
ucx-rdma,DEBUG - Routine 'cudaMemcpy' returned 0 | server_exec=0s | send=0s | recv=0s | in=1048604B | out=0B | pid=105 tid=105
ucx-rdma,DEBUG - DEBUG - Called: cudaMemcpy
ucx-rdma,DEBUG - DEBUG - Received routine cudaMemcpy [pid=105, tid=105]
ucx-rdma,DEBUG - Write 1048604 bytes to the buffer
ucx-rdma,DEBUG - Read 0 bytes from the buffer
ucx-rdma,DEBUG - Routine 'cudaMemcpy' returned 0 | server_exec=0s | send=0s | recv=0s | in=1048604B | out=0B | pid=105 tid=105
ucx-rdma,DEBUG - DEBUG - Called: cudaMemcpy
ucx-rdma,DEBUG - DEBUG - Received routine cublasSgemm_v2 [pid=105, tid=105]
ucx-rdma,DEBUG - Write 88 bytes to the buffer
ucx-rdma,DEBUG - Read 0 bytes from the buffer
ucx-rdma,DEBUG - Routine 'cublasSgemm_v2' returned 0 | server_exec=0s | send=0s | recv=0s | in=88B | out=0B | pid=105 tid=105
ucx-rdma,DEBUG - DEBUG - Called: cublasSgemm_v2
ucx-rdma,DEBUG - DEBUG - Received routine cudaMemcpy [pid=105, tid=105]
ucx-rdma,DEBUG - Write 29 bytes to the buffer
ucx-rdma,DEBUG - Read 1048584 bytes from the buffer
ucx-rdma,DEBUG - Output buffer size is greater than 0, reading...
ucx-rdma,DEBUG - Routine 'cudaMemcpy' returned 0 | server_exec=0s | send=0s | recv=0s | in=29B | out=1048584B | pid=105 tid=105
ucx-rdma,DEBUG - DEBUG - Called: cudaMemcpy
ucx-rdma,3,512,1048576,506,41,372,920
ucx-rdma,DEBUG - DEBUG - Received routine cudaMemcpy [pid=105, tid=105]
ucx-rdma,DEBUG - Write 1048604 bytes to the buffer
ucx-rdma,DEBUG - Read 0 bytes from the buffer
ucx-rdma,DEBUG - Routine 'cudaMemcpy' returned 0 | server_exec=0s | send=0s | recv=0s | in=1048604B | out=0B | pid=105 tid=105
ucx-rdma,DEBUG - DEBUG - Called: cudaMemcpy
ucx-rdma,DEBUG - DEBUG - Received routine cudaMemcpy [pid=105, tid=105]
ucx-rdma,DEBUG - Write 1048604 bytes to the buffer
ucx-rdma,DEBUG - Read 0 bytes from the buffer
ucx-rdma,DEBUG - Routine 'cudaMemcpy' returned 0 | server_exec=0s | send=0s | recv=0s | in=1048604B | out=0B | pid=105 tid=105
ucx-rdma,DEBUG - DEBUG - Called: cudaMemcpy
ucx-rdma,DEBUG - DEBUG - Received routine cublasSgemm_v2 [pid=105, tid=105]
ucx-rdma,DEBUG - Write 88 bytes to the buffer
ucx-rdma,DEBUG - Read 0 bytes from the buffer
ucx-rdma,DEBUG - Routine 'cublasSgemm_v2' returned 0 | server_exec=0s | send=0s | recv=0s | in=88B | out=0B | pid=105 tid=105
ucx-rdma,DEBUG - DEBUG - Called: cublasSgemm_v2
ucx-rdma,DEBUG - DEBUG - Received routine cudaMemcpy [pid=105, tid=105]
ucx-rdma,DEBUG - Write 29 bytes to the buffer
ucx-rdma,DEBUG - Read 1048584 bytes from the buffer
ucx-rdma,DEBUG - Output buffer size is greater than 0, reading...
ucx-rdma,DEBUG - Routine 'cudaMemcpy' returned 0 | server_exec=0s | send=0s | recv=0s | in=29B | out=1048584B | pid=105 tid=105
ucx-rdma,DEBUG - DEBUG - Called: cudaMemcpy
ucx-rdma,4,512,1048576,509,42,378,931
ucx-rdma,DEBUG - DEBUG - Received routine cudaMemcpy [pid=105, tid=105]
ucx-rdma,DEBUG - Write 1048604 bytes to the buffer
ucx-rdma,DEBUG - Read 0 bytes from the buffer
ucx-rdma,DEBUG - Routine 'cudaMemcpy' returned 0 | server_exec=0s | send=0s | recv=0s | in=1048604B | out=0B | pid=105 tid=105
ucx-rdma,DEBUG - DEBUG - Called: cudaMemcpy
ucx-rdma,DEBUG - DEBUG - Received routine cudaMemcpy [pid=105, tid=105]
ucx-rdma,DEBUG - Write 1048604 bytes to the buffer
ucx-rdma,DEBUG - Read 0 bytes from the buffer
ucx-rdma,DEBUG - Routine 'cudaMemcpy' returned 0 | server_exec=0s | send=0s | recv=0s | in=1048604B | out=0B | pid=105 tid=105
ucx-rdma,DEBUG - DEBUG - Called: cudaMemcpy
ucx-rdma,DEBUG - DEBUG - Received routine cublasSgemm_v2 [pid=105, tid=105]
ucx-rdma,DEBUG - Write 88 bytes to the buffer
ucx-rdma,DEBUG - Read 0 bytes from the buffer
ucx-rdma,DEBUG - Routine 'cublasSgemm_v2' returned 0 | server_exec=0s | send=0s | recv=0s | in=88B | out=0B | pid=105 tid=105
ucx-rdma,DEBUG - DEBUG - Called: cublasSgemm_v2
ucx-rdma,DEBUG - DEBUG - Received routine cudaMemcpy [pid=105, tid=105]
ucx-rdma,DEBUG - Write 29 bytes to the buffer
ucx-rdma,DEBUG - Read 1048584 bytes from the buffer
ucx-rdma,DEBUG - Output buffer size is greater than 0, reading...
ucx-rdma,DEBUG - Routine 'cudaMemcpy' returned 0 | server_exec=0s | send=0s | recv=0s | in=29B | out=1048584B | pid=105 tid=105
ucx-rdma,DEBUG - DEBUG - Called: cudaMemcpy
ucx-rdma,5,512,1048576,507,42,377,927
ucx-rdma,DEBUG - DEBUG - Received routine cudaMemcpy [pid=105, tid=105]
ucx-rdma,DEBUG - Write 1048604 bytes to the buffer
ucx-rdma,DEBUG - Read 0 bytes from the buffer
ucx-rdma,DEBUG - Routine 'cudaMemcpy' returned 0 | server_exec=0s | send=0s | recv=0s | in=1048604B | out=0B | pid=105 tid=105
ucx-rdma,DEBUG - DEBUG - Called: cudaMemcpy
ucx-rdma,DEBUG - DEBUG - Received routine cudaMemcpy [pid=105, tid=105]
ucx-rdma,DEBUG - Write 1048604 bytes to the buffer
ucx-rdma,DEBUG - Read 0 bytes from the buffer
ucx-rdma,DEBUG - Routine 'cudaMemcpy' returned 0 | server_exec=0s | send=0s | recv=0s | in=1048604B | out=0B | pid=105 tid=105
ucx-rdma,DEBUG - DEBUG - Called: cudaMemcpy
ucx-rdma,DEBUG - DEBUG - Received routine cublasSgemm_v2 [pid=105, tid=105]
ucx-rdma,DEBUG - Write 88 bytes to the buffer
ucx-rdma,DEBUG - Read 0 bytes from the buffer
ucx-rdma,DEBUG - Routine 'cublasSgemm_v2' returned 0 | server_exec=0s | send=0s | recv=0s | in=88B | out=0B | pid=105 tid=105
ucx-rdma,DEBUG - DEBUG - Called: cublasSgemm_v2
ucx-rdma,DEBUG - DEBUG - Received routine cudaMemcpy [pid=105, tid=105]
ucx-rdma,DEBUG - Write 29 bytes to the buffer
ucx-rdma,DEBUG - Read 1048584 bytes from the buffer
ucx-rdma,DEBUG - Output buffer size is greater than 0, reading...
ucx-rdma,DEBUG - Routine 'cudaMemcpy' returned 0 | server_exec=0s | send=0s | recv=0s | in=29B | out=1048584B | pid=105 tid=105
ucx-rdma,DEBUG - DEBUG - Called: cudaMemcpy
ucx-rdma,6,512,1048576,500,42,379,923
ucx-rdma,DEBUG - DEBUG - Received routine cudaMemcpy [pid=105, tid=105]
ucx-rdma,DEBUG - Write 1048604 bytes to the buffer
ucx-rdma,DEBUG - Read 0 bytes from the buffer
ucx-rdma,DEBUG - Routine 'cudaMemcpy' returned 0 | server_exec=0s | send=0s | recv=0s | in=1048604B | out=0B | pid=105 tid=105
ucx-rdma,DEBUG - DEBUG - Called: cudaMemcpy
ucx-rdma,DEBUG - DEBUG - Received routine cudaMemcpy [pid=105, tid=105]
ucx-rdma,DEBUG - Write 1048604 bytes to the buffer
ucx-rdma,DEBUG - Read 0 bytes from the buffer
ucx-rdma,DEBUG - Routine 'cudaMemcpy' returned 0 | server_exec=0s | send=0s | recv=0s | in=1048604B | out=0B | pid=105 tid=105
ucx-rdma,DEBUG - DEBUG - Called: cudaMemcpy
ucx-rdma,DEBUG - DEBUG - Received routine cublasSgemm_v2 [pid=105, tid=105]
ucx-rdma,DEBUG - Write 88 bytes to the buffer
ucx-rdma,DEBUG - Read 0 bytes from the buffer
ucx-rdma,DEBUG - Routine 'cublasSgemm_v2' returned 0 | server_exec=0s | send=0s | recv=0s | in=88B | out=0B | pid=105 tid=105
ucx-rdma,DEBUG - DEBUG - Called: cublasSgemm_v2
ucx-rdma,DEBUG - DEBUG - Received routine cudaMemcpy [pid=105, tid=105]
ucx-rdma,DEBUG - Write 29 bytes to the buffer
ucx-rdma,DEBUG - Read 1048584 bytes from the buffer
ucx-rdma,DEBUG - Output buffer size is greater than 0, reading...
ucx-rdma,DEBUG - Routine 'cudaMemcpy' returned 0 | server_exec=0s | send=0s | recv=0s | in=29B | out=1048584B | pid=105 tid=105
ucx-rdma,DEBUG - DEBUG - Called: cudaMemcpy
ucx-rdma,7,512,1048576,504,42,371,919
ucx-rdma,DEBUG - DEBUG - Received routine cudaMemcpy [pid=105, tid=105]
ucx-rdma,DEBUG - Write 1048604 bytes to the buffer
ucx-rdma,DEBUG - Read 0 bytes from the buffer
ucx-rdma,DEBUG - Routine 'cudaMemcpy' returned 0 | server_exec=0s | send=0s | recv=0s | in=1048604B | out=0B | pid=105 tid=105
ucx-rdma,DEBUG - DEBUG - Called: cudaMemcpy
ucx-rdma,DEBUG - DEBUG - Received routine cudaMemcpy [pid=105, tid=105]
ucx-rdma,DEBUG - Write 1048604 bytes to the buffer
ucx-rdma,DEBUG - Read 0 bytes from the buffer
ucx-rdma,DEBUG - Routine 'cudaMemcpy' returned 0 | server_exec=0s | send=0s | recv=0s | in=1048604B | out=0B | pid=105 tid=105
ucx-rdma,DEBUG - DEBUG - Called: cudaMemcpy
ucx-rdma,DEBUG - DEBUG - Received routine cublasSgemm_v2 [pid=105, tid=105]
ucx-rdma,DEBUG - Write 88 bytes to the buffer
ucx-rdma,DEBUG - Read 0 bytes from the buffer
ucx-rdma,DEBUG - Routine 'cublasSgemm_v2' returned 0 | server_exec=0s | send=0s | recv=0s | in=88B | out=0B | pid=105 tid=105
ucx-rdma,DEBUG - DEBUG - Called: cublasSgemm_v2
ucx-rdma,DEBUG - DEBUG - Received routine cudaMemcpy [pid=105, tid=105]
ucx-rdma,DEBUG - Write 29 bytes to the buffer
ucx-rdma,DEBUG - Read 1048584 bytes from the buffer
ucx-rdma,DEBUG - Output buffer size is greater than 0, reading...
ucx-rdma,DEBUG - Routine 'cudaMemcpy' returned 0 | server_exec=0s | send=0s | recv=0s | in=29B | out=1048584B | pid=105 tid=105
ucx-rdma,DEBUG - DEBUG - Called: cudaMemcpy
ucx-rdma,8,512,1048576,497,41,376,916
ucx-rdma,DEBUG - DEBUG - Received routine cudaMemcpy [pid=105, tid=105]
ucx-rdma,DEBUG - Write 1048604 bytes to the buffer
ucx-rdma,DEBUG - Read 0 bytes from the buffer
ucx-rdma,DEBUG - Routine 'cudaMemcpy' returned 0 | server_exec=0s | send=0s | recv=0s | in=1048604B | out=0B | pid=105 tid=105
ucx-rdma,DEBUG - DEBUG - Called: cudaMemcpy
ucx-rdma,DEBUG - DEBUG - Received routine cudaMemcpy [pid=105, tid=105]
ucx-rdma,DEBUG - Write 1048604 bytes to the buffer
ucx-rdma,DEBUG - Read 0 bytes from the buffer
ucx-rdma,DEBUG - Routine 'cudaMemcpy' returned 0 | server_exec=0s | send=0s | recv=0s | in=1048604B | out=0B | pid=105 tid=105
ucx-rdma,DEBUG - DEBUG - Called: cudaMemcpy
ucx-rdma,DEBUG - DEBUG - Received routine cublasSgemm_v2 [pid=105, tid=105]
ucx-rdma,DEBUG - Write 88 bytes to the buffer
ucx-rdma,DEBUG - Read 0 bytes from the buffer
ucx-rdma,DEBUG - Routine 'cublasSgemm_v2' returned 0 | server_exec=0s | send=0s | recv=0s | in=88B | out=0B | pid=105 tid=105
ucx-rdma,DEBUG - DEBUG - Called: cublasSgemm_v2
ucx-rdma,DEBUG - DEBUG - Received routine cudaMemcpy [pid=105, tid=105]
ucx-rdma,DEBUG - Write 29 bytes to the buffer
ucx-rdma,DEBUG - Read 1048584 bytes from the buffer
ucx-rdma,DEBUG - Output buffer size is greater than 0, reading...
ucx-rdma,DEBUG - Routine 'cudaMemcpy' returned 0 | server_exec=0s | send=0s | recv=0s | in=29B | out=1048584B | pid=105 tid=105
ucx-rdma,DEBUG - DEBUG - Called: cudaMemcpy
ucx-rdma,9,512,1048576,497,42,380,920
ucx-rdma,DEBUG - DEBUG - Received routine cublasDestroy_v2 [pid=105, tid=105]
ucx-rdma,DEBUG - Write 8 bytes to the buffer
ucx-rdma,DEBUG - Read 0 bytes from the buffer
ucx-rdma,DEBUG - Routine 'cublasDestroy_v2' returned 0 | server_exec=0s | send=0s | recv=0s | in=8B | out=0B | pid=105 tid=105
ucx-rdma,DEBUG - DEBUG - Called: cublasDestroy_v2
ucx-rdma,DEBUG - DEBUG - Received routine cudaFree [pid=105, tid=105]
ucx-rdma,DEBUG - Write 8 bytes to the buffer
ucx-rdma,DEBUG - Read 0 bytes from the buffer
ucx-rdma,DEBUG - Routine 'cudaFree' returned 0 | server_exec=0s | send=0s | recv=0s | in=8B | out=0B | pid=105 tid=105
ucx-rdma,DEBUG - DEBUG - Called: cudaFree
ucx-rdma,DEBUG - DEBUG - Received routine cudaFree [pid=105, tid=105]
ucx-rdma,DEBUG - Write 8 bytes to the buffer
ucx-rdma,DEBUG - Read 0 bytes from the buffer
ucx-rdma,DEBUG - Routine 'cudaFree' returned 0 | server_exec=0s | send=0s | recv=0s | in=8B | out=0B | pid=105 tid=105
ucx-rdma,DEBUG - DEBUG - Called: cudaFree
ucx-rdma,DEBUG - DEBUG - Received routine cudaFree [pid=105, tid=105]
ucx-rdma,DEBUG - Write 8 bytes to the buffer
ucx-rdma,DEBUG - Read 0 bytes from the buffer
ucx-rdma,DEBUG - Routine 'cudaFree' returned 0 | server_exec=0s | send=0s | recv=0s | in=8B | out=0B | pid=105 tid=105
ucx-rdma,DEBUG - DEBUG - Called: cudaFree
ucx-rdma,DEBUG - DEBUG - Received routine cudaUnregisterFatBinary [pid=105, tid=105]
ucx-rdma,DEBUG - Write 31 bytes to the buffer
ucx-rdma,DEBUG - Read 0 bytes from the buffer
ucx-rdma,DEBUG - Routine 'cudaUnregisterFatBinary' returned 0 | server_exec=0s | send=0s | recv=0s | in=31B | out=0B | pid=105 tid=105
ucx-rdma,DEBUG - DEBUG - Called: cudaUnregisterFatBinary
ucx-rdma,INFO - Parsing endpoint config from: /opt/GVirtuS/etc/properties.json
ucx-rdma,DEBUG - Full JSON dump:
ucx-rdma,{
ucx-rdma,    "communicator": [
ucx-rdma,        {
ucx-rdma,            "endpoint": {
ucx-rdma,                "port": "7676",
ucx-rdma,                "protocol": "ucx",
ucx-rdma,                "server_address": "24.24.24.1",
ucx-rdma,                "suite": "ucx"
ucx-rdma,            },
ucx-rdma,            "plugins": [
ucx-rdma,                "cuda",
ucx-rdma,                "cudart",
ucx-rdma,                "cublas",
ucx-rdma,                "curand",
ucx-rdma,                "cudnn",
ucx-rdma,                "cufft",
ucx-rdma,                "cusolver",
ucx-rdma,                "cusparse",
ucx-rdma,                "nvrtc",
ucx-rdma,                "nvml"
ucx-rdma,            ]
ucx-rdma,        }
ucx-rdma,    ],
ucx-rdma,    "secure_application": false
ucx-rdma,}
ucx-rdma,INFO - Parsed endpoint suite: ucx
ucx-rdma,INFO - Initializing UCX Endpoint
ucx-rdma,DEBUG: protocol string is [ucx]
ucx-rdma,DEBUG - Connect() to 24.24.24.1:7676
ucx-rdma,INFO - Connected to 24.24.24.1:7676 (UCX, wired up)
ucx-rdma,DEBUG - DEBUG - Received routine cudaRegisterFatBinary [pid=114, tid=114]
ucx-rdma,DEBUG - Write 1151 bytes to the buffer
ucx-rdma,DEBUG - Read 0 bytes from the buffer
ucx-rdma,DEBUG - Routine 'cudaRegisterFatBinary' returned 0 | server_exec=0s | send=0s | recv=0s | in=1151B | out=0B | pid=114 tid=114
ucx-rdma,DEBUG - DEBUG - Called: cudaRegisterFatBinary
ucx-rdma,DEBUG - DEBUG - Received routine cudaRegisterFatBinaryEnd [pid=114, tid=114]
ucx-rdma,DEBUG - Write 1151 bytes to the buffer
ucx-rdma,DEBUG - Read 0 bytes from the buffer
ucx-rdma,DEBUG - Routine 'cudaRegisterFatBinaryEnd' returned 0 | server_exec=0s | send=0s | recv=0s | in=1151B | out=0B | pid=114 tid=114
ucx-rdma,DEBUG - DEBUG - Called: cudaRegisterFatBinaryEnd
ucx-rdma,DEBUG - DEBUG - Received routine cudaMalloc [pid=114, tid=114]
ucx-rdma,DEBUG - Write 8 bytes to the buffer
ucx-rdma,DEBUG - Read 8 bytes from the buffer
ucx-rdma,DEBUG - Output buffer size is greater than 0, reading...
ucx-rdma,DEBUG - Routine 'cudaMalloc' returned 0 | server_exec=0s | send=0s | recv=0s | in=8B | out=8B | pid=114 tid=114
ucx-rdma,DEBUG - DEBUG - Called: cudaMalloc
ucx-rdma,DEBUG - DEBUG - Received routine cudaMalloc [pid=114, tid=114]
ucx-rdma,DEBUG - Write 8 bytes to the buffer
ucx-rdma,DEBUG - Read 8 bytes from the buffer
ucx-rdma,DEBUG - Output buffer size is greater than 0, reading...
ucx-rdma,DEBUG - Routine 'cudaMalloc' returned 0 | server_exec=0s | send=0s | recv=0s | in=8B | out=8B | pid=114 tid=114
ucx-rdma,DEBUG - DEBUG - Called: cudaMalloc
ucx-rdma,DEBUG - DEBUG - Received routine cudaMalloc [pid=114, tid=114]
ucx-rdma,DEBUG - Write 8 bytes to the buffer
ucx-rdma,DEBUG - Read 8 bytes from the buffer
ucx-rdma,DEBUG - Output buffer size is greater than 0, reading...
ucx-rdma,DEBUG - Routine 'cudaMalloc' returned 0 | server_exec=0s | send=0s | recv=0s | in=8B | out=8B | pid=114 tid=114
ucx-rdma,DEBUG - DEBUG - Called: cudaMalloc
ucx-rdma,DEBUG - DEBUG - Received routine cublasCreate_v2 [pid=114, tid=114]
ucx-rdma,DEBUG - Write 0 bytes to the buffer
ucx-rdma,DEBUG - Read 8 bytes from the buffer
ucx-rdma,DEBUG - Output buffer size is greater than 0, reading...
ucx-rdma,DEBUG - Routine 'cublasCreate_v2' returned 0 | server_exec=0s | send=0s | recv=0s | in=0B | out=8B | pid=114 tid=114
ucx-rdma,DEBUG - DEBUG - Called: cublasCreate_v2
ucx-rdma,DEBUG - DEBUG - Received routine cudaMemcpy [pid=114, tid=114]
ucx-rdma,DEBUG - Write 4194332 bytes to the buffer
ucx-rdma,DEBUG - Read 0 bytes from the buffer
ucx-rdma,DEBUG - Routine 'cudaMemcpy' returned 0 | server_exec=0s | send=0.001s | recv=0.002s | in=4194332B | out=0B | pid=114 tid=114
ucx-rdma,DEBUG - DEBUG - Called: cudaMemcpy
ucx-rdma,DEBUG - DEBUG - Received routine cudaMemcpy [pid=114, tid=114]
ucx-rdma,DEBUG - Write 4194332 bytes to the buffer
ucx-rdma,DEBUG - Read 0 bytes from the buffer
ucx-rdma,DEBUG - Routine 'cudaMemcpy' returned 0 | server_exec=0s | send=0s | recv=0s | in=4194332B | out=0B | pid=114 tid=114
ucx-rdma,DEBUG - DEBUG - Called: cudaMemcpy
ucx-rdma,DEBUG - DEBUG - Received routine cublasSgemm_v2 [pid=114, tid=114]
ucx-rdma,DEBUG - Write 88 bytes to the buffer
ucx-rdma,DEBUG - Read 0 bytes from the buffer
ucx-rdma,DEBUG - Routine 'cublasSgemm_v2' returned 0 | server_exec=0s | send=0s | recv=0s | in=88B | out=0B | pid=114 tid=114
ucx-rdma,DEBUG - DEBUG - Called: cublasSgemm_v2
ucx-rdma,DEBUG - DEBUG - Received routine cudaMemcpy [pid=114, tid=114]
ucx-rdma,DEBUG - Write 29 bytes to the buffer
ucx-rdma,DEBUG - Read 4194312 bytes from the buffer
ucx-rdma,DEBUG - Output buffer size is greater than 0, reading...
ucx-rdma,DEBUG - Routine 'cudaMemcpy' returned 0 | server_exec=0.004s | send=0s | recv=0.007s | in=29B | out=4194312B | pid=114 tid=114
ucx-rdma,DEBUG - DEBUG - Called: cudaMemcpy
ucx-rdma,run,n,matrix_bytes,h2d_us,compute_us,d2h_us,total_us
ucx-rdma,DEBUG - DEBUG - Received routine cudaMemcpy [pid=114, tid=114]
ucx-rdma,DEBUG - Write 4194332 bytes to the buffer
ucx-rdma,DEBUG - Read 0 bytes from the buffer
ucx-rdma,DEBUG - Routine 'cudaMemcpy' returned 0 | server_exec=0s | send=0s | recv=0s | in=4194332B | out=0B | pid=114 tid=114
ucx-rdma,DEBUG - DEBUG - Called: cudaMemcpy
ucx-rdma,DEBUG - DEBUG - Received routine cudaMemcpy [pid=114, tid=114]
ucx-rdma,DEBUG - Write 4194332 bytes to the buffer
ucx-rdma,DEBUG - Read 0 bytes from the buffer
ucx-rdma,DEBUG - Routine 'cudaMemcpy' returned 0 | server_exec=0s | send=0s | recv=0s | in=4194332B | out=0B | pid=114 tid=114
ucx-rdma,DEBUG - DEBUG - Called: cudaMemcpy
ucx-rdma,DEBUG - DEBUG - Received routine cublasSgemm_v2 [pid=114, tid=114]
ucx-rdma,DEBUG - Write 88 bytes to the buffer
ucx-rdma,DEBUG - Read 0 bytes from the buffer
ucx-rdma,DEBUG - Routine 'cublasSgemm_v2' returned 0 | server_exec=0s | send=0s | recv=0s | in=88B | out=0B | pid=114 tid=114
ucx-rdma,DEBUG - DEBUG - Called: cublasSgemm_v2
ucx-rdma,DEBUG - DEBUG - Received routine cudaMemcpy [pid=114, tid=114]
ucx-rdma,DEBUG - Write 29 bytes to the buffer
ucx-rdma,DEBUG - Read 4194312 bytes from the buffer
ucx-rdma,DEBUG - Output buffer size is greater than 0, reading...
ucx-rdma,DEBUG - Routine 'cudaMemcpy' returned 0 | server_exec=0.002s | send=0s | recv=0.003s | in=29B | out=4194312B | pid=114 tid=114
ucx-rdma,DEBUG - DEBUG - Called: cudaMemcpy
ucx-rdma,0,1024,4194304,1890,64,3739,5694
ucx-rdma,DEBUG - DEBUG - Received routine cudaMemcpy [pid=114, tid=114]
ucx-rdma,DEBUG - Write 4194332 bytes to the buffer
ucx-rdma,DEBUG - Read 0 bytes from the buffer
ucx-rdma,DEBUG - Routine 'cudaMemcpy' returned 0 | server_exec=0s | send=0s | recv=0s | in=4194332B | out=0B | pid=114 tid=114
ucx-rdma,DEBUG - DEBUG - Called: cudaMemcpy
ucx-rdma,DEBUG - DEBUG - Received routine cudaMemcpy [pid=114, tid=114]
ucx-rdma,DEBUG - Write 4194332 bytes to the buffer
ucx-rdma,DEBUG - Read 0 bytes from the buffer
ucx-rdma,DEBUG - Routine 'cudaMemcpy' returned 0 | server_exec=0s | send=0s | recv=0s | in=4194332B | out=0B | pid=114 tid=114
ucx-rdma,DEBUG - DEBUG - Called: cudaMemcpy
ucx-rdma,DEBUG - DEBUG - Received routine cublasSgemm_v2 [pid=114, tid=114]
ucx-rdma,DEBUG - Write 88 bytes to the buffer
ucx-rdma,DEBUG - Read 0 bytes from the buffer
ucx-rdma,DEBUG - Routine 'cublasSgemm_v2' returned 0 | server_exec=0s | send=0s | recv=0s | in=88B | out=0B | pid=114 tid=114
ucx-rdma,DEBUG - DEBUG - Called: cublasSgemm_v2
ucx-rdma,DEBUG - DEBUG - Received routine cudaMemcpy [pid=114, tid=114]
ucx-rdma,DEBUG - Write 29 bytes to the buffer
ucx-rdma,DEBUG - Read 4194312 bytes from the buffer
ucx-rdma,DEBUG - Output buffer size is greater than 0, reading...
ucx-rdma,DEBUG - Routine 'cudaMemcpy' returned 0 | server_exec=0s | send=0s | recv=0.001s | in=29B | out=4194312B | pid=114 tid=114
ucx-rdma,DEBUG - DEBUG - Called: cudaMemcpy
ucx-rdma,1,1024,4194304,1829,59,1340,3228
ucx-rdma,DEBUG - DEBUG - Received routine cudaMemcpy [pid=114, tid=114]
ucx-rdma,DEBUG - Write 4194332 bytes to the buffer
ucx-rdma,DEBUG - Read 0 bytes from the buffer
ucx-rdma,DEBUG - Routine 'cudaMemcpy' returned 0 | server_exec=0s | send=0s | recv=0s | in=4194332B | out=0B | pid=114 tid=114
ucx-rdma,DEBUG - DEBUG - Called: cudaMemcpy
ucx-rdma,DEBUG - DEBUG - Received routine cudaMemcpy [pid=114, tid=114]
ucx-rdma,DEBUG - Write 4194332 bytes to the buffer
ucx-rdma,DEBUG - Read 0 bytes from the buffer
ucx-rdma,DEBUG - Routine 'cudaMemcpy' returned 0 | server_exec=0s | send=0s | recv=0s | in=4194332B | out=0B | pid=114 tid=114
ucx-rdma,DEBUG - DEBUG - Called: cudaMemcpy
ucx-rdma,DEBUG - DEBUG - Received routine cublasSgemm_v2 [pid=114, tid=114]
ucx-rdma,DEBUG - Write 88 bytes to the buffer
ucx-rdma,DEBUG - Read 0 bytes from the buffer
ucx-rdma,DEBUG - Routine 'cublasSgemm_v2' returned 0 | server_exec=0s | send=0s | recv=0s | in=88B | out=0B | pid=114 tid=114
ucx-rdma,DEBUG - DEBUG - Called: cublasSgemm_v2
ucx-rdma,DEBUG - DEBUG - Received routine cudaMemcpy [pid=114, tid=114]
ucx-rdma,DEBUG - Write 29 bytes to the buffer
ucx-rdma,DEBUG - Read 4194312 bytes from the buffer
ucx-rdma,DEBUG - Output buffer size is greater than 0, reading...
ucx-rdma,DEBUG - Routine 'cudaMemcpy' returned 0 | server_exec=0s | send=0s | recv=0.001s | in=29B | out=4194312B | pid=114 tid=114
ucx-rdma,DEBUG - DEBUG - Called: cudaMemcpy
ucx-rdma,2,1024,4194304,1835,52,1348,3236
ucx-rdma,DEBUG - DEBUG - Received routine cudaMemcpy [pid=114, tid=114]
ucx-rdma,DEBUG - Write 4194332 bytes to the buffer
ucx-rdma,DEBUG - Read 0 bytes from the buffer
ucx-rdma,DEBUG - Routine 'cudaMemcpy' returned 0 | server_exec=0s | send=0s | recv=0s | in=4194332B | out=0B | pid=114 tid=114
ucx-rdma,DEBUG - DEBUG - Called: cudaMemcpy
ucx-rdma,DEBUG - DEBUG - Received routine cudaMemcpy [pid=114, tid=114]
ucx-rdma,DEBUG - Write 4194332 bytes to the buffer
ucx-rdma,DEBUG - Read 0 bytes from the buffer
ucx-rdma,DEBUG - Routine 'cudaMemcpy' returned 0 | server_exec=0s | send=0s | recv=0s | in=4194332B | out=0B | pid=114 tid=114
ucx-rdma,DEBUG - DEBUG - Called: cudaMemcpy
ucx-rdma,DEBUG - DEBUG - Received routine cublasSgemm_v2 [pid=114, tid=114]
ucx-rdma,DEBUG - Write 88 bytes to the buffer
ucx-rdma,DEBUG - Read 0 bytes from the buffer
ucx-rdma,DEBUG - Routine 'cublasSgemm_v2' returned 0 | server_exec=0s | send=0s | recv=0s | in=88B | out=0B | pid=114 tid=114
ucx-rdma,DEBUG - DEBUG - Called: cublasSgemm_v2
ucx-rdma,DEBUG - DEBUG - Received routine cudaMemcpy [pid=114, tid=114]
ucx-rdma,DEBUG - Write 29 bytes to the buffer
ucx-rdma,DEBUG - Read 4194312 bytes from the buffer
ucx-rdma,DEBUG - Output buffer size is greater than 0, reading...
ucx-rdma,DEBUG - Routine 'cudaMemcpy' returned 0 | server_exec=0s | send=0s | recv=0.001s | in=29B | out=4194312B | pid=114 tid=114
ucx-rdma,DEBUG - DEBUG - Called: cudaMemcpy
ucx-rdma,3,1024,4194304,1832,54,1366,3253
ucx-rdma,DEBUG - DEBUG - Received routine cudaMemcpy [pid=114, tid=114]
ucx-rdma,DEBUG - Write 4194332 bytes to the buffer
ucx-rdma,DEBUG - Read 0 bytes from the buffer
ucx-rdma,DEBUG - Routine 'cudaMemcpy' returned 0 | server_exec=0s | send=0s | recv=0s | in=4194332B | out=0B | pid=114 tid=114
ucx-rdma,DEBUG - DEBUG - Called: cudaMemcpy
ucx-rdma,DEBUG - DEBUG - Received routine cudaMemcpy [pid=114, tid=114]
ucx-rdma,DEBUG - Write 4194332 bytes to the buffer
ucx-rdma,DEBUG - Read 0 bytes from the buffer
ucx-rdma,DEBUG - Routine 'cudaMemcpy' returned 0 | server_exec=0s | send=0s | recv=0s | in=4194332B | out=0B | pid=114 tid=114
ucx-rdma,DEBUG - DEBUG - Called: cudaMemcpy
ucx-rdma,DEBUG - DEBUG - Received routine cublasSgemm_v2 [pid=114, tid=114]
ucx-rdma,DEBUG - Write 88 bytes to the buffer
ucx-rdma,DEBUG - Read 0 bytes from the buffer
ucx-rdma,DEBUG - Routine 'cublasSgemm_v2' returned 0 | server_exec=0s | send=0s | recv=0s | in=88B | out=0B | pid=114 tid=114
ucx-rdma,DEBUG - DEBUG - Called: cublasSgemm_v2
ucx-rdma,DEBUG - DEBUG - Received routine cudaMemcpy [pid=114, tid=114]
ucx-rdma,DEBUG - Write 29 bytes to the buffer
ucx-rdma,DEBUG - Read 4194312 bytes from the buffer
ucx-rdma,DEBUG - Output buffer size is greater than 0, reading...
ucx-rdma,DEBUG - Routine 'cudaMemcpy' returned 0 | server_exec=0s | send=0s | recv=0.001s | in=29B | out=4194312B | pid=114 tid=114
ucx-rdma,DEBUG - DEBUG - Called: cudaMemcpy
ucx-rdma,4,1024,4194304,1788,52,1335,3177
ucx-rdma,DEBUG - DEBUG - Received routine cudaMemcpy [pid=114, tid=114]
ucx-rdma,DEBUG - Write 4194332 bytes to the buffer
ucx-rdma,DEBUG - Read 0 bytes from the buffer
ucx-rdma,DEBUG - Routine 'cudaMemcpy' returned 0 | server_exec=0s | send=0s | recv=0s | in=4194332B | out=0B | pid=114 tid=114
ucx-rdma,DEBUG - DEBUG - Called: cudaMemcpy
ucx-rdma,DEBUG - DEBUG - Received routine cudaMemcpy [pid=114, tid=114]
ucx-rdma,DEBUG - Write 4194332 bytes to the buffer
ucx-rdma,DEBUG - Read 0 bytes from the buffer
ucx-rdma,DEBUG - Routine 'cudaMemcpy' returned 0 | server_exec=0s | send=0s | recv=0s | in=4194332B | out=0B | pid=114 tid=114
ucx-rdma,DEBUG - DEBUG - Called: cudaMemcpy
ucx-rdma,DEBUG - DEBUG - Received routine cublasSgemm_v2 [pid=114, tid=114]
ucx-rdma,DEBUG - Write 88 bytes to the buffer
ucx-rdma,DEBUG - Read 0 bytes from the buffer
ucx-rdma,DEBUG - Routine 'cublasSgemm_v2' returned 0 | server_exec=0s | send=0s | recv=0s | in=88B | out=0B | pid=114 tid=114
ucx-rdma,DEBUG - DEBUG - Called: cublasSgemm_v2
ucx-rdma,DEBUG - DEBUG - Received routine cudaMemcpy [pid=114, tid=114]
ucx-rdma,DEBUG - Write 29 bytes to the buffer
ucx-rdma,DEBUG - Read 4194312 bytes from the buffer
ucx-rdma,DEBUG - Output buffer size is greater than 0, reading...
ucx-rdma,DEBUG - Routine 'cudaMemcpy' returned 0 | server_exec=0s | send=0s | recv=0.001s | in=29B | out=4194312B | pid=114 tid=114
ucx-rdma,DEBUG - DEBUG - Called: cudaMemcpy
ucx-rdma,5,1024,4194304,1772,55,1358,3186
ucx-rdma,DEBUG - DEBUG - Received routine cudaMemcpy [pid=114, tid=114]
ucx-rdma,DEBUG - Write 4194332 bytes to the buffer
ucx-rdma,DEBUG - Read 0 bytes from the buffer
ucx-rdma,DEBUG - Routine 'cudaMemcpy' returned 0 | server_exec=0s | send=0s | recv=0s | in=4194332B | out=0B | pid=114 tid=114
ucx-rdma,DEBUG - DEBUG - Called: cudaMemcpy
ucx-rdma,DEBUG - DEBUG - Received routine cudaMemcpy [pid=114, tid=114]
ucx-rdma,DEBUG - Write 4194332 bytes to the buffer
ucx-rdma,DEBUG - Read 0 bytes from the buffer
ucx-rdma,DEBUG - Routine 'cudaMemcpy' returned 0 | server_exec=0s | send=0s | recv=0s | in=4194332B | out=0B | pid=114 tid=114
ucx-rdma,DEBUG - DEBUG - Called: cudaMemcpy
ucx-rdma,DEBUG - DEBUG - Received routine cublasSgemm_v2 [pid=114, tid=114]
ucx-rdma,DEBUG - Write 88 bytes to the buffer
ucx-rdma,DEBUG - Read 0 bytes from the buffer
ucx-rdma,DEBUG - Routine 'cublasSgemm_v2' returned 0 | server_exec=0s | send=0s | recv=0s | in=88B | out=0B | pid=114 tid=114
ucx-rdma,DEBUG - DEBUG - Called: cublasSgemm_v2
ucx-rdma,DEBUG - DEBUG - Received routine cudaMemcpy [pid=114, tid=114]
ucx-rdma,DEBUG - Write 29 bytes to the buffer
ucx-rdma,DEBUG - Read 4194312 bytes from the buffer
ucx-rdma,DEBUG - Output buffer size is greater than 0, reading...
ucx-rdma,DEBUG - Routine 'cudaMemcpy' returned 0 | server_exec=0s | send=0s | recv=0.001s | in=29B | out=4194312B | pid=114 tid=114
ucx-rdma,DEBUG - DEBUG - Called: cudaMemcpy
ucx-rdma,6,1024,4194304,1775,53,1325,3155
ucx-rdma,DEBUG - DEBUG - Received routine cudaMemcpy [pid=114, tid=114]
ucx-rdma,DEBUG - Write 4194332 bytes to the buffer
ucx-rdma,DEBUG - Read 0 bytes from the buffer
ucx-rdma,DEBUG - Routine 'cudaMemcpy' returned 0 | server_exec=0s | send=0s | recv=0s | in=4194332B | out=0B | pid=114 tid=114
ucx-rdma,DEBUG - DEBUG - Called: cudaMemcpy
ucx-rdma,DEBUG - DEBUG - Received routine cudaMemcpy [pid=114, tid=114]
ucx-rdma,DEBUG - Write 4194332 bytes to the buffer
ucx-rdma,DEBUG - Read 0 bytes from the buffer
ucx-rdma,DEBUG - Routine 'cudaMemcpy' returned 0 | server_exec=0s | send=0s | recv=0s | in=4194332B | out=0B | pid=114 tid=114
ucx-rdma,DEBUG - DEBUG - Called: cudaMemcpy
ucx-rdma,DEBUG - DEBUG - Received routine cublasSgemm_v2 [pid=114, tid=114]
ucx-rdma,DEBUG - Write 88 bytes to the buffer
ucx-rdma,DEBUG - Read 0 bytes from the buffer
ucx-rdma,DEBUG - Routine 'cublasSgemm_v2' returned 0 | server_exec=0s | send=0s | recv=0s | in=88B | out=0B | pid=114 tid=114
ucx-rdma,DEBUG - DEBUG - Called: cublasSgemm_v2
ucx-rdma,DEBUG - DEBUG - Received routine cudaMemcpy [pid=114, tid=114]
ucx-rdma,DEBUG - Write 29 bytes to the buffer
ucx-rdma,DEBUG - Read 4194312 bytes from the buffer
ucx-rdma,DEBUG - Output buffer size is greater than 0, reading...
ucx-rdma,DEBUG - Routine 'cudaMemcpy' returned 0 | server_exec=0s | send=0s | recv=0.001s | in=29B | out=4194312B | pid=114 tid=114
ucx-rdma,DEBUG - DEBUG - Called: cudaMemcpy
ucx-rdma,7,1024,4194304,1849,50,1242,3143
ucx-rdma,DEBUG - DEBUG - Received routine cudaMemcpy [pid=114, tid=114]
ucx-rdma,DEBUG - Write 4194332 bytes to the buffer
ucx-rdma,DEBUG - Read 0 bytes from the buffer
ucx-rdma,DEBUG - Routine 'cudaMemcpy' returned 0 | server_exec=0s | send=0s | recv=0s | in=4194332B | out=0B | pid=114 tid=114
ucx-rdma,DEBUG - DEBUG - Called: cudaMemcpy
ucx-rdma,DEBUG - DEBUG - Received routine cudaMemcpy [pid=114, tid=114]
ucx-rdma,DEBUG - Write 4194332 bytes to the buffer
ucx-rdma,DEBUG - Read 0 bytes from the buffer
ucx-rdma,DEBUG - Routine 'cudaMemcpy' returned 0 | server_exec=0s | send=0s | recv=0s | in=4194332B | out=0B | pid=114 tid=114
ucx-rdma,DEBUG - DEBUG - Called: cudaMemcpy
ucx-rdma,DEBUG - DEBUG - Received routine cublasSgemm_v2 [pid=114, tid=114]
ucx-rdma,DEBUG - Write 88 bytes to the buffer
ucx-rdma,DEBUG - Read 0 bytes from the buffer
ucx-rdma,DEBUG - Routine 'cublasSgemm_v2' returned 0 | server_exec=0s | send=0s | recv=0s | in=88B | out=0B | pid=114 tid=114
ucx-rdma,DEBUG - DEBUG - Called: cublasSgemm_v2
ucx-rdma,DEBUG - DEBUG - Received routine cudaMemcpy [pid=114, tid=114]
ucx-rdma,DEBUG - Write 29 bytes to the buffer
ucx-rdma,DEBUG - Read 4194312 bytes from the buffer
ucx-rdma,DEBUG - Output buffer size is greater than 0, reading...
ucx-rdma,DEBUG - Routine 'cudaMemcpy' returned 0 | server_exec=0s | send=0s | recv=0.001s | in=29B | out=4194312B | pid=114 tid=114
ucx-rdma,DEBUG - DEBUG - Called: cudaMemcpy
ucx-rdma,8,1024,4194304,1838,54,1252,3145
ucx-rdma,DEBUG - DEBUG - Received routine cudaMemcpy [pid=114, tid=114]
ucx-rdma,DEBUG - Write 4194332 bytes to the buffer
ucx-rdma,DEBUG - Read 0 bytes from the buffer
ucx-rdma,DEBUG - Routine 'cudaMemcpy' returned 0 | server_exec=0s | send=0s | recv=0s | in=4194332B | out=0B | pid=114 tid=114
ucx-rdma,DEBUG - DEBUG - Called: cudaMemcpy
ucx-rdma,DEBUG - DEBUG - Received routine cudaMemcpy [pid=114, tid=114]
ucx-rdma,DEBUG - Write 4194332 bytes to the buffer
ucx-rdma,DEBUG - Read 0 bytes from the buffer
ucx-rdma,DEBUG - Routine 'cudaMemcpy' returned 0 | server_exec=0s | send=0s | recv=0s | in=4194332B | out=0B | pid=114 tid=114
ucx-rdma,DEBUG - DEBUG - Called: cudaMemcpy
ucx-rdma,DEBUG - DEBUG - Received routine cublasSgemm_v2 [pid=114, tid=114]
ucx-rdma,DEBUG - Write 88 bytes to the buffer
ucx-rdma,DEBUG - Read 0 bytes from the buffer
ucx-rdma,DEBUG - Routine 'cublasSgemm_v2' returned 0 | server_exec=0s | send=0s | recv=0s | in=88B | out=0B | pid=114 tid=114
ucx-rdma,DEBUG - DEBUG - Called: cublasSgemm_v2
ucx-rdma,DEBUG - DEBUG - Received routine cudaMemcpy [pid=114, tid=114]
ucx-rdma,DEBUG - Write 29 bytes to the buffer
ucx-rdma,DEBUG - Read 4194312 bytes from the buffer
ucx-rdma,DEBUG - Output buffer size is greater than 0, reading...
ucx-rdma,DEBUG - Routine 'cudaMemcpy' returned 0 | server_exec=0s | send=0s | recv=0.001s | in=29B | out=4194312B | pid=114 tid=114
ucx-rdma,DEBUG - DEBUG - Called: cudaMemcpy
ucx-rdma,9,1024,4194304,1891,56,1257,3204
ucx-rdma,DEBUG - DEBUG - Received routine cublasDestroy_v2 [pid=114, tid=114]
ucx-rdma,DEBUG - Write 8 bytes to the buffer
ucx-rdma,DEBUG - Read 0 bytes from the buffer
ucx-rdma,DEBUG - Routine 'cublasDestroy_v2' returned 0 | server_exec=0s | send=0s | recv=0s | in=8B | out=0B | pid=114 tid=114
ucx-rdma,DEBUG - DEBUG - Called: cublasDestroy_v2
ucx-rdma,DEBUG - DEBUG - Received routine cudaFree [pid=114, tid=114]
ucx-rdma,DEBUG - Write 8 bytes to the buffer
ucx-rdma,DEBUG - Read 0 bytes from the buffer
ucx-rdma,DEBUG - Routine 'cudaFree' returned 0 | server_exec=0s | send=0s | recv=0s | in=8B | out=0B | pid=114 tid=114
ucx-rdma,DEBUG - DEBUG - Called: cudaFree
ucx-rdma,DEBUG - DEBUG - Received routine cudaFree [pid=114, tid=114]
ucx-rdma,DEBUG - Write 8 bytes to the buffer
ucx-rdma,DEBUG - Read 0 bytes from the buffer
ucx-rdma,DEBUG - Routine 'cudaFree' returned 0 | server_exec=0s | send=0s | recv=0s | in=8B | out=0B | pid=114 tid=114
ucx-rdma,DEBUG - DEBUG - Called: cudaFree
ucx-rdma,DEBUG - DEBUG - Received routine cudaFree [pid=114, tid=114]
ucx-rdma,DEBUG - Write 8 bytes to the buffer
ucx-rdma,DEBUG - Read 0 bytes from the buffer
ucx-rdma,DEBUG - Routine 'cudaFree' returned 0 | server_exec=0s | send=0s | recv=0s | in=8B | out=0B | pid=114 tid=114
ucx-rdma,DEBUG - DEBUG - Called: cudaFree
ucx-rdma,DEBUG - DEBUG - Received routine cudaUnregisterFatBinary [pid=114, tid=114]
ucx-rdma,DEBUG - Write 31 bytes to the buffer
ucx-rdma,DEBUG - Read 0 bytes from the buffer
ucx-rdma,DEBUG - Routine 'cudaUnregisterFatBinary' returned 0 | server_exec=0s | send=0s | recv=0s | in=31B | out=0B | pid=114 tid=114
ucx-rdma,DEBUG - DEBUG - Called: cudaUnregisterFatBinary
ucx-rdma,INFO - Parsing endpoint config from: /opt/GVirtuS/etc/properties.json
ucx-rdma,DEBUG - Full JSON dump:
ucx-rdma,{
ucx-rdma,    "communicator": [
ucx-rdma,        {
ucx-rdma,            "endpoint": {
ucx-rdma,                "port": "7676",
ucx-rdma,                "protocol": "ucx",
ucx-rdma,                "server_address": "24.24.24.1",
ucx-rdma,                "suite": "ucx"
ucx-rdma,            },
ucx-rdma,            "plugins": [
ucx-rdma,                "cuda",
ucx-rdma,                "cudart",
ucx-rdma,                "cublas",
ucx-rdma,                "curand",
ucx-rdma,                "cudnn",
ucx-rdma,                "cufft",
ucx-rdma,                "cusolver",
ucx-rdma,                "cusparse",
ucx-rdma,                "nvrtc",
ucx-rdma,                "nvml"
ucx-rdma,            ]
ucx-rdma,        }
ucx-rdma,    ],
ucx-rdma,    "secure_application": false
ucx-rdma,}
ucx-rdma,INFO - Parsed endpoint suite: ucx
ucx-rdma,INFO - Initializing UCX Endpoint
ucx-rdma,DEBUG: protocol string is [ucx]
ucx-rdma,DEBUG - Connect() to 24.24.24.1:7676
ucx-rdma,INFO - Connected to 24.24.24.1:7676 (UCX, wired up)
ucx-rdma,DEBUG - DEBUG - Received routine cudaRegisterFatBinary [pid=123, tid=123]
ucx-rdma,DEBUG - Write 1151 bytes to the buffer
ucx-rdma,DEBUG - Read 0 bytes from the buffer
ucx-rdma,DEBUG - Routine 'cudaRegisterFatBinary' returned 0 | server_exec=0s | send=0s | recv=0s | in=1151B | out=0B | pid=123 tid=123
ucx-rdma,DEBUG - DEBUG - Called: cudaRegisterFatBinary
ucx-rdma,DEBUG - DEBUG - Received routine cudaRegisterFatBinaryEnd [pid=123, tid=123]
ucx-rdma,DEBUG - Write 1151 bytes to the buffer
ucx-rdma,DEBUG - Read 0 bytes from the buffer
ucx-rdma,DEBUG - Routine 'cudaRegisterFatBinaryEnd' returned 0 | server_exec=0s | send=0s | recv=0s | in=1151B | out=0B | pid=123 tid=123
ucx-rdma,DEBUG - DEBUG - Called: cudaRegisterFatBinaryEnd
ucx-rdma,DEBUG - DEBUG - Received routine cudaMalloc [pid=123, tid=123]
ucx-rdma,DEBUG - Write 8 bytes to the buffer
ucx-rdma,DEBUG - Read 8 bytes from the buffer
ucx-rdma,DEBUG - Output buffer size is greater than 0, reading...
ucx-rdma,DEBUG - Routine 'cudaMalloc' returned 0 | server_exec=0s | send=0s | recv=0s | in=8B | out=8B | pid=123 tid=123
ucx-rdma,DEBUG - DEBUG - Called: cudaMalloc
ucx-rdma,DEBUG - DEBUG - Received routine cudaMalloc [pid=123, tid=123]
ucx-rdma,DEBUG - Write 8 bytes to the buffer
ucx-rdma,DEBUG - Read 8 bytes from the buffer
ucx-rdma,DEBUG - Output buffer size is greater than 0, reading...
ucx-rdma,DEBUG - Routine 'cudaMalloc' returned 0 | server_exec=0s | send=0s | recv=0s | in=8B | out=8B | pid=123 tid=123
ucx-rdma,DEBUG - DEBUG - Called: cudaMalloc
ucx-rdma,DEBUG - DEBUG - Received routine cudaMalloc [pid=123, tid=123]
ucx-rdma,DEBUG - Write 8 bytes to the buffer
ucx-rdma,DEBUG - Read 8 bytes from the buffer
ucx-rdma,DEBUG - Output buffer size is greater than 0, reading...
ucx-rdma,DEBUG - Routine 'cudaMalloc' returned 0 | server_exec=0s | send=0s | recv=0s | in=8B | out=8B | pid=123 tid=123
ucx-rdma,DEBUG - DEBUG - Called: cudaMalloc
ucx-rdma,DEBUG - DEBUG - Received routine cublasCreate_v2 [pid=123, tid=123]
ucx-rdma,DEBUG - Write 0 bytes to the buffer
ucx-rdma,DEBUG - Read 8 bytes from the buffer
ucx-rdma,DEBUG - Output buffer size is greater than 0, reading...
ucx-rdma,DEBUG - Routine 'cublasCreate_v2' returned 0 | server_exec=0s | send=0s | recv=0s | in=0B | out=8B | pid=123 tid=123
ucx-rdma,DEBUG - DEBUG - Called: cublasCreate_v2
ucx-rdma,DEBUG - DEBUG - Received routine cudaMemcpy [pid=123, tid=123]
ucx-rdma,DEBUG - Write 16777244 bytes to the buffer
ucx-rdma,DEBUG - Read 0 bytes from the buffer
ucx-rdma,DEBUG - Routine 'cudaMemcpy' returned 0 | server_exec=0s | send=0.009s | recv=0.009s | in=16777244B | out=0B | pid=123 tid=123
ucx-rdma,DEBUG - DEBUG - Called: cudaMemcpy
ucx-rdma,DEBUG - DEBUG - Received routine cudaMemcpy [pid=123, tid=123]
ucx-rdma,DEBUG - Write 16777244 bytes to the buffer
ucx-rdma,DEBUG - Read 0 bytes from the buffer
ucx-rdma,DEBUG - Routine 'cudaMemcpy' returned 0 | server_exec=0s | send=0.001s | recv=0.001s | in=16777244B | out=0B | pid=123 tid=123
ucx-rdma,DEBUG - DEBUG - Called: cudaMemcpy
ucx-rdma,DEBUG - DEBUG - Received routine cublasSgemm_v2 [pid=123, tid=123]
ucx-rdma,DEBUG - Write 88 bytes to the buffer
ucx-rdma,DEBUG - Read 0 bytes from the buffer
ucx-rdma,DEBUG - Routine 'cublasSgemm_v2' returned 0 | server_exec=0s | send=0s | recv=0s | in=88B | out=0B | pid=123 tid=123
ucx-rdma,DEBUG - DEBUG - Called: cublasSgemm_v2
ucx-rdma,DEBUG - DEBUG - Received routine cudaMemcpy [pid=123, tid=123]
ucx-rdma,DEBUG - Write 29 bytes to the buffer
ucx-rdma,DEBUG - Read 16777224 bytes from the buffer
ucx-rdma,DEBUG - Output buffer size is greater than 0, reading...
ucx-rdma,DEBUG - Routine 'cudaMemcpy' returned 0 | server_exec=0.019s | send=0s | recv=0.029s | in=29B | out=16777224B | pid=123 tid=123
ucx-rdma,DEBUG - DEBUG - Called: cudaMemcpy
ucx-rdma,run,n,matrix_bytes,h2d_us,compute_us,d2h_us,total_us
ucx-rdma,DEBUG - DEBUG - Received routine cudaMemcpy [pid=123, tid=123]
ucx-rdma,DEBUG - Write 16777244 bytes to the buffer
ucx-rdma,DEBUG - Read 0 bytes from the buffer
ucx-rdma,DEBUG - Routine 'cudaMemcpy' returned 0 | server_exec=0s | send=0.001s | recv=0.002s | in=16777244B | out=0B | pid=123 tid=123
ucx-rdma,DEBUG - DEBUG - Called: cudaMemcpy
ucx-rdma,DEBUG - DEBUG - Received routine cudaMemcpy [pid=123, tid=123]
ucx-rdma,DEBUG - Write 16777244 bytes to the buffer
ucx-rdma,DEBUG - Read 0 bytes from the buffer
ucx-rdma,DEBUG - Routine 'cudaMemcpy' returned 0 | server_exec=0s | send=0.001s | recv=0.001s | in=16777244B | out=0B | pid=123 tid=123
ucx-rdma,DEBUG - DEBUG - Called: cudaMemcpy
ucx-rdma,DEBUG - DEBUG - Received routine cublasSgemm_v2 [pid=123, tid=123]
ucx-rdma,DEBUG - Write 88 bytes to the buffer
ucx-rdma,DEBUG - Read 0 bytes from the buffer
ucx-rdma,DEBUG - Routine 'cublasSgemm_v2' returned 0 | server_exec=0s | send=0s | recv=0s | in=88B | out=0B | pid=123 tid=123
ucx-rdma,DEBUG - DEBUG - Called: cublasSgemm_v2
ucx-rdma,DEBUG - DEBUG - Received routine cudaMemcpy [pid=123, tid=123]
ucx-rdma,DEBUG - Write 29 bytes to the buffer
ucx-rdma,DEBUG - Read 16777224 bytes from the buffer
ucx-rdma,DEBUG - Output buffer size is greater than 0, reading...
ucx-rdma,DEBUG - Routine 'cudaMemcpy' returned 0 | server_exec=0.017s | send=0s | recv=0.02s | in=29B | out=16777224B | pid=123 tid=123
ucx-rdma,DEBUG - DEBUG - Called: cudaMemcpy
ucx-rdma,0,2048,16777216,8383,119,21391,29894
ucx-rdma,DEBUG - DEBUG - Received routine cudaMemcpy [pid=123, tid=123]
ucx-rdma,DEBUG - Write 16777244 bytes to the buffer
ucx-rdma,DEBUG - Read 0 bytes from the buffer
ucx-rdma,DEBUG - Routine 'cudaMemcpy' returned 0 | server_exec=0s | send=0.001s | recv=0.002s | in=16777244B | out=0B | pid=123 tid=123
ucx-rdma,DEBUG - DEBUG - Called: cudaMemcpy
ucx-rdma,DEBUG - DEBUG - Received routine cudaMemcpy [pid=123, tid=123]
ucx-rdma,DEBUG - Write 16777244 bytes to the buffer
ucx-rdma,DEBUG - Read 0 bytes from the buffer
ucx-rdma,DEBUG - Routine 'cudaMemcpy' returned 0 | server_exec=0s | send=0.001s | recv=0.001s | in=16777244B | out=0B | pid=123 tid=123
ucx-rdma,DEBUG - DEBUG - Called: cudaMemcpy
ucx-rdma,DEBUG - DEBUG - Received routine cublasSgemm_v2 [pid=123, tid=123]
ucx-rdma,DEBUG - Write 88 bytes to the buffer
ucx-rdma,DEBUG - Read 0 bytes from the buffer
ucx-rdma,DEBUG - Routine 'cublasSgemm_v2' returned 0 | server_exec=0s | send=0s | recv=0s | in=88B | out=0B | pid=123 tid=123
ucx-rdma,DEBUG - DEBUG - Called: cublasSgemm_v2
ucx-rdma,DEBUG - DEBUG - Received routine cudaMemcpy [pid=123, tid=123]
ucx-rdma,DEBUG - Write 29 bytes to the buffer
ucx-rdma,DEBUG - Read 16777224 bytes from the buffer
ucx-rdma,DEBUG - Output buffer size is greater than 0, reading...
ucx-rdma,DEBUG - Routine 'cudaMemcpy' returned 0 | server_exec=0.018s | send=0s | recv=0.02s | in=29B | out=16777224B | pid=123 tid=123
ucx-rdma,DEBUG - DEBUG - Called: cudaMemcpy
ucx-rdma,1,2048,16777216,8300,114,21276,29692
ucx-rdma,DEBUG - DEBUG - Received routine cudaMemcpy [pid=123, tid=123]
ucx-rdma,DEBUG - Write 16777244 bytes to the buffer
ucx-rdma,DEBUG - Read 0 bytes from the buffer
ucx-rdma,DEBUG - Routine 'cudaMemcpy' returned 0 | server_exec=0s | send=0.001s | recv=0.002s | in=16777244B | out=0B | pid=123 tid=123
ucx-rdma,DEBUG - DEBUG - Called: cudaMemcpy
ucx-rdma,DEBUG - DEBUG - Received routine cudaMemcpy [pid=123, tid=123]
ucx-rdma,DEBUG - Write 16777244 bytes to the buffer
ucx-rdma,DEBUG - Read 0 bytes from the buffer
ucx-rdma,DEBUG - Routine 'cudaMemcpy' returned 0 | server_exec=0s | send=0.001s | recv=0.001s | in=16777244B | out=0B | pid=123 tid=123
ucx-rdma,DEBUG - DEBUG - Called: cudaMemcpy
ucx-rdma,DEBUG - DEBUG - Received routine cublasSgemm_v2 [pid=123, tid=123]
ucx-rdma,DEBUG - Write 88 bytes to the buffer
ucx-rdma,DEBUG - Read 0 bytes from the buffer
ucx-rdma,DEBUG - Routine 'cublasSgemm_v2' returned 0 | server_exec=0s | send=0s | recv=0s | in=88B | out=0B | pid=123 tid=123
ucx-rdma,DEBUG - DEBUG - Called: cublasSgemm_v2
ucx-rdma,DEBUG - DEBUG - Received routine cudaMemcpy [pid=123, tid=123]
ucx-rdma,DEBUG - Write 29 bytes to the buffer
ucx-rdma,DEBUG - Read 16777224 bytes from the buffer
ucx-rdma,DEBUG - Output buffer size is greater than 0, reading...
ucx-rdma,DEBUG - Routine 'cudaMemcpy' returned 0 | server_exec=0.018s | send=0s | recv=0.02s | in=29B | out=16777224B | pid=123 tid=123
ucx-rdma,DEBUG - DEBUG - Called: cudaMemcpy
ucx-rdma,2,2048,16777216,8233,111,21328,29674
ucx-rdma,DEBUG - DEBUG - Received routine cudaMemcpy [pid=123, tid=123]
ucx-rdma,DEBUG - Write 16777244 bytes to the buffer
ucx-rdma,DEBUG - Read 0 bytes from the buffer
ucx-rdma,DEBUG - Routine 'cudaMemcpy' returned 0 | server_exec=0s | send=0.001s | recv=0.002s | in=16777244B | out=0B | pid=123 tid=123
ucx-rdma,DEBUG - DEBUG - Called: cudaMemcpy
ucx-rdma,DEBUG - DEBUG - Received routine cudaMemcpy [pid=123, tid=123]
ucx-rdma,DEBUG - Write 16777244 bytes to the buffer
ucx-rdma,DEBUG - Read 0 bytes from the buffer
ucx-rdma,DEBUG - Routine 'cudaMemcpy' returned 0 | server_exec=0s | send=0.001s | recv=0.001s | in=16777244B | out=0B | pid=123 tid=123
ucx-rdma,DEBUG - DEBUG - Called: cudaMemcpy
ucx-rdma,DEBUG - DEBUG - Received routine cublasSgemm_v2 [pid=123, tid=123]
ucx-rdma,DEBUG - Write 88 bytes to the buffer
ucx-rdma,DEBUG - Read 0 bytes from the buffer
ucx-rdma,DEBUG - Routine 'cublasSgemm_v2' returned 0 | server_exec=0s | send=0s | recv=0s | in=88B | out=0B | pid=123 tid=123
ucx-rdma,DEBUG - DEBUG - Called: cublasSgemm_v2
ucx-rdma,DEBUG - DEBUG - Received routine cudaMemcpy [pid=123, tid=123]
ucx-rdma,DEBUG - Write 29 bytes to the buffer
ucx-rdma,DEBUG - Read 16777224 bytes from the buffer
ucx-rdma,DEBUG - Output buffer size is greater than 0, reading...
ucx-rdma,DEBUG - Routine 'cudaMemcpy' returned 0 | server_exec=0.018s | send=0s | recv=0.02s | in=29B | out=16777224B | pid=123 tid=123
ucx-rdma,DEBUG - DEBUG - Called: cudaMemcpy
ucx-rdma,3,2048,16777216,8302,114,21488,29906
ucx-rdma,DEBUG - DEBUG - Received routine cudaMemcpy [pid=123, tid=123]
ucx-rdma,DEBUG - Write 16777244 bytes to the buffer
ucx-rdma,DEBUG - Read 0 bytes from the buffer
ucx-rdma,DEBUG - Routine 'cudaMemcpy' returned 0 | server_exec=0s | send=0.001s | recv=0.001s | in=16777244B | out=0B | pid=123 tid=123
ucx-rdma,DEBUG - DEBUG - Called: cudaMemcpy
ucx-rdma,DEBUG - DEBUG - Received routine cudaMemcpy [pid=123, tid=123]
ucx-rdma,DEBUG - Write 16777244 bytes to the buffer
ucx-rdma,DEBUG - Read 0 bytes from the buffer
ucx-rdma,DEBUG - Routine 'cudaMemcpy' returned 0 | server_exec=0s | send=0.001s | recv=0.001s | in=16777244B | out=0B | pid=123 tid=123
ucx-rdma,DEBUG - DEBUG - Called: cudaMemcpy
ucx-rdma,DEBUG - DEBUG - Received routine cublasSgemm_v2 [pid=123, tid=123]
ucx-rdma,DEBUG - Write 88 bytes to the buffer
ucx-rdma,DEBUG - Read 0 bytes from the buffer
ucx-rdma,DEBUG - Routine 'cublasSgemm_v2' returned 0 | server_exec=0s | send=0s | recv=0s | in=88B | out=0B | pid=123 tid=123
ucx-rdma,DEBUG - DEBUG - Called: cublasSgemm_v2
ucx-rdma,DEBUG - DEBUG - Received routine cudaMemcpy [pid=123, tid=123]
ucx-rdma,DEBUG - Write 29 bytes to the buffer
ucx-rdma,DEBUG - Read 16777224 bytes from the buffer
ucx-rdma,DEBUG - Output buffer size is greater than 0, reading...
ucx-rdma,DEBUG - Routine 'cudaMemcpy' returned 0 | server_exec=0.018s | send=0s | recv=0.02s | in=29B | out=16777224B | pid=123 tid=123
ucx-rdma,DEBUG - DEBUG - Called: cudaMemcpy
ucx-rdma,4,2048,16777216,8233,107,21511,29852
ucx-rdma,DEBUG - DEBUG - Received routine cudaMemcpy [pid=123, tid=123]
ucx-rdma,DEBUG - Write 16777244 bytes to the buffer
ucx-rdma,DEBUG - Read 0 bytes from the buffer
ucx-rdma,DEBUG - Routine 'cudaMemcpy' returned 0 | server_exec=0s | send=0.001s | recv=0.002s | in=16777244B | out=0B | pid=123 tid=123
ucx-rdma,DEBUG - DEBUG - Called: cudaMemcpy
ucx-rdma,DEBUG - DEBUG - Received routine cudaMemcpy [pid=123, tid=123]
ucx-rdma,DEBUG - Write 16777244 bytes to the buffer
ucx-rdma,DEBUG - Read 0 bytes from the buffer
ucx-rdma,DEBUG - Routine 'cudaMemcpy' returned 0 | server_exec=0s | send=0.001s | recv=0.001s | in=16777244B | out=0B | pid=123 tid=123
ucx-rdma,DEBUG - DEBUG - Called: cudaMemcpy
ucx-rdma,DEBUG - DEBUG - Received routine cublasSgemm_v2 [pid=123, tid=123]
ucx-rdma,DEBUG - Write 88 bytes to the buffer
ucx-rdma,DEBUG - Read 0 bytes from the buffer
ucx-rdma,DEBUG - Routine 'cublasSgemm_v2' returned 0 | server_exec=0s | send=0s | recv=0s | in=88B | out=0B | pid=123 tid=123
ucx-rdma,DEBUG - DEBUG - Called: cublasSgemm_v2
ucx-rdma,DEBUG - DEBUG - Received routine cudaMemcpy [pid=123, tid=123]
ucx-rdma,DEBUG - Write 29 bytes to the buffer
ucx-rdma,DEBUG - Read 16777224 bytes from the buffer
ucx-rdma,DEBUG - Output buffer size is greater than 0, reading...
ucx-rdma,DEBUG - Routine 'cudaMemcpy' returned 0 | server_exec=0.018s | send=0s | recv=0.02s | in=29B | out=16777224B | pid=123 tid=123
ucx-rdma,DEBUG - DEBUG - Called: cudaMemcpy
ucx-rdma,5,2048,16777216,8325,109,21399,29833
ucx-rdma,DEBUG - DEBUG - Received routine cudaMemcpy [pid=123, tid=123]
ucx-rdma,DEBUG - Write 16777244 bytes to the buffer
ucx-rdma,DEBUG - Read 0 bytes from the buffer
ucx-rdma,DEBUG - Routine 'cudaMemcpy' returned 0 | server_exec=0s | send=0.001s | recv=0.001s | in=16777244B | out=0B | pid=123 tid=123
ucx-rdma,DEBUG - DEBUG - Called: cudaMemcpy
ucx-rdma,DEBUG - DEBUG - Received routine cudaMemcpy [pid=123, tid=123]
ucx-rdma,DEBUG - Write 16777244 bytes to the buffer
ucx-rdma,DEBUG - Read 0 bytes from the buffer
ucx-rdma,DEBUG - Routine 'cudaMemcpy' returned 0 | server_exec=0s | send=0.001s | recv=0.001s | in=16777244B | out=0B | pid=123 tid=123
ucx-rdma,DEBUG - DEBUG - Called: cudaMemcpy
ucx-rdma,DEBUG - DEBUG - Received routine cublasSgemm_v2 [pid=123, tid=123]
ucx-rdma,DEBUG - Write 88 bytes to the buffer
ucx-rdma,DEBUG - Read 0 bytes from the buffer
ucx-rdma,DEBUG - Routine 'cublasSgemm_v2' returned 0 | server_exec=0s | send=0s | recv=0s | in=88B | out=0B | pid=123 tid=123
ucx-rdma,DEBUG - DEBUG - Called: cublasSgemm_v2
ucx-rdma,DEBUG - DEBUG - Received routine cudaMemcpy [pid=123, tid=123]
ucx-rdma,DEBUG - Write 29 bytes to the buffer
ucx-rdma,DEBUG - Read 16777224 bytes from the buffer
ucx-rdma,DEBUG - Output buffer size is greater than 0, reading...
ucx-rdma,DEBUG - Routine 'cudaMemcpy' returned 0 | server_exec=0.018s | send=0s | recv=0.02s | in=29B | out=16777224B | pid=123 tid=123
ucx-rdma,DEBUG - DEBUG - Called: cudaMemcpy
ucx-rdma,6,2048,16777216,8169,111,21392,29673
ucx-rdma,DEBUG - DEBUG - Received routine cudaMemcpy [pid=123, tid=123]
ucx-rdma,DEBUG - Write 16777244 bytes to the buffer
ucx-rdma,DEBUG - Read 0 bytes from the buffer
ucx-rdma,DEBUG - Routine 'cudaMemcpy' returned 0 | server_exec=0s | send=0.001s | recv=0.002s | in=16777244B | out=0B | pid=123 tid=123
ucx-rdma,DEBUG - DEBUG - Called: cudaMemcpy
ucx-rdma,DEBUG - DEBUG - Received routine cudaMemcpy [pid=123, tid=123]
ucx-rdma,DEBUG - Write 16777244 bytes to the buffer
ucx-rdma,DEBUG - Read 0 bytes from the buffer
ucx-rdma,DEBUG - Routine 'cudaMemcpy' returned 0 | server_exec=0s | send=0.001s | recv=0.001s | in=16777244B | out=0B | pid=123 tid=123
ucx-rdma,DEBUG - DEBUG - Called: cudaMemcpy
ucx-rdma,DEBUG - DEBUG - Received routine cublasSgemm_v2 [pid=123, tid=123]
ucx-rdma,DEBUG - Write 88 bytes to the buffer
ucx-rdma,DEBUG - Read 0 bytes from the buffer
ucx-rdma,DEBUG - Routine 'cublasSgemm_v2' returned 0 | server_exec=0s | send=0s | recv=0s | in=88B | out=0B | pid=123 tid=123
ucx-rdma,DEBUG - DEBUG - Called: cublasSgemm_v2
ucx-rdma,DEBUG - DEBUG - Received routine cudaMemcpy [pid=123, tid=123]
ucx-rdma,DEBUG - Write 29 bytes to the buffer
ucx-rdma,DEBUG - Read 16777224 bytes from the buffer
ucx-rdma,DEBUG - Output buffer size is greater than 0, reading...
ucx-rdma,DEBUG - Routine 'cudaMemcpy' returned 0 | server_exec=0.018s | send=0s | recv=0.02s | in=29B | out=16777224B | pid=123 tid=123
ucx-rdma,DEBUG - DEBUG - Called: cudaMemcpy
ucx-rdma,7,2048,16777216,8378,114,21563,30055
ucx-rdma,DEBUG - DEBUG - Received routine cudaMemcpy [pid=123, tid=123]
ucx-rdma,DEBUG - Write 16777244 bytes to the buffer
ucx-rdma,DEBUG - Read 0 bytes from the buffer
ucx-rdma,DEBUG - Routine 'cudaMemcpy' returned 0 | server_exec=0s | send=0.001s | recv=0.002s | in=16777244B | out=0B | pid=123 tid=123
ucx-rdma,DEBUG - DEBUG - Called: cudaMemcpy
ucx-rdma,DEBUG - DEBUG - Received routine cudaMemcpy [pid=123, tid=123]
ucx-rdma,DEBUG - Write 16777244 bytes to the buffer
ucx-rdma,DEBUG - Read 0 bytes from the buffer
ucx-rdma,DEBUG - Routine 'cudaMemcpy' returned 0 | server_exec=0s | send=0.001s | recv=0.001s | in=16777244B | out=0B | pid=123 tid=123
ucx-rdma,DEBUG - DEBUG - Called: cudaMemcpy
ucx-rdma,DEBUG - DEBUG - Received routine cublasSgemm_v2 [pid=123, tid=123]
ucx-rdma,DEBUG - Write 88 bytes to the buffer
ucx-rdma,DEBUG - Read 0 bytes from the buffer
ucx-rdma,DEBUG - Routine 'cublasSgemm_v2' returned 0 | server_exec=0s | send=0s | recv=0s | in=88B | out=0B | pid=123 tid=123
ucx-rdma,DEBUG - DEBUG - Called: cublasSgemm_v2
ucx-rdma,DEBUG - DEBUG - Received routine cudaMemcpy [pid=123, tid=123]
ucx-rdma,DEBUG - Write 29 bytes to the buffer
ucx-rdma,DEBUG - Read 16777224 bytes from the buffer
ucx-rdma,DEBUG - Output buffer size is greater than 0, reading...
ucx-rdma,DEBUG - Routine 'cudaMemcpy' returned 0 | server_exec=0.018s | send=0s | recv=0.02s | in=29B | out=16777224B | pid=123 tid=123
ucx-rdma,DEBUG - DEBUG - Called: cudaMemcpy
ucx-rdma,8,2048,16777216,8237,111,21515,29864
ucx-rdma,DEBUG - DEBUG - Received routine cudaMemcpy [pid=123, tid=123]
ucx-rdma,DEBUG - Write 16777244 bytes to the buffer
ucx-rdma,DEBUG - Read 0 bytes from the buffer
ucx-rdma,DEBUG - Routine 'cudaMemcpy' returned 0 | server_exec=0s | send=0.001s | recv=0.002s | in=16777244B | out=0B | pid=123 tid=123
ucx-rdma,DEBUG - DEBUG - Called: cudaMemcpy
ucx-rdma,DEBUG - DEBUG - Received routine cudaMemcpy [pid=123, tid=123]
ucx-rdma,DEBUG - Write 16777244 bytes to the buffer
ucx-rdma,DEBUG - Read 0 bytes from the buffer
ucx-rdma,DEBUG - Routine 'cudaMemcpy' returned 0 | server_exec=0s | send=0.001s | recv=0.001s | in=16777244B | out=0B | pid=123 tid=123
ucx-rdma,DEBUG - DEBUG - Called: cudaMemcpy
ucx-rdma,DEBUG - DEBUG - Received routine cublasSgemm_v2 [pid=123, tid=123]
ucx-rdma,DEBUG - Write 88 bytes to the buffer
ucx-rdma,DEBUG - Read 0 bytes from the buffer
ucx-rdma,DEBUG - Routine 'cublasSgemm_v2' returned 0 | server_exec=0s | send=0s | recv=0s | in=88B | out=0B | pid=123 tid=123
ucx-rdma,DEBUG - DEBUG - Called: cublasSgemm_v2
ucx-rdma,DEBUG - DEBUG - Received routine cudaMemcpy [pid=123, tid=123]
ucx-rdma,DEBUG - Write 29 bytes to the buffer
ucx-rdma,DEBUG - Read 16777224 bytes from the buffer
ucx-rdma,DEBUG - Output buffer size is greater than 0, reading...
ucx-rdma,DEBUG - Routine 'cudaMemcpy' returned 0 | server_exec=0.017s | send=0s | recv=0.02s | in=29B | out=16777224B | pid=123 tid=123
ucx-rdma,DEBUG - DEBUG - Called: cudaMemcpy
ucx-rdma,9,2048,16777216,8304,115,21303,29723
ucx-rdma,DEBUG - DEBUG - Received routine cublasDestroy_v2 [pid=123, tid=123]
ucx-rdma,DEBUG - Write 8 bytes to the buffer
ucx-rdma,DEBUG - Read 0 bytes from the buffer
ucx-rdma,DEBUG - Routine 'cublasDestroy_v2' returned 0 | server_exec=0s | send=0s | recv=0.001s | in=8B | out=0B | pid=123 tid=123
ucx-rdma,DEBUG - DEBUG - Called: cublasDestroy_v2
ucx-rdma,DEBUG - DEBUG - Received routine cudaFree [pid=123, tid=123]
ucx-rdma,DEBUG - Write 8 bytes to the buffer
ucx-rdma,DEBUG - Read 0 bytes from the buffer
ucx-rdma,DEBUG - Routine 'cudaFree' returned 0 | server_exec=0s | send=0s | recv=0s | in=8B | out=0B | pid=123 tid=123
ucx-rdma,DEBUG - DEBUG - Called: cudaFree
ucx-rdma,DEBUG - DEBUG - Received routine cudaFree [pid=123, tid=123]
ucx-rdma,DEBUG - Write 8 bytes to the buffer
ucx-rdma,DEBUG - Read 0 bytes from the buffer
ucx-rdma,DEBUG - Routine 'cudaFree' returned 0 | server_exec=0s | send=0s | recv=0s | in=8B | out=0B | pid=123 tid=123
ucx-rdma,DEBUG - DEBUG - Called: cudaFree
ucx-rdma,DEBUG - DEBUG - Received routine cudaFree [pid=123, tid=123]
ucx-rdma,DEBUG - Write 8 bytes to the buffer
ucx-rdma,DEBUG - Read 0 bytes from the buffer
ucx-rdma,DEBUG - Routine 'cudaFree' returned 0 | server_exec=0s | send=0s | recv=0s | in=8B | out=0B | pid=123 tid=123
ucx-rdma,DEBUG - DEBUG - Called: cudaFree
ucx-rdma,DEBUG - DEBUG - Received routine cudaUnregisterFatBinary [pid=123, tid=123]
ucx-rdma,DEBUG - Write 31 bytes to the buffer
ucx-rdma,DEBUG - Read 0 bytes from the buffer
ucx-rdma,DEBUG - Routine 'cudaUnregisterFatBinary' returned 0 | server_exec=0s | send=0s | recv=0s | in=31B | out=0B | pid=123 tid=123
ucx-rdma,DEBUG - DEBUG - Called: cudaUnregisterFatBinary
ucx-rdma,INFO - Parsing endpoint config from: /opt/GVirtuS/etc/properties.json
ucx-rdma,DEBUG - Full JSON dump:
ucx-rdma,{
ucx-rdma,    "communicator": [
ucx-rdma,        {
ucx-rdma,            "endpoint": {
ucx-rdma,                "port": "7676",
ucx-rdma,                "protocol": "ucx",
ucx-rdma,                "server_address": "24.24.24.1",
ucx-rdma,                "suite": "ucx"
ucx-rdma,            },
ucx-rdma,            "plugins": [
ucx-rdma,                "cuda",
ucx-rdma,                "cudart",
ucx-rdma,                "cublas",
ucx-rdma,                "curand",
ucx-rdma,                "cudnn",
ucx-rdma,                "cufft",
ucx-rdma,                "cusolver",
ucx-rdma,                "cusparse",
ucx-rdma,                "nvrtc",
ucx-rdma,                "nvml"
ucx-rdma,            ]
ucx-rdma,        }
ucx-rdma,    ],
ucx-rdma,    "secure_application": false
ucx-rdma,}
ucx-rdma,INFO - Parsed endpoint suite: ucx
ucx-rdma,INFO - Initializing UCX Endpoint
ucx-rdma,DEBUG: protocol string is [ucx]
ucx-rdma,DEBUG - Connect() to 24.24.24.1:7676
ucx-rdma,INFO - Connected to 24.24.24.1:7676 (UCX, wired up)
ucx-rdma,DEBUG - DEBUG - Received routine cudaRegisterFatBinary [pid=132, tid=132]
ucx-rdma,DEBUG - Write 1151 bytes to the buffer
ucx-rdma,DEBUG - Read 0 bytes from the buffer
ucx-rdma,DEBUG - Routine 'cudaRegisterFatBinary' returned 0 | server_exec=0s | send=0s | recv=0s | in=1151B | out=0B | pid=132 tid=132
ucx-rdma,DEBUG - DEBUG - Called: cudaRegisterFatBinary
ucx-rdma,DEBUG - DEBUG - Received routine cudaRegisterFatBinaryEnd [pid=132, tid=132]
ucx-rdma,DEBUG - Write 1151 bytes to the buffer
ucx-rdma,DEBUG - Read 0 bytes from the buffer
ucx-rdma,DEBUG - Routine 'cudaRegisterFatBinaryEnd' returned 0 | server_exec=0s | send=0s | recv=0s | in=1151B | out=0B | pid=132 tid=132
ucx-rdma,DEBUG - DEBUG - Called: cudaRegisterFatBinaryEnd
ucx-rdma,DEBUG - DEBUG - Received routine cudaMalloc [pid=132, tid=132]
ucx-rdma,DEBUG - Write 8 bytes to the buffer
ucx-rdma,DEBUG - Read 8 bytes from the buffer
ucx-rdma,DEBUG - Output buffer size is greater than 0, reading...
ucx-rdma,DEBUG - Routine 'cudaMalloc' returned 0 | server_exec=0s | send=0s | recv=0s | in=8B | out=8B | pid=132 tid=132
ucx-rdma,DEBUG - DEBUG - Called: cudaMalloc
ucx-rdma,DEBUG - DEBUG - Received routine cudaMalloc [pid=132, tid=132]
ucx-rdma,DEBUG - Write 8 bytes to the buffer
ucx-rdma,DEBUG - Read 8 bytes from the buffer
ucx-rdma,DEBUG - Output buffer size is greater than 0, reading...
ucx-rdma,DEBUG - Routine 'cudaMalloc' returned 0 | server_exec=0s | send=0s | recv=0s | in=8B | out=8B | pid=132 tid=132
ucx-rdma,DEBUG - DEBUG - Called: cudaMalloc
ucx-rdma,DEBUG - DEBUG - Received routine cudaMalloc [pid=132, tid=132]
ucx-rdma,DEBUG - Write 8 bytes to the buffer
ucx-rdma,DEBUG - Read 8 bytes from the buffer
ucx-rdma,DEBUG - Output buffer size is greater than 0, reading...
ucx-rdma,DEBUG - Routine 'cudaMalloc' returned 0 | server_exec=0s | send=0s | recv=0s | in=8B | out=8B | pid=132 tid=132
ucx-rdma,DEBUG - DEBUG - Called: cudaMalloc
ucx-rdma,DEBUG - DEBUG - Received routine cublasCreate_v2 [pid=132, tid=132]
ucx-rdma,DEBUG - Write 0 bytes to the buffer
ucx-rdma,DEBUG - Read 8 bytes from the buffer
ucx-rdma,DEBUG - Output buffer size is greater than 0, reading...
ucx-rdma,DEBUG - Routine 'cublasCreate_v2' returned 0 | server_exec=0s | send=0s | recv=0s | in=0B | out=8B | pid=132 tid=132
ucx-rdma,DEBUG - DEBUG - Called: cublasCreate_v2
ucx-rdma,DEBUG - DEBUG - Received routine cudaMemcpy [pid=132, tid=132]
ucx-rdma,DEBUG - Write 67108892 bytes to the buffer
ucx-rdma,DEBUG - Read 0 bytes from the buffer
ucx-rdma,DEBUG - Routine 'cudaMemcpy' returned 0 | server_exec=0.002s | send=0.035s | recv=0.036s | in=67108892B | out=0B | pid=132 tid=132
ucx-rdma,DEBUG - DEBUG - Called: cudaMemcpy
ucx-rdma,DEBUG - DEBUG - Received routine cudaMemcpy [pid=132, tid=132]
ucx-rdma,DEBUG - Write 67108892 bytes to the buffer
ucx-rdma,DEBUG - Read 0 bytes from the buffer
ucx-rdma,DEBUG - Routine 'cudaMemcpy' returned 0 | server_exec=0.002s | send=0.006s | recv=0.006s | in=67108892B | out=0B | pid=132 tid=132
ucx-rdma,DEBUG - DEBUG - Called: cudaMemcpy
ucx-rdma,DEBUG - DEBUG - Received routine cublasSgemm_v2 [pid=132, tid=132]
ucx-rdma,DEBUG - Write 88 bytes to the buffer
ucx-rdma,DEBUG - Read 0 bytes from the buffer
ucx-rdma,DEBUG - Routine 'cublasSgemm_v2' returned 0 | server_exec=0s | send=0s | recv=0s | in=88B | out=0B | pid=132 tid=132
ucx-rdma,DEBUG - DEBUG - Called: cublasSgemm_v2
ucx-rdma,DEBUG - DEBUG - Received routine cudaMemcpy [pid=132, tid=132]
ucx-rdma,DEBUG - Write 29 bytes to the buffer
ucx-rdma,DEBUG - Read 67108872 bytes from the buffer
ucx-rdma,DEBUG - Output buffer size is greater than 0, reading...
ucx-rdma,DEBUG - Routine 'cudaMemcpy' returned 0 | server_exec=0.078s | send=0s | recv=0.114s | in=29B | out=67108872B | pid=132 tid=132
ucx-rdma,DEBUG - DEBUG - Called: cudaMemcpy
ucx-rdma,run,n,matrix_bytes,h2d_us,compute_us,d2h_us,total_us
ucx-rdma,DEBUG - DEBUG - Received routine cudaMemcpy [pid=132, tid=132]
ucx-rdma,DEBUG - Write 67108892 bytes to the buffer
ucx-rdma,DEBUG - Read 0 bytes from the buffer
ucx-rdma,DEBUG - Routine 'cudaMemcpy' returned 0 | server_exec=0.002s | send=0.006s | recv=0.006s | in=67108892B | out=0B | pid=132 tid=132
ucx-rdma,DEBUG - DEBUG - Called: cudaMemcpy
ucx-rdma,DEBUG - DEBUG - Received routine cudaMemcpy [pid=132, tid=132]
ucx-rdma,DEBUG - Write 67108892 bytes to the buffer
ucx-rdma,DEBUG - Read 0 bytes from the buffer
ucx-rdma,DEBUG - Routine 'cudaMemcpy' returned 0 | server_exec=0.002s | send=0.006s | recv=0.006s | in=67108892B | out=0B | pid=132 tid=132
ucx-rdma,DEBUG - DEBUG - Called: cudaMemcpy
ucx-rdma,DEBUG - DEBUG - Received routine cublasSgemm_v2 [pid=132, tid=132]
ucx-rdma,DEBUG - Write 88 bytes to the buffer
ucx-rdma,DEBUG - Read 0 bytes from the buffer
ucx-rdma,DEBUG - Routine 'cublasSgemm_v2' returned 0 | server_exec=0s | send=0s | recv=0s | in=88B | out=0B | pid=132 tid=132
ucx-rdma,DEBUG - DEBUG - Called: cublasSgemm_v2
ucx-rdma,DEBUG - DEBUG - Received routine cudaMemcpy [pid=132, tid=132]
ucx-rdma,DEBUG - Write 29 bytes to the buffer
ucx-rdma,DEBUG - Read 67108872 bytes from the buffer
ucx-rdma,DEBUG - Output buffer size is greater than 0, reading...
ucx-rdma,DEBUG - Routine 'cudaMemcpy' returned 0 | server_exec=0.078s | send=0s | recv=0.089s | in=29B | out=67108872B | pid=132 tid=132
ucx-rdma,DEBUG - DEBUG - Called: cudaMemcpy
ucx-rdma,0,4096,67108864,35318,123,94005,129447
ucx-rdma,DEBUG - DEBUG - Received routine cudaMemcpy [pid=132, tid=132]
ucx-rdma,DEBUG - Write 67108892 bytes to the buffer
ucx-rdma,DEBUG - Read 0 bytes from the buffer
ucx-rdma,DEBUG - Routine 'cudaMemcpy' returned 0 | server_exec=0.002s | send=0.006s | recv=0.007s | in=67108892B | out=0B | pid=132 tid=132
ucx-rdma,DEBUG - DEBUG - Called: cudaMemcpy
ucx-rdma,DEBUG - DEBUG - Received routine cudaMemcpy [pid=132, tid=132]
ucx-rdma,DEBUG - Write 67108892 bytes to the buffer
ucx-rdma,DEBUG - Read 0 bytes from the buffer
ucx-rdma,DEBUG - Routine 'cudaMemcpy' returned 0 | server_exec=0.002s | send=0.006s | recv=0.006s | in=67108892B | out=0B | pid=132 tid=132
ucx-rdma,DEBUG - DEBUG - Called: cudaMemcpy
ucx-rdma,DEBUG - DEBUG - Received routine cublasSgemm_v2 [pid=132, tid=132]
ucx-rdma,DEBUG - Write 88 bytes to the buffer
ucx-rdma,DEBUG - Read 0 bytes from the buffer
ucx-rdma,DEBUG - Routine 'cublasSgemm_v2' returned 0 | server_exec=0s | send=0s | recv=0s | in=88B | out=0B | pid=132 tid=132
ucx-rdma,DEBUG - DEBUG - Called: cublasSgemm_v2
ucx-rdma,DEBUG - DEBUG - Received routine cudaMemcpy [pid=132, tid=132]
ucx-rdma,DEBUG - Write 29 bytes to the buffer
ucx-rdma,DEBUG - Read 67108872 bytes from the buffer
ucx-rdma,DEBUG - Output buffer size is greater than 0, reading...
ucx-rdma,DEBUG - Routine 'cudaMemcpy' returned 0 | server_exec=0.078s | send=0s | recv=0.089s | in=29B | out=67108872B | pid=132 tid=132
ucx-rdma,DEBUG - DEBUG - Called: cudaMemcpy
ucx-rdma,1,4096,67108864,35869,122,94103,130095
ucx-rdma,DEBUG - DEBUG - Received routine cudaMemcpy [pid=132, tid=132]
ucx-rdma,DEBUG - Write 67108892 bytes to the buffer
ucx-rdma,DEBUG - Read 0 bytes from the buffer
ucx-rdma,DEBUG - Routine 'cudaMemcpy' returned 0 | server_exec=0.002s | send=0.006s | recv=0.007s | in=67108892B | out=0B | pid=132 tid=132
ucx-rdma,DEBUG - DEBUG - Called: cudaMemcpy
ucx-rdma,DEBUG - DEBUG - Received routine cudaMemcpy [pid=132, tid=132]
ucx-rdma,DEBUG - Write 67108892 bytes to the buffer
ucx-rdma,DEBUG - Read 0 bytes from the buffer
ucx-rdma,DEBUG - Routine 'cudaMemcpy' returned 0 | server_exec=0.002s | send=0.006s | recv=0.006s | in=67108892B | out=0B | pid=132 tid=132
ucx-rdma,DEBUG - DEBUG - Called: cudaMemcpy
ucx-rdma,DEBUG - DEBUG - Received routine cublasSgemm_v2 [pid=132, tid=132]
ucx-rdma,DEBUG - Write 88 bytes to the buffer
ucx-rdma,DEBUG - Read 0 bytes from the buffer
ucx-rdma,DEBUG - Routine 'cublasSgemm_v2' returned 0 | server_exec=0s | send=0s | recv=0s | in=88B | out=0B | pid=132 tid=132
ucx-rdma,DEBUG - DEBUG - Called: cublasSgemm_v2
ucx-rdma,DEBUG - DEBUG - Received routine cudaMemcpy [pid=132, tid=132]
ucx-rdma,DEBUG - Write 29 bytes to the buffer
ucx-rdma,DEBUG - Read 67108872 bytes from the buffer
ucx-rdma,DEBUG - Output buffer size is greater than 0, reading...
ucx-rdma,DEBUG - Routine 'cudaMemcpy' returned 0 | server_exec=0.078s | send=0s | recv=0.089s | in=29B | out=67108872B | pid=132 tid=132
ucx-rdma,DEBUG - DEBUG - Called: cudaMemcpy
ucx-rdma,2,4096,67108864,36317,121,94200,130639
ucx-rdma,DEBUG - DEBUG - Received routine cudaMemcpy [pid=132, tid=132]
ucx-rdma,DEBUG - Write 67108892 bytes to the buffer
ucx-rdma,DEBUG - Read 0 bytes from the buffer
ucx-rdma,DEBUG - Routine 'cudaMemcpy' returned 0 | server_exec=0.002s | send=0.006s | recv=0.007s | in=67108892B | out=0B | pid=132 tid=132
ucx-rdma,DEBUG - DEBUG - Called: cudaMemcpy
ucx-rdma,DEBUG - DEBUG - Received routine cudaMemcpy [pid=132, tid=132]
ucx-rdma,DEBUG - Write 67108892 bytes to the buffer
ucx-rdma,DEBUG - Read 0 bytes from the buffer
ucx-rdma,DEBUG - Routine 'cudaMemcpy' returned 0 | server_exec=0.002s | send=0.006s | recv=0.006s | in=67108892B | out=0B | pid=132 tid=132
ucx-rdma,DEBUG - DEBUG - Called: cudaMemcpy
ucx-rdma,DEBUG - DEBUG - Received routine cublasSgemm_v2 [pid=132, tid=132]
ucx-rdma,DEBUG - Write 88 bytes to the buffer
ucx-rdma,DEBUG - Read 0 bytes from the buffer
ucx-rdma,DEBUG - Routine 'cublasSgemm_v2' returned 0 | server_exec=0s | send=0s | recv=0s | in=88B | out=0B | pid=132 tid=132
ucx-rdma,DEBUG - DEBUG - Called: cublasSgemm_v2
ucx-rdma,DEBUG - DEBUG - Received routine cudaMemcpy [pid=132, tid=132]
ucx-rdma,DEBUG - Write 29 bytes to the buffer
ucx-rdma,DEBUG - Read 67108872 bytes from the buffer
ucx-rdma,DEBUG - Output buffer size is greater than 0, reading...
ucx-rdma,DEBUG - Routine 'cudaMemcpy' returned 0 | server_exec=0.078s | send=0s | recv=0.089s | in=29B | out=67108872B | pid=132 tid=132
ucx-rdma,DEBUG - DEBUG - Called: cudaMemcpy
ucx-rdma,3,4096,67108864,36160,123,94350,130633
ucx-rdma,DEBUG - DEBUG - Received routine cudaMemcpy [pid=132, tid=132]
ucx-rdma,DEBUG - Write 67108892 bytes to the buffer
ucx-rdma,DEBUG - Read 0 bytes from the buffer
ucx-rdma,DEBUG - Routine 'cudaMemcpy' returned 0 | server_exec=0.002s | send=0.006s | recv=0.007s | in=67108892B | out=0B | pid=132 tid=132
ucx-rdma,DEBUG - DEBUG - Called: cudaMemcpy
ucx-rdma,DEBUG - DEBUG - Received routine cudaMemcpy [pid=132, tid=132]
ucx-rdma,DEBUG - Write 67108892 bytes to the buffer
ucx-rdma,DEBUG - Read 0 bytes from the buffer
ucx-rdma,DEBUG - Routine 'cudaMemcpy' returned 0 | server_exec=0.002s | send=0.006s | recv=0.006s | in=67108892B | out=0B | pid=132 tid=132
ucx-rdma,DEBUG - DEBUG - Called: cudaMemcpy
ucx-rdma,DEBUG - DEBUG - Received routine cublasSgemm_v2 [pid=132, tid=132]
ucx-rdma,DEBUG - Write 88 bytes to the buffer
ucx-rdma,DEBUG - Read 0 bytes from the buffer
ucx-rdma,DEBUG - Routine 'cublasSgemm_v2' returned 0 | server_exec=0s | send=0s | recv=0s | in=88B | out=0B | pid=132 tid=132
ucx-rdma,DEBUG - DEBUG - Called: cublasSgemm_v2
ucx-rdma,DEBUG - DEBUG - Received routine cudaMemcpy [pid=132, tid=132]
ucx-rdma,DEBUG - Write 29 bytes to the buffer
ucx-rdma,DEBUG - Read 67108872 bytes from the buffer
ucx-rdma,DEBUG - Output buffer size is greater than 0, reading...
ucx-rdma,DEBUG - Routine 'cudaMemcpy' returned 0 | server_exec=0.077s | send=0s | recv=0.088s | in=29B | out=67108872B | pid=132 tid=132
ucx-rdma,DEBUG - DEBUG - Called: cudaMemcpy
ucx-rdma,4,4096,67108864,36553,122,92829,129505
ucx-rdma,DEBUG - DEBUG - Received routine cudaMemcpy [pid=132, tid=132]
ucx-rdma,DEBUG - Write 67108892 bytes to the buffer
ucx-rdma,DEBUG - Read 0 bytes from the buffer
ucx-rdma,DEBUG - Routine 'cudaMemcpy' returned 0 | server_exec=0.002s | send=0.006s | recv=0.007s | in=67108892B | out=0B | pid=132 tid=132
ucx-rdma,DEBUG - DEBUG - Called: cudaMemcpy
ucx-rdma,DEBUG - DEBUG - Received routine cudaMemcpy [pid=132, tid=132]
ucx-rdma,DEBUG - Write 67108892 bytes to the buffer
ucx-rdma,DEBUG - Read 0 bytes from the buffer
ucx-rdma,DEBUG - Routine 'cudaMemcpy' returned 0 | server_exec=0.002s | send=0.006s | recv=0.006s | in=67108892B | out=0B | pid=132 tid=132
ucx-rdma,DEBUG - DEBUG - Called: cudaMemcpy
ucx-rdma,DEBUG - DEBUG - Received routine cublasSgemm_v2 [pid=132, tid=132]
ucx-rdma,DEBUG - Write 88 bytes to the buffer
ucx-rdma,DEBUG - Read 0 bytes from the buffer
ucx-rdma,DEBUG - Routine 'cublasSgemm_v2' returned 0 | server_exec=0s | send=0s | recv=0s | in=88B | out=0B | pid=132 tid=132
ucx-rdma,DEBUG - DEBUG - Called: cublasSgemm_v2
ucx-rdma,DEBUG - DEBUG - Received routine cudaMemcpy [pid=132, tid=132]
ucx-rdma,DEBUG - Write 29 bytes to the buffer
ucx-rdma,DEBUG - Read 67108872 bytes from the buffer
ucx-rdma,DEBUG - Output buffer size is greater than 0, reading...
ucx-rdma,DEBUG - Routine 'cudaMemcpy' returned 0 | server_exec=0.077s | send=0s | recv=0.088s | in=29B | out=67108872B | pid=132 tid=132
ucx-rdma,DEBUG - DEBUG - Called: cudaMemcpy
ucx-rdma,5,4096,67108864,36643,121,93226,129991
ucx-rdma,DEBUG - DEBUG - Received routine cudaMemcpy [pid=132, tid=132]
ucx-rdma,DEBUG - Write 67108892 bytes to the buffer
ucx-rdma,DEBUG - Read 0 bytes from the buffer
ucx-rdma,DEBUG - Routine 'cudaMemcpy' returned 0 | server_exec=0.002s | send=0.006s | recv=0.007s | in=67108892B | out=0B | pid=132 tid=132
ucx-rdma,DEBUG - DEBUG - Called: cudaMemcpy
ucx-rdma,DEBUG - DEBUG - Received routine cudaMemcpy [pid=132, tid=132]
ucx-rdma,DEBUG - Write 67108892 bytes to the buffer
ucx-rdma,DEBUG - Read 0 bytes from the buffer
ucx-rdma,DEBUG - Routine 'cudaMemcpy' returned 0 | server_exec=0.002s | send=0.006s | recv=0.006s | in=67108892B | out=0B | pid=132 tid=132
ucx-rdma,DEBUG - DEBUG - Called: cudaMemcpy
ucx-rdma,DEBUG - DEBUG - Received routine cublasSgemm_v2 [pid=132, tid=132]
ucx-rdma,DEBUG - Write 88 bytes to the buffer
ucx-rdma,DEBUG - Read 0 bytes from the buffer
ucx-rdma,DEBUG - Routine 'cublasSgemm_v2' returned 0 | server_exec=0s | send=0s | recv=0s | in=88B | out=0B | pid=132 tid=132
ucx-rdma,DEBUG - DEBUG - Called: cublasSgemm_v2
ucx-rdma,DEBUG - DEBUG - Received routine cudaMemcpy [pid=132, tid=132]
ucx-rdma,DEBUG - Write 29 bytes to the buffer
ucx-rdma,DEBUG - Read 67108872 bytes from the buffer
ucx-rdma,DEBUG - Output buffer size is greater than 0, reading...
ucx-rdma,DEBUG - Routine 'cudaMemcpy' returned 0 | server_exec=0.077s | send=0s | recv=0.088s | in=29B | out=67108872B | pid=132 tid=132
ucx-rdma,DEBUG - DEBUG - Called: cudaMemcpy
ucx-rdma,6,4096,67108864,36533,120,93311,129966
ucx-rdma,DEBUG - DEBUG - Received routine cudaMemcpy [pid=132, tid=132]
ucx-rdma,DEBUG - Write 67108892 bytes to the buffer
ucx-rdma,DEBUG - Read 0 bytes from the buffer
ucx-rdma,DEBUG - Routine 'cudaMemcpy' returned 0 | server_exec=0.002s | send=0.006s | recv=0.007s | in=67108892B | out=0B | pid=132 tid=132
ucx-rdma,DEBUG - DEBUG - Called: cudaMemcpy
ucx-rdma,DEBUG - DEBUG - Received routine cudaMemcpy [pid=132, tid=132]
ucx-rdma,DEBUG - Write 67108892 bytes to the buffer
ucx-rdma,DEBUG - Read 0 bytes from the buffer
ucx-rdma,DEBUG - Routine 'cudaMemcpy' returned 0 | server_exec=0.002s | send=0.006s | recv=0.006s | in=67108892B | out=0B | pid=132 tid=132
ucx-rdma,DEBUG - DEBUG - Called: cudaMemcpy
ucx-rdma,DEBUG - DEBUG - Received routine cublasSgemm_v2 [pid=132, tid=132]
ucx-rdma,DEBUG - Write 88 bytes to the buffer
ucx-rdma,DEBUG - Read 0 bytes from the buffer
ucx-rdma,DEBUG - Routine 'cublasSgemm_v2' returned 0 | server_exec=0s | send=0s | recv=0s | in=88B | out=0B | pid=132 tid=132
ucx-rdma,DEBUG - DEBUG - Called: cublasSgemm_v2
ucx-rdma,DEBUG - DEBUG - Received routine cudaMemcpy [pid=132, tid=132]
ucx-rdma,DEBUG - Write 29 bytes to the buffer
ucx-rdma,DEBUG - Read 67108872 bytes from the buffer
ucx-rdma,DEBUG - Output buffer size is greater than 0, reading...
ucx-rdma,DEBUG - Routine 'cudaMemcpy' returned 0 | server_exec=0.077s | send=0s | recv=0.088s | in=29B | out=67108872B | pid=132 tid=132
ucx-rdma,DEBUG - DEBUG - Called: cudaMemcpy
ucx-rdma,7,4096,67108864,36703,122,93228,130054
ucx-rdma,DEBUG - DEBUG - Received routine cudaMemcpy [pid=132, tid=132]
ucx-rdma,DEBUG - Write 67108892 bytes to the buffer
ucx-rdma,DEBUG - Read 0 bytes from the buffer
ucx-rdma,DEBUG - Routine 'cudaMemcpy' returned 0 | server_exec=0.002s | send=0.006s | recv=0.007s | in=67108892B | out=0B | pid=132 tid=132
ucx-rdma,DEBUG - DEBUG - Called: cudaMemcpy
ucx-rdma,DEBUG - DEBUG - Received routine cudaMemcpy [pid=132, tid=132]
ucx-rdma,DEBUG - Write 67108892 bytes to the buffer
ucx-rdma,DEBUG - Read 0 bytes from the buffer
ucx-rdma,DEBUG - Routine 'cudaMemcpy' returned 0 | server_exec=0.002s | send=0.006s | recv=0.006s | in=67108892B | out=0B | pid=132 tid=132
ucx-rdma,DEBUG - DEBUG - Called: cudaMemcpy
ucx-rdma,DEBUG - DEBUG - Received routine cublasSgemm_v2 [pid=132, tid=132]
ucx-rdma,DEBUG - Write 88 bytes to the buffer
ucx-rdma,DEBUG - Read 0 bytes from the buffer
ucx-rdma,DEBUG - Routine 'cublasSgemm_v2' returned 0 | server_exec=0s | send=0s | recv=0s | in=88B | out=0B | pid=132 tid=132
ucx-rdma,DEBUG - DEBUG - Called: cublasSgemm_v2
ucx-rdma,DEBUG - DEBUG - Received routine cudaMemcpy [pid=132, tid=132]
ucx-rdma,DEBUG - Write 29 bytes to the buffer
ucx-rdma,DEBUG - Read 67108872 bytes from the buffer
ucx-rdma,DEBUG - Output buffer size is greater than 0, reading...
ucx-rdma,DEBUG - Routine 'cudaMemcpy' returned 0 | server_exec=0.077s | send=0s | recv=0.088s | in=29B | out=67108872B | pid=132 tid=132
ucx-rdma,DEBUG - DEBUG - Called: cudaMemcpy
ucx-rdma,8,4096,67108864,36731,126,93433,130291
ucx-rdma,DEBUG - DEBUG - Received routine cudaMemcpy [pid=132, tid=132]
ucx-rdma,DEBUG - Write 67108892 bytes to the buffer
ucx-rdma,DEBUG - Read 0 bytes from the buffer
ucx-rdma,DEBUG - Routine 'cudaMemcpy' returned 0 | server_exec=0.002s | send=0.006s | recv=0.007s | in=67108892B | out=0B | pid=132 tid=132
ucx-rdma,DEBUG - DEBUG - Called: cudaMemcpy
ucx-rdma,DEBUG - DEBUG - Received routine cudaMemcpy [pid=132, tid=132]
ucx-rdma,DEBUG - Write 67108892 bytes to the buffer
ucx-rdma,DEBUG - Read 0 bytes from the buffer
ucx-rdma,DEBUG - Routine 'cudaMemcpy' returned 0 | server_exec=0.002s | send=0.006s | recv=0.006s | in=67108892B | out=0B | pid=132 tid=132
ucx-rdma,DEBUG - DEBUG - Called: cudaMemcpy
ucx-rdma,DEBUG - DEBUG - Received routine cublasSgemm_v2 [pid=132, tid=132]
ucx-rdma,DEBUG - Write 88 bytes to the buffer
ucx-rdma,DEBUG - Read 0 bytes from the buffer
ucx-rdma,DEBUG - Routine 'cublasSgemm_v2' returned 0 | server_exec=0s | send=0s | recv=0s | in=88B | out=0B | pid=132 tid=132
ucx-rdma,DEBUG - DEBUG - Called: cublasSgemm_v2
ucx-rdma,DEBUG - DEBUG - Received routine cudaMemcpy [pid=132, tid=132]
ucx-rdma,DEBUG - Write 29 bytes to the buffer
ucx-rdma,DEBUG - Read 67108872 bytes from the buffer
ucx-rdma,DEBUG - Output buffer size is greater than 0, reading...
ucx-rdma,DEBUG - Routine 'cudaMemcpy' returned 0 | server_exec=0.077s | send=0s | recv=0.088s | in=29B | out=67108872B | pid=132 tid=132
ucx-rdma,DEBUG - DEBUG - Called: cudaMemcpy
ucx-rdma,9,4096,67108864,36527,121,93362,130012
ucx-rdma,DEBUG - DEBUG - Received routine cublasDestroy_v2 [pid=132, tid=132]
ucx-rdma,DEBUG - Write 8 bytes to the buffer
ucx-rdma,DEBUG - Read 0 bytes from the buffer
ucx-rdma,DEBUG - Routine 'cublasDestroy_v2' returned 0 | server_exec=0s | send=0s | recv=0s | in=8B | out=0B | pid=132 tid=132
ucx-rdma,DEBUG - DEBUG - Called: cublasDestroy_v2
ucx-rdma,DEBUG - DEBUG - Received routine cudaFree [pid=132, tid=132]
ucx-rdma,DEBUG - Write 8 bytes to the buffer
ucx-rdma,DEBUG - Read 0 bytes from the buffer
ucx-rdma,DEBUG - Routine 'cudaFree' returned 0 | server_exec=0s | send=0s | recv=0s | in=8B | out=0B | pid=132 tid=132
ucx-rdma,DEBUG - DEBUG - Called: cudaFree
ucx-rdma,DEBUG - DEBUG - Received routine cudaFree [pid=132, tid=132]
ucx-rdma,DEBUG - Write 8 bytes to the buffer
ucx-rdma,DEBUG - Read 0 bytes from the buffer
ucx-rdma,DEBUG - Routine 'cudaFree' returned 0 | server_exec=0.001s | send=0s | recv=0.001s | in=8B | out=0B | pid=132 tid=132
ucx-rdma,DEBUG - DEBUG - Called: cudaFree
ucx-rdma,DEBUG - DEBUG - Received routine cudaFree [pid=132, tid=132]
ucx-rdma,DEBUG - Write 8 bytes to the buffer
ucx-rdma,DEBUG - Read 0 bytes from the buffer
ucx-rdma,DEBUG - Routine 'cudaFree' returned 0 | server_exec=0.001s | send=0s | recv=0.001s | in=8B | out=0B | pid=132 tid=132
ucx-rdma,DEBUG - DEBUG - Called: cudaFree
ucx-rdma,DEBUG - DEBUG - Received routine cudaUnregisterFatBinary [pid=132, tid=132]
ucx-rdma,DEBUG - Write 31 bytes to the buffer
ucx-rdma,DEBUG - Read 0 bytes from the buffer
ucx-rdma,DEBUG - Routine 'cudaUnregisterFatBinary' returned 0 | server_exec=0s | send=0s | recv=0s | in=31B | out=0B | pid=132 tid=132
ucx-rdma,DEBUG - DEBUG - Called: cudaUnregisterFatBinary
