routine,payload_bytes,rt_us,server_us
cudaRegisterFatBinary,65191,41199,0
cudaRegisterFunction,171,309,0
cudaRegisterVar,129,37,0
cudaRegisterVar,122,48,0
cudaRegisterVar,114,38,0
cudaRegisterVar,2168,44,0
cudaRegisterVar,6262,36,0
cudaRegisterVar,14452,45,0
cudaRegisterVar,15480,40,0
cudaRegisterVar,17524,51,0
cudaRegisterVar,17548,50,0
cudaRegisterVar,120,79,0
cudaRegisterVar,124,33,0
cudaRegisterFatBinaryEnd,65191,60,0
cudaRegisterFatBinary,61391,168,0
cudaRegisterFunction,185,59,0
cudaRegisterVar,181,41,0
cudaRegisterVar,122,42,0
cudaRegisterVar,114,36,0
cudaRegisterVar,2168,36,0
cudaRegisterVar,6262,40,0
cudaRegisterVar,14452,39,0
cudaRegisterVar,15480,44,0
cudaRegisterVar,17524,56,0
cudaRegisterVar,17548,49,0
cudaRegisterVar,120,45,0
cudaRegisterVar,124,36,0
cudaRegisterFatBinaryEnd,61391,59,0
cudaRegisterFatBinary,100015,1574,0
cudaRegisterFunction,215,46,0
cudaRegisterFunction,231,44,0
cudaRegisterFunction,199,40,0
cudaRegisterFunction,227,33,0
cudaRegisterFunction,253,39,0
cudaRegisterFunction,237,42,0
cudaRegisterFunction,221,43,0
cudaRegisterFunction,249,39,0
cudaRegisterVar,128,29,0
cudaRegisterVar,122,36,0
cudaRegisterVar,114,37,0
cudaRegisterVar,2168,35,0
cudaRegisterVar,6262,35,0
cudaRegisterVar,14452,36,0
cudaRegisterVar,15480,37,0
cudaRegisterVar,17524,42,0
cudaRegisterVar,17548,50,0
cudaRegisterVar,120,49,0
cudaRegisterVar,124,49,0
cudaRegisterFatBinaryEnd,100015,45,0
cudaRegisterFatBinary,60119,116,0
cudaRegisterFunction,155,52,0
cudaRegisterVar,128,41,0
cudaRegisterVar,122,47,0
cudaRegisterVar,114,47,0
cudaRegisterVar,2168,47,0
cudaRegisterVar,6262,49,0
cudaRegisterVar,14452,52,0
cudaRegisterVar,15480,49,0
cudaRegisterVar,17524,38,0
cudaRegisterVar,17548,74,0
cudaRegisterVar,120,27,0
cudaRegisterVar,124,48,0
cudaRegisterFatBinaryEnd,60119,57,0
cudaRegisterFatBinary,64783,151,0
cudaRegisterFunction,157,54,0
cudaRegisterVar,177,52,0
cudaRegisterVar,122,49,0
cudaRegisterVar,114,46,0
cudaRegisterVar,2168,44,0
cudaRegisterVar,6262,47,0
cudaRegisterVar,14452,38,0
cudaRegisterVar,15480,38,0
cudaRegisterVar,17524,36,0
cudaRegisterVar,17548,38,0
cudaRegisterVar,120,35,0
cudaRegisterVar,124,38,0
cudaRegisterFatBinaryEnd,64783,44,0
cudaRegisterFatBinary,3170135,5835,5000
cudaRegisterFunction,509,41,0
cudaRegisterFunction,423,41,0
cudaRegisterFunction,509,33,0
cudaRegisterFunction,969,33,0
cudaRegisterFunction,489,37,0
cudaRegisterFunction,489,33,0
cudaRegisterFunction,497,40,0
cudaRegisterFunction,443,46,0
cudaRegisterFunction,529,45,0
cudaRegisterFunction,529,47,0
cudaRegisterFunction,497,43,0
cudaRegisterFunction,497,44,0
cudaRegisterFunction,465,34,0
cudaRegisterFunction,509,43,0
cudaRegisterFunction,423,43,0
cudaRegisterFunction,509,43,0
cudaRegisterFunction,969,43,0
cudaRegisterFunction,317,46,0
cudaRegisterFunction,489,43,0
cudaRegisterFunction,489,44,0
cudaRegisterFunction,497,41,0
cudaRegisterFunction,343,44,0
cudaRegisterFunction,443,40,0
cudaRegisterFunction,529,42,0
cudaRegisterFunction,529,47,0
cudaRegisterFunction,325,45,0
cudaRegisterFunction,497,43,0
cudaRegisterFunction,497,37,0
cudaRegisterFunction,465,42,0
cudaRegisterFunction,207,51,0
cudaRegisterFunction,219,41,0
cudaRegisterFunction,219,39,0
cudaRegisterFunction,157,34,0
cudaRegisterFunction,157,40,0
cudaRegisterVar,128,42,0
cudaRegisterVar,122,42,0
cudaRegisterVar,114,42,0
cudaRegisterVar,2168,44,0
cudaRegisterVar,6262,38,0
cudaRegisterVar,14452,39,0
cudaRegisterVar,15480,46,0
cudaRegisterVar,17524,41,0
cudaRegisterVar,17548,46,0
cudaRegisterVar,120,42,0
cudaRegisterVar,124,36,0
cudaRegisterVar,242,36,0
cudaRegisterVar,238,37,0
cudaRegisterVar,244,44,0
cudaRegisterVar,240,48,0
cudaRegisterVar,244,47,0
cudaRegisterVar,240,44,0
cudaRegisterVar,246,46,0
cudaRegisterVar,242,47,0
cudaRegisterVar,322,48,0
cudaRegisterVar,236,46,0
cudaRegisterVar,262,48,0
cudaRegisterVar,234,50,0
cudaRegisterVar,254,36,0
cudaRegisterVar,264,48,0
cudaRegisterVar,260,46,0
cudaRegisterVar,256,35,0
cudaRegisterVar,252,44,0
cudaRegisterVar,258,45,0
cudaRegisterVar,254,46,0
cudaRegisterVar,264,45,0
cudaRegisterVar,254,42,0
cudaRegisterVar,254,37,0
cudaRegisterVar,254,40,0
cudaRegisterVar,256,39,0
cudaRegisterVar,254,44,0
cudaRegisterVar,256,38,0
cudaRegisterVar,262,36,0
cudaRegisterVar,310,36,0
cudaRegisterVar,284,36,0
cudaRegisterVar,284,36,0
cudaRegisterVar,284,38,0
cudaRegisterVar,284,42,0
cudaRegisterVar,284,38,0
cudaRegisterVar,284,44,0
cudaRegisterVar,284,41,0
cudaRegisterVar,284,36,0
cudaRegisterVar,284,36,0
cudaRegisterVar,286,35,0
cudaRegisterFatBinaryEnd,3170135,422,0
cudaRegisterFatBinary,966215,2522,2000
cudaRegisterFunction,199,53,0
cudaRegisterFunction,451,35,0
cudaRegisterFunction,487,42,0
cudaRegisterFunction,455,39,0
cudaRegisterFunction,491,42,0
cudaRegisterFunction,463,39,0
cudaRegisterFunction,499,33,0
cudaRegisterFunction,439,32,0
cudaRegisterFunction,475,32,0
cudaRegisterFunction,445,32,0
cudaRegisterFunction,481,33,0
cudaRegisterFunction,449,32,0
cudaRegisterFunction,485,32,0
cudaRegisterFunction,457,34,0
cudaRegisterFunction,493,34,0
cudaRegisterFunction,433,38,0
cudaRegisterFunction,469,44,0
cudaRegisterFunction,439,42,0
cudaRegisterFunction,475,34,0
cudaRegisterFunction,443,34,0
cudaRegisterFunction,479,31,0
cudaRegisterFunction,451,33,0
cudaRegisterFunction,487,32,0
cudaRegisterFunction,427,30,0
cudaRegisterFunction,463,33,0
cudaRegisterFunction,433,32,0
cudaRegisterFunction,469,31,0
cudaRegisterFunction,437,32,0
cudaRegisterFunction,473,34,0
cudaRegisterFunction,445,41,0
cudaRegisterFunction,481,46,0
cudaRegisterFunction,421,42,0
cudaRegisterFunction,457,42,0
cudaRegisterFunction,427,42,0
cudaRegisterFunction,463,40,0
cudaRegisterFunction,431,43,0
cudaRegisterFunction,467,38,0
cudaRegisterFunction,439,32,0
cudaRegisterFunction,475,32,0
cudaRegisterFunction,415,32,0
cudaRegisterFunction,451,34,0
cudaRegisterFunction,421,31,0
cudaRegisterFunction,457,42,0
cudaRegisterFunction,425,43,0
cudaRegisterFunction,461,36,0
cudaRegisterFunction,433,43,0
cudaRegisterFunction,469,34,0
cudaRegisterFunction,409,34,0
cudaRegisterFunction,445,33,0
cudaRegisterFunction,415,32,0
cudaRegisterFunction,451,34,0
cudaRegisterFunction,419,32,0
cudaRegisterFunction,455,33,0
cudaRegisterFunction,427,32,0
cudaRegisterFunction,463,32,0
cudaRegisterFunction,403,35,0
cudaRegisterFunction,439,34,0
cudaRegisterFunction,451,41,0
cudaRegisterFunction,487,45,0
cudaRegisterFunction,455,45,0
cudaRegisterFunction,491,44,0
cudaRegisterFunction,463,46,0
cudaRegisterFunction,499,44,0
cudaRegisterFunction,439,49,0
cudaRegisterFunction,475,47,0
cudaRegisterFunction,445,44,0
cudaRegisterFunction,481,42,0
cudaRegisterFunction,449,34,0
cudaRegisterFunction,485,35,0
cudaRegisterFunction,457,32,0
cudaRegisterFunction,493,42,0
cudaRegisterFunction,433,46,0
cudaRegisterFunction,469,45,0
cudaRegisterFunction,439,43,0
cudaRegisterFunction,475,44,0
cudaRegisterFunction,443,43,0
cudaRegisterFunction,479,44,0
cudaRegisterFunction,451,42,0
cudaRegisterFunction,487,47,0
cudaRegisterFunction,427,42,0
cudaRegisterFunction,463,40,0
cudaRegisterFunction,433,42,0
cudaRegisterFunction,469,33,0
cudaRegisterFunction,437,41,0
cudaRegisterFunction,473,45,0
cudaRegisterFunction,445,46,0
cudaRegisterFunction,481,44,0
cudaRegisterFunction,421,35,0
cudaRegisterFunction,457,46,0
cudaRegisterFunction,427,43,0
cudaRegisterFunction,463,45,0
cudaRegisterFunction,431,45,0
cudaRegisterFunction,467,47,0
cudaRegisterFunction,439,42,0
cudaRegisterFunction,475,43,0
cudaRegisterFunction,415,32,0
cudaRegisterFunction,451,33,0
cudaRegisterFunction,421,34,0
cudaRegisterFunction,457,42,0
cudaRegisterFunction,425,47,0
cudaRegisterFunction,461,43,0
cudaRegisterFunction,433,33,0
cudaRegisterFunction,469,42,0
cudaRegisterFunction,409,32,0
cudaRegisterFunction,445,32,0
cudaRegisterFunction,415,32,0
cudaRegisterFunction,451,32,0
cudaRegisterFunction,419,33,0
cudaRegisterFunction,455,32,0
cudaRegisterFunction,427,33,0
cudaRegisterFunction,463,33,0
cudaRegisterFunction,403,32,0
cudaRegisterFunction,439,33,0
cudaRegisterFunction,409,33,0
cudaRegisterFunction,445,42,0
cudaRegisterFunction,413,45,0
cudaRegisterFunction,449,44,0
cudaRegisterFunction,421,33,0
cudaRegisterFunction,457,32,0
cudaRegisterFunction,397,32,0
cudaRegisterFunction,433,32,0
cudaRegisterFunction,409,31,0
cudaRegisterFunction,445,32,0
cudaRegisterFunction,413,32,0
cudaRegisterFunction,449,34,0
cudaRegisterFunction,421,32,0
cudaRegisterFunction,457,31,0
cudaRegisterFunction,397,33,0
cudaRegisterFunction,433,45,0
cudaRegisterFunction,409,44,0
cudaRegisterFunction,445,43,0
cudaRegisterFunction,413,40,0
cudaRegisterFunction,449,35,0
cudaRegisterFunction,421,34,0
cudaRegisterFunction,457,34,0
cudaRegisterFunction,397,31,0
cudaRegisterFunction,433,33,0
cudaRegisterFunction,409,34,0
cudaRegisterFunction,445,32,0
cudaRegisterFunction,413,39,0
cudaRegisterFunction,449,45,0
cudaRegisterFunction,421,41,0
cudaRegisterFunction,457,46,0
cudaRegisterFunction,397,45,0
cudaRegisterFunction,433,50,0
cudaRegisterFunction,409,45,0
cudaRegisterFunction,445,45,0
cudaRegisterFunction,413,44,0
cudaRegisterFunction,449,47,0
cudaRegisterFunction,417,43,0
cudaRegisterFunction,453,41,0
cudaRegisterFunction,397,31,0
cudaRegisterFunction,433,32,0
cudaRegisterVar,186,40,0
cudaRegisterVar,122,50,0
cudaRegisterVar,114,50,0
cudaRegisterVar,2168,46,0
cudaRegisterVar,6262,47,0
cudaRegisterVar,14452,51,0
cudaRegisterVar,15480,50,0
cudaRegisterVar,17524,51,0
cudaRegisterVar,17548,50,0
cudaRegisterVar,120,47,0
cudaRegisterVar,124,47,0
cudaRegisterFatBinaryEnd,966215,115,0
cudaRegisterFatBinary,62671,97,0
cudaRegisterFunction,193,40,0
cudaRegisterFunction,205,35,0
cudaRegisterVar,181,34,0
cudaRegisterVar,122,38,0
cudaRegisterVar,114,35,0
cudaRegisterVar,2168,35,0
cudaRegisterVar,6262,37,0
cudaRegisterVar,14452,36,0
cudaRegisterVar,15480,39,0
cudaRegisterVar,17524,46,0
cudaRegisterVar,17548,49,0
cudaRegisterVar,120,46,0
cudaRegisterVar,124,37,0
cudaRegisterFatBinaryEnd,62671,52,0
cudaRegisterFatBinary,77143,103,0
cudaRegisterFunction,235,39,0
cudaRegisterFunction,219,34,0
cudaRegisterFunction,207,46,0
cudaRegisterVar,178,49,0
cudaRegisterVar,122,45,0
cudaRegisterVar,114,49,0
cudaRegisterVar,2168,47,0
cudaRegisterVar,6262,36,0
cudaRegisterVar,14452,39,0
cudaRegisterVar,15480,44,0
cudaRegisterVar,17524,49,0
cudaRegisterVar,17548,50,0
cudaRegisterVar,120,45,0
cudaRegisterVar,124,38,0
cudaRegisterFatBinaryEnd,77143,45,0
cudaRegisterFatBinary,277503,244,0
cudaRegisterFunction,235,46,0
cudaRegisterFunction,235,45,0
cudaRegisterFunction,235,43,0
cudaRegisterFunction,235,41,0
cudaRegisterFunction,197,38,0
cudaRegisterFunction,197,38,0
cudaRegisterFunction,197,39,0
cudaRegisterFunction,235,37,0
cudaRegisterFunction,235,63,0
cudaRegisterFunction,235,42,0
cudaRegisterFunction,235,42,0
cudaRegisterFunction,197,49,0
cudaRegisterFunction,197,43,0
cudaRegisterFunction,197,33,0
cudaRegisterFunction,235,45,0
cudaRegisterFunction,235,44,0
cudaRegisterFunction,235,44,0
cudaRegisterFunction,235,44,0
cudaRegisterFunction,197,44,0
cudaRegisterFunction,197,44,0
cudaRegisterFunction,197,42,0
cudaRegisterFunction,235,39,0
cudaRegisterFunction,235,46,0
cudaRegisterFunction,235,41,0
cudaRegisterFunction,235,38,0
cudaRegisterFunction,197,40,0
cudaRegisterFunction,197,40,0
cudaRegisterFunction,197,37,0
cudaRegisterVar,189,47,0
cudaRegisterVar,122,48,0
cudaRegisterVar,114,46,0
cudaRegisterVar,2168,45,0
cudaRegisterVar,6262,45,0
cudaRegisterVar,14452,45,0
cudaRegisterVar,15480,52,0
cudaRegisterVar,17524,52,0
cudaRegisterVar,17548,51,0
cudaRegisterVar,120,47,0
cudaRegisterVar,124,36,0
cudaRegisterFatBinaryEnd,277503,59,0
cudaRegisterFatBinary,69431,99,0
cudaRegisterFunction,221,49,0
cudaRegisterVar,219,47,0
cudaRegisterVar,122,46,0
cudaRegisterVar,114,44,0
cudaRegisterVar,2168,38,0
cudaRegisterVar,6262,42,0
cudaRegisterVar,14452,39,0
cudaRegisterVar,15480,50,0
cudaRegisterVar,17524,41,0
cudaRegisterVar,17548,46,0
cudaRegisterVar,120,44,0
cudaRegisterVar,124,45,0
cudaRegisterFatBinaryEnd,69431,45,0
cudaRegisterFatBinary,80791,100,0
cudaRegisterFunction,241,40,0
cudaRegisterFunction,241,41,0
cudaRegisterVar,190,32,0
cudaRegisterVar,122,48,0
cudaRegisterVar,114,47,0
cudaRegisterVar,2168,44,0
cudaRegisterVar,6262,44,0
cudaRegisterVar,14452,48,0
cudaRegisterVar,15480,44,0
cudaRegisterVar,17524,37,0
cudaRegisterVar,17548,41,0
cudaRegisterVar,120,45,0
cudaRegisterVar,124,49,0
cudaRegisterFatBinaryEnd,80791,46,0
cudaRegisterFatBinary,82519,106,0
cudaRegisterFunction,217,48,0
cudaRegisterFunction,229,42,0
cudaRegisterVar,157,45,0
cudaRegisterVar,122,48,0
cudaRegisterVar,114,46,0
cudaRegisterVar,2168,53,0
cudaRegisterVar,6262,48,0
cudaRegisterVar,14452,49,0
cudaRegisterVar,15480,51,0
cudaRegisterVar,17524,49,0
cudaRegisterVar,17548,50,0
cudaRegisterVar,120,47,0
cudaRegisterVar,124,47,0
cudaRegisterFatBinaryEnd,82519,48,0
cudaRegisterFatBinary,99167,105,0
cudaRegisterFunction,229,50,0
cudaRegisterFunction,241,39,0
cudaRegisterVar,179,29,0
cudaRegisterVar,122,35,0
cudaRegisterVar,114,35,0
cudaRegisterVar,2168,36,0
cudaRegisterVar,6262,35,0
cudaRegisterVar,14452,39,0
cudaRegisterVar,15480,37,0
cudaRegisterVar,17524,38,0
cudaRegisterVar,17548,40,0
cudaRegisterVar,120,35,0
cudaRegisterVar,124,36,0
cudaRegisterFatBinaryEnd,99167,34,0
cudaRegisterFatBinary,420095,410,0
cudaRegisterFunction,227,38,0
cudaRegisterFunction,387,33,0
cudaRegisterFunction,387,32,0
cudaRegisterFunction,387,31,0
cudaRegisterFunction,387,32,0
cudaRegisterFunction,387,32,0
cudaRegisterFunction,389,32,0
cudaRegisterFunction,211,36,0
cudaRegisterFunction,239,32,0
cudaRegisterFunction,415,34,0
cudaRegisterFunction,415,31,0
cudaRegisterFunction,415,31,0
cudaRegisterFunction,415,32,0
cudaRegisterFunction,415,30,0
cudaRegisterFunction,417,32,0
cudaRegisterFunction,227,31,0
cudaRegisterFunction,239,31,0
cudaRegisterFunction,399,32,0
cudaRegisterFunction,399,31,0
cudaRegisterFunction,399,32,0
cudaRegisterFunction,399,32,0
cudaRegisterFunction,399,34,0
cudaRegisterFunction,401,42,0
cudaRegisterFunction,211,45,0
cudaRegisterFunction,191,36,0
cudaRegisterFunction,189,34,0
cudaRegisterFunction,189,32,0
cudaRegisterFunction,191,31,0
cudaRegisterFunction,191,32,0
cudaRegisterFunction,189,32,0
cudaRegisterFunction,189,32,0
cudaRegisterFunction,193,34,0
cudaRegisterFunction,189,32,0
cudaRegisterFunction,191,37,0
cudaRegisterFunction,193,31,0
cudaRegisterFunction,187,34,0
cudaRegisterFunction,187,39,0
cudaRegisterFunction,187,40,0
cudaRegisterFunction,187,38,0
cudaRegisterFunction,187,35,0
cudaRegisterFunction,189,40,0
cudaRegisterFunction,189,34,0
cudaRegisterFunction,203,40,0
cudaRegisterFunction,201,42,0
cudaRegisterFunction,201,42,0
cudaRegisterFunction,203,39,0
cudaRegisterFunction,203,39,0
cudaRegisterFunction,201,41,0
cudaRegisterFunction,201,39,0
cudaRegisterFunction,205,40,0
cudaRegisterFunction,201,36,0
cudaRegisterFunction,203,32,0
cudaRegisterFunction,205,39,0
cudaRegisterFunction,199,44,0
cudaRegisterFunction,199,42,0
cudaRegisterFunction,199,34,0
cudaRegisterFunction,199,40,0
cudaRegisterFunction,199,42,0
cudaRegisterFunction,201,42,0
cudaRegisterFunction,201,41,0
cudaRegisterFunction,219,43,0
cudaRegisterFunction,217,38,0
cudaRegisterFunction,217,38,0
cudaRegisterFunction,219,38,0
cudaRegisterFunction,219,39,0
cudaRegisterFunction,217,44,0
cudaRegisterFunction,217,42,0
cudaRegisterFunction,221,34,0
cudaRegisterFunction,217,46,0
cudaRegisterFunction,219,39,0
cudaRegisterFunction,221,34,0
cudaRegisterFunction,215,32,0
cudaRegisterFunction,215,31,0
cudaRegisterFunction,215,32,0
cudaRegisterFunction,215,32,0
cudaRegisterFunction,215,32,0
cudaRegisterFunction,217,31,0
cudaRegisterFunction,217,33,0
cudaRegisterFunction,213,41,0
cudaRegisterFunction,213,46,0
cudaRegisterVar,129,43,0
cudaRegisterVar,122,37,0
cudaRegisterVar,114,36,0
cudaRegisterVar,2168,35,0
cudaRegisterVar,6262,35,0
cudaRegisterVar,14452,38,0
cudaRegisterVar,15480,38,0
cudaRegisterVar,17524,37,0
cudaRegisterVar,17548,49,0
cudaRegisterVar,120,48,0
cudaRegisterVar,124,47,0
cudaRegisterFatBinaryEnd,420095,68,0
cudaRegisterFatBinary,65663,96,0
cudaRegisterFunction,177,47,0
cudaRegisterVar,175,31,0
cudaRegisterVar,122,35,0
cudaRegisterVar,114,37,0
cudaRegisterVar,2168,35,0
cudaRegisterVar,6262,38,0
cudaRegisterVar,14452,46,0
cudaRegisterVar,15480,41,0
cudaRegisterVar,17524,49,0
cudaRegisterVar,17548,36,0
cudaRegisterVar,120,39,0
cudaRegisterVar,124,41,0
cudaRegisterFatBinaryEnd,65663,47,0
cudaRegisterFatBinary,478079,562,0
cudaRegisterFunction,337,51,0
cudaRegisterFunction,189,46,0
cudaRegisterFunction,337,44,0
cudaRegisterFunction,189,43,0
cudaRegisterFunction,213,33,0
cudaRegisterFunction,337,44,0
cudaRegisterFunction,365,46,0
cudaRegisterFunction,217,43,0
cudaRegisterFunction,377,46,0
cudaRegisterFunction,229,46,0
cudaRegisterFunction,369,43,0
cudaRegisterFunction,349,42,0
cudaRegisterFunction,201,45,0
cudaRegisterFunction,377,44,0
cudaRegisterFunction,229,47,0
cudaRegisterFunction,353,47,0
cudaRegisterFunction,225,45,0
cudaRegisterFunction,349,43,0
cudaRegisterFunction,201,45,0
cudaRegisterFunction,241,45,0
cudaRegisterFunction,365,45,0
cudaRegisterFunction,217,43,0
cudaRegisterFunction,213,42,0
cudaRegisterFunction,337,44,0
cudaRegisterFunction,347,39,0
cudaRegisterFunction,439,42,0
cudaRegisterFunction,343,38,0
cudaRegisterFunction,439,38,0
cudaRegisterFunction,343,37,0
cudaRegisterFunction,439,37,0
cudaRegisterFunction,343,47,0
cudaRegisterFunction,439,45,0
cudaRegisterFunction,343,45,0
cudaRegisterFunction,343,38,0
cudaRegisterFunction,343,32,0
cudaRegisterVar,129,34,0
cudaRegisterVar,122,36,0
cudaRegisterVar,114,36,0
cudaRegisterVar,2168,36,0
cudaRegisterVar,6262,35,0
cudaRegisterVar,14452,40,0
cudaRegisterVar,15480,43,0
cudaRegisterVar,17524,48,0
cudaRegisterVar,17548,49,0
cudaRegisterVar,120,48,0
cudaRegisterVar,124,48,0
cudaRegisterFatBinaryEnd,478079,70,0
cudaRegisterFatBinary,109263,119,0
cudaRegisterFunction,217,52,0
cudaRegisterFunction,217,50,0
cudaRegisterFunction,203,45,0
cudaRegisterFunction,203,47,0
cudaRegisterVar,305,48,0
cudaRegisterVar,122,48,0
cudaRegisterVar,114,38,0
cudaRegisterVar,2168,44,0
cudaRegisterVar,6262,48,0
cudaRegisterVar,14452,49,0
cudaRegisterVar,15480,51,0
cudaRegisterVar,17524,49,0
cudaRegisterVar,17548,46,0
cudaRegisterVar,120,38,0
cudaRegisterVar,124,46,0
cudaRegisterFatBinaryEnd,109263,44,0
cudaRegisterFatBinary,116127,144,0
cudaRegisterFunction,471,54,0
cudaRegisterFunction,281,45,0
cudaRegisterFunction,207,51,0
cudaRegisterFunction,199,33,0
cudaRegisterFunction,215,31,0
cudaRegisterVar,128,39,0
cudaRegisterVar,122,43,0
cudaRegisterVar,114,38,0
cudaRegisterVar,2168,33,0
cudaRegisterVar,6262,48,0
cudaRegisterVar,14452,39,0
cudaRegisterVar,15480,47,0
cudaRegisterVar,17524,50,0
cudaRegisterVar,17548,49,0
cudaRegisterVar,120,46,0
cudaRegisterVar,124,48,0
cudaRegisterVar,238,46,0
cudaRegisterVar,234,49,0
cudaRegisterVar,240,47,0
cudaRegisterVar,236,47,0
cudaRegisterVar,240,46,0
cudaRegisterVar,236,47,0
cudaRegisterVar,242,48,0
cudaRegisterVar,238,48,0
cudaRegisterVar,314,47,0
cudaRegisterVar,232,48,0
cudaRegisterVar,258,48,0
cudaRegisterVar,230,50,0
cudaRegisterVar,250,36,0
cudaRegisterVar,260,43,0
cudaRegisterVar,256,37,0
cudaRegisterVar,252,37,0
cudaRegisterVar,248,35,0
cudaRegisterVar,254,35,0
cudaRegisterVar,250,34,0
cudaRegisterVar,260,35,0
cudaRegisterVar,250,37,0
cudaRegisterVar,250,41,0
cudaRegisterVar,250,45,0
cudaRegisterVar,252,45,0
cudaRegisterVar,250,46,0
cudaRegisterVar,252,47,0
cudaRegisterVar,258,46,0
cudaRegisterVar,306,47,0
cudaRegisterVar,280,47,0
cudaRegisterVar,280,47,0
cudaRegisterVar,280,49,0
cudaRegisterVar,280,46,0
cudaRegisterVar,280,48,0
cudaRegisterVar,280,36,0
cudaRegisterVar,280,41,0
cudaRegisterVar,280,49,0
cudaRegisterVar,280,35,0
cudaRegisterVar,282,41,0
cudaRegisterFatBinaryEnd,116127,40,0
cudaRegisterFatBinary,75591,96,0
cudaRegisterFunction,193,40,0
cudaRegisterFunction,181,45,0
cudaRegisterVar,180,44,0
cudaRegisterVar,122,47,0
cudaRegisterVar,114,47,0
cudaRegisterVar,2168,36,0
cudaRegisterVar,6262,48,0
cudaRegisterVar,14452,49,0
cudaRegisterVar,15480,50,0
cudaRegisterVar,17524,50,0
cudaRegisterVar,17548,51,0
cudaRegisterVar,120,48,0
cudaRegisterVar,124,48,0
cudaRegisterFatBinaryEnd,75591,47,0
cudaRegisterFatBinary,60919,92,0
cudaRegisterFunction,175,38,0
cudaRegisterVar,179,31,0
cudaRegisterVar,122,36,0
cudaRegisterVar,114,37,0
cudaRegisterVar,2168,37,0
cudaRegisterVar,6262,45,0
cudaRegisterVar,14452,49,0
cudaRegisterVar,15480,48,0
cudaRegisterVar,17524,51,0
cudaRegisterVar,17548,50,0
cudaRegisterVar,120,48,0
cudaRegisterVar,124,46,0
cudaRegisterFatBinaryEnd,60919,60,0
cudaRegisterFatBinary,91143,114,0
cudaRegisterFunction,217,49,0
cudaRegisterFunction,191,44,0
cudaRegisterFunction,199,40,0
cudaRegisterVar,148,34,0
cudaRegisterVar,122,38,0
cudaRegisterVar,114,35,0
cudaRegisterVar,2168,44,0
cudaRegisterVar,6262,45,0
cudaRegisterVar,14452,47,0
cudaRegisterVar,15480,47,0
cudaRegisterVar,17524,43,0
cudaRegisterVar,17548,45,0
cudaRegisterVar,120,46,0
cudaRegisterVar,124,37,0
cudaRegisterFatBinaryEnd,91143,44,0
cudaRegisterFatBinary,57767,90,0
cudaRegisterVar,140,43,0
cudaRegisterVar,122,36,0
cudaRegisterVar,114,36,0
cudaRegisterVar,2168,36,0
cudaRegisterVar,6262,36,0
cudaRegisterVar,14452,47,0
cudaRegisterVar,15480,51,0
cudaRegisterVar,17524,49,0
cudaRegisterVar,17548,50,0
cudaRegisterVar,120,47,0
cudaRegisterVar,124,48,0
cudaRegisterFatBinaryEnd,57767,58,0
cudaRegisterFatBinary,602455,980,0
cudaRegisterFunction,287,57,0
cudaRegisterFunction,285,41,0
cudaRegisterFunction,353,40,0
cudaRegisterFunction,353,42,0
cudaRegisterFunction,353,39,0
cudaRegisterFunction,353,41,0
cudaRegisterFunction,353,35,0
cudaRegisterFunction,353,32,0
cudaRegisterFunction,351,33,0
cudaRegisterFunction,351,34,0
cudaRegisterFunction,351,32,0
cudaRegisterFunction,351,32,0
cudaRegisterFunction,351,32,0
cudaRegisterFunction,351,32,0
cudaRegisterFunction,353,32,0
cudaRegisterFunction,353,32,0
cudaRegisterFunction,353,32,0
cudaRegisterFunction,353,33,0
cudaRegisterFunction,353,33,0
cudaRegisterFunction,353,31,0
cudaRegisterFunction,351,32,0
cudaRegisterFunction,351,33,0
cudaRegisterFunction,351,32,0
cudaRegisterFunction,351,33,0
cudaRegisterFunction,351,32,0
cudaRegisterFunction,351,33,0
cudaRegisterFunction,285,32,0
cudaRegisterFunction,283,32,0
cudaRegisterFunction,353,32,0
cudaRegisterFunction,353,32,0
cudaRegisterFunction,285,32,0
cudaRegisterFunction,283,33,0
cudaRegisterFunction,353,32,0
cudaRegisterFunction,353,33,0
cudaRegisterFunction,283,33,0
cudaRegisterFunction,281,32,0
cudaRegisterFunction,349,32,0
cudaRegisterFunction,349,32,0
cudaRegisterFunction,283,32,0
cudaRegisterFunction,281,32,0
cudaRegisterFunction,219,34,0
cudaRegisterFunction,349,32,0
cudaRegisterFunction,349,31,0
cudaRegisterFunction,287,32,0
cudaRegisterFunction,285,28,0
cudaRegisterFunction,341,33,0
cudaRegisterFunction,341,32,0
cudaRegisterFunction,287,39,0
cudaRegisterFunction,285,32,0
cudaRegisterFunction,341,32,0
cudaRegisterFunction,341,34,0
cudaRegisterFunction,285,45,0
cudaRegisterFunction,283,45,0
cudaRegisterFunction,339,45,0
cudaRegisterFunction,339,43,0
cudaRegisterFunction,285,44,0
cudaRegisterFunction,283,43,0
cudaRegisterFunction,339,47,0
cudaRegisterFunction,339,45,0
cudaRegisterFunction,285,47,0
cudaRegisterFunction,283,35,0
cudaRegisterFunction,221,39,0
cudaRegisterFunction,339,43,0
cudaRegisterFunction,339,45,0
cudaRegisterFunction,225,43,0
cudaRegisterFunction,287,42,0
cudaRegisterFunction,285,38,0
cudaRegisterFunction,341,33,0
cudaRegisterFunction,341,40,0
cudaRegisterFunction,225,35,0
cudaRegisterFunction,287,31,0
cudaRegisterFunction,285,34,0
cudaRegisterFunction,341,39,0
cudaRegisterFunction,341,42,0
cudaRegisterFunction,225,45,0
cudaRegisterFunction,287,44,0
cudaRegisterFunction,285,43,0
cudaRegisterFunction,341,43,0
cudaRegisterFunction,341,43,0
cudaRegisterFunction,223,43,0
cudaRegisterFunction,285,44,0
cudaRegisterFunction,283,45,0
cudaRegisterFunction,339,45,0
cudaRegisterFunction,339,40,0
cudaRegisterFunction,223,40,0
cudaRegisterFunction,285,43,0
cudaRegisterFunction,283,39,0
cudaRegisterFunction,339,45,0
cudaRegisterFunction,339,42,0
cudaRegisterFunction,223,37,0
cudaRegisterFunction,285,44,0
cudaRegisterFunction,283,44,0
cudaRegisterFunction,221,43,0
cudaRegisterFunction,339,45,0
cudaRegisterFunction,339,33,0
cudaRegisterVar,128,44,0
cudaRegisterVar,122,46,0
cudaRegisterVar,114,35,0
cudaRegisterVar,2168,37,0
cudaRegisterVar,6262,46,0
cudaRegisterVar,14452,51,0
cudaRegisterVar,15480,53,0
cudaRegisterVar,17524,46,0
cudaRegisterVar,17548,40,0
cudaRegisterVar,120,45,0
cudaRegisterVar,124,47,0
cudaRegisterFatBinaryEnd,602455,89,0
cudaRegisterFatBinary,1389223,2276,2000
cudaRegisterFunction,225,47,0
cudaRegisterFunction,285,35,0
cudaRegisterFunction,283,42,0
cudaRegisterFunction,347,45,0
cudaRegisterFunction,347,48,0
cudaRegisterFunction,285,38,0
cudaRegisterFunction,283,37,0
cudaRegisterFunction,219,46,0
cudaRegisterFunction,347,34,0
cudaRegisterFunction,347,35,0
cudaRegisterFunction,285,32,0
cudaRegisterFunction,283,32,0
cudaRegisterFunction,347,34,0
cudaRegisterFunction,347,35,0
cudaRegisterFunction,285,35,0
cudaRegisterFunction,283,42,0
cudaRegisterFunction,347,47,0
cudaRegisterFunction,347,44,0
cudaRegisterFunction,285,42,0
cudaRegisterFunction,283,35,0
cudaRegisterFunction,347,35,0
cudaRegisterFunction,347,37,0
cudaRegisterFunction,287,37,0
cudaRegisterFunction,285,46,0
cudaRegisterFunction,219,45,0
cudaRegisterFunction,349,42,0
cudaRegisterFunction,349,41,0
cudaRegisterFunction,287,41,0
cudaRegisterFunction,285,37,0
cudaRegisterFunction,219,39,0
cudaRegisterFunction,349,41,0
cudaRegisterFunction,349,45,0
cudaRegisterFunction,225,44,0
cudaRegisterFunction,287,35,0
cudaRegisterFunction,285,37,0
cudaRegisterFunction,219,33,0
cudaRegisterFunction,349,33,0
cudaRegisterFunction,349,32,0
cudaRegisterVar,128,36,0
cudaRegisterVar,122,35,0
cudaRegisterVar,114,36,0
cudaRegisterVar,2168,37,0
cudaRegisterVar,6262,33,0
cudaRegisterVar,14452,38,0
cudaRegisterVar,15480,37,0
cudaRegisterVar,17524,38,0
cudaRegisterVar,17548,37,0
cudaRegisterVar,120,36,0
cudaRegisterVar,124,35,0
cudaRegisterFatBinaryEnd,1389223,187,0
cudaRegisterFatBinary,61935,92,0
cudaRegisterFunction,181,37,0
cudaRegisterFunction,169,35,0
cudaRegisterVar,176,38,0
cudaRegisterVar,122,47,0
cudaRegisterVar,114,46,0
cudaRegisterVar,2168,37,0
cudaRegisterVar,6262,49,0
cudaRegisterVar,14452,38,0
cudaRegisterVar,15480,38,0
cudaRegisterVar,17524,37,0
cudaRegisterVar,17548,39,0
cudaRegisterVar,120,42,0
cudaRegisterVar,124,44,0
cudaRegisterFatBinaryEnd,61935,57,0
cudaRegisterFatBinary,89367,121,0
cudaRegisterFunction,173,48,0
cudaRegisterFunction,173,39,0
cudaRegisterFunction,173,32,0
cudaRegisterFunction,171,41,0
cudaRegisterVar,140,40,0
cudaRegisterVar,122,35,0
cudaRegisterVar,114,46,0
cudaRegisterVar,2168,49,0
cudaRegisterVar,6262,48,0
cudaRegisterVar,14452,54,0
cudaRegisterVar,15480,39,0
cudaRegisterVar,17524,49,0
cudaRegisterVar,17548,48,0
cudaRegisterVar,120,48,0
cudaRegisterVar,124,46,0
cudaRegisterFatBinaryEnd,89367,48,0
cudaRegisterFatBinary,206175,245,0
cudaRegisterFunction,293,49,0
cudaRegisterFunction,291,38,0
cudaRegisterFunction,291,42,0
cudaRegisterFunction,291,41,0
cudaRegisterFunction,293,43,0
cudaRegisterFunction,291,38,0
cudaRegisterFunction,291,38,0
cudaRegisterFunction,291,38,0
cudaRegisterFunction,293,38,0
cudaRegisterFunction,291,38,0
cudaRegisterFunction,291,40,0
cudaRegisterFunction,291,38,0
cudaRegisterFunction,293,39,0
cudaRegisterFunction,291,41,0
cudaRegisterFunction,291,39,0
cudaRegisterFunction,291,33,0
cudaRegisterVar,129,41,0
cudaRegisterVar,122,40,0
cudaRegisterVar,114,40,0
cudaRegisterVar,2168,44,0
cudaRegisterVar,6262,44,0
cudaRegisterVar,14452,48,0
cudaRegisterVar,15480,48,0
cudaRegisterVar,17524,50,0
cudaRegisterVar,17548,49,0
cudaRegisterVar,120,45,0
cudaRegisterVar,124,46,0
cudaRegisterFatBinaryEnd,206175,50,0
cudaRegisterFatBinary,290223,286,0
cudaRegisterFunction,419,46,0
cudaRegisterFunction,419,43,0
cudaRegisterFunction,419,39,0
cudaRegisterFunction,419,39,0
cudaRegisterFunction,419,37,0
cudaRegisterFunction,421,40,0
cudaRegisterFunction,255,39,0
cudaRegisterFunction,251,46,0
cudaRegisterFunction,251,40,0
cudaRegisterFunction,263,37,0
cudaRegisterFunction,403,45,0
cudaRegisterFunction,403,33,0
cudaRegisterFunction,403,43,0
cudaRegisterFunction,403,45,0
cudaRegisterFunction,403,44,0
cudaRegisterFunction,405,51,0
cudaRegisterFunction,263,43,0
cudaRegisterFunction,235,39,0
cudaRegisterFunction,235,34,0
cudaRegisterFunction,239,34,0
cudaRegisterFunction,391,35,0
cudaRegisterFunction,391,42,0
cudaRegisterFunction,391,41,0
cudaRegisterFunction,391,43,0
cudaRegisterFunction,391,45,0
cudaRegisterFunction,393,45,0
cudaRegisterFunction,251,43,0
cudaRegisterFunction,223,44,0
cudaRegisterFunction,223,44,0
cudaRegisterFunction,235,44,0
cudaRegisterFunction,391,42,0
cudaRegisterFunction,391,43,0
cudaRegisterFunction,391,38,0
cudaRegisterFunction,391,38,0
cudaRegisterFunction,391,42,0
cudaRegisterFunction,393,39,0
cudaRegisterFunction,251,32,0
cudaRegisterFunction,223,32,0
cudaRegisterFunction,223,32,0
cudaRegisterFunction,235,32,0
cudaRegisterFunction,205,31,0
cudaRegisterVar,137,35,0
cudaRegisterVar,122,34,0
cudaRegisterVar,114,36,0
cudaRegisterVar,2168,35,0
cudaRegisterVar,6262,35,0
cudaRegisterVar,14452,41,0
cudaRegisterVar,15480,37,0
cudaRegisterVar,17524,37,0
cudaRegisterVar,17548,38,0
cudaRegisterVar,120,36,0
cudaRegisterVar,124,35,0
cudaRegisterFatBinaryEnd,290223,58,0
cudaRegisterFatBinary,64607,92,0
cudaRegisterFunction,221,36,0
cudaRegisterVar,153,27,0
cudaRegisterVar,122,37,0
cudaRegisterVar,114,36,0
cudaRegisterVar,2168,31,0
cudaRegisterVar,6262,36,0
cudaRegisterVar,14452,37,0
cudaRegisterVar,15480,38,0
cudaRegisterVar,17524,37,0
cudaRegisterVar,17548,38,0
cudaRegisterVar,120,36,0
cudaRegisterVar,124,39,0
cudaRegisterFatBinaryEnd,64607,43,0
cudaRegisterFatBinary,98655,118,0
cudaRegisterFunction,229,37,0
cudaRegisterFunction,227,32,0
cudaRegisterVar,178,32,0
cudaRegisterVar,122,36,0
cudaRegisterVar,114,36,0
cudaRegisterVar,2168,36,0
cudaRegisterVar,6262,36,0
cudaRegisterVar,14452,37,0
cudaRegisterVar,15480,38,0
cudaRegisterVar,17524,39,0
cudaRegisterVar,17548,37,0
cudaRegisterVar,120,35,0
cudaRegisterVar,124,35,0
cudaRegisterFatBinaryEnd,98655,35,0
cudaRegisterFatBinary,153039,142,0
cudaRegisterFunction,253,31,0
cudaRegisterFunction,265,30,0
cudaRegisterFunction,207,37,0
cudaRegisterFunction,219,34,0
cudaRegisterVar,152,29,0
cudaRegisterVar,122,35,0
cudaRegisterVar,114,36,0
cudaRegisterVar,2168,35,0
cudaRegisterVar,6262,36,0
cudaRegisterVar,14452,38,0
cudaRegisterVar,15480,38,0
cudaRegisterVar,17524,39,0
cudaRegisterVar,17548,38,0
cudaRegisterVar,120,38,0
cudaRegisterVar,124,36,0
cudaRegisterFatBinaryEnd,153039,43,0
cudaRegisterFatBinary,755975,887,0
cudaRegisterFunction,331,40,0
cudaRegisterFunction,333,33,0
cudaRegisterFunction,331,30,0
cudaRegisterFunction,331,31,0
cudaRegisterFunction,331,33,0
cudaRegisterFunction,331,31,0
cudaRegisterFunction,331,32,0
cudaRegisterFunction,331,32,0
cudaRegisterFunction,333,37,0
cudaRegisterFunction,333,32,0
cudaRegisterFunction,333,33,0
cudaRegisterFunction,333,31,0
cudaRegisterFunction,333,32,0
cudaRegisterFunction,333,33,0
cudaRegisterFunction,331,32,0
cudaRegisterFunction,333,33,0
cudaRegisterFunction,331,31,0
cudaRegisterFunction,331,32,0
cudaRegisterFunction,331,32,0
cudaRegisterFunction,331,32,0
cudaRegisterFunction,331,32,0
cudaRegisterFunction,331,33,0
cudaRegisterFunction,333,35,0
cudaRegisterFunction,333,31,0
cudaRegisterFunction,333,32,0
cudaRegisterFunction,333,33,0
cudaRegisterFunction,333,31,0
cudaRegisterFunction,333,28,0
cudaRegisterVar,296,34,0
cudaRegisterVar,122,37,0
cudaRegisterVar,114,41,0
cudaRegisterVar,2168,36,0
cudaRegisterVar,6262,36,0
cudaRegisterVar,14452,38,0
cudaRegisterVar,15480,41,0
cudaRegisterVar,17524,37,0
cudaRegisterVar,17548,38,0
cudaRegisterVar,120,36,0
cudaRegisterVar,124,36,0
cudaRegisterFatBinaryEnd,755975,91,0
cudaRegisterFatBinary,155943,155,0
cudaRegisterFunction,453,44,0
cudaRegisterFunction,473,41,0
cudaRegisterFunction,453,48,0
cudaRegisterFunction,207,44,0
cudaRegisterFunction,181,47,0
cudaRegisterFunction,171,42,0
cudaRegisterVar,128,29,0
cudaRegisterVar,122,48,0
cudaRegisterVar,114,49,0
cudaRegisterVar,2168,35,0
cudaRegisterVar,6262,38,0
cudaRegisterVar,14452,40,0
cudaRegisterVar,15480,37,0
cudaRegisterVar,17524,37,0
cudaRegisterVar,17548,39,0
cudaRegisterVar,120,41,0
cudaRegisterVar,124,39,0
cudaRegisterVar,234,38,0
cudaRegisterVar,230,44,0
cudaRegisterVar,236,36,0
cudaRegisterVar,232,36,0
cudaRegisterVar,236,36,0
cudaRegisterVar,232,36,0
cudaRegisterVar,238,35,0
cudaRegisterVar,234,37,0
cudaRegisterVar,306,38,0
cudaRegisterVar,228,41,0
cudaRegisterVar,254,47,0
cudaRegisterVar,226,44,0
cudaRegisterVar,246,44,0
cudaRegisterVar,256,44,0
cudaRegisterVar,252,45,0
cudaRegisterVar,248,45,0
cudaRegisterVar,244,47,0
cudaRegisterVar,250,48,0
cudaRegisterVar,246,46,0
cudaRegisterVar,256,37,0
cudaRegisterVar,246,36,0
cudaRegisterVar,246,35,0
cudaRegisterVar,246,36,0
cudaRegisterVar,248,36,0
cudaRegisterVar,246,36,0
cudaRegisterVar,248,36,0
cudaRegisterVar,254,39,0
cudaRegisterVar,302,41,0
cudaRegisterVar,276,41,0
cudaRegisterVar,276,50,0
cudaRegisterVar,276,49,0
cudaRegisterVar,276,40,0
cudaRegisterVar,276,44,0
cudaRegisterVar,276,47,0
cudaRegisterVar,276,47,0
cudaRegisterVar,276,46,0
cudaRegisterVar,276,39,0
cudaRegisterVar,278,41,0
cudaRegisterFatBinaryEnd,155943,44,0
cudaRegisterFatBinary,57767,91,0
cudaRegisterVar,189,49,0
cudaRegisterVar,122,34,0
cudaRegisterVar,114,44,0
cudaRegisterVar,2168,52,0
cudaRegisterVar,6262,42,0
cudaRegisterVar,14452,40,0
cudaRegisterVar,15480,40,0
cudaRegisterVar,17524,44,0
cudaRegisterVar,17548,39,0
cudaRegisterVar,120,37,0
cudaRegisterVar,124,36,0
cudaRegisterFatBinaryEnd,57767,46,0
cudaRegisterFatBinary,154239,155,0
cudaRegisterFunction,199,37,0
cudaRegisterFunction,201,32,0
cudaRegisterFunction,201,33,0
cudaRegisterFunction,199,34,0
cudaRegisterFunction,199,32,0
cudaRegisterFunction,199,35,0
cudaRegisterFunction,199,33,0
cudaRegisterVar,128,29,0
cudaRegisterVar,122,36,0
cudaRegisterVar,114,35,0
cudaRegisterVar,2168,36,0
cudaRegisterVar,6262,35,0
cudaRegisterVar,14452,38,0
cudaRegisterVar,15480,38,0
cudaRegisterVar,17524,39,0
cudaRegisterVar,17548,37,0
cudaRegisterVar,120,36,0
cudaRegisterVar,124,36,0
cudaRegisterFatBinaryEnd,154239,40,0
cudaRegisterFatBinary,2332911,4044,3000
cudaRegisterFunction,289,42,0
cudaRegisterFunction,289,33,0
cudaRegisterFunction,289,34,0
cudaRegisterFunction,289,31,0
cudaRegisterFunction,287,32,0
cudaRegisterFunction,287,32,0
cudaRegisterFunction,287,35,0
cudaRegisterFunction,287,31,0
cudaRegisterFunction,287,33,0
cudaRegisterFunction,287,32,0
cudaRegisterFunction,287,32,0
cudaRegisterFunction,287,32,0
cudaRegisterFunction,287,31,0
cudaRegisterFunction,287,32,0
cudaRegisterFunction,287,32,0
cudaRegisterFunction,285,31,0
cudaRegisterFunction,289,32,0
cudaRegisterFunction,293,32,0
cudaRegisterFunction,293,34,0
cudaRegisterFunction,289,31,0
cudaRegisterFunction,293,33,0
cudaRegisterFunction,293,32,0
cudaRegisterFunction,289,34,0
cudaRegisterFunction,293,31,0
cudaRegisterFunction,293,32,0
cudaRegisterFunction,289,32,0
cudaRegisterFunction,293,32,0
cudaRegisterFunction,293,33,0
cudaRegisterFunction,287,32,0
cudaRegisterFunction,291,32,0
cudaRegisterFunction,291,32,0
cudaRegisterFunction,287,32,0
cudaRegisterFunction,291,32,0
cudaRegisterFunction,291,32,0
cudaRegisterFunction,287,33,0
cudaRegisterFunction,291,31,0
cudaRegisterFunction,291,32,0
cudaRegisterFunction,287,32,0
cudaRegisterFunction,291,36,0
cudaRegisterFunction,291,41,0
cudaRegisterFunction,287,42,0
cudaRegisterFunction,291,41,0
cudaRegisterFunction,291,42,0
cudaRegisterFunction,287,42,0
cudaRegisterFunction,291,41,0
cudaRegisterFunction,291,41,0
cudaRegisterFunction,287,42,0
cudaRegisterFunction,291,49,0
cudaRegisterFunction,291,45,0
cudaRegisterFunction,287,50,0
cudaRegisterFunction,291,51,0
cudaRegisterFunction,291,44,0
cudaRegisterFunction,287,46,0
cudaRegisterFunction,291,44,0
cudaRegisterFunction,291,44,0
cudaRegisterFunction,287,44,0
cudaRegisterFunction,291,44,0
cudaRegisterFunction,291,40,0
cudaRegisterFunction,287,32,0
cudaRegisterFunction,291,35,0
cudaRegisterFunction,291,42,0
cudaRegisterFunction,285,45,0
cudaRegisterFunction,289,49,0
cudaRegisterFunction,289,42,0
cudaRegisterVar,214,37,0
cudaRegisterVar,122,36,0
cudaRegisterVar,114,36,0
cudaRegisterVar,2168,36,0
cudaRegisterVar,6262,36,0
cudaRegisterVar,14452,39,0
cudaRegisterVar,15480,37,0
cudaRegisterVar,17524,38,0
cudaRegisterVar,17548,40,0
cudaRegisterVar,120,36,0
cudaRegisterVar,124,38,0
cudaRegisterFatBinaryEnd,2332911,306,0
cudaRegisterFatBinary,5026183,11765,9000
cudaRegisterFunction,361,37,0
cudaRegisterFunction,361,27,0
cudaRegisterFunction,361,34,0
cudaRegisterFunction,361,33,0
cudaRegisterFunction,361,32,0
cudaRegisterFunction,359,33,0
cudaRegisterFunction,359,31,0
cudaRegisterFunction,359,35,0
cudaRegisterFunction,361,36,0
cudaRegisterFunction,361,36,0
cudaRegisterFunction,361,45,0
cudaRegisterFunction,361,40,0
cudaRegisterFunction,361,38,0
cudaRegisterFunction,359,43,0
cudaRegisterFunction,359,42,0
cudaRegisterFunction,359,40,0
cudaRegisterFunction,361,42,0
cudaRegisterFunction,361,42,0
cudaRegisterFunction,361,39,0
cudaRegisterFunction,361,31,0
cudaRegisterFunction,361,32,0
cudaRegisterFunction,359,40,0
cudaRegisterFunction,359,41,0
cudaRegisterFunction,359,44,0
cudaRegisterFunction,361,33,0
cudaRegisterFunction,361,32,0
cudaRegisterFunction,361,34,0
cudaRegisterFunction,361,33,0
cudaRegisterFunction,361,32,0
cudaRegisterFunction,359,32,0
cudaRegisterFunction,359,32,0
cudaRegisterFunction,359,31,0
cudaRegisterFunction,361,33,0
cudaRegisterFunction,361,33,0
cudaRegisterFunction,361,31,0
cudaRegisterFunction,361,34,0
cudaRegisterFunction,361,38,0
cudaRegisterFunction,359,33,0
cudaRegisterFunction,359,45,0
cudaRegisterFunction,359,44,0
cudaRegisterFunction,361,45,0
cudaRegisterFunction,361,45,0
cudaRegisterFunction,361,45,0
cudaRegisterFunction,361,64,0
cudaRegisterFunction,361,43,0
cudaRegisterFunction,359,47,0
cudaRegisterFunction,359,44,0
cudaRegisterFunction,359,39,0
cudaRegisterFunction,361,33,0
cudaRegisterFunction,361,40,0
cudaRegisterFunction,361,42,0
cudaRegisterFunction,361,32,0
cudaRegisterFunction,361,42,0
cudaRegisterFunction,359,44,0
cudaRegisterFunction,359,41,0
cudaRegisterFunction,359,43,0
cudaRegisterFunction,361,36,0
cudaRegisterFunction,361,33,0
cudaRegisterFunction,361,39,0
cudaRegisterFunction,361,43,0
cudaRegisterFunction,361,46,0
cudaRegisterFunction,361,44,0
cudaRegisterFunction,361,42,0
cudaRegisterFunction,361,42,0
cudaRegisterFunction,361,46,0
cudaRegisterFunction,361,41,0
cudaRegisterFunction,359,34,0
cudaRegisterFunction,359,43,0
cudaRegisterFunction,359,34,0
cudaRegisterFunction,359,46,0
cudaRegisterFunction,359,44,0
cudaRegisterFunction,359,45,0
cudaRegisterFunction,361,45,0
cudaRegisterFunction,361,40,0
cudaRegisterFunction,361,39,0
cudaRegisterFunction,361,39,0
cudaRegisterFunction,361,41,0
cudaRegisterFunction,361,41,0
cudaRegisterFunction,361,45,0
cudaRegisterFunction,361,33,0
cudaRegisterFunction,361,42,0
cudaRegisterFunction,361,43,0
cudaRegisterFunction,359,41,0
cudaRegisterFunction,359,33,0
cudaRegisterFunction,359,32,0
cudaRegisterFunction,359,33,0
cudaRegisterFunction,359,32,0
cudaRegisterFunction,359,31,0
cudaRegisterFunction,345,33,0
cudaRegisterFunction,345,32,0
cudaRegisterFunction,345,34,0
cudaRegisterFunction,345,34,0
cudaRegisterFunction,345,35,0
cudaRegisterFunction,343,47,0
cudaRegisterFunction,343,44,0
cudaRegisterFunction,343,43,0
cudaRegisterFunction,345,45,0
cudaRegisterFunction,345,44,0
cudaRegisterFunction,345,46,0
cudaRegisterFunction,345,44,0
cudaRegisterFunction,345,44,0
cudaRegisterFunction,343,43,0
cudaRegisterFunction,343,38,0
cudaRegisterFunction,343,40,0
cudaRegisterFunction,345,41,0
cudaRegisterFunction,345,43,0
cudaRegisterFunction,345,43,0
cudaRegisterFunction,345,34,0
cudaRegisterFunction,345,32,0
cudaRegisterFunction,343,32,0
cudaRegisterFunction,343,32,0
cudaRegisterFunction,343,31,0
cudaRegisterFunction,345,32,0
cudaRegisterFunction,345,32,0
cudaRegisterFunction,345,31,0
cudaRegisterFunction,345,32,0
cudaRegisterFunction,345,33,0
cudaRegisterFunction,343,33,0
cudaRegisterFunction,343,34,0
cudaRegisterFunction,343,41,0
cudaRegisterFunction,345,44,0
cudaRegisterFunction,345,49,0
cudaRegisterFunction,345,48,0
cudaRegisterFunction,345,43,0
cudaRegisterFunction,345,44,0
cudaRegisterFunction,343,44,0
cudaRegisterFunction,343,45,0
cudaRegisterFunction,343,44,0
cudaRegisterFunction,345,45,0
cudaRegisterFunction,345,41,0
cudaRegisterFunction,345,37,0
cudaRegisterFunction,345,40,0
cudaRegisterFunction,345,45,0
cudaRegisterFunction,343,45,0
cudaRegisterFunction,343,33,0
cudaRegisterFunction,343,33,0
cudaRegisterFunction,345,31,0
cudaRegisterFunction,345,32,0
cudaRegisterFunction,345,32,0
cudaRegisterFunction,345,32,0
cudaRegisterFunction,345,31,0
cudaRegisterFunction,343,33,0
cudaRegisterFunction,343,32,0
cudaRegisterFunction,343,31,0
cudaRegisterFunction,345,32,0
cudaRegisterFunction,345,32,0
cudaRegisterFunction,345,34,0
cudaRegisterFunction,345,39,0
cudaRegisterFunction,345,40,0
cudaRegisterFunction,345,32,0
cudaRegisterFunction,345,33,0
cudaRegisterFunction,345,31,0
cudaRegisterFunction,345,32,0
cudaRegisterFunction,345,35,0
cudaRegisterFunction,343,33,0
cudaRegisterFunction,343,31,0
cudaRegisterFunction,343,33,0
cudaRegisterFunction,343,32,0
cudaRegisterFunction,343,33,0
cudaRegisterFunction,343,31,0
cudaRegisterFunction,345,36,0
cudaRegisterFunction,345,33,0
cudaRegisterFunction,345,33,0
cudaRegisterFunction,345,32,0
cudaRegisterFunction,345,32,0
cudaRegisterFunction,345,32,0
cudaRegisterFunction,345,33,0
cudaRegisterFunction,345,33,0
cudaRegisterFunction,345,34,0
cudaRegisterFunction,345,32,0
cudaRegisterFunction,343,31,0
cudaRegisterFunction,343,32,0
cudaRegisterFunction,343,32,0
cudaRegisterFunction,343,32,0
cudaRegisterFunction,343,34,0
cudaRegisterFunction,343,32,0
cudaRegisterFunction,349,32,0
cudaRegisterFunction,349,34,0
cudaRegisterFunction,349,32,0
cudaRegisterFunction,349,33,0
cudaRegisterFunction,349,35,0
cudaRegisterFunction,347,32,0
cudaRegisterFunction,347,32,0
cudaRegisterFunction,347,34,0
cudaRegisterFunction,349,32,0
cudaRegisterFunction,349,32,0
cudaRegisterFunction,349,33,0
cudaRegisterFunction,349,31,0
cudaRegisterFunction,349,33,0
cudaRegisterFunction,347,33,0
cudaRegisterFunction,347,31,0
cudaRegisterFunction,347,34,0
cudaRegisterFunction,349,31,0
cudaRegisterFunction,349,32,0
cudaRegisterFunction,349,32,0
cudaRegisterFunction,349,32,0
cudaRegisterFunction,349,31,0
cudaRegisterFunction,347,32,0
cudaRegisterFunction,347,31,0
cudaRegisterFunction,347,31,0
cudaRegisterFunction,349,32,0
cudaRegisterFunction,349,32,0
cudaRegisterFunction,349,32,0
cudaRegisterFunction,349,31,0
cudaRegisterFunction,349,31,0
cudaRegisterFunction,347,31,0
cudaRegisterFunction,347,34,0
cudaRegisterFunction,347,32,0
cudaRegisterFunction,349,32,0
cudaRegisterFunction,349,33,0
cudaRegisterFunction,349,31,0
cudaRegisterFunction,349,31,0
cudaRegisterFunction,349,34,0
cudaRegisterFunction,347,33,0
cudaRegisterFunction,347,33,0
cudaRegisterFunction,347,32,0
cudaRegisterFunction,349,35,0
cudaRegisterFunction,349,32,0
cudaRegisterFunction,349,30,0
cudaRegisterFunction,349,31,0
cudaRegisterFunction,349,32,0
cudaRegisterFunction,347,32,0
cudaRegisterFunction,347,31,0
cudaRegisterFunction,347,31,0
cudaRegisterFunction,349,32,0
cudaRegisterFunction,349,33,0
cudaRegisterFunction,349,31,0
cudaRegisterFunction,349,32,0
cudaRegisterFunction,349,32,0
cudaRegisterFunction,347,32,0
cudaRegisterFunction,347,35,0
cudaRegisterFunction,347,32,0
cudaRegisterFunction,349,31,0
cudaRegisterFunction,349,32,0
cudaRegisterFunction,349,32,0
cudaRegisterFunction,349,32,0
cudaRegisterFunction,349,32,0
cudaRegisterFunction,349,32,0
cudaRegisterFunction,349,35,0
cudaRegisterFunction,349,32,0
cudaRegisterFunction,349,33,0
cudaRegisterFunction,349,32,0
cudaRegisterFunction,347,32,0
cudaRegisterFunction,347,32,0
cudaRegisterFunction,347,35,0
cudaRegisterFunction,347,31,0
cudaRegisterFunction,347,32,0
cudaRegisterFunction,347,32,0
cudaRegisterFunction,349,32,0
cudaRegisterFunction,349,32,0
cudaRegisterFunction,349,32,0
cudaRegisterFunction,349,32,0
cudaRegisterFunction,349,32,0
cudaRegisterFunction,349,31,0
cudaRegisterFunction,349,32,0
cudaRegisterFunction,349,32,0
cudaRegisterFunction,349,32,0
cudaRegisterFunction,349,32,0
cudaRegisterFunction,347,33,0
cudaRegisterFunction,347,31,0
cudaRegisterFunction,347,33,0
cudaRegisterFunction,347,32,0
cudaRegisterFunction,347,29,0
cudaRegisterFunction,347,32,0
cudaRegisterFunction,333,32,0
cudaRegisterFunction,333,31,0
cudaRegisterFunction,333,31,0
cudaRegisterFunction,333,32,0
cudaRegisterFunction,333,32,0
cudaRegisterFunction,331,32,0
cudaRegisterFunction,331,32,0
cudaRegisterFunction,331,31,0
cudaRegisterFunction,333,33,0
cudaRegisterFunction,333,41,0
cudaRegisterFunction,333,42,0
cudaRegisterFunction,333,33,0
cudaRegisterFunction,333,45,0
cudaRegisterFunction,331,43,0
cudaRegisterFunction,331,43,0
cudaRegisterFunction,331,43,0
cudaRegisterFunction,333,44,0
cudaRegisterFunction,333,44,0
cudaRegisterFunction,333,44,0
cudaRegisterFunction,333,44,0
cudaRegisterFunction,333,44,0
cudaRegisterFunction,331,45,0
cudaRegisterFunction,331,47,0
cudaRegisterFunction,331,45,0
cudaRegisterFunction,333,44,0
cudaRegisterFunction,333,44,0
cudaRegisterFunction,333,43,0
cudaRegisterFunction,333,42,0
cudaRegisterFunction,333,42,0
cudaRegisterFunction,331,39,0
cudaRegisterFunction,331,39,0
cudaRegisterFunction,331,39,0
cudaRegisterFunction,333,45,0
cudaRegisterFunction,333,32,0
cudaRegisterFunction,333,32,0
cudaRegisterFunction,333,32,0
cudaRegisterFunction,333,35,0
cudaRegisterFunction,331,43,0
cudaRegisterFunction,331,43,0
cudaRegisterFunction,331,34,0
cudaRegisterFunction,333,42,0
cudaRegisterFunction,333,43,0
cudaRegisterFunction,333,43,0
cudaRegisterFunction,333,41,0
cudaRegisterFunction,333,34,0
cudaRegisterFunction,331,33,0
cudaRegisterFunction,331,32,0
cudaRegisterFunction,331,33,0
cudaRegisterFunction,333,40,0
cudaRegisterFunction,333,41,0
cudaRegisterFunction,333,44,0
cudaRegisterFunction,333,43,0
cudaRegisterFunction,333,44,0
cudaRegisterFunction,331,43,0
cudaRegisterFunction,331,43,0
cudaRegisterFunction,331,44,0
cudaRegisterFunction,333,44,0
cudaRegisterFunction,333,46,0
cudaRegisterFunction,333,45,0
cudaRegisterFunction,333,44,0
cudaRegisterFunction,333,44,0
cudaRegisterFunction,333,44,0
cudaRegisterFunction,333,40,0
cudaRegisterFunction,333,42,0
cudaRegisterFunction,333,40,0
cudaRegisterFunction,333,45,0
cudaRegisterFunction,331,41,0
cudaRegisterFunction,331,35,0
cudaRegisterFunction,331,46,0
cudaRegisterFunction,331,42,0
cudaRegisterFunction,331,42,0
cudaRegisterFunction,331,42,0
cudaRegisterFunction,333,41,0
cudaRegisterFunction,333,32,0
cudaRegisterFunction,333,35,0
cudaRegisterFunction,333,32,0
cudaRegisterFunction,333,33,0
cudaRegisterFunction,333,31,0
cudaRegisterFunction,333,38,0
cudaRegisterFunction,333,46,0
cudaRegisterFunction,333,43,0
cudaRegisterFunction,333,34,0
cudaRegisterFunction,331,45,0
cudaRegisterFunction,331,43,0
cudaRegisterFunction,331,46,0
cudaRegisterFunction,331,44,0
cudaRegisterFunction,331,44,0
cudaRegisterFunction,331,45,0
cudaRegisterVar,129,43,0
cudaRegisterVar,122,41,0
cudaRegisterVar,114,41,0
cudaRegisterVar,2168,45,0
cudaRegisterVar,6262,45,0
cudaRegisterVar,14452,43,0
cudaRegisterVar,15480,49,0
cudaRegisterVar,17524,41,0
cudaRegisterVar,17548,49,0
cudaRegisterVar,120,37,0
cudaRegisterVar,124,36,0
cudaRegisterFatBinaryEnd,5026183,610,0
cudaRegisterFatBinary,5932423,12666,11000
cudaRegisterFunction,343,42,0
cudaRegisterFunction,343,27,0
cudaRegisterFunction,343,33,0
cudaRegisterFunction,343,38,0
cudaRegisterFunction,343,45,0
cudaRegisterFunction,343,37,0
cudaRegisterFunction,343,48,0
cudaRegisterFunction,343,46,0
cudaRegisterFunction,343,40,0
cudaRegisterFunction,343,46,0
cudaRegisterFunction,343,40,0
cudaRegisterFunction,255,34,0
cudaRegisterFunction,343,33,0
cudaRegisterFunction,343,34,0
cudaRegisterFunction,343,43,0
cudaRegisterFunction,343,46,0
cudaRegisterFunction,343,42,0
cudaRegisterFunction,343,38,0
cudaRegisterFunction,343,45,0
cudaRegisterFunction,343,44,0
cudaRegisterFunction,343,44,0
cudaRegisterFunction,343,44,0
cudaRegisterFunction,343,45,0
cudaRegisterFunction,255,41,0
cudaRegisterFunction,343,43,0
cudaRegisterFunction,343,37,0
cudaRegisterFunction,343,40,0
cudaRegisterFunction,343,44,0
cudaRegisterFunction,343,44,0
cudaRegisterFunction,343,43,0
cudaRegisterFunction,343,33,0
cudaRegisterFunction,343,38,0
cudaRegisterFunction,343,32,0
cudaRegisterFunction,343,32,0
cudaRegisterFunction,343,32,0
cudaRegisterFunction,255,30,0
cudaRegisterFunction,343,34,0
cudaRegisterFunction,343,32,0
cudaRegisterFunction,343,32,0
cudaRegisterFunction,343,34,0
cudaRegisterFunction,343,33,0
cudaRegisterFunction,343,35,0
cudaRegisterFunction,343,34,0
cudaRegisterFunction,343,32,0
cudaRegisterFunction,343,32,0
cudaRegisterFunction,343,40,0
cudaRegisterFunction,343,34,0
cudaRegisterFunction,255,44,0
cudaRegisterFunction,343,41,0
cudaRegisterFunction,343,41,0
cudaRegisterFunction,343,40,0
cudaRegisterFunction,343,40,0
cudaRegisterFunction,343,42,0
cudaRegisterFunction,343,40,0
cudaRegisterFunction,343,46,0
cudaRegisterFunction,343,47,0
cudaRegisterFunction,343,47,0
cudaRegisterFunction,343,44,0
cudaRegisterFunction,343,44,0
cudaRegisterFunction,255,37,0
cudaRegisterFunction,343,32,0
cudaRegisterFunction,343,33,0
cudaRegisterFunction,343,31,0
cudaRegisterFunction,343,33,0
cudaRegisterFunction,343,34,0
cudaRegisterFunction,343,32,0
cudaRegisterFunction,343,32,0
cudaRegisterFunction,343,32,0
cudaRegisterFunction,343,32,0
cudaRegisterFunction,343,32,0
cudaRegisterFunction,343,32,0
cudaRegisterFunction,255,32,0
cudaRegisterFunction,343,33,0
cudaRegisterFunction,343,31,0
cudaRegisterFunction,343,34,0
cudaRegisterFunction,343,32,0
cudaRegisterFunction,343,34,0
cudaRegisterFunction,343,34,0
cudaRegisterFunction,343,33,0
cudaRegisterFunction,343,32,0
cudaRegisterFunction,343,31,0
cudaRegisterFunction,343,32,0
cudaRegisterFunction,343,33,0
cudaRegisterFunction,255,35,0
cudaRegisterFunction,343,32,0
cudaRegisterFunction,343,32,0
cudaRegisterFunction,343,32,0
cudaRegisterFunction,343,34,0
cudaRegisterFunction,343,34,0
cudaRegisterFunction,343,31,0
cudaRegisterFunction,343,33,0
cudaRegisterFunction,343,32,0
cudaRegisterFunction,343,32,0
cudaRegisterFunction,343,34,0
cudaRegisterFunction,343,32,0
cudaRegisterFunction,255,32,0
cudaRegisterFunction,343,31,0
cudaRegisterFunction,343,34,0
cudaRegisterFunction,343,33,0
cudaRegisterFunction,343,34,0
cudaRegisterFunction,343,33,0
cudaRegisterFunction,343,31,0
cudaRegisterFunction,343,33,0
cudaRegisterFunction,343,35,0
cudaRegisterFunction,343,34,0
cudaRegisterFunction,343,33,0
cudaRegisterFunction,343,32,0
cudaRegisterFunction,255,32,0
cudaRegisterFunction,343,32,0
cudaRegisterFunction,343,31,0
cudaRegisterFunction,343,33,0
cudaRegisterFunction,343,33,0
cudaRegisterFunction,343,33,0
cudaRegisterFunction,343,32,0
cudaRegisterFunction,343,33,0
cudaRegisterFunction,343,31,0
cudaRegisterFunction,343,32,0
cudaRegisterFunction,343,31,0
cudaRegisterFunction,343,32,0
cudaRegisterFunction,255,32,0
cudaRegisterFunction,343,32,0
cudaRegisterFunction,343,31,0
cudaRegisterFunction,343,32,0
cudaRegisterFunction,343,33,0
cudaRegisterFunction,343,35,0
cudaRegisterFunction,343,33,0
cudaRegisterFunction,343,32,0
cudaRegisterFunction,343,32,0
cudaRegisterFunction,343,32,0
cudaRegisterFunction,343,31,0
cudaRegisterFunction,343,32,0
cudaRegisterFunction,255,31,0
cudaRegisterFunction,343,32,0
cudaRegisterFunction,343,40,0
cudaRegisterFunction,343,34,0
cudaRegisterFunction,343,32,0
cudaRegisterFunction,343,32,0
cudaRegisterFunction,343,31,0
cudaRegisterFunction,343,35,0
cudaRegisterFunction,343,34,0
cudaRegisterFunction,343,31,0
cudaRegisterFunction,343,32,0
cudaRegisterFunction,343,32,0
cudaRegisterFunction,255,32,0
cudaRegisterFunction,343,32,0
cudaRegisterFunction,343,32,0
cudaRegisterFunction,343,32,0
cudaRegisterFunction,343,34,0
cudaRegisterFunction,343,33,0
cudaRegisterFunction,343,35,0
cudaRegisterFunction,343,32,0
cudaRegisterFunction,343,33,0
cudaRegisterFunction,343,32,0
cudaRegisterFunction,343,28,0
cudaRegisterFunction,343,31,0
cudaRegisterFunction,255,32,0
cudaRegisterFunction,343,32,0
cudaRegisterFunction,343,32,0
cudaRegisterFunction,343,33,0
cudaRegisterFunction,343,34,0
cudaRegisterFunction,343,33,0
cudaRegisterFunction,343,32,0
cudaRegisterFunction,343,32,0
cudaRegisterFunction,343,31,0
cudaRegisterFunction,343,32,0
cudaRegisterFunction,343,34,0
cudaRegisterFunction,343,33,0
cudaRegisterFunction,255,34,0
cudaRegisterFunction,343,33,0
cudaRegisterFunction,343,32,0
cudaRegisterFunction,343,34,0
cudaRegisterFunction,343,31,0
cudaRegisterFunction,343,33,0
cudaRegisterFunction,343,33,0
cudaRegisterFunction,343,31,0
cudaRegisterFunction,343,32,0
cudaRegisterFunction,343,32,0
cudaRegisterFunction,343,32,0
cudaRegisterFunction,343,33,0
cudaRegisterFunction,255,34,0
cudaRegisterFunction,343,24,0
cudaRegisterFunction,343,34,0
cudaRegisterFunction,343,34,0
cudaRegisterFunction,343,33,0
cudaRegisterFunction,343,33,0
cudaRegisterFunction,343,32,0
cudaRegisterFunction,343,32,0
cudaRegisterFunction,343,33,0
cudaRegisterFunction,343,32,0
cudaRegisterFunction,343,35,0
cudaRegisterFunction,343,33,0
cudaRegisterFunction,255,32,0
cudaRegisterFunction,341,32,0
cudaRegisterFunction,341,32,0
cudaRegisterFunction,341,32,0
cudaRegisterFunction,341,33,0
cudaRegisterFunction,341,33,0
cudaRegisterFunction,341,32,0
cudaRegisterFunction,341,32,0
cudaRegisterFunction,341,32,0
cudaRegisterFunction,341,32,0
cudaRegisterFunction,341,32,0
cudaRegisterFunction,341,31,0
cudaRegisterFunction,253,32,0
cudaRegisterFunction,341,32,0
cudaRegisterFunction,341,32,0
cudaRegisterFunction,341,32,0
cudaRegisterFunction,341,32,0
cudaRegisterFunction,341,32,0
cudaRegisterFunction,341,33,0
cudaRegisterFunction,341,32,0
cudaRegisterFunction,341,32,0
cudaRegisterFunction,341,33,0
cudaRegisterFunction,341,32,0
cudaRegisterFunction,341,32,0
cudaRegisterFunction,253,32,0
cudaRegisterFunction,341,32,0
cudaRegisterFunction,341,31,0
cudaRegisterFunction,341,32,0
cudaRegisterFunction,341,33,0
cudaRegisterFunction,341,32,0
cudaRegisterFunction,341,34,0
cudaRegisterFunction,341,32,0
cudaRegisterFunction,341,34,0
cudaRegisterFunction,341,37,0
cudaRegisterFunction,341,33,0
cudaRegisterFunction,341,31,0
cudaRegisterFunction,253,33,0
cudaRegisterFunction,341,32,0
cudaRegisterFunction,341,32,0
cudaRegisterFunction,341,32,0
cudaRegisterFunction,341,32,0
cudaRegisterFunction,341,33,0
cudaRegisterFunction,341,32,0
cudaRegisterFunction,341,32,0
cudaRegisterFunction,341,32,0
cudaRegisterFunction,341,31,0
cudaRegisterFunction,341,34,0
cudaRegisterFunction,341,32,0
cudaRegisterFunction,253,34,0
cudaRegisterFunction,341,31,0
cudaRegisterFunction,341,31,0
cudaRegisterFunction,341,32,0
cudaRegisterFunction,341,31,0
cudaRegisterFunction,341,33,0
cudaRegisterFunction,341,31,0
cudaRegisterFunction,341,32,0
cudaRegisterFunction,341,31,0
cudaRegisterFunction,341,32,0
cudaRegisterFunction,341,31,0
cudaRegisterFunction,341,33,0
cudaRegisterFunction,253,34,0
cudaRegisterFunction,343,34,0
cudaRegisterFunction,343,32,0
cudaRegisterFunction,343,32,0
cudaRegisterFunction,343,32,0
cudaRegisterFunction,343,32,0
cudaRegisterFunction,343,32,0
cudaRegisterFunction,343,31,0
cudaRegisterFunction,343,32,0
cudaRegisterFunction,343,32,0
cudaRegisterFunction,343,34,0
cudaRegisterFunction,343,34,0
cudaRegisterFunction,255,32,0
cudaRegisterVar,129,38,0
cudaRegisterVar,122,36,0
cudaRegisterVar,114,36,0
cudaRegisterVar,2168,41,0
cudaRegisterVar,6262,47,0
cudaRegisterVar,14452,51,0
cudaRegisterVar,15480,48,0
cudaRegisterVar,17524,38,0
cudaRegisterVar,17548,38,0
cudaRegisterVar,120,36,0
cudaRegisterVar,124,37,0
cudaRegisterFatBinaryEnd,5932423,733,0
cudaRegisterFatBinary,201175,222,0
cudaRegisterFunction,187,48,0
cudaRegisterFunction,183,33,0
cudaRegisterFunction,199,32,0
cudaRegisterFunction,195,34,0
cudaRegisterFunction,283,31,0
cudaRegisterFunction,281,34,0
cudaRegisterFunction,283,32,0
cudaRegisterFunction,281,35,0
cudaRegisterFunction,283,41,0
cudaRegisterFunction,281,43,0
cudaRegisterFunction,189,42,0
cudaRegisterFunction,185,39,0
cudaRegisterFunction,179,35,0
cudaRegisterFunction,175,37,0
cudaRegisterVar,128,38,0
cudaRegisterVar,122,49,0
cudaRegisterVar,114,47,0
cudaRegisterVar,2168,46,0
cudaRegisterVar,6262,48,0
cudaRegisterVar,14452,50,0
cudaRegisterVar,15480,46,0
cudaRegisterVar,17524,54,0
cudaRegisterVar,17548,47,0
cudaRegisterVar,120,36,0
cudaRegisterVar,124,36,0
cudaRegisterFatBinaryEnd,201175,47,0
cudaRegisterFatBinary,61463,92,0
cudaRegisterFunction,187,39,0
cudaRegisterVar,157,33,0
cudaRegisterVar,122,35,0
cudaRegisterVar,114,36,0
cudaRegisterVar,2168,37,0
cudaRegisterVar,6262,43,0
cudaRegisterVar,14452,49,0
cudaRegisterVar,15480,39,0
cudaRegisterVar,17524,51,0
cudaRegisterVar,17548,49,0
cudaRegisterVar,120,48,0
cudaRegisterVar,124,48,0
cudaRegisterFatBinaryEnd,61463,59,0
cudaRegisterFatBinary,60639,104,0
cudaRegisterFunction,175,54,0
cudaRegisterVar,140,45,0
cudaRegisterVar,122,36,0
cudaRegisterVar,114,36,0
cudaRegisterVar,2168,35,0
cudaRegisterVar,6262,35,0
cudaRegisterVar,14452,37,0
cudaRegisterVar,15480,38,0
cudaRegisterVar,17524,38,0
cudaRegisterVar,17548,39,0
cudaRegisterVar,120,39,0
cudaRegisterVar,124,37,0
cudaRegisterFatBinaryEnd,60639,46,0
cudaRegisterFatBinary,64511,94,0
cudaRegisterFunction,229,54,0
cudaRegisterVar,175,42,0
cudaRegisterVar,122,42,0
cudaRegisterVar,114,39,0
cudaRegisterVar,2168,41,0
cudaRegisterVar,6262,43,0
cudaRegisterVar,14452,44,0
cudaRegisterVar,15480,47,0
cudaRegisterVar,17524,52,0
cudaRegisterVar,17548,49,0
cudaRegisterVar,120,48,0
cudaRegisterVar,124,48,0
cudaRegisterFatBinaryEnd,64511,57,0
cudaRegisterFatBinary,67415,97,0
cudaRegisterFunction,181,48,0
cudaRegisterVar,186,42,0
cudaRegisterVar,122,43,0
cudaRegisterVar,114,45,0
cudaRegisterVar,2168,36,0
cudaRegisterVar,6262,45,0
cudaRegisterVar,14452,45,0
cudaRegisterVar,15480,37,0
cudaRegisterVar,17524,38,0
cudaRegisterVar,17548,38,0
cudaRegisterVar,120,37,0
cudaRegisterVar,124,37,0
cudaRegisterFatBinaryEnd,67415,43,0
cudaRegisterFatBinary,62239,102,0
cudaRegisterFunction,225,46,0
cudaRegisterVar,178,34,0
cudaRegisterVar,122,41,0
cudaRegisterVar,114,41,0
cudaRegisterVar,2168,40,0
cudaRegisterVar,6262,39,0
cudaRegisterVar,14452,44,0
cudaRegisterVar,15480,45,0
cudaRegisterVar,17524,43,0
cudaRegisterVar,17548,41,0
cudaRegisterVar,120,37,0
cudaRegisterVar,124,37,0
cudaRegisterFatBinaryEnd,62239,46,0
cudaRegisterFatBinary,66975,93,0
cudaRegisterFunction,237,37,0
cudaRegisterVar,132,33,0
cudaRegisterVar,122,37,0
cudaRegisterVar,114,36,0
cudaRegisterVar,2168,41,0
cudaRegisterVar,6262,37,0
cudaRegisterVar,14452,42,0
cudaRegisterVar,15480,49,0
cudaRegisterVar,17524,45,0
cudaRegisterVar,17548,45,0
cudaRegisterVar,120,37,0
cudaRegisterVar,124,35,0
cudaRegisterFatBinaryEnd,66975,36,0
cudaRegisterFatBinary,129895,156,0
cudaRegisterFunction,207,53,0
cudaRegisterFunction,207,41,0
cudaRegisterFunction,207,42,0
cudaRegisterFunction,207,43,0
cudaRegisterFunction,251,39,0
cudaRegisterFunction,251,40,0
cudaRegisterFunction,251,38,0
cudaRegisterFunction,251,37,0
cudaRegisterFunction,251,40,0
cudaRegisterFunction,251,38,0
cudaRegisterFunction,185,39,0
cudaRegisterVar,162,41,0
cudaRegisterVar,122,43,0
cudaRegisterVar,114,44,0
cudaRegisterVar,2168,36,0
cudaRegisterVar,6262,38,0
cudaRegisterVar,14452,39,0
cudaRegisterVar,15480,38,0
cudaRegisterVar,17524,38,0
cudaRegisterVar,17548,38,0
cudaRegisterVar,120,37,0
cudaRegisterVar,124,35,0
cudaRegisterFatBinaryEnd,129895,37,0
cudaRegisterFatBinary,69695,95,0
cudaRegisterFunction,177,46,0
cudaRegisterVar,210,40,0
cudaRegisterVar,122,45,0
cudaRegisterVar,114,45,0
cudaRegisterVar,2168,42,0
cudaRegisterVar,6262,42,0
cudaRegisterVar,14452,44,0
cudaRegisterVar,15480,50,0
cudaRegisterVar,17524,48,0
cudaRegisterVar,17548,48,0
cudaRegisterVar,120,45,0
cudaRegisterVar,124,48,0
cudaRegisterFatBinaryEnd,69695,51,0
cudaRegisterFatBinary,289439,310,0
cudaRegisterFunction,281,48,0
cudaRegisterFunction,281,42,0
cudaRegisterFunction,277,38,0
cudaRegisterFunction,277,38,0
cudaRegisterFunction,265,41,0
cudaRegisterFunction,265,48,0
cudaRegisterFunction,305,43,0
cudaRegisterFunction,305,32,0
cudaRegisterFunction,293,44,0
cudaRegisterFunction,293,40,0
cudaRegisterFunction,305,40,0
cudaRegisterFunction,305,33,0
cudaRegisterFunction,293,32,0
cudaRegisterFunction,293,34,0
cudaRegisterFunction,281,32,0
cudaRegisterFunction,281,32,0
cudaRegisterFunction,277,32,0
cudaRegisterFunction,277,32,0
cudaRegisterFunction,265,34,0
cudaRegisterFunction,265,41,0
cudaRegisterFunction,281,44,0
cudaRegisterFunction,281,39,0
cudaRegisterFunction,277,37,0
cudaRegisterFunction,277,33,0
cudaRegisterFunction,265,33,0
cudaRegisterFunction,265,32,0
cudaRegisterFunction,305,32,0
cudaRegisterFunction,305,32,0
cudaRegisterFunction,293,33,0
cudaRegisterFunction,293,34,0
cudaRegisterFunction,305,31,0
cudaRegisterFunction,305,32,0
cudaRegisterFunction,293,35,0
cudaRegisterFunction,293,35,0
cudaRegisterFunction,281,36,0
cudaRegisterFunction,281,33,0
cudaRegisterFunction,277,35,0
cudaRegisterFunction,277,34,0
cudaRegisterFunction,265,34,0
cudaRegisterFunction,265,32,0
cudaRegisterVar,128,34,0
cudaRegisterVar,122,36,0
cudaRegisterVar,114,35,0
cudaRegisterVar,2168,36,0
cudaRegisterVar,6262,47,0
cudaRegisterVar,14452,51,0
cudaRegisterVar,15480,45,0
cudaRegisterVar,17524,42,0
cudaRegisterVar,17548,51,0
cudaRegisterVar,120,47,0
cudaRegisterVar,124,47,0
cudaRegisterFatBinaryEnd,289439,60,0
cudaRegisterFatBinary,64295,97,0
cudaRegisterFunction,157,49,0
cudaRegisterVar,180,44,0
cudaRegisterVar,122,43,0
cudaRegisterVar,114,35,0
cudaRegisterVar,2168,36,0
cudaRegisterVar,6262,37,0
cudaRegisterVar,14452,37,0
cudaRegisterVar,15480,37,0
cudaRegisterVar,17524,39,0
cudaRegisterVar,17548,38,0
cudaRegisterVar,120,36,0
cudaRegisterVar,124,37,0
cudaRegisterFatBinaryEnd,64295,46,0
cudaRegisterFatBinary,262247,252,0
cudaRegisterFunction,465,39,0
cudaRegisterFunction,457,32,0
cudaRegisterFunction,457,34,0
cudaRegisterFunction,457,32,0
cudaRegisterFunction,457,32,0
cudaRegisterFunction,457,32,0
cudaRegisterFunction,275,32,0
cudaRegisterFunction,259,33,0
cudaRegisterFunction,247,32,0
cudaRegisterFunction,465,40,0
cudaRegisterFunction,457,39,0
cudaRegisterFunction,457,43,0
cudaRegisterFunction,457,45,0
cudaRegisterFunction,457,45,0
cudaRegisterFunction,457,45,0
cudaRegisterFunction,275,47,0
cudaRegisterFunction,259,45,0
cudaRegisterFunction,247,44,0
cudaRegisterFunction,263,37,0
cudaRegisterFunction,263,34,0
cudaRegisterVar,188,34,0
cudaRegisterVar,122,35,0
cudaRegisterVar,114,38,0
cudaRegisterVar,2168,43,0
cudaRegisterVar,6262,48,0
cudaRegisterVar,14452,53,0
cudaRegisterVar,15480,50,0
cudaRegisterVar,17524,50,0
cudaRegisterVar,17548,49,0
cudaRegisterVar,120,48,0
cudaRegisterVar,124,47,0
cudaRegisterFatBinaryEnd,262247,59,0
cudaRegisterFatBinary,57767,87,0
cudaRegisterVar,151,38,0
cudaRegisterVar,122,36,0
cudaRegisterVar,114,36,0
cudaRegisterVar,2168,35,0
cudaRegisterVar,6262,36,0
cudaRegisterVar,14452,36,0
cudaRegisterVar,15480,39,0
cudaRegisterVar,17524,37,0
cudaRegisterVar,17548,37,0
cudaRegisterVar,120,37,0
cudaRegisterVar,124,36,0
cudaRegisterFatBinaryEnd,57767,42,0
cudaRegisterFatBinary,65887,97,0
cudaRegisterFunction,227,38,0
cudaRegisterFunction,211,42,0
cudaRegisterFunction,199,44,0
cudaRegisterVar,179,42,0
cudaRegisterVar,122,50,0
cudaRegisterVar,114,48,0
cudaRegisterVar,2168,46,0
cudaRegisterVar,6262,45,0
cudaRegisterVar,14452,39,0
cudaRegisterVar,15480,44,0
cudaRegisterVar,17524,44,0
cudaRegisterVar,17548,50,0
cudaRegisterVar,120,47,0
cudaRegisterVar,124,46,0
cudaRegisterFatBinaryEnd,65887,47,0
cudaRegisterFatBinary,60999,94,0
cudaRegisterFunction,163,53,0
cudaRegisterVar,179,47,0
cudaRegisterVar,122,45,0
cudaRegisterVar,114,48,0
cudaRegisterVar,2168,37,0
cudaRegisterVar,6262,46,0
cudaRegisterVar,14452,49,0
cudaRegisterVar,15480,38,0
cudaRegisterVar,17524,39,0
cudaRegisterVar,17548,38,0
cudaRegisterVar,120,38,0
cudaRegisterVar,124,42,0
cudaRegisterFatBinaryEnd,60999,53,0
cudaRegisterFatBinary,256327,231,0
cudaRegisterFunction,241,47,0
cudaRegisterFunction,241,45,0
cudaRegisterFunction,253,45,0
cudaRegisterFunction,253,39,0
cudaRegisterFunction,253,41,0
cudaRegisterFunction,249,38,0
cudaRegisterFunction,249,43,0
cudaRegisterFunction,249,42,0
cudaRegisterFunction,245,43,0
cudaRegisterFunction,245,44,0
cudaRegisterFunction,253,39,0
cudaRegisterFunction,253,38,0
cudaRegisterFunction,265,45,0
cudaRegisterFunction,265,45,0
cudaRegisterFunction,265,44,0
cudaRegisterFunction,261,43,0
cudaRegisterFunction,261,44,0
cudaRegisterFunction,261,45,0
cudaRegisterFunction,257,42,0
cudaRegisterFunction,257,38,0
cudaRegisterFunction,239,40,0
cudaRegisterFunction,179,38,0
cudaRegisterVar,148,39,0
cudaRegisterVar,122,49,0
cudaRegisterVar,114,46,0
cudaRegisterVar,2168,36,0
cudaRegisterVar,6262,43,0
cudaRegisterVar,14452,38,0
cudaRegisterVar,15480,40,0
cudaRegisterVar,17524,37,0
cudaRegisterVar,17548,38,0
cudaRegisterVar,120,36,0
cudaRegisterVar,124,37,0
cudaRegisterVar,242,39,0
cudaRegisterVar,238,46,0
cudaRegisterVar,244,46,0
cudaRegisterVar,240,38,0
cudaRegisterVar,322,35,0
cudaRegisterVar,236,36,0
cudaRegisterVar,254,36,0
cudaRegisterVar,264,36,0
cudaRegisterVar,260,38,0
cudaRegisterFatBinaryEnd,256327,59,0
cudaRegisterFatBinary,633367,1258,1000
cudaRegisterFunction,227,43,0
cudaRegisterFunction,229,32,0
cudaRegisterFunction,229,33,0
cudaRegisterFunction,229,33,0
cudaRegisterFunction,229,33,0
cudaRegisterFunction,229,31,0
cudaRegisterFunction,231,34,0
cudaRegisterFunction,231,31,0
cudaRegisterFunction,231,31,0
cudaRegisterFunction,231,32,0
cudaRegisterFunction,231,31,0
cudaRegisterFunction,199,32,0
cudaRegisterVar,180,34,0
cudaRegisterVar,122,36,0
cudaRegisterVar,114,35,0
cudaRegisterVar,2168,38,0
cudaRegisterVar,6262,35,0
cudaRegisterVar,14452,37,0
cudaRegisterVar,15480,37,0
cudaRegisterVar,17524,38,0
cudaRegisterVar,17548,39,0
cudaRegisterVar,120,36,0
cudaRegisterVar,124,36,0
cudaRegisterFatBinaryEnd,633367,80,0
cudaRegisterFatBinary,396247,326,0
cudaRegisterFunction,255,39,0
cudaRegisterFunction,223,33,0
cudaRegisterFunction,253,34,0
cudaRegisterFunction,221,32,0
cudaRegisterFunction,253,33,0
cudaRegisterFunction,221,32,0
cudaRegisterFunction,253,32,0
cudaRegisterFunction,221,33,0
cudaRegisterFunction,253,32,0
cudaRegisterFunction,221,32,0
cudaRegisterFunction,255,32,0
cudaRegisterFunction,223,34,0
cudaRegisterFunction,253,32,0
cudaRegisterFunction,221,33,0
cudaRegisterFunction,253,32,0
cudaRegisterFunction,221,32,0
cudaRegisterFunction,253,32,0
cudaRegisterFunction,221,32,0
cudaRegisterFunction,253,32,0
cudaRegisterFunction,221,32,0
cudaRegisterVar,166,30,0
cudaRegisterVar,122,39,0
cudaRegisterVar,114,42,0
cudaRegisterVar,2168,36,0
cudaRegisterVar,6262,36,0
cudaRegisterVar,14452,39,0
cudaRegisterVar,15480,38,0
cudaRegisterVar,17524,36,0
cudaRegisterVar,17548,39,0
cudaRegisterVar,120,36,0
cudaRegisterVar,124,38,0
cudaRegisterFatBinaryEnd,396247,59,0
cudaRegisterFatBinary,373703,319,0
cudaRegisterFunction,207,41,0
cudaRegisterFunction,259,33,0
cudaRegisterFunction,259,34,0
cudaRegisterFunction,259,33,0
cudaRegisterFunction,259,32,0
cudaRegisterFunction,259,33,0
cudaRegisterFunction,259,32,0
cudaRegisterFunction,259,34,0
cudaRegisterFunction,259,32,0
cudaRegisterFunction,259,32,0
cudaRegisterFunction,265,34,0
cudaRegisterFunction,265,31,0
cudaRegisterVar,128,34,0
cudaRegisterVar,122,36,0
cudaRegisterVar,114,36,0
cudaRegisterVar,2168,36,0
cudaRegisterVar,6262,35,0
cudaRegisterVar,14452,39,0
cudaRegisterVar,15480,38,0
cudaRegisterVar,17524,37,0
cudaRegisterVar,17548,40,0
cudaRegisterVar,120,39,0
cudaRegisterVar,124,37,0
cudaRegisterVar,244,48,0
cudaRegisterVar,240,48,0
cudaRegisterVar,246,48,0
cudaRegisterVar,242,48,0
cudaRegisterVar,246,48,0
cudaRegisterVar,242,48,0
cudaRegisterVar,248,48,0
cudaRegisterVar,244,51,0
cudaRegisterVar,326,47,0
cudaRegisterVar,238,47,0
cudaRegisterVar,264,45,0
cudaRegisterVar,236,44,0
cudaRegisterVar,256,36,0
cudaRegisterVar,266,36,0
cudaRegisterVar,262,36,0
cudaRegisterVar,258,36,0
cudaRegisterVar,254,32,0
cudaRegisterVar,260,38,0
cudaRegisterVar,256,42,0
cudaRegisterVar,266,47,0
cudaRegisterVar,256,46,0
cudaRegisterVar,256,46,0
cudaRegisterVar,256,46,0
cudaRegisterVar,258,47,0
cudaRegisterVar,256,50,0
cudaRegisterVar,258,49,0
cudaRegisterVar,264,50,0
cudaRegisterVar,312,49,0
cudaRegisterVar,286,48,0
cudaRegisterVar,286,71,0
cudaRegisterVar,286,53,0
cudaRegisterVar,286,49,0
cudaRegisterVar,286,48,0
cudaRegisterVar,286,48,0
cudaRegisterVar,286,47,0
cudaRegisterVar,286,49,0
cudaRegisterVar,286,42,0
cudaRegisterVar,288,47,0
cudaRegisterFatBinaryEnd,373703,58,0
cudaRegisterFatBinary,148215,152,0
cudaRegisterFunction,453,49,0
cudaRegisterFunction,473,32,0
cudaRegisterFunction,453,36,0
cudaRegisterFunction,207,34,0
cudaRegisterVar,128,32,0
cudaRegisterVar,122,44,0
cudaRegisterVar,114,49,0
cudaRegisterVar,2168,44,0
cudaRegisterVar,6262,38,0
cudaRegisterVar,14452,45,0
cudaRegisterVar,15480,38,0
cudaRegisterVar,17524,38,0
cudaRegisterVar,17548,39,0
cudaRegisterVar,120,45,0
cudaRegisterVar,124,49,0
cudaRegisterVar,232,48,0
cudaRegisterVar,228,47,0
cudaRegisterVar,234,50,0
cudaRegisterVar,230,50,0
cudaRegisterVar,234,47,0
cudaRegisterVar,230,37,0
cudaRegisterVar,236,48,0
cudaRegisterVar,232,46,0
cudaRegisterVar,302,45,0
cudaRegisterVar,226,46,0
cudaRegisterVar,252,44,0
cudaRegisterVar,224,45,0
cudaRegisterVar,244,50,0
cudaRegisterVar,254,46,0
cudaRegisterVar,250,48,0
cudaRegisterVar,246,46,0
cudaRegisterVar,242,36,0
cudaRegisterVar,248,47,0
cudaRegisterVar,244,48,0
cudaRegisterVar,254,48,0
cudaRegisterVar,244,48,0
cudaRegisterVar,244,48,0
cudaRegisterVar,244,51,0
cudaRegisterVar,246,41,0
cudaRegisterVar,244,44,0
cudaRegisterVar,246,47,0
cudaRegisterVar,252,47,0
cudaRegisterVar,300,46,0
cudaRegisterVar,274,40,0
cudaRegisterVar,274,43,0
cudaRegisterVar,274,44,0
cudaRegisterVar,274,47,0
cudaRegisterVar,274,49,0
cudaRegisterVar,274,47,0
cudaRegisterVar,274,47,0
cudaRegisterVar,274,48,0
cudaRegisterVar,274,47,0
cudaRegisterVar,276,48,0
cudaRegisterFatBinaryEnd,148215,44,0
cudaRegisterFatBinary,64127,101,0
cudaRegisterFunction,181,57,0
cudaRegisterVar,177,49,0
cudaRegisterVar,122,47,0
cudaRegisterVar,114,39,0
cudaRegisterVar,2168,43,0
cudaRegisterVar,6262,42,0
cudaRegisterVar,14452,38,0
cudaRegisterVar,15480,40,0
cudaRegisterVar,17524,37,0
cudaRegisterVar,17548,37,0
cudaRegisterVar,120,41,0
cudaRegisterVar,124,50,0
cudaRegisterFatBinaryEnd,64127,62,0
cudaRegisterFatBinary,65279,93,0
cudaRegisterFunction,207,48,0
cudaRegisterVar,128,38,0
cudaRegisterVar,122,42,0
cudaRegisterVar,114,41,0
cudaRegisterVar,2168,43,0
cudaRegisterVar,6262,42,0
cudaRegisterVar,14452,42,0
cudaRegisterVar,15480,50,0
cudaRegisterVar,17524,51,0
cudaRegisterVar,17548,50,0
cudaRegisterVar,120,46,0
cudaRegisterVar,124,48,0
cudaRegisterVar,236,48,0
cudaRegisterVar,232,47,0
cudaRegisterVar,238,48,0
cudaRegisterVar,234,48,0
cudaRegisterVar,238,49,0
cudaRegisterVar,234,50,0
cudaRegisterVar,240,47,0
cudaRegisterVar,236,45,0
cudaRegisterVar,310,48,0
cudaRegisterVar,230,47,0
cudaRegisterVar,256,47,0
cudaRegisterVar,228,47,0
cudaRegisterVar,248,47,0
cudaRegisterVar,258,49,0
cudaRegisterVar,254,48,0
cudaRegisterVar,250,49,0
cudaRegisterVar,246,48,0
cudaRegisterVar,252,49,0
cudaRegisterVar,248,48,0
cudaRegisterVar,258,44,0
cudaRegisterVar,248,45,0
cudaRegisterVar,248,45,0
cudaRegisterVar,248,45,0
cudaRegisterVar,250,42,0
cudaRegisterVar,248,45,0
cudaRegisterVar,250,47,0
cudaRegisterVar,256,46,0
cudaRegisterVar,304,44,0
cudaRegisterVar,278,38,0
cudaRegisterVar,278,37,0
cudaRegisterVar,278,36,0
cudaRegisterVar,278,36,0
cudaRegisterVar,278,36,0
cudaRegisterVar,278,36,0
cudaRegisterVar,278,38,0
cudaRegisterVar,278,40,0
cudaRegisterVar,278,37,0
cudaRegisterVar,280,46,0
cudaRegisterFatBinaryEnd,65279,55,0
cudaRegisterFatBinary,494623,763,0
cudaRegisterFunction,239,54,0
cudaRegisterFunction,239,45,0
cudaRegisterFunction,239,38,0
cudaRegisterFunction,239,40,0
cudaRegisterFunction,239,40,0
cudaRegisterFunction,237,42,0
cudaRegisterFunction,237,42,0
cudaRegisterFunction,237,40,0
cudaRegisterFunction,235,44,0
cudaRegisterFunction,235,45,0
cudaRegisterFunction,235,36,0
cudaRegisterFunction,235,37,0
cudaRegisterFunction,239,34,0
cudaRegisterFunction,239,33,0
cudaRegisterFunction,239,35,0
cudaRegisterFunction,239,33,0
cudaRegisterFunction,239,34,0
cudaRegisterFunction,237,34,0
cudaRegisterFunction,237,40,0
cudaRegisterFunction,237,42,0
cudaRegisterFunction,235,42,0
cudaRegisterFunction,235,39,0
cudaRegisterFunction,235,33,0
cudaRegisterFunction,235,45,0
cudaRegisterVar,128,42,0
cudaRegisterVar,122,44,0
cudaRegisterVar,114,48,0
cudaRegisterVar,2168,37,0
cudaRegisterVar,6262,49,0
cudaRegisterVar,14452,50,0
cudaRegisterVar,15480,46,0
cudaRegisterVar,17524,43,0
cudaRegisterVar,17548,38,0
cudaRegisterVar,120,45,0
cudaRegisterVar,124,42,0
cudaRegisterFatBinaryEnd,494623,74,0
cudaRegisterFatBinary,127663,144,0
cudaRegisterFunction,237,44,0
cudaRegisterFunction,237,33,0
cudaRegisterFunction,237,33,0
cudaRegisterFunction,237,34,0
cudaRegisterFunction,221,32,0
cudaRegisterFunction,221,41,0
cudaRegisterFunction,221,48,0
cudaRegisterFunction,221,35,0
cudaRegisterFunction,209,42,0
cudaRegisterFunction,209,45,0
cudaRegisterFunction,209,43,0
cudaRegisterFunction,209,40,0
cudaRegisterVar,178,45,0
cudaRegisterVar,122,53,0
cudaRegisterVar,114,46,0
cudaRegisterVar,2168,45,0
cudaRegisterVar,6262,44,0
cudaRegisterVar,14452,41,0
cudaRegisterVar,15480,40,0
cudaRegisterVar,17524,39,0
cudaRegisterVar,17548,47,0
cudaRegisterVar,120,37,0
cudaRegisterVar,124,36,0
cudaRegisterFatBinaryEnd,127663,37,0
cudaRegisterFatBinary,61199,92,0
cudaRegisterFunction,185,37,0
cudaRegisterVar,177,35,0
cudaRegisterVar,122,46,0
cudaRegisterVar,114,44,0
cudaRegisterVar,2168,36,0
cudaRegisterVar,6262,47,0
cudaRegisterVar,14452,42,0
cudaRegisterVar,15480,42,0
cudaRegisterVar,17524,39,0
cudaRegisterVar,17548,37,0
cudaRegisterVar,120,36,0
cudaRegisterVar,124,38,0
cudaRegisterFatBinaryEnd,61199,51,0
cudaRegisterFatBinary,310023,605,0
cudaRegisterFunction,311,53,0
cudaRegisterFunction,323,33,0
cudaRegisterFunction,335,41,0
cudaRegisterFunction,347,40,0
cudaRegisterFunction,333,35,0
cudaRegisterFunction,345,32,0
cudaRegisterFunction,187,32,0
cudaRegisterFunction,199,35,0
cudaRegisterFunction,189,33,0
cudaRegisterFunction,201,36,0
cudaRegisterFunction,183,34,0
cudaRegisterFunction,195,45,0
cudaRegisterFunction,201,44,0
cudaRegisterFunction,339,45,0
cudaRegisterFunction,351,43,0
cudaRegisterFunction,335,45,0
cudaRegisterFunction,347,45,0
cudaRegisterFunction,325,45,0
cudaRegisterFunction,337,43,0
cudaRegisterFunction,325,44,0
cudaRegisterFunction,337,46,0
cudaRegisterFunction,325,44,0
cudaRegisterFunction,337,43,0
cudaRegisterFunction,311,37,0
cudaRegisterFunction,323,43,0
cudaRegisterFunction,303,54,0
cudaRegisterFunction,315,45,0
cudaRegisterFunction,303,35,0
cudaRegisterFunction,315,45,0
cudaRegisterFunction,303,34,0
cudaRegisterFunction,315,34,0
cudaRegisterFunction,301,31,0
cudaRegisterFunction,313,33,0
cudaRegisterFunction,303,34,0
cudaRegisterFunction,315,32,0
cudaRegisterFunction,299,32,0
cudaRegisterFunction,311,39,0
cudaRegisterFunction,299,32,0
cudaRegisterFunction,311,35,0
cudaRegisterFunction,299,43,0
cudaRegisterFunction,311,37,0
cudaRegisterFunction,299,45,0
cudaRegisterFunction,311,44,0
cudaRegisterFunction,301,45,0
cudaRegisterFunction,313,44,0
cudaRegisterFunction,299,45,0
cudaRegisterFunction,311,44,0
cudaRegisterFunction,299,41,0
cudaRegisterFunction,311,39,0
cudaRegisterFunction,313,47,0
cudaRegisterFunction,325,43,0
cudaRegisterFunction,317,38,0
cudaRegisterFunction,329,47,0
cudaRegisterFunction,309,46,0
cudaRegisterFunction,321,43,0
cudaRegisterFunction,301,44,0
cudaRegisterFunction,313,44,0
cudaRegisterFunction,301,46,0
cudaRegisterFunction,313,43,0
cudaRegisterFunction,301,44,0
cudaRegisterFunction,313,37,0
cudaRegisterFunction,315,40,0
cudaRegisterFunction,327,38,0
cudaRegisterFunction,311,37,0
cudaRegisterFunction,323,39,0
cudaRegisterFunction,301,39,0
cudaRegisterFunction,313,41,0
cudaRegisterFunction,301,43,0
cudaRegisterFunction,313,44,0
cudaRegisterFunction,299,44,0
cudaRegisterFunction,311,36,0
cudaRegisterFunction,299,39,0
cudaRegisterFunction,311,42,0
cudaRegisterFunction,299,42,0
cudaRegisterFunction,311,41,0
cudaRegisterVar,179,44,0
cudaRegisterVar,122,49,0
cudaRegisterVar,114,46,0
cudaRegisterVar,2168,48,0
cudaRegisterVar,6262,50,0
cudaRegisterVar,14452,51,0
cudaRegisterVar,15480,51,0
cudaRegisterVar,17524,45,0
cudaRegisterVar,17548,41,0
cudaRegisterVar,120,45,0
cudaRegisterVar,124,46,0
cudaRegisterFatBinaryEnd,310023,67,0
cudaRegisterFatBinary,101847,125,0
cudaRegisterFunction,203,50,0
cudaRegisterFunction,225,40,0
cudaRegisterFunction,205,35,0
cudaRegisterFunction,181,32,0
cudaRegisterVar,162,32,0
cudaRegisterVar,122,38,0
cudaRegisterVar,114,34,0
cudaRegisterVar,2168,35,0
cudaRegisterVar,6262,37,0
cudaRegisterVar,14452,38,0
cudaRegisterVar,15480,47,0
cudaRegisterVar,17524,40,0
cudaRegisterVar,17548,46,0
cudaRegisterVar,120,48,0
cudaRegisterVar,124,48,0
cudaRegisterVar,242,47,0
cudaRegisterFatBinaryEnd,101847,44,0
cudaRegisterFatBinary,163983,169,0
cudaRegisterFunction,223,47,0
cudaRegisterFunction,221,49,0
cudaRegisterFunction,215,44,0
cudaRegisterFunction,213,40,0
cudaRegisterVar,201,41,0
cudaRegisterVar,122,42,0
cudaRegisterVar,114,36,0
cudaRegisterVar,2168,35,0
cudaRegisterVar,6262,36,0
cudaRegisterVar,14452,38,0
cudaRegisterVar,15480,38,0
cudaRegisterVar,17524,39,0
cudaRegisterVar,17548,36,0
cudaRegisterVar,120,38,0
cudaRegisterVar,124,36,0
cudaRegisterFatBinaryEnd,163983,41,0
cudaRegisterFatBinary,1876527,3769,3000
cudaRegisterFunction,333,39,0
cudaRegisterFunction,333,32,0
cudaRegisterFunction,333,33,0
cudaRegisterFunction,335,33,0
cudaRegisterFunction,335,31,0
cudaRegisterFunction,333,31,0
cudaRegisterFunction,333,35,0
cudaRegisterFunction,333,32,0
cudaRegisterFunction,333,32,0
cudaRegisterFunction,335,35,0
cudaRegisterFunction,333,33,0
cudaRegisterFunction,333,32,0
cudaRegisterFunction,333,34,0
cudaRegisterFunction,333,33,0
cudaRegisterFunction,333,32,0
cudaRegisterFunction,333,32,0
cudaRegisterFunction,333,32,0
cudaRegisterFunction,285,32,0
cudaRegisterFunction,283,32,0
cudaRegisterFunction,333,32,0
cudaRegisterFunction,285,32,0
cudaRegisterFunction,283,31,0
cudaRegisterFunction,333,33,0
cudaRegisterFunction,285,33,0
cudaRegisterFunction,283,31,0
cudaRegisterFunction,333,32,0
cudaRegisterFunction,287,32,0
cudaRegisterFunction,285,31,0
cudaRegisterFunction,335,33,0
cudaRegisterFunction,287,32,0
cudaRegisterFunction,285,33,0
cudaRegisterFunction,221,32,0
cudaRegisterFunction,335,30,0
cudaRegisterFunction,285,34,0
cudaRegisterFunction,283,32,0
cudaRegisterFunction,333,32,0
cudaRegisterFunction,285,32,0
cudaRegisterFunction,283,32,0
cudaRegisterFunction,333,31,0
cudaRegisterFunction,285,32,0
cudaRegisterFunction,283,32,0
cudaRegisterFunction,333,31,0
cudaRegisterFunction,285,32,0
cudaRegisterFunction,283,33,0
cudaRegisterFunction,333,33,0
cudaRegisterFunction,287,32,0
cudaRegisterFunction,285,33,0
cudaRegisterFunction,221,32,0
cudaRegisterFunction,335,32,0
cudaRegisterFunction,285,32,0
cudaRegisterFunction,283,32,0
cudaRegisterFunction,333,34,0
cudaRegisterFunction,285,32,0
cudaRegisterFunction,283,31,0
cudaRegisterFunction,333,33,0
cudaRegisterFunction,285,32,0
cudaRegisterFunction,283,33,0
cudaRegisterFunction,333,31,0
cudaRegisterFunction,285,32,0
cudaRegisterFunction,283,32,0
cudaRegisterFunction,219,32,0
cudaRegisterFunction,333,31,0
cudaRegisterFunction,285,31,0
cudaRegisterFunction,283,33,0
cudaRegisterFunction,219,32,0
cudaRegisterFunction,333,34,0
cudaRegisterFunction,285,32,0
cudaRegisterFunction,283,31,0
cudaRegisterFunction,219,31,0
cudaRegisterFunction,333,32,0
cudaRegisterFunction,225,31,0
cudaRegisterFunction,285,32,0
cudaRegisterFunction,283,28,0
cudaRegisterFunction,219,33,0
cudaRegisterFunction,333,33,0
cudaRegisterVar,236,33,0
cudaRegisterVar,122,35,0
cudaRegisterVar,114,38,0
cudaRegisterVar,2168,36,0
cudaRegisterVar,6262,35,0
cudaRegisterVar,14452,39,0
cudaRegisterVar,15480,37,0
cudaRegisterVar,17524,37,0
cudaRegisterVar,17548,39,0
cudaRegisterVar,120,35,0
cudaRegisterVar,124,36,0
cudaRegisterFatBinaryEnd,1876527,239,0
cudaRegisterFatBinary,3394887,5663,5000
cudaRegisterFunction,333,43,0
cudaRegisterFunction,333,32,0
cudaRegisterFunction,333,36,0
cudaRegisterFunction,335,31,0
cudaRegisterFunction,335,32,0
cudaRegisterFunction,333,33,0
cudaRegisterFunction,333,32,0
cudaRegisterFunction,333,34,0
cudaRegisterFunction,333,32,0
cudaRegisterFunction,335,33,0
cudaRegisterFunction,333,32,0
cudaRegisterFunction,333,32,0
cudaRegisterFunction,333,33,0
cudaRegisterFunction,333,34,0
cudaRegisterFunction,333,34,0
cudaRegisterFunction,333,32,0
cudaRegisterFunction,333,32,0
cudaRegisterFunction,285,32,0
cudaRegisterFunction,283,32,0
cudaRegisterFunction,333,32,0
cudaRegisterFunction,285,32,0
cudaRegisterFunction,283,32,0
cudaRegisterFunction,333,32,0
cudaRegisterFunction,285,32,0
cudaRegisterFunction,283,32,0
cudaRegisterFunction,333,32,0
cudaRegisterFunction,287,33,0
cudaRegisterFunction,285,33,0
cudaRegisterFunction,335,32,0
cudaRegisterFunction,287,31,0
cudaRegisterFunction,285,34,0
cudaRegisterFunction,221,31,0
cudaRegisterFunction,335,32,0
cudaRegisterFunction,285,32,0
cudaRegisterFunction,283,31,0
cudaRegisterFunction,333,26,0
cudaRegisterFunction,285,35,0
cudaRegisterFunction,283,32,0
cudaRegisterFunction,333,34,0
cudaRegisterFunction,285,31,0
cudaRegisterFunction,283,32,0
cudaRegisterFunction,333,33,0
cudaRegisterFunction,285,32,0
cudaRegisterFunction,283,32,0
cudaRegisterFunction,333,31,0
cudaRegisterFunction,287,32,0
cudaRegisterFunction,285,33,0
cudaRegisterFunction,221,32,0
cudaRegisterFunction,335,32,0
cudaRegisterFunction,285,35,0
cudaRegisterFunction,283,33,0
cudaRegisterFunction,333,31,0
cudaRegisterFunction,285,32,0
cudaRegisterFunction,283,33,0
cudaRegisterFunction,333,31,0
cudaRegisterFunction,285,34,0
cudaRegisterFunction,283,32,0
cudaRegisterFunction,333,32,0
cudaRegisterFunction,285,32,0
cudaRegisterFunction,283,31,0
cudaRegisterFunction,219,32,0
cudaRegisterFunction,333,33,0
cudaRegisterFunction,285,32,0
cudaRegisterFunction,283,32,0
cudaRegisterFunction,219,32,0
cudaRegisterFunction,333,32,0
cudaRegisterFunction,285,32,0
cudaRegisterFunction,283,31,0
cudaRegisterFunction,219,32,0
cudaRegisterFunction,333,33,0
cudaRegisterFunction,225,32,0
cudaRegisterFunction,285,31,0
cudaRegisterFunction,283,34,0
cudaRegisterFunction,219,32,0
cudaRegisterFunction,333,33,0
cudaRegisterVar,236,33,0
cudaRegisterVar,122,36,0
cudaRegisterVar,114,36,0
cudaRegisterVar,2168,36,0
cudaRegisterVar,6262,35,0
cudaRegisterVar,14452,41,0
cudaRegisterVar,15480,37,0
cudaRegisterVar,17524,38,0
cudaRegisterVar,17548,44,0
cudaRegisterVar,120,36,0
cudaRegisterVar,124,36,0
cudaRegisterFatBinaryEnd,3394887,417,0
cudaRegisterFatBinary,1292647,949,0
cudaRegisterFunction,333,38,0
cudaRegisterFunction,333,31,0
cudaRegisterFunction,333,34,0
cudaRegisterFunction,335,34,0
cudaRegisterFunction,335,32,0
cudaRegisterFunction,285,32,0
cudaRegisterFunction,283,33,0
cudaRegisterFunction,333,32,0
cudaRegisterFunction,285,32,0
cudaRegisterFunction,283,32,0
cudaRegisterFunction,333,33,0
cudaRegisterFunction,285,33,0
cudaRegisterFunction,283,32,0
cudaRegisterFunction,219,32,0
cudaRegisterFunction,333,33,0
cudaRegisterFunction,287,32,0
cudaRegisterFunction,285,32,0
cudaRegisterFunction,219,34,0
cudaRegisterFunction,335,34,0
cudaRegisterFunction,225,33,0
cudaRegisterFunction,287,32,0
cudaRegisterFunction,285,32,0
cudaRegisterFunction,219,33,0
cudaRegisterFunction,335,32,0
cudaRegisterVar,236,29,0
cudaRegisterVar,122,36,0
cudaRegisterVar,114,36,0
cudaRegisterVar,2168,35,0
cudaRegisterVar,6262,36,0
cudaRegisterVar,14452,40,0
cudaRegisterVar,15480,37,0
cudaRegisterVar,17524,44,0
cudaRegisterVar,17548,37,0
cudaRegisterVar,120,36,0
cudaRegisterVar,124,37,0
cudaRegisterFatBinaryEnd,1292647,178,0
cudaRegisterFatBinary,5537343,12637,11000
cudaRegisterFunction,333,42,0
cudaRegisterFunction,333,30,0
cudaRegisterFunction,333,33,0
cudaRegisterFunction,335,32,0
cudaRegisterFunction,335,34,0
cudaRegisterFunction,333,38,0
cudaRegisterFunction,333,33,0
cudaRegisterFunction,333,45,0
cudaRegisterFunction,333,42,0
cudaRegisterFunction,335,43,0
cudaRegisterFunction,333,41,0
cudaRegisterFunction,333,47,0
cudaRegisterFunction,333,45,0
cudaRegisterFunction,333,44,0
cudaRegisterFunction,333,40,0
cudaRegisterFunction,333,37,0
cudaRegisterFunction,333,51,0
cudaRegisterFunction,285,53,0
cudaRegisterFunction,283,41,0
cudaRegisterFunction,333,33,0
cudaRegisterFunction,285,42,0
cudaRegisterFunction,283,44,0
cudaRegisterFunction,333,46,0
cudaRegisterFunction,285,41,0
cudaRegisterFunction,283,33,0
cudaRegisterFunction,333,43,0
cudaRegisterFunction,287,41,0
cudaRegisterFunction,285,34,0
cudaRegisterFunction,335,35,0
cudaRegisterFunction,287,35,0
cudaRegisterFunction,285,35,0
cudaRegisterFunction,221,36,0
cudaRegisterFunction,335,32,0
cudaRegisterFunction,285,34,0
cudaRegisterFunction,283,31,0
cudaRegisterFunction,333,33,0
cudaRegisterFunction,285,32,0
cudaRegisterFunction,283,31,0
cudaRegisterFunction,333,29,0
cudaRegisterFunction,285,34,0
cudaRegisterFunction,283,32,0
cudaRegisterFunction,333,32,0
cudaRegisterFunction,285,32,0
cudaRegisterFunction,283,32,0
cudaRegisterFunction,333,33,0
cudaRegisterFunction,287,34,0
cudaRegisterFunction,285,30,0
cudaRegisterFunction,221,32,0
cudaRegisterFunction,335,32,0
cudaRegisterFunction,285,31,0
cudaRegisterFunction,283,32,0
cudaRegisterFunction,333,32,0
cudaRegisterFunction,285,31,0
cudaRegisterFunction,283,31,0
cudaRegisterFunction,333,32,0
cudaRegisterFunction,285,32,0
cudaRegisterFunction,283,32,0
cudaRegisterFunction,333,32,0
cudaRegisterFunction,285,34,0
cudaRegisterFunction,283,31,0
cudaRegisterFunction,219,33,0
cudaRegisterFunction,333,34,0
cudaRegisterFunction,285,33,0
cudaRegisterFunction,283,32,0
cudaRegisterFunction,219,32,0
cudaRegisterFunction,333,32,0
cudaRegisterFunction,285,33,0
cudaRegisterFunction,283,30,0
cudaRegisterFunction,219,33,0
cudaRegisterFunction,333,31,0
cudaRegisterFunction,225,32,0
cudaRegisterFunction,285,34,0
cudaRegisterFunction,283,33,0
cudaRegisterFunction,219,32,0
cudaRegisterFunction,333,33,0
cudaRegisterVar,237,34,0
cudaRegisterVar,122,36,0
cudaRegisterVar,114,36,0
cudaRegisterVar,2168,35,0
cudaRegisterVar,6262,35,0
cudaRegisterVar,14452,38,0
cudaRegisterVar,15480,39,0
cudaRegisterVar,17524,39,0
cudaRegisterVar,17548,39,0
cudaRegisterVar,120,36,0
cudaRegisterVar,124,35,0
cudaRegisterFatBinaryEnd,5537343,670,0
cudaRegisterFatBinary,366063,318,0
cudaRegisterFunction,335,39,0
cudaRegisterFunction,225,31,0
cudaRegisterFunction,287,32,0
cudaRegisterFunction,285,32,0
cudaRegisterFunction,219,30,0
cudaRegisterFunction,335,33,0
cudaRegisterVar,234,30,0
cudaRegisterVar,122,37,0
cudaRegisterVar,114,39,0
cudaRegisterVar,2168,47,0
cudaRegisterVar,6262,46,0
cudaRegisterVar,14452,48,0
cudaRegisterVar,15480,47,0
cudaRegisterVar,17524,45,0
cudaRegisterVar,17548,44,0
cudaRegisterVar,120,42,0
cudaRegisterVar,124,48,0
cudaRegisterFatBinaryEnd,366063,70,0
cudaRegisterFatBinary,1238047,1047,0
cudaRegisterFunction,329,48,0
cudaRegisterFunction,329,46,0
cudaRegisterFunction,329,41,0
cudaRegisterFunction,331,40,0
cudaRegisterFunction,331,39,0
cudaRegisterFunction,329,32,0
cudaRegisterFunction,329,33,0
cudaRegisterFunction,329,35,0
cudaRegisterFunction,329,34,0
cudaRegisterFunction,331,35,0
cudaRegisterFunction,329,46,0
cudaRegisterFunction,329,45,0
cudaRegisterFunction,329,44,0
cudaRegisterFunction,329,34,0
cudaRegisterFunction,329,44,0
cudaRegisterFunction,329,45,0
cudaRegisterFunction,329,43,0
cudaRegisterFunction,283,43,0
cudaRegisterFunction,281,34,0
cudaRegisterFunction,329,40,0
cudaRegisterFunction,283,39,0
cudaRegisterFunction,281,34,0
cudaRegisterFunction,329,40,0
cudaRegisterFunction,283,41,0
cudaRegisterFunction,281,43,0
cudaRegisterFunction,329,46,0
cudaRegisterFunction,285,41,0
cudaRegisterFunction,283,36,0
cudaRegisterFunction,331,46,0
cudaRegisterFunction,285,45,0
cudaRegisterFunction,283,43,0
cudaRegisterFunction,221,53,0
cudaRegisterFunction,331,46,0
cudaRegisterFunction,283,44,0
cudaRegisterFunction,281,44,0
cudaRegisterFunction,329,42,0
cudaRegisterFunction,283,39,0
cudaRegisterFunction,281,41,0
cudaRegisterFunction,329,55,0
cudaRegisterFunction,283,43,0
cudaRegisterFunction,281,43,0
cudaRegisterFunction,329,42,0
cudaRegisterFunction,283,43,0
cudaRegisterFunction,281,42,0
cudaRegisterFunction,329,47,0
cudaRegisterFunction,285,45,0
cudaRegisterFunction,283,44,0
cudaRegisterFunction,221,32,0
cudaRegisterFunction,331,33,0
cudaRegisterFunction,283,34,0
cudaRegisterFunction,281,34,0
cudaRegisterFunction,329,34,0
cudaRegisterFunction,283,43,0
cudaRegisterFunction,281,43,0
cudaRegisterFunction,329,44,0
cudaRegisterFunction,283,36,0
cudaRegisterFunction,281,46,0
cudaRegisterFunction,329,45,0
cudaRegisterFunction,283,35,0
cudaRegisterFunction,281,36,0
cudaRegisterFunction,219,35,0
cudaRegisterFunction,329,46,0
cudaRegisterFunction,283,34,0
cudaRegisterFunction,281,32,0
cudaRegisterFunction,219,36,0
cudaRegisterFunction,329,50,0
cudaRegisterFunction,283,40,0
cudaRegisterFunction,281,37,0
cudaRegisterFunction,219,34,0
cudaRegisterFunction,329,44,0
cudaRegisterFunction,223,42,0
cudaRegisterFunction,283,36,0
cudaRegisterFunction,281,32,0
cudaRegisterFunction,219,34,0
cudaRegisterFunction,329,32,0
cudaRegisterVar,129,34,0
cudaRegisterVar,122,37,0
cudaRegisterVar,114,36,0
cudaRegisterVar,2168,37,0
cudaRegisterVar,6262,41,0
cudaRegisterVar,14452,42,0
cudaRegisterVar,15480,38,0
cudaRegisterVar,17524,38,0
cudaRegisterVar,17548,38,0
cudaRegisterVar,120,35,0
cudaRegisterVar,124,35,0
cudaRegisterFatBinaryEnd,1238047,168,0
cudaRegisterFatBinary,3055503,6162,5000
cudaRegisterFunction,333,44,0
cudaRegisterFunction,333,30,0
cudaRegisterFunction,333,34,0
cudaRegisterFunction,333,31,0
cudaRegisterFunction,333,34,0
cudaRegisterFunction,333,32,0
cudaRegisterFunction,333,36,0
cudaRegisterFunction,333,33,0
cudaRegisterFunction,333,33,0
cudaRegisterFunction,285,33,0
cudaRegisterFunction,283,32,0
cudaRegisterFunction,333,34,0
cudaRegisterFunction,285,33,0
cudaRegisterFunction,283,36,0
cudaRegisterFunction,333,31,0
cudaRegisterFunction,285,32,0
cudaRegisterFunction,283,32,0
cudaRegisterFunction,333,36,0
cudaRegisterFunction,285,46,0
cudaRegisterFunction,283,40,0
cudaRegisterFunction,219,34,0
cudaRegisterFunction,333,41,0
cudaRegisterFunction,285,43,0
cudaRegisterFunction,283,42,0
cudaRegisterFunction,333,46,0
cudaRegisterFunction,285,45,0
cudaRegisterFunction,283,33,0
cudaRegisterFunction,333,39,0
cudaRegisterFunction,285,43,0
cudaRegisterFunction,283,37,0
cudaRegisterFunction,219,53,0
cudaRegisterFunction,333,46,0
cudaRegisterFunction,285,42,0
cudaRegisterFunction,283,34,0
cudaRegisterFunction,219,33,0
cudaRegisterFunction,333,35,0
cudaRegisterFunction,225,41,0
cudaRegisterFunction,285,40,0
cudaRegisterFunction,283,38,0
cudaRegisterFunction,219,35,0
cudaRegisterFunction,333,32,0
cudaRegisterVar,128,45,0
cudaRegisterVar,122,45,0
cudaRegisterVar,114,39,0
cudaRegisterVar,2168,44,0
cudaRegisterVar,6262,50,0
cudaRegisterVar,14452,50,0
cudaRegisterVar,15480,51,0
cudaRegisterVar,17524,49,0
cudaRegisterVar,17548,50,0
cudaRegisterVar,120,46,0
cudaRegisterVar,124,50,0
cudaRegisterFatBinaryEnd,3055503,372,0
cudaRegisterFatBinary,1641607,1212,0
cudaRegisterFunction,333,49,0
cudaRegisterFunction,333,28,0
cudaRegisterFunction,333,33,0
cudaRegisterFunction,335,40,0
cudaRegisterFunction,285,38,0
cudaRegisterFunction,283,43,0
cudaRegisterFunction,333,39,0
cudaRegisterFunction,285,40,0
cudaRegisterFunction,283,39,0
cudaRegisterFunction,219,43,0
cudaRegisterFunction,333,46,0
cudaRegisterFunction,285,46,0
cudaRegisterFunction,283,47,0
cudaRegisterFunction,219,43,0
cudaRegisterFunction,333,45,0
cudaRegisterFunction,225,45,0
cudaRegisterFunction,287,45,0
cudaRegisterFunction,285,44,0
cudaRegisterFunction,219,44,0
cudaRegisterFunction,335,34,0
cudaRegisterVar,234,36,0
cudaRegisterVar,122,36,0
cudaRegisterVar,114,37,0
cudaRegisterVar,2168,45,0
cudaRegisterVar,6262,50,0
cudaRegisterVar,14452,40,0
cudaRegisterVar,15480,49,0
cudaRegisterVar,17524,51,0
cudaRegisterVar,17548,50,0
cudaRegisterVar,120,47,0
cudaRegisterVar,124,48,0
cudaRegisterFatBinaryEnd,1641607,220,0
cudaRegisterFatBinary,1379703,1128,0
cudaRegisterFunction,329,51,0
cudaRegisterFunction,329,43,0
cudaRegisterFunction,329,40,0
cudaRegisterFunction,331,35,0
cudaRegisterFunction,331,35,0
cudaRegisterFunction,329,37,0
cudaRegisterFunction,329,41,0
cudaRegisterFunction,329,43,0
cudaRegisterFunction,329,38,0
cudaRegisterFunction,331,39,0
cudaRegisterFunction,329,41,0
cudaRegisterFunction,329,43,0
cudaRegisterFunction,329,44,0
cudaRegisterFunction,329,42,0
cudaRegisterFunction,329,37,0
cudaRegisterFunction,329,44,0
cudaRegisterFunction,329,46,0
cudaRegisterFunction,283,43,0
cudaRegisterFunction,281,45,0
cudaRegisterFunction,329,34,0
cudaRegisterFunction,283,34,0
cudaRegisterFunction,281,34,0
cudaRegisterFunction,329,34,0
cudaRegisterFunction,283,36,0
cudaRegisterFunction,281,33,0
cudaRegisterFunction,329,43,0
cudaRegisterFunction,285,45,0
cudaRegisterFunction,283,46,0
cudaRegisterFunction,331,45,0
cudaRegisterFunction,285,41,0
cudaRegisterFunction,283,34,0
cudaRegisterFunction,221,34,0
cudaRegisterFunction,331,42,0
cudaRegisterFunction,283,41,0
cudaRegisterFunction,281,42,0
cudaRegisterFunction,329,39,0
cudaRegisterFunction,283,32,0
cudaRegisterFunction,281,38,0
cudaRegisterFunction,329,40,0
cudaRegisterFunction,283,45,0
cudaRegisterFunction,281,42,0
cudaRegisterFunction,329,35,0
cudaRegisterFunction,283,41,0
cudaRegisterFunction,281,44,0
cudaRegisterFunction,329,47,0
cudaRegisterFunction,285,45,0
cudaRegisterFunction,283,44,0
cudaRegisterFunction,221,45,0
cudaRegisterFunction,331,44,0
cudaRegisterFunction,283,42,0
cudaRegisterFunction,281,42,0
cudaRegisterFunction,329,41,0
cudaRegisterFunction,283,33,0
cudaRegisterFunction,281,32,0
cudaRegisterFunction,329,36,0
cudaRegisterFunction,283,34,0
cudaRegisterFunction,281,42,0
cudaRegisterFunction,329,45,0
cudaRegisterFunction,283,36,0
cudaRegisterFunction,281,39,0
cudaRegisterFunction,219,42,0
cudaRegisterFunction,329,41,0
cudaRegisterFunction,283,42,0
cudaRegisterFunction,281,42,0
cudaRegisterFunction,219,40,0
cudaRegisterFunction,329,41,0
cudaRegisterFunction,283,40,0
cudaRegisterFunction,281,40,0
cudaRegisterFunction,219,45,0
cudaRegisterFunction,329,42,0
cudaRegisterFunction,223,38,0
cudaRegisterFunction,283,45,0
cudaRegisterFunction,281,45,0
cudaRegisterFunction,219,42,0
cudaRegisterFunction,329,35,0
cudaRegisterVar,234,36,0
cudaRegisterVar,122,43,0
cudaRegisterVar,114,50,0
cudaRegisterVar,2168,47,0
cudaRegisterVar,6262,42,0
cudaRegisterVar,14452,48,0
cudaRegisterVar,15480,49,0
cudaRegisterVar,17524,50,0
cudaRegisterVar,17548,50,0
cudaRegisterVar,120,48,0
cudaRegisterVar,124,48,0
cudaRegisterFatBinaryEnd,1379703,189,0
cudaRegisterFatBinary,1585359,1277,1000
cudaRegisterFunction,329,44,0
cudaRegisterFunction,329,45,0
cudaRegisterFunction,329,41,0
cudaRegisterFunction,331,43,0
cudaRegisterFunction,331,45,0
cudaRegisterFunction,329,34,0
cudaRegisterFunction,329,43,0
cudaRegisterFunction,329,45,0
cudaRegisterFunction,329,46,0
cudaRegisterFunction,331,46,0
cudaRegisterFunction,329,43,0
cudaRegisterFunction,329,46,0
cudaRegisterFunction,329,39,0
cudaRegisterFunction,329,34,0
cudaRegisterFunction,329,34,0
cudaRegisterFunction,329,35,0
cudaRegisterFunction,329,36,0
cudaRegisterFunction,283,42,0
cudaRegisterFunction,281,35,0
cudaRegisterFunction,329,41,0
cudaRegisterFunction,283,32,0
cudaRegisterFunction,281,42,0
cudaRegisterFunction,329,33,0
cudaRegisterFunction,283,33,0
cudaRegisterFunction,281,32,0
cudaRegisterFunction,329,32,0
cudaRegisterFunction,285,33,0
cudaRegisterFunction,283,32,0
cudaRegisterFunction,331,32,0
cudaRegisterFunction,285,32,0
cudaRegisterFunction,283,36,0
cudaRegisterFunction,221,38,0
cudaRegisterFunction,331,32,0
cudaRegisterFunction,283,34,0
cudaRegisterFunction,281,32,0
cudaRegisterFunction,329,33,0
cudaRegisterFunction,283,32,0
cudaRegisterFunction,281,33,0
cudaRegisterFunction,329,31,0
cudaRegisterFunction,283,32,0
cudaRegisterFunction,281,32,0
cudaRegisterFunction,329,32,0
cudaRegisterFunction,283,32,0
cudaRegisterFunction,281,32,0
cudaRegisterFunction,329,34,0
cudaRegisterFunction,285,32,0
cudaRegisterFunction,283,33,0
cudaRegisterFunction,221,33,0
cudaRegisterFunction,331,25,0
cudaRegisterFunction,283,33,0
cudaRegisterFunction,281,33,0
cudaRegisterFunction,329,32,0
cudaRegisterFunction,283,30,0
cudaRegisterFunction,281,32,0
cudaRegisterFunction,329,32,0
cudaRegisterFunction,283,32,0
cudaRegisterFunction,281,32,0
cudaRegisterFunction,329,34,0
cudaRegisterFunction,283,36,0
cudaRegisterFunction,281,33,0
cudaRegisterFunction,219,33,0
cudaRegisterFunction,329,31,0
cudaRegisterFunction,283,34,0
cudaRegisterFunction,281,32,0
cudaRegisterFunction,219,33,0
cudaRegisterFunction,329,31,0
cudaRegisterFunction,283,32,0
cudaRegisterFunction,281,31,0
cudaRegisterFunction,219,32,0
cudaRegisterFunction,329,35,0
cudaRegisterFunction,223,33,0
cudaRegisterFunction,283,33,0
cudaRegisterFunction,281,33,0
cudaRegisterFunction,219,31,0
cudaRegisterFunction,329,33,0
cudaRegisterVar,129,35,0
cudaRegisterVar,122,35,0
cudaRegisterVar,114,37,0
cudaRegisterVar,2168,35,0
cudaRegisterVar,6262,35,0
cudaRegisterVar,14452,37,0
cudaRegisterVar,15480,37,0
cudaRegisterVar,17524,37,0
cudaRegisterVar,17548,42,0
cudaRegisterVar,120,34,0
cudaRegisterVar,124,36,0
cudaRegisterFatBinaryEnd,1585359,210,0
cudaRegisterFatBinary,1652527,2016,1000
cudaRegisterFunction,329,40,0
cudaRegisterFunction,329,37,0
cudaRegisterFunction,329,33,0
cudaRegisterFunction,331,34,0
cudaRegisterFunction,331,33,0
cudaRegisterFunction,329,32,0
cudaRegisterFunction,329,33,0
cudaRegisterFunction,329,35,0
cudaRegisterFunction,329,32,0
cudaRegisterFunction,331,33,0
cudaRegisterFunction,329,33,0
cudaRegisterFunction,329,32,0
cudaRegisterFunction,329,32,0
cudaRegisterFunction,329,32,0
cudaRegisterFunction,329,32,0
cudaRegisterFunction,329,32,0
cudaRegisterFunction,329,33,0
cudaRegisterFunction,283,32,0
cudaRegisterFunction,281,32,0
cudaRegisterFunction,329,33,0
cudaRegisterFunction,283,33,0
cudaRegisterFunction,281,40,0
cudaRegisterFunction,329,46,0
cudaRegisterFunction,283,45,0
cudaRegisterFunction,281,45,0
cudaRegisterFunction,329,33,0
cudaRegisterFunction,285,40,0
cudaRegisterFunction,283,36,0
cudaRegisterFunction,331,33,0
cudaRegisterFunction,285,31,0
cudaRegisterFunction,283,32,0
cudaRegisterFunction,221,39,0
cudaRegisterFunction,331,40,0
cudaRegisterFunction,283,39,0
cudaRegisterFunction,281,42,0
cudaRegisterFunction,329,47,0
cudaRegisterFunction,283,45,0
cudaRegisterFunction,281,43,0
cudaRegisterFunction,329,41,0
cudaRegisterFunction,283,42,0
cudaRegisterFunction,281,43,0
cudaRegisterFunction,329,39,0
cudaRegisterFunction,283,40,0
cudaRegisterFunction,281,47,0
cudaRegisterFunction,329,40,0
cudaRegisterFunction,285,39,0
cudaRegisterFunction,283,40,0
cudaRegisterFunction,221,37,0
cudaRegisterFunction,331,42,0
cudaRegisterFunction,283,46,0
cudaRegisterFunction,281,46,0
cudaRegisterFunction,329,35,0
cudaRegisterFunction,283,34,0
cudaRegisterFunction,281,32,0
cudaRegisterFunction,329,32,0
cudaRegisterFunction,283,34,0
cudaRegisterFunction,281,32,0
cudaRegisterFunction,329,31,0
cudaRegisterFunction,283,33,0
cudaRegisterFunction,281,32,0
cudaRegisterFunction,219,31,0
cudaRegisterFunction,329,33,0
cudaRegisterFunction,283,34,0
cudaRegisterFunction,281,40,0
cudaRegisterFunction,219,39,0
cudaRegisterFunction,329,34,0
cudaRegisterFunction,283,41,0
cudaRegisterFunction,281,42,0
cudaRegisterFunction,219,39,0
cudaRegisterFunction,329,36,0
cudaRegisterFunction,223,33,0
cudaRegisterFunction,283,41,0
cudaRegisterFunction,281,38,0
cudaRegisterFunction,219,33,0
cudaRegisterFunction,329,32,0
cudaRegisterVar,234,34,0
cudaRegisterVar,122,37,0
cudaRegisterVar,114,36,0
cudaRegisterVar,2168,36,0
cudaRegisterVar,6262,36,0
cudaRegisterVar,14452,38,0
cudaRegisterVar,15480,37,0
cudaRegisterVar,17524,38,0
cudaRegisterVar,17548,39,0
cudaRegisterVar,120,35,0
cudaRegisterVar,124,42,0
cudaRegisterFatBinaryEnd,1652527,220,0
cudaRegisterFatBinary,1751487,2345,2000
cudaRegisterFunction,329,55,0
cudaRegisterFunction,329,45,0
cudaRegisterFunction,329,47,0
cudaRegisterFunction,331,46,0
cudaRegisterFunction,331,38,0
cudaRegisterFunction,329,48,0
cudaRegisterFunction,329,45,0
cudaRegisterFunction,329,39,0
cudaRegisterFunction,329,37,0
cudaRegisterFunction,331,33,0
cudaRegisterFunction,329,36,0
cudaRegisterFunction,329,41,0
cudaRegisterFunction,329,42,0
cudaRegisterFunction,329,43,0
cudaRegisterFunction,329,41,0
cudaRegisterFunction,329,34,0
cudaRegisterFunction,329,32,0
cudaRegisterFunction,283,32,0
cudaRegisterFunction,281,32,0
cudaRegisterFunction,329,31,0
cudaRegisterFunction,283,33,0
cudaRegisterFunction,281,32,0
cudaRegisterFunction,329,32,0
cudaRegisterFunction,283,32,0
cudaRegisterFunction,281,34,0
cudaRegisterFunction,329,41,0
cudaRegisterFunction,285,44,0
cudaRegisterFunction,283,44,0
cudaRegisterFunction,331,33,0
cudaRegisterFunction,285,40,0
cudaRegisterFunction,283,37,0
cudaRegisterFunction,221,32,0
cudaRegisterFunction,331,32,0
cudaRegisterFunction,283,32,0
cudaRegisterFunction,281,32,0
cudaRegisterFunction,329,31,0
cudaRegisterFunction,283,32,0
cudaRegisterFunction,281,32,0
cudaRegisterFunction,329,28,0
cudaRegisterFunction,283,42,0
cudaRegisterFunction,281,34,0
cudaRegisterFunction,329,41,0
cudaRegisterFunction,283,40,0
cudaRegisterFunction,281,46,0
cudaRegisterFunction,329,43,0
cudaRegisterFunction,285,41,0
cudaRegisterFunction,283,45,0
cudaRegisterFunction,221,50,0
cudaRegisterFunction,331,41,0
cudaRegisterFunction,283,40,0
cudaRegisterFunction,281,38,0
cudaRegisterFunction,329,41,0
cudaRegisterFunction,283,40,0
cudaRegisterFunction,281,35,0
cudaRegisterFunction,329,42,0
cudaRegisterFunction,283,45,0
cudaRegisterFunction,281,34,0
cudaRegisterFunction,329,43,0
cudaRegisterFunction,283,42,0
cudaRegisterFunction,281,43,0
cudaRegisterFunction,219,41,0
cudaRegisterFunction,329,42,0
cudaRegisterFunction,283,45,0
cudaRegisterFunction,281,44,0
cudaRegisterFunction,219,41,0
cudaRegisterFunction,329,46,0
cudaRegisterFunction,283,46,0
cudaRegisterFunction,281,40,0
cudaRegisterFunction,219,32,0
cudaRegisterFunction,329,32,0
cudaRegisterFunction,223,32,0
cudaRegisterFunction,283,32,0
cudaRegisterFunction,281,33,0
cudaRegisterFunction,219,32,0
cudaRegisterFunction,329,32,0
cudaRegisterVar,208,35,0
cudaRegisterVar,122,36,0
cudaRegisterVar,114,36,0
cudaRegisterVar,2168,36,0
cudaRegisterVar,6262,39,0
cudaRegisterVar,14452,38,0
cudaRegisterVar,15480,37,0
cudaRegisterVar,17524,39,0
cudaRegisterVar,17548,37,0
cudaRegisterVar,120,36,0
cudaRegisterVar,124,38,0
cudaRegisterFatBinaryEnd,1751487,227,0
cudaRegisterFatBinary,486079,402,0
cudaRegisterFunction,225,40,0
cudaRegisterFunction,287,31,0
cudaRegisterFunction,285,32,0
cudaRegisterFunction,349,32,0
cudaRegisterFunction,349,32,0
cudaRegisterFunction,225,32,0
cudaRegisterFunction,287,31,0
cudaRegisterFunction,285,33,0
cudaRegisterFunction,219,31,0
cudaRegisterFunction,349,32,0
cudaRegisterFunction,349,33,0
cudaRegisterVar,213,34,0
cudaRegisterVar,122,36,0
cudaRegisterVar,114,37,0
cudaRegisterVar,2168,35,0
cudaRegisterVar,6262,36,0
cudaRegisterVar,14452,38,0
cudaRegisterVar,15480,38,0
cudaRegisterVar,17524,38,0
cudaRegisterVar,17548,39,0
cudaRegisterVar,120,37,0
cudaRegisterVar,124,35,0
cudaRegisterFatBinaryEnd,486079,67,0
cudaRegisterFatBinary,498975,365,0
cudaRegisterFunction,225,38,0
cudaRegisterFunction,287,34,0
cudaRegisterFunction,285,33,0
cudaRegisterFunction,349,32,0
cudaRegisterFunction,349,33,0
cudaRegisterFunction,225,32,0
cudaRegisterFunction,287,31,0
cudaRegisterFunction,285,33,0
cudaRegisterFunction,219,33,0
cudaRegisterFunction,349,32,0
cudaRegisterFunction,349,32,0
cudaRegisterVar,128,30,0
cudaRegisterVar,122,37,0
cudaRegisterVar,114,36,0
cudaRegisterVar,2168,35,0
cudaRegisterVar,6262,36,0
cudaRegisterVar,14452,41,0
cudaRegisterVar,15480,38,0
cudaRegisterVar,17524,38,0
cudaRegisterVar,17548,38,0
cudaRegisterVar,120,32,0
cudaRegisterVar,124,37,0
cudaRegisterFatBinaryEnd,498975,70,0
cudaRegisterFatBinary,1897527,2384,2000
cudaRegisterFunction,347,37,0
cudaRegisterFunction,347,30,0
cudaRegisterFunction,225,33,0
cudaRegisterFunction,285,32,0
cudaRegisterFunction,283,32,0
cudaRegisterFunction,347,32,0
cudaRegisterFunction,347,33,0
cudaRegisterFunction,225,32,0
cudaRegisterFunction,285,32,0
cudaRegisterFunction,283,33,0
cudaRegisterFunction,347,35,0
cudaRegisterFunction,347,35,0
cudaRegisterFunction,225,33,0
cudaRegisterFunction,285,32,0
cudaRegisterFunction,283,32,0
cudaRegisterFunction,347,33,0
cudaRegisterFunction,347,31,0
cudaRegisterFunction,225,32,0
cudaRegisterFunction,285,32,0
cudaRegisterFunction,283,38,0
cudaRegisterFunction,347,32,0
cudaRegisterFunction,347,33,0
cudaRegisterFunction,223,32,0
cudaRegisterFunction,283,33,0
cudaRegisterFunction,281,31,0
cudaRegisterFunction,343,34,0
cudaRegisterFunction,343,31,0
cudaRegisterFunction,223,33,0
cudaRegisterFunction,283,32,0
cudaRegisterFunction,281,32,0
cudaRegisterFunction,343,32,0
cudaRegisterFunction,343,33,0
cudaRegisterFunction,223,35,0
cudaRegisterFunction,283,33,0
cudaRegisterFunction,281,32,0
cudaRegisterFunction,219,32,0
cudaRegisterFunction,343,31,0
cudaRegisterFunction,343,32,0
cudaRegisterVar,128,35,0
cudaRegisterVar,122,38,0
cudaRegisterVar,114,36,0
cudaRegisterVar,2168,35,0
cudaRegisterVar,6262,35,0
cudaRegisterVar,14452,39,0
cudaRegisterVar,15480,38,0
cudaRegisterVar,17524,40,0
cudaRegisterVar,17548,37,0
cudaRegisterVar,120,36,0
cudaRegisterVar,124,37,0
cudaRegisterFatBinaryEnd,1897527,245,0
cudaRegisterFatBinary,1574151,1594,1000
cudaRegisterFunction,225,39,0
cudaRegisterFunction,287,29,0
cudaRegisterFunction,285,32,0
cudaRegisterFunction,349,32,0
cudaRegisterFunction,349,33,0
cudaRegisterFunction,225,33,0
cudaRegisterFunction,287,34,0
cudaRegisterFunction,285,32,0
cudaRegisterFunction,349,32,0
cudaRegisterFunction,349,32,0
cudaRegisterFunction,225,36,0
cudaRegisterFunction,287,34,0
cudaRegisterFunction,285,32,0
cudaRegisterFunction,349,32,0
cudaRegisterFunction,349,33,0
cudaRegisterFunction,223,32,0
cudaRegisterFunction,285,31,0
cudaRegisterFunction,283,33,0
cudaRegisterFunction,345,33,0
cudaRegisterFunction,345,35,0
cudaRegisterFunction,223,34,0
cudaRegisterFunction,285,31,0
cudaRegisterFunction,283,33,0
cudaRegisterFunction,345,32,0
cudaRegisterFunction,345,34,0
cudaRegisterFunction,223,32,0
cudaRegisterFunction,285,32,0
cudaRegisterFunction,283,32,0
cudaRegisterFunction,221,33,0
cudaRegisterFunction,345,32,0
cudaRegisterFunction,345,32,0
cudaRegisterVar,128,30,0
cudaRegisterVar,122,36,0
cudaRegisterVar,114,36,0
cudaRegisterVar,2168,35,0
cudaRegisterVar,6262,35,0
cudaRegisterVar,14452,40,0
cudaRegisterVar,15480,38,0
cudaRegisterVar,17524,38,0
cudaRegisterVar,17548,37,0
cudaRegisterVar,120,37,0
cudaRegisterVar,124,36,0
cudaRegisterFatBinaryEnd,1574151,206,0
cudaRegisterFatBinary,1899855,2612,2000
cudaRegisterFunction,225,42,0
cudaRegisterFunction,287,33,0
cudaRegisterFunction,285,35,0
cudaRegisterFunction,349,39,0
cudaRegisterFunction,349,35,0
cudaRegisterFunction,225,45,0
cudaRegisterFunction,287,33,0
cudaRegisterFunction,285,34,0
cudaRegisterFunction,349,35,0
cudaRegisterFunction,349,32,0
cudaRegisterFunction,225,34,0
cudaRegisterFunction,287,31,0
cudaRegisterFunction,285,33,0
cudaRegisterFunction,349,31,0
cudaRegisterFunction,349,35,0
cudaRegisterFunction,225,34,0
cudaRegisterFunction,287,36,0
cudaRegisterFunction,285,45,0
cudaRegisterFunction,349,46,0
cudaRegisterFunction,349,45,0
cudaRegisterFunction,223,46,0
cudaRegisterFunction,285,43,0
cudaRegisterFunction,283,45,0
cudaRegisterFunction,345,45,0
cudaRegisterFunction,345,45,0
cudaRegisterFunction,223,39,0
cudaRegisterFunction,285,37,0
cudaRegisterFunction,283,40,0
cudaRegisterFunction,345,47,0
cudaRegisterFunction,345,38,0
cudaRegisterFunction,223,35,0
cudaRegisterFunction,285,48,0
cudaRegisterFunction,283,43,0
cudaRegisterFunction,221,44,0
cudaRegisterFunction,345,44,0
cudaRegisterFunction,345,45,0
cudaRegisterVar,128,47,0
cudaRegisterVar,122,48,0
cudaRegisterVar,114,39,0
cudaRegisterVar,2168,41,0
cudaRegisterVar,6262,49,0
cudaRegisterVar,14452,53,0
cudaRegisterVar,15480,50,0
cudaRegisterVar,17524,49,0
cudaRegisterVar,17548,41,0
cudaRegisterVar,120,46,0
cudaRegisterVar,124,47,0
cudaRegisterFatBinaryEnd,1899855,248,0
cudaRegisterFatBinary,2506983,3558,3000
cudaRegisterFunction,349,52,0
cudaRegisterFunction,349,39,0
cudaRegisterFunction,225,40,0
cudaRegisterFunction,287,42,0
cudaRegisterFunction,285,46,0
cudaRegisterFunction,349,50,0
cudaRegisterFunction,349,33,0
cudaRegisterFunction,225,39,0
cudaRegisterFunction,287,43,0
cudaRegisterFunction,285,43,0
cudaRegisterFunction,349,42,0
cudaRegisterFunction,349,47,0
cudaRegisterFunction,225,45,0
cudaRegisterFunction,287,42,0
cudaRegisterFunction,285,41,0
cudaRegisterFunction,349,40,0
cudaRegisterFunction,349,40,0
cudaRegisterFunction,225,44,0
cudaRegisterFunction,287,48,0
cudaRegisterFunction,285,43,0
cudaRegisterFunction,349,33,0
cudaRegisterFunction,349,46,0
cudaRegisterFunction,223,44,0
cudaRegisterFunction,285,46,0
cudaRegisterFunction,283,44,0
cudaRegisterFunction,345,44,0
cudaRegisterFunction,345,45,0
cudaRegisterFunction,223,40,0
cudaRegisterFunction,285,40,0
cudaRegisterFunction,283,40,0
cudaRegisterFunction,345,37,0
cudaRegisterFunction,345,45,0
cudaRegisterFunction,223,47,0
cudaRegisterFunction,285,46,0
cudaRegisterFunction,283,44,0
cudaRegisterFunction,221,35,0
cudaRegisterFunction,345,45,0
cudaRegisterFunction,345,44,0
cudaRegisterVar,128,44,0
cudaRegisterVar,122,49,0
cudaRegisterVar,114,43,0
cudaRegisterVar,2168,40,0
cudaRegisterVar,6262,41,0
cudaRegisterVar,14452,49,0
cudaRegisterVar,15480,52,0
cudaRegisterVar,17524,50,0
cudaRegisterVar,17548,50,0
cudaRegisterVar,120,48,0
cudaRegisterVar,124,47,0
cudaRegisterFatBinaryEnd,2506983,314,0
cudaRegisterFatBinary,458655,371,0
cudaRegisterFunction,225,40,0
cudaRegisterFunction,287,41,0
cudaRegisterFunction,285,42,0
cudaRegisterFunction,349,41,0
cudaRegisterFunction,349,44,0
cudaRegisterFunction,225,46,0
cudaRegisterFunction,287,35,0
cudaRegisterFunction,285,39,0
cudaRegisterFunction,219,33,0
cudaRegisterFunction,349,38,0
cudaRegisterFunction,349,32,0
cudaRegisterVar,213,38,0
cudaRegisterVar,122,44,0
cudaRegisterVar,114,42,0
cudaRegisterVar,2168,38,0
cudaRegisterVar,6262,44,0
cudaRegisterVar,14452,41,0
cudaRegisterVar,15480,39,0
cudaRegisterVar,17524,40,0
cudaRegisterVar,17548,51,0
cudaRegisterVar,120,50,0
cudaRegisterVar,124,48,0
cudaRegisterFatBinaryEnd,458655,67,0
cudaRegisterFatBinary,483031,362,0
cudaRegisterFunction,225,52,0
cudaRegisterFunction,287,40,0
cudaRegisterFunction,285,45,0
cudaRegisterFunction,349,43,0
cudaRegisterFunction,349,34,0
cudaRegisterFunction,225,34,0
cudaRegisterFunction,287,32,0
cudaRegisterFunction,285,32,0
cudaRegisterFunction,219,33,0
cudaRegisterFunction,349,33,0
cudaRegisterFunction,349,32,0
cudaRegisterVar,243,34,0
cudaRegisterVar,122,36,0
cudaRegisterVar,114,38,0
cudaRegisterVar,2168,44,0
cudaRegisterVar,6262,49,0
cudaRegisterVar,14452,50,0
cudaRegisterVar,15480,54,0
cudaRegisterVar,17524,51,0
cudaRegisterVar,17548,45,0
cudaRegisterVar,120,49,0
cudaRegisterVar,124,48,0
cudaRegisterFatBinaryEnd,483031,75,0
cudaRegisterFatBinary,1976951,2077,1000
cudaRegisterFunction,347,56,0
cudaRegisterFunction,347,45,0
cudaRegisterFunction,225,41,0
cudaRegisterFunction,285,33,0
cudaRegisterFunction,283,48,0
cudaRegisterFunction,347,46,0
cudaRegisterFunction,347,40,0
cudaRegisterFunction,225,38,0
cudaRegisterFunction,285,41,0
cudaRegisterFunction,283,32,0
cudaRegisterFunction,347,40,0
cudaRegisterFunction,347,39,0
cudaRegisterFunction,225,44,0
cudaRegisterFunction,285,49,0
cudaRegisterFunction,283,43,0
cudaRegisterFunction,347,33,0
cudaRegisterFunction,347,44,0
cudaRegisterFunction,225,44,0
cudaRegisterFunction,285,43,0
cudaRegisterFunction,283,44,0
cudaRegisterFunction,347,46,0
cudaRegisterFunction,347,43,0
cudaRegisterFunction,223,44,0
cudaRegisterFunction,283,46,0
cudaRegisterFunction,281,38,0
cudaRegisterFunction,343,35,0
cudaRegisterFunction,343,41,0
cudaRegisterFunction,223,45,0
cudaRegisterFunction,283,45,0
cudaRegisterFunction,281,34,0
cudaRegisterFunction,343,46,0
cudaRegisterFunction,343,43,0
cudaRegisterFunction,223,42,0
cudaRegisterFunction,283,32,0
cudaRegisterFunction,281,32,0
cudaRegisterFunction,219,33,0
cudaRegisterFunction,343,32,0
cudaRegisterFunction,343,32,0
cudaRegisterVar,243,30,0
cudaRegisterVar,122,37,0
cudaRegisterVar,114,39,0
cudaRegisterVar,2168,36,0
cudaRegisterVar,6262,37,0
cudaRegisterVar,14452,44,0
cudaRegisterVar,15480,47,0
cudaRegisterVar,17524,47,0
cudaRegisterVar,17548,47,0
cudaRegisterVar,120,44,0
cudaRegisterVar,124,48,0
cudaRegisterFatBinaryEnd,1976951,252,0
cudaRegisterFatBinary,1916287,2831,2000
cudaRegisterFunction,347,39,0
cudaRegisterFunction,347,30,0
cudaRegisterFunction,225,35,0
cudaRegisterFunction,285,32,0
cudaRegisterFunction,283,36,0
cudaRegisterFunction,347,40,0
cudaRegisterFunction,347,34,0
cudaRegisterFunction,225,33,0
cudaRegisterFunction,285,38,0
cudaRegisterFunction,283,34,0
cudaRegisterFunction,347,34,0
cudaRegisterFunction,347,36,0
cudaRegisterFunction,225,41,0
cudaRegisterFunction,285,41,0
cudaRegisterFunction,283,32,0
cudaRegisterFunction,347,33,0
cudaRegisterFunction,347,31,0
cudaRegisterFunction,225,34,0
cudaRegisterFunction,285,32,0
cudaRegisterFunction,283,33,0
cudaRegisterFunction,347,32,0
cudaRegisterFunction,347,32,0
cudaRegisterFunction,223,32,0
cudaRegisterFunction,283,33,0
cudaRegisterFunction,281,32,0
cudaRegisterFunction,343,34,0
cudaRegisterFunction,343,34,0
cudaRegisterFunction,223,33,0
cudaRegisterFunction,283,32,0
cudaRegisterFunction,281,33,0
cudaRegisterFunction,343,32,0
cudaRegisterFunction,343,32,0
cudaRegisterFunction,223,32,0
cudaRegisterFunction,283,32,0
cudaRegisterFunction,281,34,0
cudaRegisterFunction,219,32,0
cudaRegisterFunction,343,33,0
cudaRegisterFunction,343,31,0
cudaRegisterVar,244,34,0
cudaRegisterVar,122,38,0
cudaRegisterVar,114,36,0
cudaRegisterVar,2168,36,0
cudaRegisterVar,6262,35,0
cudaRegisterVar,14452,39,0
cudaRegisterVar,15480,37,0
cudaRegisterVar,17524,37,0
cudaRegisterVar,17548,37,0
cudaRegisterVar,120,36,0
cudaRegisterVar,124,38,0
cudaRegisterFatBinaryEnd,1916287,246,0
cudaRegisterFatBinary,1786935,3163,2000
cudaRegisterFunction,225,43,0
cudaRegisterFunction,287,32,0
cudaRegisterFunction,285,35,0
cudaRegisterFunction,349,30,0
cudaRegisterFunction,349,32,0
cudaRegisterFunction,225,33,0
cudaRegisterFunction,287,31,0
cudaRegisterFunction,285,32,0
cudaRegisterFunction,349,33,0
cudaRegisterFunction,349,33,0
cudaRegisterFunction,225,34,0
cudaRegisterFunction,287,32,0
cudaRegisterFunction,285,32,0
cudaRegisterFunction,349,34,0
cudaRegisterFunction,349,35,0
cudaRegisterFunction,223,31,0
cudaRegisterFunction,285,32,0
cudaRegisterFunction,283,32,0
cudaRegisterFunction,345,33,0
cudaRegisterFunction,345,33,0
cudaRegisterFunction,223,32,0
cudaRegisterFunction,285,32,0
cudaRegisterFunction,283,34,0
cudaRegisterFunction,345,32,0
cudaRegisterFunction,345,34,0
cudaRegisterFunction,223,32,0
cudaRegisterFunction,285,32,0
cudaRegisterFunction,283,32,0
cudaRegisterFunction,221,32,0
cudaRegisterFunction,345,32,0
cudaRegisterFunction,345,31,0
cudaRegisterVar,213,27,0
cudaRegisterVar,122,36,0
cudaRegisterVar,114,36,0
cudaRegisterVar,2168,36,0
cudaRegisterVar,6262,32,0
cudaRegisterVar,14452,40,0
cudaRegisterVar,15480,36,0
cudaRegisterVar,17524,39,0
cudaRegisterVar,17548,37,0
cudaRegisterVar,120,37,0
cudaRegisterVar,124,36,0
cudaRegisterFatBinaryEnd,1786935,226,0
cudaRegisterFatBinary,2303983,4427,4000
cudaRegisterFunction,225,42,0
cudaRegisterFunction,287,30,0
cudaRegisterFunction,285,33,0
cudaRegisterFunction,349,31,0
cudaRegisterFunction,349,34,0
cudaRegisterFunction,225,32,0
cudaRegisterFunction,287,33,0
cudaRegisterFunction,285,32,0
cudaRegisterFunction,349,32,0
cudaRegisterFunction,349,31,0
cudaRegisterFunction,225,33,0
cudaRegisterFunction,287,31,0
cudaRegisterFunction,285,33,0
cudaRegisterFunction,349,32,0
cudaRegisterFunction,349,33,0
cudaRegisterFunction,225,32,0
cudaRegisterFunction,287,33,0
cudaRegisterFunction,285,32,0
cudaRegisterFunction,349,34,0
cudaRegisterFunction,349,33,0
cudaRegisterFunction,223,33,0
cudaRegisterFunction,285,31,0
cudaRegisterFunction,283,32,0
cudaRegisterFunction,345,32,0
cudaRegisterFunction,345,32,0
cudaRegisterFunction,223,32,0
cudaRegisterFunction,285,32,0
cudaRegisterFunction,283,32,0
cudaRegisterFunction,345,33,0
cudaRegisterFunction,345,32,0
cudaRegisterFunction,223,34,0
cudaRegisterFunction,285,32,0
cudaRegisterFunction,283,32,0
cudaRegisterFunction,221,31,0
cudaRegisterFunction,345,31,0
cudaRegisterFunction,345,32,0
cudaRegisterVar,213,36,0
cudaRegisterVar,122,36,0
cudaRegisterVar,114,41,0
cudaRegisterVar,2168,35,0
cudaRegisterVar,6262,35,0
cudaRegisterVar,14452,38,0
cudaRegisterVar,15480,40,0
cudaRegisterVar,17524,37,0
cudaRegisterVar,17548,38,0
cudaRegisterVar,120,36,0
cudaRegisterVar,124,35,0
cudaRegisterFatBinaryEnd,2303983,290,0
cudaRegisterFatBinary,468615,386,0
cudaRegisterFunction,225,39,0
cudaRegisterFunction,287,32,0
cudaRegisterFunction,285,32,0
cudaRegisterFunction,349,32,0
cudaRegisterFunction,349,34,0
cudaRegisterFunction,225,33,0
cudaRegisterFunction,287,32,0
cudaRegisterFunction,285,31,0
cudaRegisterFunction,219,32,0
cudaRegisterFunction,349,32,0
cudaRegisterFunction,349,32,0
cudaRegisterVar,243,29,0
cudaRegisterVar,122,36,0
cudaRegisterVar,114,36,0
cudaRegisterVar,2168,35,0
cudaRegisterVar,6262,38,0
cudaRegisterVar,14452,44,0
cudaRegisterVar,15480,49,0
cudaRegisterVar,17524,48,0
cudaRegisterVar,17548,46,0
cudaRegisterVar,120,41,0
cudaRegisterVar,124,44,0
cudaRegisterFatBinaryEnd,468615,68,0
cudaRegisterFatBinary,1760671,1641,1000
cudaRegisterFunction,225,49,0
cudaRegisterFunction,285,32,0
cudaRegisterFunction,283,41,0
cudaRegisterFunction,347,39,0
cudaRegisterFunction,347,39,0
cudaRegisterFunction,225,36,0
cudaRegisterFunction,285,43,0
cudaRegisterFunction,283,38,0
cudaRegisterFunction,347,35,0
cudaRegisterFunction,347,32,0
cudaRegisterFunction,225,33,0
cudaRegisterFunction,285,31,0
cudaRegisterFunction,283,32,0
cudaRegisterFunction,347,32,0
cudaRegisterFunction,347,31,0
cudaRegisterFunction,225,31,0
cudaRegisterFunction,285,35,0
cudaRegisterFunction,283,42,0
cudaRegisterFunction,347,44,0
cudaRegisterFunction,347,45,0
cudaRegisterFunction,223,45,0
cudaRegisterFunction,283,51,0
cudaRegisterFunction,281,45,0
cudaRegisterFunction,343,44,0
cudaRegisterFunction,343,45,0
cudaRegisterFunction,223,44,0
cudaRegisterFunction,283,43,0
cudaRegisterFunction,281,43,0
cudaRegisterFunction,343,41,0
cudaRegisterFunction,343,39,0
cudaRegisterFunction,223,49,0
cudaRegisterFunction,283,43,0
cudaRegisterFunction,281,43,0
cudaRegisterFunction,219,41,0
cudaRegisterFunction,343,40,0
cudaRegisterFunction,343,34,0
cudaRegisterVar,243,46,0
cudaRegisterVar,122,45,0
cudaRegisterVar,114,45,0
cudaRegisterVar,2168,44,0
cudaRegisterVar,6262,47,0
cudaRegisterVar,14452,54,0
cudaRegisterVar,15480,47,0
cudaRegisterVar,17524,40,0
cudaRegisterVar,17548,49,0
cudaRegisterVar,120,48,0
cudaRegisterVar,124,43,0
cudaRegisterFatBinaryEnd,1760671,227,0
cudaRegisterFatBinary,2017247,2700,2000
cudaRegisterFunction,347,48,0
cudaRegisterFunction,347,33,0
cudaRegisterFunction,225,35,0
cudaRegisterFunction,285,36,0
cudaRegisterFunction,283,46,0
cudaRegisterFunction,347,44,0
cudaRegisterFunction,347,37,0
cudaRegisterFunction,225,48,0
cudaRegisterFunction,285,47,0
cudaRegisterFunction,283,36,0
cudaRegisterFunction,347,42,0
cudaRegisterFunction,347,45,0
cudaRegisterFunction,225,45,0
cudaRegisterFunction,285,44,0
cudaRegisterFunction,283,48,0
cudaRegisterFunction,347,36,0
cudaRegisterFunction,347,37,0
cudaRegisterFunction,225,40,0
cudaRegisterFunction,285,45,0
cudaRegisterFunction,283,44,0
cudaRegisterFunction,347,33,0
cudaRegisterFunction,347,42,0
cudaRegisterFunction,223,42,0
cudaRegisterFunction,283,33,0
cudaRegisterFunction,281,32,0
cudaRegisterFunction,343,32,0
cudaRegisterFunction,343,37,0
cudaRegisterFunction,223,40,0
cudaRegisterFunction,283,39,0
cudaRegisterFunction,281,38,0
cudaRegisterFunction,343,39,0
cudaRegisterFunction,343,47,0
cudaRegisterFunction,223,41,0
cudaRegisterFunction,283,32,0
cudaRegisterFunction,281,32,0
cudaRegisterFunction,219,33,0
cudaRegisterFunction,343,32,0
cudaRegisterFunction,343,31,0
cudaRegisterVar,212,34,0
cudaRegisterVar,122,36,0
cudaRegisterVar,114,36,0
cudaRegisterVar,2168,34,0
cudaRegisterVar,6262,36,0
cudaRegisterVar,14452,40,0
cudaRegisterVar,15480,37,0
cudaRegisterVar,17524,44,0
cudaRegisterVar,17548,49,0
cudaRegisterVar,120,37,0
cudaRegisterVar,124,36,0
cudaRegisterFatBinaryEnd,2017247,253,0
cudaRegisterFatBinary,2044207,2463,2000
cudaRegisterFunction,347,41,0
cudaRegisterFunction,347,32,0
cudaRegisterFunction,225,33,0
cudaRegisterFunction,285,35,0
cudaRegisterFunction,283,42,0
cudaRegisterFunction,347,42,0
cudaRegisterFunction,347,32,0
cudaRegisterFunction,225,32,0
cudaRegisterFunction,285,32,0
cudaRegisterFunction,283,32,0
cudaRegisterFunction,347,32,0
cudaRegisterFunction,347,34,0
cudaRegisterFunction,225,33,0
cudaRegisterFunction,285,32,0
cudaRegisterFunction,283,32,0
cudaRegisterFunction,347,32,0
cudaRegisterFunction,347,33,0
cudaRegisterFunction,225,33,0
cudaRegisterFunction,285,32,0
cudaRegisterFunction,283,32,0
cudaRegisterFunction,347,31,0
cudaRegisterFunction,347,32,0
cudaRegisterFunction,223,32,0
cudaRegisterFunction,283,33,0
cudaRegisterFunction,281,33,0
cudaRegisterFunction,343,32,0
cudaRegisterFunction,343,32,0
cudaRegisterFunction,223,32,0
cudaRegisterFunction,283,32,0
cudaRegisterFunction,281,33,0
cudaRegisterFunction,343,34,0
cudaRegisterFunction,343,32,0
cudaRegisterFunction,223,32,0
cudaRegisterFunction,283,32,0
cudaRegisterFunction,281,32,0
cudaRegisterFunction,219,32,0
cudaRegisterFunction,343,32,0
cudaRegisterFunction,343,33,0
cudaRegisterVar,213,28,0
cudaRegisterVar,122,36,0
cudaRegisterVar,114,36,0
cudaRegisterVar,2168,35,0
cudaRegisterVar,6262,37,0
cudaRegisterVar,14452,38,0
cudaRegisterVar,15480,38,0
cudaRegisterVar,17524,38,0
cudaRegisterVar,17548,38,0
cudaRegisterVar,120,38,0
cudaRegisterVar,124,38,0
cudaRegisterFatBinaryEnd,2044207,266,0
cudaRegisterFatBinary,2524719,3375,3000
cudaRegisterFunction,225,48,0
cudaRegisterFunction,287,47,0
cudaRegisterFunction,285,45,0
cudaRegisterFunction,349,44,0
cudaRegisterFunction,349,43,0
cudaRegisterFunction,225,44,0
cudaRegisterFunction,287,43,0
cudaRegisterFunction,285,32,0
cudaRegisterFunction,349,39,0
cudaRegisterFunction,349,33,0
cudaRegisterFunction,225,34,0
cudaRegisterFunction,287,32,0
cudaRegisterFunction,285,39,0
cudaRegisterFunction,349,48,0
cudaRegisterFunction,349,46,0
cudaRegisterFunction,223,38,0
cudaRegisterFunction,285,40,0
cudaRegisterFunction,283,35,0
cudaRegisterFunction,345,32,0
cudaRegisterFunction,345,40,0
cudaRegisterFunction,223,41,0
cudaRegisterFunction,285,43,0
cudaRegisterFunction,283,42,0
cudaRegisterFunction,345,40,0
cudaRegisterFunction,345,41,0
cudaRegisterFunction,223,38,0
cudaRegisterFunction,285,39,0
cudaRegisterFunction,283,43,0
cudaRegisterFunction,221,38,0
cudaRegisterFunction,345,42,0
cudaRegisterFunction,345,45,0
cudaRegisterVar,243,47,0
cudaRegisterVar,122,48,0
cudaRegisterVar,114,49,0
cudaRegisterVar,2168,49,0
cudaRegisterVar,6262,46,0
cudaRegisterVar,14452,50,0
cudaRegisterVar,15480,49,0
cudaRegisterVar,17524,50,0
cudaRegisterVar,17548,51,0
cudaRegisterVar,120,48,0
cudaRegisterVar,124,49,0
cudaRegisterFatBinaryEnd,2524719,317,0
cudaRegisterFatBinary,1736895,1255,1000
cudaRegisterFunction,225,54,0
cudaRegisterFunction,285,44,0
cudaRegisterFunction,283,55,0
cudaRegisterFunction,347,45,0
cudaRegisterFunction,347,47,0
cudaRegisterFunction,225,42,0
cudaRegisterFunction,285,45,0
cudaRegisterFunction,283,47,0
cudaRegisterFunction,347,45,0
cudaRegisterFunction,347,34,0
cudaRegisterFunction,225,45,0
cudaRegisterFunction,285,44,0
cudaRegisterFunction,283,45,0
cudaRegisterFunction,347,43,0
cudaRegisterFunction,347,44,0
cudaRegisterFunction,223,41,0
cudaRegisterFunction,283,46,0
cudaRegisterFunction,281,44,0
cudaRegisterFunction,343,47,0
cudaRegisterFunction,343,46,0
cudaRegisterFunction,223,40,0
cudaRegisterFunction,283,42,0
cudaRegisterFunction,281,47,0
cudaRegisterFunction,343,43,0
cudaRegisterFunction,343,41,0
cudaRegisterFunction,223,33,0
cudaRegisterFunction,283,34,0
cudaRegisterFunction,281,32,0
cudaRegisterFunction,219,32,0
cudaRegisterFunction,343,32,0
cudaRegisterFunction,343,33,0
cudaRegisterVar,243,30,0
cudaRegisterVar,122,36,0
cudaRegisterVar,114,36,0
cudaRegisterVar,2168,39,0
cudaRegisterVar,6262,38,0
cudaRegisterVar,14452,44,0
cudaRegisterVar,15480,38,0
cudaRegisterVar,17524,42,0
cudaRegisterVar,17548,37,0
cudaRegisterVar,120,35,0
cudaRegisterVar,124,36,0
cudaRegisterFatBinaryEnd,1736895,222,0
cudaRegisterFatBinary,1779055,2270,2000
cudaRegisterFunction,225,59,0
cudaRegisterFunction,285,43,0
cudaRegisterFunction,283,38,0
cudaRegisterFunction,347,32,0
cudaRegisterFunction,347,40,0
cudaRegisterFunction,225,40,0
cudaRegisterFunction,285,40,0
cudaRegisterFunction,283,41,0
cudaRegisterFunction,347,39,0
cudaRegisterFunction,347,39,0
cudaRegisterFunction,225,46,0
cudaRegisterFunction,285,45,0
cudaRegisterFunction,283,41,0
cudaRegisterFunction,347,43,0
cudaRegisterFunction,347,46,0
cudaRegisterFunction,225,42,0
cudaRegisterFunction,285,45,0
cudaRegisterFunction,283,35,0
cudaRegisterFunction,347,39,0
cudaRegisterFunction,347,36,0
cudaRegisterFunction,223,33,0
cudaRegisterFunction,283,34,0
cudaRegisterFunction,281,33,0
cudaRegisterFunction,343,33,0
cudaRegisterFunction,343,33,0
cudaRegisterFunction,223,40,0
cudaRegisterFunction,283,47,0
cudaRegisterFunction,281,49,0
cudaRegisterFunction,343,45,0
cudaRegisterFunction,343,34,0
cudaRegisterFunction,223,42,0
cudaRegisterFunction,283,36,0
cudaRegisterFunction,281,44,0
cudaRegisterFunction,219,42,0
cudaRegisterFunction,343,39,0
cudaRegisterFunction,343,39,0
cudaRegisterVar,243,48,0
cudaRegisterVar,122,48,0
cudaRegisterVar,114,45,0
cudaRegisterVar,2168,47,0
cudaRegisterVar,6262,48,0
cudaRegisterVar,14452,49,0
cudaRegisterVar,15480,51,0
cudaRegisterVar,17524,38,0
cudaRegisterVar,17548,49,0
cudaRegisterVar,120,47,0
cudaRegisterVar,124,47,0
cudaRegisterFatBinaryEnd,1779055,227,0
cudaRegisterFatBinary,2143911,2901,2000
cudaRegisterFunction,347,58,0
cudaRegisterFunction,347,37,0
cudaRegisterFunction,225,39,0
cudaRegisterFunction,285,35,0
cudaRegisterFunction,283,36,0
cudaRegisterFunction,347,43,0
cudaRegisterFunction,347,44,0
cudaRegisterFunction,225,45,0
cudaRegisterFunction,285,45,0
cudaRegisterFunction,283,45,0
cudaRegisterFunction,347,45,0
cudaRegisterFunction,347,43,0
cudaRegisterFunction,225,40,0
cudaRegisterFunction,285,33,0
cudaRegisterFunction,283,32,0
cudaRegisterFunction,347,35,0
cudaRegisterFunction,347,39,0
cudaRegisterFunction,225,46,0
cudaRegisterFunction,285,45,0
cudaRegisterFunction,283,45,0
cudaRegisterFunction,347,44,0
cudaRegisterFunction,347,45,0
cudaRegisterFunction,223,44,0
cudaRegisterFunction,283,44,0
cudaRegisterFunction,281,42,0
cudaRegisterFunction,343,39,0
cudaRegisterFunction,343,34,0
cudaRegisterFunction,223,33,0
cudaRegisterFunction,283,36,0
cudaRegisterFunction,281,42,0
cudaRegisterFunction,343,33,0
cudaRegisterFunction,343,35,0
cudaRegisterFunction,223,35,0
cudaRegisterFunction,283,32,0
cudaRegisterFunction,281,32,0
cudaRegisterFunction,219,32,0
cudaRegisterFunction,343,34,0
cudaRegisterFunction,343,32,0
cudaRegisterVar,212,38,0
cudaRegisterVar,122,44,0
cudaRegisterVar,114,48,0
cudaRegisterVar,2168,49,0
cudaRegisterVar,6262,43,0
cudaRegisterVar,14452,44,0
cudaRegisterVar,15480,40,0
cudaRegisterVar,17524,47,0
cudaRegisterVar,17548,47,0
cudaRegisterVar,120,45,0
cudaRegisterVar,124,45,0
cudaRegisterFatBinaryEnd,2143911,268,0
cudaRegisterFatBinary,2447055,3235,2000
cudaRegisterFunction,347,55,0
cudaRegisterFunction,347,41,0
cudaRegisterFunction,225,41,0
cudaRegisterFunction,285,48,0
cudaRegisterFunction,283,46,0
cudaRegisterFunction,347,42,0
cudaRegisterFunction,347,42,0
cudaRegisterFunction,225,42,0
cudaRegisterFunction,285,38,0
cudaRegisterFunction,283,41,0
cudaRegisterFunction,347,43,0
cudaRegisterFunction,347,39,0
cudaRegisterFunction,225,43,0
cudaRegisterFunction,285,37,0
cudaRegisterFunction,283,41,0
cudaRegisterFunction,347,35,0
cudaRegisterFunction,347,44,0
cudaRegisterFunction,225,36,0
cudaRegisterFunction,285,41,0
cudaRegisterFunction,283,43,0
cudaRegisterFunction,347,42,0
cudaRegisterFunction,347,41,0
cudaRegisterFunction,223,34,0
cudaRegisterFunction,283,39,0
cudaRegisterFunction,281,40,0
cudaRegisterFunction,343,33,0
cudaRegisterFunction,343,34,0
cudaRegisterFunction,223,34,0
cudaRegisterFunction,283,44,0
cudaRegisterFunction,281,45,0
cudaRegisterFunction,343,43,0
cudaRegisterFunction,343,50,0
cudaRegisterFunction,223,46,0
cudaRegisterFunction,283,43,0
cudaRegisterFunction,281,44,0
cudaRegisterFunction,219,44,0
cudaRegisterFunction,343,41,0
cudaRegisterFunction,343,32,0
cudaRegisterVar,128,37,0
cudaRegisterVar,122,36,0
cudaRegisterVar,114,38,0
cudaRegisterVar,2168,44,0
cudaRegisterVar,6262,37,0
cudaRegisterVar,14452,48,0
cudaRegisterVar,15480,50,0
cudaRegisterVar,17524,41,0
cudaRegisterVar,17548,48,0
cudaRegisterVar,120,36,0
cudaRegisterVar,124,36,0
cudaRegisterFatBinaryEnd,2447055,306,0
cudaRegisterFatBinary,2609311,2954,2000
cudaRegisterFunction,289,39,0
cudaRegisterFunction,289,32,0
cudaRegisterFunction,289,33,0
cudaRegisterFunction,289,33,0
cudaRegisterFunction,287,33,0
cudaRegisterFunction,287,32,0
cudaRegisterFunction,287,26,0
cudaRegisterFunction,287,34,0
cudaRegisterFunction,287,32,0
cudaRegisterFunction,287,33,0
cudaRegisterFunction,287,31,0
cudaRegisterFunction,287,34,0
cudaRegisterFunction,287,36,0
cudaRegisterFunction,287,35,0
cudaRegisterFunction,287,39,0
cudaRegisterFunction,285,46,0
cudaRegisterFunction,289,45,0
cudaRegisterFunction,293,44,0
cudaRegisterFunction,293,44,0
cudaRegisterFunction,289,45,0
cudaRegisterFunction,293,44,0
cudaRegisterFunction,293,44,0
cudaRegisterFunction,289,46,0
cudaRegisterFunction,293,41,0
cudaRegisterFunction,293,34,0
cudaRegisterFunction,289,34,0
cudaRegisterFunction,293,36,0
cudaRegisterFunction,293,39,0
cudaRegisterFunction,287,42,0
cudaRegisterFunction,291,42,0
cudaRegisterFunction,291,36,0
cudaRegisterFunction,287,40,0
cudaRegisterFunction,291,46,0
cudaRegisterFunction,291,43,0
cudaRegisterFunction,287,44,0
cudaRegisterFunction,291,49,0
cudaRegisterFunction,291,45,0
cudaRegisterFunction,287,40,0
cudaRegisterFunction,291,32,0
cudaRegisterFunction,291,35,0
cudaRegisterFunction,287,32,0
cudaRegisterFunction,291,44,0
cudaRegisterFunction,291,44,0
cudaRegisterFunction,287,37,0
cudaRegisterFunction,291,46,0
cudaRegisterFunction,291,44,0
cudaRegisterFunction,287,35,0
cudaRegisterFunction,291,34,0
cudaRegisterFunction,291,31,0
cudaRegisterFunction,287,32,0
cudaRegisterFunction,291,33,0
cudaRegisterFunction,291,32,0
cudaRegisterFunction,287,33,0
cudaRegisterFunction,291,32,0
cudaRegisterFunction,291,35,0
cudaRegisterFunction,287,41,0
cudaRegisterFunction,291,42,0
cudaRegisterFunction,291,41,0
cudaRegisterFunction,287,33,0
cudaRegisterFunction,291,34,0
cudaRegisterFunction,291,32,0
cudaRegisterFunction,285,31,0
cudaRegisterFunction,289,32,0
cudaRegisterFunction,289,34,0
cudaRegisterVar,214,36,0
cudaRegisterVar,122,36,0
cudaRegisterVar,114,45,0
cudaRegisterVar,2168,51,0
cudaRegisterVar,6262,46,0
cudaRegisterVar,14452,39,0
cudaRegisterVar,15480,37,0
cudaRegisterVar,17524,38,0
cudaRegisterVar,17548,37,0
cudaRegisterVar,120,37,0
cudaRegisterVar,124,35,0
cudaRegisterFatBinaryEnd,2609311,323,0
cudaRegisterFatBinary,3091255,4035,3000
cudaRegisterFunction,289,43,0
cudaRegisterFunction,289,31,0
cudaRegisterFunction,289,32,0
cudaRegisterFunction,289,32,0
cudaRegisterFunction,287,34,0
cudaRegisterFunction,287,33,0
cudaRegisterFunction,287,35,0
cudaRegisterFunction,287,31,0
cudaRegisterFunction,287,32,0
cudaRegisterFunction,287,34,0
cudaRegisterFunction,287,33,0
cudaRegisterFunction,287,34,0
cudaRegisterFunction,287,33,0
cudaRegisterFunction,287,36,0
cudaRegisterFunction,287,32,0
cudaRegisterFunction,285,34,0
cudaRegisterFunction,289,32,0
cudaRegisterFunction,293,32,0
cudaRegisterFunction,293,33,0
cudaRegisterFunction,289,32,0
cudaRegisterFunction,293,33,0
cudaRegisterFunction,293,31,0
cudaRegisterFunction,289,32,0
cudaRegisterFunction,293,32,0
cudaRegisterFunction,293,31,0
cudaRegisterFunction,289,32,0
cudaRegisterFunction,293,33,0
cudaRegisterFunction,293,34,0
cudaRegisterFunction,287,37,0
cudaRegisterFunction,291,43,0
cudaRegisterFunction,291,46,0
cudaRegisterFunction,287,44,0
cudaRegisterFunction,291,45,0
cudaRegisterFunction,291,45,0
cudaRegisterFunction,287,44,0
cudaRegisterFunction,291,44,0
cudaRegisterFunction,291,44,0
cudaRegisterFunction,287,44,0
cudaRegisterFunction,291,44,0
cudaRegisterFunction,291,40,0
cudaRegisterFunction,287,39,0
cudaRegisterFunction,291,41,0
cudaRegisterFunction,291,40,0
cudaRegisterFunction,287,41,0
cudaRegisterFunction,291,33,0
cudaRegisterFunction,291,34,0
cudaRegisterFunction,287,32,0
cudaRegisterFunction,291,32,0
cudaRegisterFunction,291,32,0
cudaRegisterFunction,287,32,0
cudaRegisterFunction,291,33,0
cudaRegisterFunction,291,33,0
cudaRegisterFunction,287,31,0
cudaRegisterFunction,291,31,0
cudaRegisterFunction,291,32,0
cudaRegisterFunction,287,36,0
cudaRegisterFunction,291,37,0
cudaRegisterFunction,291,34,0
cudaRegisterFunction,287,46,0
cudaRegisterFunction,291,42,0
cudaRegisterFunction,291,42,0
cudaRegisterFunction,285,47,0
cudaRegisterFunction,289,44,0
cudaRegisterFunction,289,43,0
cudaRegisterVar,214,44,0
cudaRegisterVar,122,46,0
cudaRegisterVar,114,43,0
cudaRegisterVar,2168,40,0
cudaRegisterVar,6262,44,0
cudaRegisterVar,14452,42,0
cudaRegisterVar,15480,40,0
cudaRegisterVar,17524,48,0
cudaRegisterVar,17548,48,0
cudaRegisterVar,120,45,0
cudaRegisterVar,124,44,0
cudaRegisterFatBinaryEnd,3091255,382,0
cudaRegisterFatBinary,3070183,3656,3000
cudaRegisterFunction,289,42,0
cudaRegisterFunction,289,43,0
cudaRegisterFunction,289,40,0
cudaRegisterFunction,289,38,0
cudaRegisterFunction,287,33,0
cudaRegisterFunction,287,41,0
cudaRegisterFunction,287,42,0
cudaRegisterFunction,287,39,0
cudaRegisterFunction,287,41,0
cudaRegisterFunction,287,42,0
cudaRegisterFunction,287,46,0
cudaRegisterFunction,287,44,0
cudaRegisterFunction,287,44,0
cudaRegisterFunction,287,39,0
cudaRegisterFunction,287,40,0
cudaRegisterFunction,285,47,0
cudaRegisterFunction,289,45,0
cudaRegisterFunction,293,42,0
cudaRegisterFunction,293,34,0
cudaRegisterFunction,289,46,0
cudaRegisterFunction,293,44,0
cudaRegisterFunction,293,38,0
cudaRegisterFunction,289,32,0
cudaRegisterFunction,293,32,0
cudaRegisterFunction,293,32,0
cudaRegisterFunction,289,34,0
cudaRegisterFunction,293,31,0
cudaRegisterFunction,293,34,0
cudaRegisterFunction,287,34,0
cudaRegisterFunction,291,39,0
cudaRegisterFunction,291,47,0
cudaRegisterFunction,287,43,0
cudaRegisterFunction,291,33,0
cudaRegisterFunction,291,35,0
cudaRegisterFunction,287,32,0
cudaRegisterFunction,291,32,0
cudaRegisterFunction,291,32,0
cudaRegisterFunction,287,33,0
cudaRegisterFunction,291,32,0
cudaRegisterFunction,291,32,0
cudaRegisterFunction,287,32,0
cudaRegisterFunction,291,32,0
cudaRegisterFunction,291,35,0
cudaRegisterFunction,287,39,0
cudaRegisterFunction,291,32,0
cudaRegisterFunction,291,32,0
cudaRegisterFunction,287,32,0
cudaRegisterFunction,291,31,0
cudaRegisterFunction,291,33,0
cudaRegisterFunction,287,32,0
cudaRegisterFunction,291,39,0
cudaRegisterFunction,291,32,0
cudaRegisterFunction,287,32,0
cudaRegisterFunction,291,34,0
cudaRegisterFunction,291,32,0
cudaRegisterFunction,287,32,0
cudaRegisterFunction,291,35,0
cudaRegisterFunction,291,36,0
cudaRegisterFunction,287,33,0
cudaRegisterFunction,291,41,0
cudaRegisterFunction,291,46,0
cudaRegisterFunction,285,44,0
cudaRegisterFunction,289,41,0
cudaRegisterFunction,289,43,0
cudaRegisterVar,214,43,0
cudaRegisterVar,122,45,0
cudaRegisterVar,114,44,0
cudaRegisterVar,2168,44,0
cudaRegisterVar,6262,43,0
cudaRegisterVar,14452,42,0
cudaRegisterVar,15480,42,0
cudaRegisterVar,17524,44,0
cudaRegisterVar,17548,41,0
cudaRegisterVar,120,48,0
cudaRegisterVar,124,46,0
cudaRegisterFatBinaryEnd,3070183,386,0
cudaRegisterFatBinary,2522311,3507,3000
cudaRegisterFunction,289,50,0
cudaRegisterFunction,289,44,0
cudaRegisterFunction,289,49,0
cudaRegisterFunction,289,43,0
cudaRegisterFunction,287,35,0
cudaRegisterFunction,287,44,0
cudaRegisterFunction,287,42,0
cudaRegisterFunction,287,42,0
cudaRegisterFunction,287,34,0
cudaRegisterFunction,287,32,0
cudaRegisterFunction,287,33,0
cudaRegisterFunction,287,38,0
cudaRegisterFunction,287,42,0
cudaRegisterFunction,287,41,0
cudaRegisterFunction,287,39,0
cudaRegisterFunction,285,40,0
cudaRegisterFunction,289,42,0
cudaRegisterFunction,293,44,0
cudaRegisterFunction,293,46,0
cudaRegisterFunction,289,43,0
cudaRegisterFunction,293,46,0
cudaRegisterFunction,293,44,0
cudaRegisterFunction,289,43,0
cudaRegisterFunction,293,45,0
cudaRegisterFunction,293,35,0
cudaRegisterFunction,289,39,0
cudaRegisterFunction,293,40,0
cudaRegisterFunction,293,39,0
cudaRegisterFunction,287,48,0
cudaRegisterFunction,291,46,0
cudaRegisterFunction,291,46,0
cudaRegisterFunction,287,44,0
cudaRegisterFunction,291,40,0
cudaRegisterFunction,291,34,0
cudaRegisterFunction,287,34,0
cudaRegisterFunction,291,46,0
cudaRegisterFunction,291,39,0
cudaRegisterFunction,287,34,0
cudaRegisterFunction,291,32,0
cudaRegisterFunction,291,32,0
cudaRegisterFunction,287,40,0
cudaRegisterFunction,291,39,0
cudaRegisterFunction,291,40,0
cudaRegisterFunction,287,41,0
cudaRegisterFunction,291,41,0
cudaRegisterFunction,291,41,0
cudaRegisterFunction,287,44,0
cudaRegisterFunction,291,47,0
cudaRegisterFunction,291,44,0
cudaRegisterFunction,287,44,0
cudaRegisterFunction,291,44,0
cudaRegisterFunction,291,51,0
cudaRegisterFunction,287,46,0
cudaRegisterFunction,291,45,0
cudaRegisterFunction,291,40,0
cudaRegisterFunction,287,41,0
cudaRegisterFunction,291,40,0
cudaRegisterFunction,291,42,0
cudaRegisterFunction,287,44,0
cudaRegisterFunction,291,43,0
cudaRegisterFunction,291,43,0
cudaRegisterFunction,285,41,0
cudaRegisterFunction,289,36,0
cudaRegisterFunction,289,33,0
cudaRegisterVar,214,35,0
cudaRegisterVar,122,32,0
cudaRegisterVar,114,36,0
cudaRegisterVar,2168,36,0
cudaRegisterVar,6262,36,0
cudaRegisterVar,14452,39,0
cudaRegisterVar,15480,47,0
cudaRegisterVar,17524,50,0
cudaRegisterVar,17548,40,0
cudaRegisterVar,120,43,0
cudaRegisterVar,124,36,0
cudaRegisterFatBinaryEnd,2522311,312,0
cudaRegisterFatBinary,2654079,3285,2000
cudaRegisterFunction,289,37,0
cudaRegisterFunction,289,31,0
cudaRegisterFunction,289,39,0
cudaRegisterFunction,289,53,0
cudaRegisterFunction,287,43,0
cudaRegisterFunction,287,36,0
cudaRegisterFunction,287,32,0
cudaRegisterFunction,287,43,0
cudaRegisterFunction,287,37,0
cudaRegisterFunction,287,32,0
cudaRegisterFunction,287,32,0
cudaRegisterFunction,287,32,0
cudaRegisterFunction,287,32,0
cudaRegisterFunction,287,32,0
cudaRegisterFunction,287,32,0
cudaRegisterFunction,285,34,0
cudaRegisterFunction,289,34,0
cudaRegisterFunction,293,43,0
cudaRegisterFunction,293,43,0
cudaRegisterFunction,289,34,0
cudaRegisterFunction,293,32,0
cudaRegisterFunction,293,38,0
cudaRegisterFunction,289,32,0
cudaRegisterFunction,293,34,0
cudaRegisterFunction,293,32,0
cudaRegisterFunction,289,32,0
cudaRegisterFunction,293,31,0
cudaRegisterFunction,293,36,0
cudaRegisterFunction,287,41,0
cudaRegisterFunction,291,41,0
cudaRegisterFunction,291,42,0
cudaRegisterFunction,287,48,0
cudaRegisterFunction,291,44,0
cudaRegisterFunction,291,43,0
cudaRegisterFunction,287,34,0
cudaRegisterFunction,291,44,0
cudaRegisterFunction,291,43,0
cudaRegisterFunction,287,45,0
cudaRegisterFunction,291,46,0
cudaRegisterFunction,291,44,0
cudaRegisterFunction,287,43,0
cudaRegisterFunction,291,38,0
cudaRegisterFunction,291,32,0
cudaRegisterFunction,287,35,0
cudaRegisterFunction,291,42,0
cudaRegisterFunction,291,47,0
cudaRegisterFunction,287,44,0
cudaRegisterFunction,291,46,0
cudaRegisterFunction,291,44,0
cudaRegisterFunction,287,44,0
cudaRegisterFunction,291,45,0
cudaRegisterFunction,291,47,0
cudaRegisterFunction,287,44,0
cudaRegisterFunction,291,41,0
cudaRegisterFunction,291,39,0
cudaRegisterFunction,287,41,0
cudaRegisterFunction,291,39,0
cudaRegisterFunction,291,39,0
cudaRegisterFunction,287,41,0
cudaRegisterFunction,291,44,0
cudaRegisterFunction,291,42,0
cudaRegisterFunction,285,43,0
cudaRegisterFunction,289,42,0
cudaRegisterFunction,289,47,0
cudaRegisterVar,214,44,0
cudaRegisterVar,122,47,0
cudaRegisterVar,114,46,0
cudaRegisterVar,2168,41,0
cudaRegisterVar,6262,44,0
cudaRegisterVar,14452,45,0
cudaRegisterVar,15480,51,0
cudaRegisterVar,17524,47,0
cudaRegisterVar,17548,39,0
cudaRegisterVar,120,42,0
cudaRegisterVar,124,43,0
cudaRegisterFatBinaryEnd,2654079,332,0
cudaRegisterFatBinary,2593719,3019,2000
cudaRegisterFunction,289,46,0
cudaRegisterFunction,289,33,0
cudaRegisterFunction,289,32,0
cudaRegisterFunction,289,32,0
cudaRegisterFunction,287,35,0
cudaRegisterFunction,287,36,0
cudaRegisterFunction,287,35,0
cudaRegisterFunction,287,33,0
cudaRegisterFunction,287,33,0
cudaRegisterFunction,287,32,0
cudaRegisterFunction,287,36,0
cudaRegisterFunction,287,32,0
cudaRegisterFunction,287,34,0
cudaRegisterFunction,287,34,0
cudaRegisterFunction,287,32,0
cudaRegisterFunction,285,34,0
cudaRegisterFunction,289,33,0
cudaRegisterFunction,293,33,0
cudaRegisterFunction,293,34,0
cudaRegisterFunction,289,36,0
cudaRegisterFunction,293,39,0
cudaRegisterFunction,293,39,0
cudaRegisterFunction,289,40,0
cudaRegisterFunction,293,43,0
cudaRegisterFunction,293,41,0
cudaRegisterFunction,289,42,0
cudaRegisterFunction,293,40,0
cudaRegisterFunction,293,33,0
cudaRegisterFunction,287,31,0
cudaRegisterFunction,291,36,0
cudaRegisterFunction,291,34,0
cudaRegisterFunction,287,32,0
cudaRegisterFunction,291,36,0
cudaRegisterFunction,291,34,0
cudaRegisterFunction,287,33,0
cudaRegisterFunction,291,32,0
cudaRegisterFunction,291,37,0
cudaRegisterFunction,287,46,0
cudaRegisterFunction,291,45,0
cudaRegisterFunction,291,42,0
cudaRegisterFunction,287,46,0
cudaRegisterFunction,291,44,0
cudaRegisterFunction,291,44,0
cudaRegisterFunction,287,44,0
cudaRegisterFunction,291,40,0
cudaRegisterFunction,291,48,0
cudaRegisterFunction,287,40,0
cudaRegisterFunction,291,32,0
cudaRegisterFunction,291,32,0
cudaRegisterFunction,287,32,0
cudaRegisterFunction,291,32,0
cudaRegisterFunction,291,33,0
cudaRegisterFunction,287,32,0
cudaRegisterFunction,291,32,0
cudaRegisterFunction,291,32,0
cudaRegisterFunction,287,32,0
cudaRegisterFunction,291,33,0
cudaRegisterFunction,291,32,0
cudaRegisterFunction,287,33,0
cudaRegisterFunction,291,34,0
cudaRegisterFunction,291,32,0
cudaRegisterFunction,285,32,0
cudaRegisterFunction,289,39,0
cudaRegisterFunction,289,45,0
cudaRegisterVar,214,49,0
cudaRegisterVar,122,48,0
cudaRegisterVar,114,48,0
cudaRegisterVar,2168,47,0
cudaRegisterVar,6262,46,0
cudaRegisterVar,14452,51,0
cudaRegisterVar,15480,47,0
cudaRegisterVar,17524,46,0
cudaRegisterVar,17548,50,0
cudaRegisterVar,120,48,0
cudaRegisterVar,124,47,0
cudaRegisterFatBinaryEnd,2593719,334,0
cudaRegisterFatBinary,2451823,2786,2000
cudaRegisterFunction,289,41,0
cudaRegisterFunction,289,32,0
cudaRegisterFunction,289,34,0
cudaRegisterFunction,289,38,0
cudaRegisterFunction,287,46,0
cudaRegisterFunction,287,47,0
cudaRegisterFunction,287,46,0
cudaRegisterFunction,287,46,0
cudaRegisterFunction,287,44,0
cudaRegisterFunction,287,42,0
cudaRegisterFunction,287,42,0
cudaRegisterFunction,287,42,0
cudaRegisterFunction,287,41,0
cudaRegisterFunction,287,34,0
cudaRegisterFunction,287,39,0
cudaRegisterFunction,285,39,0
cudaRegisterFunction,289,39,0
cudaRegisterFunction,293,40,0
cudaRegisterFunction,293,41,0
cudaRegisterFunction,289,42,0
cudaRegisterFunction,293,42,0
cudaRegisterFunction,293,43,0
cudaRegisterFunction,289,46,0
cudaRegisterFunction,293,45,0
cudaRegisterFunction,293,45,0
cudaRegisterFunction,289,45,0
cudaRegisterFunction,293,43,0
cudaRegisterFunction,293,40,0
cudaRegisterFunction,287,42,0
cudaRegisterFunction,291,47,0
cudaRegisterFunction,291,39,0
cudaRegisterFunction,287,42,0
cudaRegisterFunction,291,40,0
cudaRegisterFunction,291,43,0
cudaRegisterFunction,287,47,0
cudaRegisterFunction,291,44,0
cudaRegisterFunction,291,36,0
cudaRegisterFunction,287,47,0
cudaRegisterFunction,291,46,0
cudaRegisterFunction,291,45,0
cudaRegisterFunction,287,44,0
cudaRegisterFunction,291,47,0
cudaRegisterFunction,291,44,0
cudaRegisterFunction,287,43,0
cudaRegisterFunction,291,34,0
cudaRegisterFunction,291,33,0
cudaRegisterFunction,287,37,0
cudaRegisterFunction,291,44,0
cudaRegisterFunction,291,46,0
cudaRegisterFunction,287,45,0
cudaRegisterFunction,291,45,0
cudaRegisterFunction,291,44,0
cudaRegisterFunction,287,45,0
cudaRegisterFunction,291,45,0
cudaRegisterFunction,291,45,0
cudaRegisterFunction,287,45,0
cudaRegisterFunction,291,41,0
cudaRegisterFunction,291,38,0
cudaRegisterFunction,287,33,0
cudaRegisterFunction,291,34,0
cudaRegisterFunction,291,38,0
cudaRegisterFunction,285,48,0
cudaRegisterFunction,289,43,0
cudaRegisterFunction,289,45,0
cudaRegisterVar,214,47,0
cudaRegisterVar,122,50,0
cudaRegisterVar,114,48,0
cudaRegisterVar,2168,48,0
cudaRegisterVar,6262,47,0
cudaRegisterVar,14452,50,0
cudaRegisterVar,15480,44,0
cudaRegisterVar,17524,41,0
cudaRegisterVar,17548,40,0
cudaRegisterVar,120,43,0
cudaRegisterVar,124,47,0
cudaRegisterFatBinaryEnd,2451823,310,0
cudaRegisterFatBinary,2441623,2866,2000
cudaRegisterFunction,289,52,0
cudaRegisterFunction,289,40,0
cudaRegisterFunction,289,41,0
cudaRegisterFunction,289,44,0
cudaRegisterFunction,287,43,0
cudaRegisterFunction,287,39,0
cudaRegisterFunction,287,35,0
cudaRegisterFunction,287,35,0
cudaRegisterFunction,287,37,0
cudaRegisterFunction,287,43,0
cudaRegisterFunction,287,39,0
cudaRegisterFunction,287,34,0
cudaRegisterFunction,287,33,0
cudaRegisterFunction,287,27,0
cudaRegisterFunction,287,32,0
cudaRegisterFunction,285,32,0
cudaRegisterFunction,289,33,0
cudaRegisterFunction,293,32,0
cudaRegisterFunction,293,36,0
cudaRegisterFunction,289,32,0
cudaRegisterFunction,293,43,0
cudaRegisterFunction,293,45,0
cudaRegisterFunction,289,45,0
cudaRegisterFunction,293,43,0
cudaRegisterFunction,293,48,0
cudaRegisterFunction,289,37,0
cudaRegisterFunction,293,38,0
cudaRegisterFunction,293,43,0
cudaRegisterFunction,287,42,0
cudaRegisterFunction,291,41,0
cudaRegisterFunction,291,39,0
cudaRegisterFunction,287,33,0
cudaRegisterFunction,291,33,0
cudaRegisterFunction,291,40,0
cudaRegisterFunction,287,48,0
cudaRegisterFunction,291,46,0
cudaRegisterFunction,291,46,0
cudaRegisterFunction,287,41,0
cudaRegisterFunction,291,36,0
cudaRegisterFunction,291,32,0
cudaRegisterFunction,287,32,0
cudaRegisterFunction,291,32,0
cudaRegisterFunction,291,34,0
cudaRegisterFunction,287,32,0
cudaRegisterFunction,291,33,0
cudaRegisterFunction,291,34,0
cudaRegisterFunction,287,32,0
cudaRegisterFunction,291,32,0
cudaRegisterFunction,291,36,0
cudaRegisterFunction,287,45,0
cudaRegisterFunction,291,40,0
cudaRegisterFunction,291,35,0
cudaRegisterFunction,287,43,0
cudaRegisterFunction,291,47,0
cudaRegisterFunction,291,39,0
cudaRegisterFunction,287,43,0
cudaRegisterFunction,291,41,0
cudaRegisterFunction,291,39,0
cudaRegisterFunction,287,42,0
cudaRegisterFunction,291,40,0
cudaRegisterFunction,291,41,0
cudaRegisterFunction,285,40,0
cudaRegisterFunction,289,42,0
cudaRegisterFunction,289,36,0
cudaRegisterVar,214,44,0
cudaRegisterVar,122,41,0
cudaRegisterVar,114,45,0
cudaRegisterVar,2168,42,0
cudaRegisterVar,6262,49,0
cudaRegisterVar,14452,50,0
cudaRegisterVar,15480,49,0
cudaRegisterVar,17524,50,0
cudaRegisterVar,17548,50,0
cudaRegisterVar,120,43,0
cudaRegisterVar,124,46,0
cudaRegisterFatBinaryEnd,2441623,306,0
cudaRegisterFatBinary,2550383,3111,2000
cudaRegisterFunction,289,38,0
cudaRegisterFunction,289,32,0
cudaRegisterFunction,289,33,0
cudaRegisterFunction,289,34,0
cudaRegisterFunction,287,32,0
cudaRegisterFunction,287,33,0
cudaRegisterFunction,287,32,0
cudaRegisterFunction,287,43,0
cudaRegisterFunction,287,43,0
cudaRegisterFunction,287,46,0
cudaRegisterFunction,287,46,0
cudaRegisterFunction,287,43,0
cudaRegisterFunction,287,47,0
cudaRegisterFunction,287,45,0
cudaRegisterFunction,287,45,0
cudaRegisterFunction,285,44,0
cudaRegisterFunction,289,40,0
cudaRegisterFunction,293,40,0
cudaRegisterFunction,293,38,0
cudaRegisterFunction,289,40,0
cudaRegisterFunction,293,40,0
cudaRegisterFunction,293,42,0
cudaRegisterFunction,289,41,0
cudaRegisterFunction,293,35,0
cudaRegisterFunction,293,33,0
cudaRegisterFunction,289,43,0
cudaRegisterFunction,293,41,0
cudaRegisterFunction,293,42,0
cudaRegisterFunction,287,42,0
cudaRegisterFunction,291,43,0
cudaRegisterFunction,291,42,0
cudaRegisterFunction,287,40,0
cudaRegisterFunction,291,42,0
cudaRegisterFunction,291,40,0
cudaRegisterFunction,287,39,0
cudaRegisterFunction,291,42,0
cudaRegisterFunction,291,41,0
cudaRegisterFunction,287,40,0
cudaRegisterFunction,291,41,0
cudaRegisterFunction,291,37,0
cudaRegisterFunction,287,33,0
cudaRegisterFunction,291,32,0
cudaRegisterFunction,291,32,0
cudaRegisterFunction,287,34,0
cudaRegisterFunction,291,32,0
cudaRegisterFunction,291,33,0
cudaRegisterFunction,287,31,0
cudaRegisterFunction,291,32,0
cudaRegisterFunction,291,32,0
cudaRegisterFunction,287,33,0
cudaRegisterFunction,291,46,0
cudaRegisterFunction,291,44,0
cudaRegisterFunction,287,42,0
cudaRegisterFunction,291,36,0
cudaRegisterFunction,291,41,0
cudaRegisterFunction,287,38,0
cudaRegisterFunction,291,32,0
cudaRegisterFunction,291,34,0
cudaRegisterFunction,287,33,0
cudaRegisterFunction,291,32,0
cudaRegisterFunction,291,32,0
cudaRegisterFunction,285,32,0
cudaRegisterFunction,289,31,0
cudaRegisterFunction,289,35,0
cudaRegisterVar,214,37,0
cudaRegisterVar,122,37,0
cudaRegisterVar,114,36,0
cudaRegisterVar,2168,42,0
cudaRegisterVar,6262,35,0
cudaRegisterVar,14452,47,0
cudaRegisterVar,15480,53,0
cudaRegisterVar,17524,54,0
cudaRegisterVar,17548,45,0
cudaRegisterVar,120,39,0
cudaRegisterVar,124,37,0
cudaRegisterFatBinaryEnd,2550383,319,0
cudaRegisterFatBinary,2915039,3787,3000
cudaRegisterFunction,289,42,0
cudaRegisterFunction,289,31,0
cudaRegisterFunction,289,35,0
cudaRegisterFunction,289,32,0
cudaRegisterFunction,287,36,0
cudaRegisterFunction,287,34,0
cudaRegisterFunction,287,32,0
cudaRegisterFunction,287,34,0
cudaRegisterFunction,287,35,0
cudaRegisterFunction,287,38,0
cudaRegisterFunction,287,38,0
cudaRegisterFunction,287,37,0
cudaRegisterFunction,287,41,0
cudaRegisterFunction,287,45,0
cudaRegisterFunction,287,47,0
cudaRegisterFunction,285,43,0
cudaRegisterFunction,289,47,0
cudaRegisterFunction,293,43,0
cudaRegisterFunction,293,40,0
cudaRegisterFunction,289,35,0
cudaRegisterFunction,293,33,0
cudaRegisterFunction,293,34,0
cudaRegisterFunction,289,42,0
cudaRegisterFunction,293,47,0
cudaRegisterFunction,293,44,0
cudaRegisterFunction,289,46,0
cudaRegisterFunction,293,46,0
cudaRegisterFunction,293,45,0
cudaRegisterFunction,287,43,0
cudaRegisterFunction,291,45,0
cudaRegisterFunction,291,45,0
cudaRegisterFunction,287,42,0
cudaRegisterFunction,291,34,0
cudaRegisterFunction,291,34,0
cudaRegisterFunction,287,41,0
cudaRegisterFunction,291,44,0
cudaRegisterFunction,291,47,0
cudaRegisterFunction,287,40,0
cudaRegisterFunction,291,36,0
cudaRegisterFunction,291,32,0
cudaRegisterFunction,287,33,0
cudaRegisterFunction,291,33,0
cudaRegisterFunction,291,33,0
cudaRegisterFunction,287,32,0
cudaRegisterFunction,291,33,0
cudaRegisterFunction,291,32,0
cudaRegisterFunction,287,33,0
cudaRegisterFunction,291,33,0
cudaRegisterFunction,291,32,0
cudaRegisterFunction,287,33,0
cudaRegisterFunction,291,37,0
cudaRegisterFunction,291,31,0
cudaRegisterFunction,287,33,0
cudaRegisterFunction,291,33,0
cudaRegisterFunction,291,32,0
cudaRegisterFunction,287,32,0
cudaRegisterFunction,291,33,0
cudaRegisterFunction,291,33,0
cudaRegisterFunction,287,33,0
cudaRegisterFunction,291,32,0
cudaRegisterFunction,291,33,0
cudaRegisterFunction,285,33,0
cudaRegisterFunction,289,33,0
cudaRegisterFunction,289,31,0
cudaRegisterVar,214,37,0
cudaRegisterVar,122,36,0
cudaRegisterVar,114,42,0
cudaRegisterVar,2168,36,0
cudaRegisterVar,6262,36,0
cudaRegisterVar,14452,37,0
cudaRegisterVar,15480,39,0
cudaRegisterVar,17524,40,0
cudaRegisterVar,17548,38,0
cudaRegisterVar,120,38,0
cudaRegisterVar,124,38,0
cudaRegisterFatBinaryEnd,2915039,358,0
cudaRegisterFatBinary,2332991,2302,2000
cudaRegisterFunction,289,38,0
cudaRegisterFunction,289,31,0
cudaRegisterFunction,289,33,0
cudaRegisterFunction,289,32,0
cudaRegisterFunction,287,34,0
cudaRegisterFunction,287,33,0
cudaRegisterFunction,287,35,0
cudaRegisterFunction,287,33,0
cudaRegisterFunction,287,33,0
cudaRegisterFunction,287,36,0
cudaRegisterFunction,287,32,0
cudaRegisterFunction,287,32,0
cudaRegisterFunction,287,33,0
cudaRegisterFunction,287,32,0
cudaRegisterFunction,287,34,0
cudaRegisterFunction,285,32,0
cudaRegisterFunction,289,33,0
cudaRegisterFunction,293,34,0
cudaRegisterFunction,293,34,0
cudaRegisterFunction,289,33,0
cudaRegisterFunction,293,32,0
cudaRegisterFunction,293,35,0
cudaRegisterFunction,289,32,0
cudaRegisterFunction,293,34,0
cudaRegisterFunction,293,31,0
cudaRegisterFunction,289,33,0
cudaRegisterFunction,293,33,0
cudaRegisterFunction,293,34,0
cudaRegisterFunction,287,31,0
cudaRegisterFunction,291,32,0
cudaRegisterFunction,291,37,0
cudaRegisterFunction,287,33,0
cudaRegisterFunction,291,32,0
cudaRegisterFunction,291,32,0
cudaRegisterFunction,287,32,0
cudaRegisterFunction,291,32,0
cudaRegisterFunction,291,34,0
cudaRegisterFunction,287,34,0
cudaRegisterFunction,291,39,0
cudaRegisterFunction,291,41,0
cudaRegisterFunction,287,41,0
cudaRegisterFunction,291,41,0
cudaRegisterFunction,291,42,0
cudaRegisterFunction,287,35,0
cudaRegisterFunction,291,33,0
cudaRegisterFunction,291,33,0
cudaRegisterFunction,287,33,0
cudaRegisterFunction,291,33,0
cudaRegisterFunction,291,34,0
cudaRegisterFunction,287,33,0
cudaRegisterFunction,291,33,0
cudaRegisterFunction,291,34,0
cudaRegisterFunction,287,34,0
cudaRegisterFunction,291,38,0
cudaRegisterFunction,291,35,0
cudaRegisterFunction,287,45,0
cudaRegisterFunction,291,45,0
cudaRegisterFunction,291,47,0
cudaRegisterFunction,287,44,0
cudaRegisterFunction,291,45,0
cudaRegisterFunction,291,43,0
cudaRegisterFunction,285,44,0
cudaRegisterFunction,289,39,0
cudaRegisterFunction,289,32,0
cudaRegisterVar,128,42,0
cudaRegisterVar,122,45,0
cudaRegisterVar,114,37,0
cudaRegisterVar,2168,38,0
cudaRegisterVar,6262,37,0
cudaRegisterVar,14452,39,0
cudaRegisterVar,15480,38,0
cudaRegisterVar,17524,37,0
cudaRegisterVar,17548,38,0
cudaRegisterVar,120,37,0
cudaRegisterVar,124,38,0
cudaRegisterFatBinaryEnd,2332991,303,0
cudaRegisterFatBinary,3585295,5605,5000
cudaRegisterFunction,289,58,0
cudaRegisterFunction,289,41,0
cudaRegisterFunction,289,43,0
cudaRegisterFunction,289,41,0
cudaRegisterFunction,287,36,0
cudaRegisterFunction,287,34,0
cudaRegisterFunction,287,33,0
cudaRegisterFunction,287,32,0
cudaRegisterFunction,287,31,0
cudaRegisterFunction,287,32,0
cudaRegisterFunction,287,38,0
cudaRegisterFunction,287,43,0
cudaRegisterFunction,287,40,0
cudaRegisterFunction,287,46,0
cudaRegisterFunction,287,41,0
cudaRegisterFunction,285,37,0
cudaRegisterFunction,289,46,0
cudaRegisterFunction,293,44,0
cudaRegisterFunction,293,44,0
cudaRegisterFunction,289,46,0
cudaRegisterFunction,293,43,0
cudaRegisterFunction,293,42,0
cudaRegisterFunction,289,42,0
cudaRegisterFunction,293,41,0
cudaRegisterFunction,293,38,0
cudaRegisterFunction,289,46,0
cudaRegisterFunction,293,45,0
cudaRegisterFunction,293,43,0
cudaRegisterFunction,287,43,0
cudaRegisterFunction,291,36,0
cudaRegisterFunction,291,42,0
cudaRegisterFunction,287,42,0
cudaRegisterFunction,291,45,0
cudaRegisterFunction,291,43,0
cudaRegisterFunction,287,42,0
cudaRegisterFunction,291,42,0
cudaRegisterFunction,291,36,0
cudaRegisterFunction,287,41,0
cudaRegisterFunction,291,48,0
cudaRegisterFunction,291,40,0
cudaRegisterFunction,287,36,0
cudaRegisterFunction,291,43,0
cudaRegisterFunction,291,46,0
cudaRegisterFunction,287,44,0
cudaRegisterFunction,291,44,0
cudaRegisterFunction,291,44,0
cudaRegisterFunction,287,46,0
cudaRegisterFunction,291,44,0
cudaRegisterFunction,291,41,0
cudaRegisterFunction,287,41,0
cudaRegisterFunction,291,41,0
cudaRegisterFunction,291,38,0
cudaRegisterFunction,287,45,0
cudaRegisterFunction,291,45,0
cudaRegisterFunction,291,44,0
cudaRegisterFunction,287,35,0
cudaRegisterFunction,291,45,0
cudaRegisterFunction,291,44,0
cudaRegisterFunction,287,44,0
cudaRegisterFunction,291,44,0
cudaRegisterFunction,291,45,0
cudaRegisterFunction,285,41,0
cudaRegisterFunction,289,46,0
cudaRegisterFunction,289,43,0
cudaRegisterVar,214,38,0
cudaRegisterVar,122,45,0
cudaRegisterVar,114,46,0
cudaRegisterVar,2168,37,0
cudaRegisterVar,6262,38,0
cudaRegisterVar,14452,45,0
cudaRegisterVar,15480,47,0
cudaRegisterVar,17524,39,0
cudaRegisterVar,17548,38,0
cudaRegisterVar,120,37,0
cudaRegisterVar,124,35,0
cudaRegisterFatBinaryEnd,3585295,432,0
cudaRegisterFatBinary,3115343,3175,2000
cudaRegisterFunction,289,41,0
cudaRegisterFunction,289,32,0
cudaRegisterFunction,289,32,0
cudaRegisterFunction,289,32,0
cudaRegisterFunction,287,34,0
cudaRegisterFunction,287,32,0
cudaRegisterFunction,287,33,0
cudaRegisterFunction,287,32,0
cudaRegisterFunction,287,32,0
cudaRegisterFunction,287,33,0
cudaRegisterFunction,287,33,0
cudaRegisterFunction,287,37,0
cudaRegisterFunction,287,29,0
cudaRegisterFunction,287,32,0
cudaRegisterFunction,287,31,0
cudaRegisterFunction,285,32,0
cudaRegisterFunction,289,32,0
cudaRegisterFunction,293,32,0
cudaRegisterFunction,293,32,0
cudaRegisterFunction,289,34,0
cudaRegisterFunction,293,32,0
cudaRegisterFunction,293,34,0
cudaRegisterFunction,289,32,0
cudaRegisterFunction,293,34,0
cudaRegisterFunction,293,32,0
cudaRegisterFunction,289,34,0
cudaRegisterFunction,293,32,0
cudaRegisterFunction,293,33,0
cudaRegisterFunction,287,32,0
cudaRegisterFunction,291,32,0
cudaRegisterFunction,291,34,0
cudaRegisterFunction,287,32,0
cudaRegisterFunction,291,32,0
cudaRegisterFunction,291,32,0
cudaRegisterFunction,287,33,0
cudaRegisterFunction,291,33,0
cudaRegisterFunction,291,27,0
cudaRegisterFunction,287,32,0
cudaRegisterFunction,291,34,0
cudaRegisterFunction,291,41,0
cudaRegisterFunction,287,32,0
cudaRegisterFunction,291,32,0
cudaRegisterFunction,291,34,0
cudaRegisterFunction,287,31,0
cudaRegisterFunction,291,32,0
cudaRegisterFunction,291,32,0
cudaRegisterFunction,287,35,0
cudaRegisterFunction,291,34,0
cudaRegisterFunction,291,34,0
cudaRegisterFunction,287,32,0
cudaRegisterFunction,291,33,0
cudaRegisterFunction,291,32,0
cudaRegisterFunction,287,34,0
cudaRegisterFunction,291,33,0
cudaRegisterFunction,291,40,0
cudaRegisterFunction,287,43,0
cudaRegisterFunction,291,45,0
cudaRegisterFunction,291,44,0
cudaRegisterFunction,287,33,0
cudaRegisterFunction,291,48,0
cudaRegisterFunction,291,44,0
cudaRegisterFunction,285,45,0
cudaRegisterFunction,289,45,0
cudaRegisterFunction,289,42,0
cudaRegisterVar,214,48,0
cudaRegisterVar,122,45,0
cudaRegisterVar,114,50,0
cudaRegisterVar,2168,43,0
cudaRegisterVar,6262,39,0
cudaRegisterVar,14452,39,0
cudaRegisterVar,15480,38,0
cudaRegisterVar,17524,39,0
cudaRegisterVar,17548,38,0
cudaRegisterVar,120,35,0
cudaRegisterVar,124,36,0
cudaRegisterFatBinaryEnd,3115343,388,0
cudaRegisterFatBinary,2588007,2657,2000
cudaRegisterFunction,287,42,0
cudaRegisterFunction,287,31,0
cudaRegisterFunction,287,32,0
cudaRegisterFunction,287,32,0
cudaRegisterFunction,285,33,0
cudaRegisterFunction,285,33,0
cudaRegisterFunction,285,33,0
cudaRegisterFunction,285,31,0
cudaRegisterFunction,285,32,0
cudaRegisterFunction,285,34,0
cudaRegisterFunction,285,33,0
cudaRegisterFunction,285,32,0
cudaRegisterFunction,285,34,0
cudaRegisterFunction,285,45,0
cudaRegisterFunction,285,36,0
cudaRegisterFunction,283,41,0
cudaRegisterFunction,287,43,0
cudaRegisterFunction,291,45,0
cudaRegisterFunction,291,45,0
cudaRegisterFunction,287,44,0
cudaRegisterFunction,291,46,0
cudaRegisterFunction,291,43,0
cudaRegisterFunction,287,44,0
cudaRegisterFunction,291,40,0
cudaRegisterFunction,291,34,0
cudaRegisterFunction,287,39,0
cudaRegisterFunction,291,47,0
cudaRegisterFunction,291,45,0
cudaRegisterFunction,285,45,0
cudaRegisterFunction,289,44,0
cudaRegisterFunction,289,47,0
cudaRegisterFunction,285,43,0
cudaRegisterFunction,289,44,0
cudaRegisterFunction,289,43,0
cudaRegisterFunction,285,45,0
cudaRegisterFunction,289,44,0
cudaRegisterFunction,289,46,0
cudaRegisterFunction,285,46,0
cudaRegisterFunction,289,43,0
cudaRegisterFunction,289,47,0
cudaRegisterFunction,285,41,0
cudaRegisterFunction,289,37,0
cudaRegisterFunction,289,35,0
cudaRegisterFunction,285,34,0
cudaRegisterFunction,289,32,0
cudaRegisterFunction,289,33,0
cudaRegisterFunction,285,33,0
cudaRegisterFunction,289,34,0
cudaRegisterFunction,289,33,0
cudaRegisterFunction,285,32,0
cudaRegisterFunction,289,34,0
cudaRegisterFunction,289,33,0
cudaRegisterFunction,285,31,0
cudaRegisterFunction,289,32,0
cudaRegisterFunction,289,34,0
cudaRegisterFunction,285,35,0
cudaRegisterFunction,289,32,0
cudaRegisterFunction,289,32,0
cudaRegisterFunction,285,31,0
cudaRegisterFunction,289,33,0
cudaRegisterFunction,289,33,0
cudaRegisterFunction,283,31,0
cudaRegisterFunction,287,28,0
cudaRegisterFunction,287,30,0
cudaRegisterVar,213,35,0
cudaRegisterVar,122,41,0
cudaRegisterVar,114,39,0
cudaRegisterVar,2168,36,0
cudaRegisterVar,6262,35,0
cudaRegisterVar,14452,37,0
cudaRegisterVar,15480,37,0
cudaRegisterVar,17524,38,0
cudaRegisterVar,17548,38,0
cudaRegisterVar,120,36,0
cudaRegisterVar,124,36,0
cudaRegisterFatBinaryEnd,2588007,326,0
cudaRegisterFatBinary,2591559,3150,2000
cudaRegisterFunction,287,30,0
cudaRegisterFunction,287,39,0
cudaRegisterFunction,287,31,0
cudaRegisterFunction,287,32,0
cudaRegisterFunction,285,33,0
cudaRegisterFunction,285,32,0
cudaRegisterFunction,285,32,0
cudaRegisterFunction,285,32,0
cudaRegisterFunction,285,32,0
cudaRegisterFunction,285,32,0
cudaRegisterFunction,285,32,0
cudaRegisterFunction,285,33,0
cudaRegisterFunction,285,33,0
cudaRegisterFunction,285,36,0
cudaRegisterFunction,285,31,0
cudaRegisterFunction,283,32,0
cudaRegisterFunction,287,32,0
cudaRegisterFunction,291,31,0
cudaRegisterFunction,291,32,0
cudaRegisterFunction,287,31,0
cudaRegisterFunction,291,32,0
cudaRegisterFunction,291,32,0
cudaRegisterFunction,287,32,0
cudaRegisterFunction,291,31,0
cudaRegisterFunction,291,32,0
cudaRegisterFunction,287,32,0
cudaRegisterFunction,291,32,0
cudaRegisterFunction,291,34,0
cudaRegisterFunction,285,40,0
cudaRegisterFunction,289,41,0
cudaRegisterFunction,289,43,0
cudaRegisterFunction,285,43,0
cudaRegisterFunction,289,42,0
cudaRegisterFunction,289,42,0
cudaRegisterFunction,285,42,0
cudaRegisterFunction,289,42,0
cudaRegisterFunction,289,43,0
cudaRegisterFunction,285,43,0
cudaRegisterFunction,289,42,0
cudaRegisterFunction,289,42,0
cudaRegisterFunction,285,42,0
cudaRegisterFunction,289,44,0
cudaRegisterFunction,289,42,0
cudaRegisterFunction,285,42,0
cudaRegisterFunction,289,42,0
cudaRegisterFunction,289,41,0
cudaRegisterFunction,285,43,0
cudaRegisterFunction,289,42,0
cudaRegisterFunction,289,42,0
cudaRegisterFunction,285,43,0
cudaRegisterFunction,289,43,0
cudaRegisterFunction,289,42,0
cudaRegisterFunction,285,43,0
cudaRegisterFunction,289,43,0
cudaRegisterFunction,289,42,0
cudaRegisterFunction,285,45,0
cudaRegisterFunction,289,41,0
cudaRegisterFunction,289,43,0
cudaRegisterFunction,285,41,0
cudaRegisterFunction,289,42,0
cudaRegisterFunction,289,41,0
cudaRegisterFunction,283,43,0
cudaRegisterFunction,287,41,0
cudaRegisterFunction,287,42,0
cudaRegisterVar,213,44,0
cudaRegisterVar,122,45,0
cudaRegisterVar,114,45,0
cudaRegisterVar,2168,47,0
cudaRegisterVar,6262,44,0
cudaRegisterVar,14452,47,0
cudaRegisterVar,15480,48,0
cudaRegisterVar,17524,48,0
cudaRegisterVar,17548,48,0
cudaRegisterVar,120,45,0
cudaRegisterVar,124,45,0
cudaRegisterFatBinaryEnd,2591559,339,0
cudaRegisterFatBinary,2595559,2344,2000
cudaRegisterFunction,289,60,0
cudaRegisterFunction,289,40,0
cudaRegisterFunction,289,42,0
cudaRegisterFunction,289,42,0
cudaRegisterFunction,287,42,0
cudaRegisterFunction,287,42,0
cudaRegisterFunction,287,41,0
cudaRegisterFunction,287,42,0
cudaRegisterFunction,287,44,0
cudaRegisterFunction,287,42,0
cudaRegisterFunction,287,42,0
cudaRegisterFunction,287,42,0
cudaRegisterFunction,287,42,0
cudaRegisterFunction,287,41,0
cudaRegisterFunction,287,45,0
cudaRegisterFunction,285,43,0
cudaRegisterFunction,289,41,0
cudaRegisterFunction,293,41,0
cudaRegisterFunction,293,42,0
cudaRegisterFunction,289,42,0
cudaRegisterFunction,293,43,0
cudaRegisterFunction,293,42,0
cudaRegisterFunction,289,42,0
cudaRegisterFunction,293,42,0
cudaRegisterFunction,293,41,0
cudaRegisterFunction,289,41,0
cudaRegisterFunction,293,42,0
cudaRegisterFunction,293,41,0
cudaRegisterFunction,287,44,0
cudaRegisterFunction,291,49,0
cudaRegisterFunction,291,41,0
cudaRegisterFunction,287,41,0
cudaRegisterFunction,291,45,0
cudaRegisterFunction,291,41,0
cudaRegisterFunction,287,42,0
cudaRegisterFunction,291,44,0
cudaRegisterFunction,291,42,0
cudaRegisterFunction,287,39,0
cudaRegisterFunction,291,42,0
cudaRegisterFunction,291,42,0
cudaRegisterFunction,287,43,0
cudaRegisterFunction,291,43,0
cudaRegisterFunction,291,47,0
cudaRegisterFunction,287,42,0
cudaRegisterFunction,291,42,0
cudaRegisterFunction,291,42,0
cudaRegisterFunction,287,42,0
cudaRegisterFunction,291,42,0
cudaRegisterFunction,291,42,0
cudaRegisterFunction,287,42,0
cudaRegisterFunction,291,41,0
cudaRegisterFunction,291,41,0
cudaRegisterFunction,287,42,0
cudaRegisterFunction,291,42,0
cudaRegisterFunction,291,42,0
cudaRegisterFunction,287,41,0
cudaRegisterFunction,291,45,0
cudaRegisterFunction,291,43,0
cudaRegisterFunction,287,42,0
cudaRegisterFunction,291,42,0
cudaRegisterFunction,291,42,0
cudaRegisterFunction,285,42,0
cudaRegisterFunction,289,42,0
cudaRegisterFunction,289,41,0
cudaRegisterVar,214,44,0
cudaRegisterVar,122,46,0
cudaRegisterVar,114,45,0
cudaRegisterVar,2168,44,0
cudaRegisterVar,6262,48,0
cudaRegisterVar,14452,48,0
cudaRegisterVar,15480,47,0
cudaRegisterVar,17524,47,0
cudaRegisterVar,17548,48,0
cudaRegisterVar,120,45,0
cudaRegisterVar,124,46,0
cudaRegisterFatBinaryEnd,2595559,325,0
cudaRegisterFatBinary,2837239,3460,3000
cudaRegisterFunction,287,51,0
cudaRegisterFunction,287,45,0
cudaRegisterFunction,287,43,0
cudaRegisterFunction,287,44,0
cudaRegisterFunction,285,42,0
cudaRegisterFunction,285,43,0
cudaRegisterFunction,285,42,0
cudaRegisterFunction,285,42,0
cudaRegisterFunction,285,41,0
cudaRegisterFunction,285,43,0
cudaRegisterFunction,285,42,0
cudaRegisterFunction,285,42,0
cudaRegisterFunction,285,42,0
cudaRegisterFunction,285,42,0
cudaRegisterFunction,285,42,0
cudaRegisterFunction,283,45,0
cudaRegisterFunction,287,42,0
cudaRegisterFunction,291,41,0
cudaRegisterFunction,291,41,0
cudaRegisterFunction,287,41,0
cudaRegisterFunction,291,41,0
cudaRegisterFunction,291,42,0
cudaRegisterFunction,287,42,0
cudaRegisterFunction,291,42,0
cudaRegisterFunction,291,41,0
cudaRegisterFunction,287,42,0
cudaRegisterFunction,291,42,0
cudaRegisterFunction,291,50,0
cudaRegisterFunction,285,42,0
cudaRegisterFunction,289,44,0
cudaRegisterFunction,289,41,0
cudaRegisterFunction,285,42,0
cudaRegisterFunction,289,42,0
cudaRegisterFunction,289,41,0
cudaRegisterFunction,285,41,0
cudaRegisterFunction,289,41,0
cudaRegisterFunction,289,41,0
cudaRegisterFunction,285,43,0
cudaRegisterFunction,289,41,0
cudaRegisterFunction,289,43,0
cudaRegisterFunction,285,42,0
cudaRegisterFunction,289,42,0
cudaRegisterFunction,289,43,0
cudaRegisterFunction,285,46,0
cudaRegisterFunction,289,43,0
cudaRegisterFunction,289,42,0
cudaRegisterFunction,285,42,0
cudaRegisterFunction,289,42,0
cudaRegisterFunction,289,42,0
cudaRegisterFunction,285,42,0
cudaRegisterFunction,289,42,0
cudaRegisterFunction,289,43,0
cudaRegisterFunction,285,42,0
cudaRegisterFunction,289,40,0
cudaRegisterFunction,289,42,0
cudaRegisterFunction,285,42,0
cudaRegisterFunction,289,42,0
cudaRegisterFunction,289,47,0
cudaRegisterFunction,285,42,0
cudaRegisterFunction,289,43,0
cudaRegisterFunction,289,43,0
cudaRegisterFunction,283,45,0
cudaRegisterFunction,287,43,0
cudaRegisterFunction,287,45,0
cudaRegisterVar,213,45,0
cudaRegisterVar,122,46,0
cudaRegisterVar,114,45,0
cudaRegisterVar,2168,46,0
cudaRegisterVar,6262,46,0
cudaRegisterVar,14452,51,0
cudaRegisterVar,15480,47,0
cudaRegisterVar,17524,48,0
cudaRegisterVar,17548,47,0
cudaRegisterVar,120,45,0
cudaRegisterVar,124,44,0
cudaRegisterFatBinaryEnd,2837239,349,0
cudaRegisterFatBinary,2876303,3582,3000
cudaRegisterFunction,287,55,0
cudaRegisterFunction,287,43,0
cudaRegisterFunction,287,46,0
cudaRegisterFunction,287,42,0
cudaRegisterFunction,285,42,0
cudaRegisterFunction,285,42,0
cudaRegisterFunction,285,43,0
cudaRegisterFunction,285,42,0
cudaRegisterFunction,285,42,0
cudaRegisterFunction,285,42,0
cudaRegisterFunction,285,43,0
cudaRegisterFunction,285,38,0
cudaRegisterFunction,285,42,0
cudaRegisterFunction,285,42,0
cudaRegisterFunction,285,43,0
cudaRegisterFunction,283,48,0
cudaRegisterFunction,287,46,0
cudaRegisterFunction,291,42,0
cudaRegisterFunction,291,41,0
cudaRegisterFunction,287,40,0
cudaRegisterFunction,291,42,0
cudaRegisterFunction,291,42,0
cudaRegisterFunction,287,42,0
cudaRegisterFunction,291,40,0
cudaRegisterFunction,291,42,0
cudaRegisterFunction,287,41,0
cudaRegisterFunction,291,42,0
cudaRegisterFunction,291,42,0
cudaRegisterFunction,285,42,0
cudaRegisterFunction,289,42,0
cudaRegisterFunction,289,45,0
cudaRegisterFunction,285,42,0
cudaRegisterFunction,289,42,0
cudaRegisterFunction,289,42,0
cudaRegisterFunction,285,44,0
cudaRegisterFunction,289,42,0
cudaRegisterFunction,289,42,0
cudaRegisterFunction,285,44,0
cudaRegisterFunction,289,42,0
cudaRegisterFunction,289,42,0
cudaRegisterFunction,285,41,0
cudaRegisterFunction,289,42,0
cudaRegisterFunction,289,42,0
cudaRegisterFunction,285,40,0
cudaRegisterFunction,289,45,0
cudaRegisterFunction,289,41,0
cudaRegisterFunction,285,42,0
cudaRegisterFunction,289,41,0
cudaRegisterFunction,289,41,0
cudaRegisterFunction,285,42,0
cudaRegisterFunction,289,41,0
cudaRegisterFunction,289,42,0
cudaRegisterFunction,285,41,0
cudaRegisterFunction,289,41,0
cudaRegisterFunction,289,42,0
cudaRegisterFunction,285,43,0
cudaRegisterFunction,289,42,0
cudaRegisterFunction,289,42,0
cudaRegisterFunction,285,46,0
cudaRegisterFunction,289,41,0
cudaRegisterFunction,289,41,0
cudaRegisterFunction,283,41,0
cudaRegisterFunction,287,44,0
cudaRegisterFunction,287,43,0
cudaRegisterVar,213,44,0
cudaRegisterVar,122,47,0
cudaRegisterVar,114,45,0
cudaRegisterVar,2168,45,0
cudaRegisterVar,6262,44,0
cudaRegisterVar,14452,50,0
cudaRegisterVar,15480,48,0
cudaRegisterVar,17524,47,0
cudaRegisterVar,17548,47,0
cudaRegisterVar,120,45,0
cudaRegisterVar,124,45,0
cudaRegisterFatBinaryEnd,2876303,364,0
cudaRegisterFatBinary,2719215,3154,2000
cudaRegisterFunction,289,50,0
cudaRegisterFunction,289,42,0
cudaRegisterFunction,289,42,0
cudaRegisterFunction,289,44,0
cudaRegisterFunction,287,43,0
cudaRegisterFunction,287,45,0
cudaRegisterFunction,287,41,0
cudaRegisterFunction,287,42,0
cudaRegisterFunction,287,42,0
cudaRegisterFunction,287,42,0
cudaRegisterFunction,287,42,0
cudaRegisterFunction,287,42,0
cudaRegisterFunction,287,40,0
cudaRegisterFunction,287,42,0
cudaRegisterFunction,287,42,0
cudaRegisterFunction,285,41,0
cudaRegisterFunction,289,41,0
cudaRegisterFunction,293,46,0
cudaRegisterFunction,293,41,0
cudaRegisterFunction,289,51,0
cudaRegisterFunction,293,43,0
cudaRegisterFunction,293,42,0
cudaRegisterFunction,289,42,0
cudaRegisterFunction,293,42,0
cudaRegisterFunction,293,42,0
cudaRegisterFunction,289,42,0
cudaRegisterFunction,293,42,0
cudaRegisterFunction,293,42,0
cudaRegisterFunction,287,42,0
cudaRegisterFunction,291,43,0
cudaRegisterFunction,291,42,0
cudaRegisterFunction,287,46,0
cudaRegisterFunction,291,42,0
cudaRegisterFunction,291,42,0
cudaRegisterFunction,287,42,0
cudaRegisterFunction,291,42,0
cudaRegisterFunction,291,41,0
cudaRegisterFunction,287,42,0
cudaRegisterFunction,291,43,0
cudaRegisterFunction,291,42,0
cudaRegisterFunction,287,41,0
cudaRegisterFunction,291,44,0
cudaRegisterFunction,291,41,0
cudaRegisterFunction,287,41,0
cudaRegisterFunction,291,44,0
cudaRegisterFunction,291,44,0
cudaRegisterFunction,287,42,0
cudaRegisterFunction,291,42,0
cudaRegisterFunction,291,42,0
cudaRegisterFunction,287,42,0
cudaRegisterFunction,291,41,0
cudaRegisterFunction,291,42,0
cudaRegisterFunction,287,41,0
cudaRegisterFunction,291,43,0
cudaRegisterFunction,291,41,0
cudaRegisterFunction,287,42,0
cudaRegisterFunction,291,41,0
cudaRegisterFunction,291,41,0
cudaRegisterFunction,287,41,0
cudaRegisterFunction,291,45,0
cudaRegisterFunction,291,43,0
cudaRegisterFunction,285,41,0
cudaRegisterFunction,289,41,0
cudaRegisterFunction,289,41,0
cudaRegisterVar,214,44,0
cudaRegisterVar,122,46,0
cudaRegisterVar,114,45,0
cudaRegisterVar,2168,45,0
cudaRegisterVar,6262,44,0
cudaRegisterVar,14452,47,0
cudaRegisterVar,15480,50,0
cudaRegisterVar,17524,48,0
cudaRegisterVar,17548,51,0
cudaRegisterVar,120,45,0
cudaRegisterVar,124,45,0
cudaRegisterFatBinaryEnd,2719215,335,0
cudaRegisterFatBinary,3082647,3963,3000
cudaRegisterFunction,289,61,0
cudaRegisterFunction,289,40,0
cudaRegisterFunction,289,43,0
cudaRegisterFunction,289,42,0
cudaRegisterFunction,287,45,0
cudaRegisterFunction,287,42,0
cudaRegisterFunction,287,43,0
cudaRegisterFunction,287,42,0
cudaRegisterFunction,287,42,0
cudaRegisterFunction,287,43,0
cudaRegisterFunction,287,42,0
cudaRegisterFunction,287,42,0
cudaRegisterFunction,287,45,0
cudaRegisterFunction,287,42,0
cudaRegisterFunction,287,42,0
cudaRegisterFunction,285,42,0
cudaRegisterFunction,289,41,0
cudaRegisterFunction,293,42,0
cudaRegisterFunction,293,45,0
cudaRegisterFunction,289,42,0
cudaRegisterFunction,293,42,0
cudaRegisterFunction,293,42,0
cudaRegisterFunction,289,42,0
cudaRegisterFunction,293,41,0
cudaRegisterFunction,293,42,0
cudaRegisterFunction,289,42,0
cudaRegisterFunction,293,42,0
cudaRegisterFunction,293,30,0
cudaRegisterFunction,287,43,0
cudaRegisterFunction,291,41,0
cudaRegisterFunction,291,42,0
cudaRegisterFunction,287,42,0
cudaRegisterFunction,291,45,0
cudaRegisterFunction,291,41,0
cudaRegisterFunction,287,41,0
cudaRegisterFunction,291,42,0
cudaRegisterFunction,291,44,0
cudaRegisterFunction,287,42,0
cudaRegisterFunction,291,42,0
cudaRegisterFunction,291,42,0
cudaRegisterFunction,287,41,0
cudaRegisterFunction,291,43,0
cudaRegisterFunction,291,42,0
cudaRegisterFunction,287,42,0
cudaRegisterFunction,291,41,0
cudaRegisterFunction,291,42,0
cudaRegisterFunction,287,44,0
cudaRegisterFunction,291,41,0
cudaRegisterFunction,291,43,0
cudaRegisterFunction,287,41,0
cudaRegisterFunction,291,42,0
cudaRegisterFunction,291,43,0
cudaRegisterFunction,287,42,0
cudaRegisterFunction,291,41,0
cudaRegisterFunction,291,42,0
cudaRegisterFunction,287,42,0
cudaRegisterFunction,291,42,0
cudaRegisterFunction,291,42,0
cudaRegisterFunction,287,41,0
cudaRegisterFunction,291,42,0
cudaRegisterFunction,291,46,0
cudaRegisterFunction,285,41,0
cudaRegisterFunction,289,40,0
cudaRegisterFunction,289,42,0
cudaRegisterVar,214,44,0
cudaRegisterVar,122,45,0
cudaRegisterVar,114,45,0
cudaRegisterVar,2168,44,0
cudaRegisterVar,6262,44,0
cudaRegisterVar,14452,48,0
cudaRegisterVar,15480,47,0
cudaRegisterVar,17524,49,0
cudaRegisterVar,17548,55,0
cudaRegisterVar,120,46,0
cudaRegisterVar,124,45,0
cudaRegisterFatBinaryEnd,3082647,380,0
cudaRegisterFatBinary,2245343,2020,1000
cudaRegisterFunction,287,50,0
cudaRegisterFunction,287,43,0
cudaRegisterFunction,287,43,0
cudaRegisterFunction,287,42,0
cudaRegisterFunction,285,43,0
cudaRegisterFunction,285,45,0
cudaRegisterFunction,285,42,0
cudaRegisterFunction,285,45,0
cudaRegisterFunction,285,42,0
cudaRegisterFunction,285,42,0
cudaRegisterFunction,285,42,0
cudaRegisterFunction,285,42,0
cudaRegisterFunction,285,42,0
cudaRegisterFunction,285,41,0
cudaRegisterFunction,285,42,0
cudaRegisterFunction,283,42,0
cudaRegisterFunction,287,41,0
cudaRegisterFunction,291,42,0
cudaRegisterFunction,291,41,0
cudaRegisterFunction,287,46,0
cudaRegisterFunction,291,42,0
cudaRegisterFunction,291,42,0
cudaRegisterFunction,287,42,0
cudaRegisterFunction,291,43,0
cudaRegisterFunction,291,42,0
cudaRegisterFunction,287,42,0
cudaRegisterFunction,291,42,0
cudaRegisterFunction,291,43,0
cudaRegisterFunction,285,41,0
cudaRegisterFunction,289,42,0
cudaRegisterFunction,289,41,0
cudaRegisterFunction,285,44,0
cudaRegisterFunction,289,41,0
cudaRegisterFunction,289,44,0
cudaRegisterFunction,285,42,0
cudaRegisterFunction,289,43,0
cudaRegisterFunction,289,39,0
cudaRegisterFunction,285,44,0
cudaRegisterFunction,289,42,0
cudaRegisterFunction,289,42,0
cudaRegisterFunction,285,43,0
cudaRegisterFunction,289,41,0
cudaRegisterFunction,289,42,0
cudaRegisterFunction,285,42,0
cudaRegisterFunction,289,42,0
cudaRegisterFunction,289,42,0
cudaRegisterFunction,285,42,0
cudaRegisterFunction,289,44,0
cudaRegisterFunction,289,42,0
cudaRegisterFunction,285,42,0
cudaRegisterFunction,289,48,0
cudaRegisterFunction,289,41,0
cudaRegisterFunction,285,43,0
cudaRegisterFunction,289,41,0
cudaRegisterFunction,289,43,0
cudaRegisterFunction,285,43,0
cudaRegisterFunction,289,41,0
cudaRegisterFunction,289,43,0
cudaRegisterFunction,285,42,0
cudaRegisterFunction,289,40,0
cudaRegisterFunction,289,42,0
cudaRegisterFunction,283,45,0
cudaRegisterFunction,287,42,0
cudaRegisterFunction,287,41,0
cudaRegisterVar,213,44,0
cudaRegisterVar,122,46,0
cudaRegisterVar,114,45,0
cudaRegisterVar,2168,45,0
cudaRegisterVar,6262,45,0
cudaRegisterVar,14452,47,0
cudaRegisterVar,15480,46,0
cudaRegisterVar,17524,49,0
cudaRegisterVar,17548,50,0
cudaRegisterVar,120,44,0
cudaRegisterVar,124,45,0
cudaRegisterFatBinaryEnd,2245343,285,0
cudaRegisterFatBinary,937127,1034,0
cudaRegisterFunction,269,51,0
cudaRegisterFunction,269,42,0
cudaRegisterFunction,297,43,0
cudaRegisterFunction,269,42,0
cudaRegisterFunction,269,49,0
cudaRegisterFunction,297,43,0
cudaRegisterFunction,269,44,0
cudaRegisterFunction,269,43,0
cudaRegisterFunction,297,41,0
cudaRegisterFunction,269,43,0
cudaRegisterFunction,269,43,0
cudaRegisterFunction,297,41,0
cudaRegisterFunction,269,42,0
cudaRegisterFunction,269,41,0
cudaRegisterFunction,297,43,0
cudaRegisterFunction,269,41,0
cudaRegisterFunction,269,42,0
cudaRegisterFunction,297,41,0
cudaRegisterFunction,269,41,0
cudaRegisterFunction,269,42,0
cudaRegisterFunction,297,44,0
cudaRegisterFunction,269,42,0
cudaRegisterFunction,269,43,0
cudaRegisterFunction,297,41,0
cudaRegisterFunction,253,42,0
cudaRegisterFunction,253,42,0
cudaRegisterFunction,281,43,0
cudaRegisterFunction,253,42,0
cudaRegisterFunction,253,42,0
cudaRegisterFunction,281,41,0
cudaRegisterFunction,253,42,0
cudaRegisterFunction,253,43,0
cudaRegisterFunction,281,42,0
cudaRegisterFunction,253,42,0
cudaRegisterFunction,253,46,0
cudaRegisterFunction,281,42,0
cudaRegisterFunction,253,41,0
cudaRegisterFunction,253,42,0
cudaRegisterFunction,281,44,0
cudaRegisterFunction,253,40,0
cudaRegisterFunction,253,42,0
cudaRegisterFunction,281,42,0
cudaRegisterFunction,253,42,0
cudaRegisterFunction,253,41,0
cudaRegisterFunction,281,42,0
cudaRegisterFunction,253,43,0
cudaRegisterFunction,253,42,0
cudaRegisterFunction,281,43,0
cudaRegisterFunction,239,44,0
cudaRegisterFunction,239,41,0
cudaRegisterFunction,267,44,0
cudaRegisterFunction,239,42,0
cudaRegisterFunction,239,42,0
cudaRegisterFunction,267,42,0
cudaRegisterFunction,239,42,0
cudaRegisterFunction,239,43,0
cudaRegisterFunction,267,42,0
cudaRegisterFunction,239,42,0
cudaRegisterFunction,239,42,0
cudaRegisterFunction,267,42,0
cudaRegisterFunction,239,41,0
cudaRegisterFunction,239,42,0
cudaRegisterFunction,267,46,0
cudaRegisterFunction,239,41,0
cudaRegisterFunction,239,42,0
cudaRegisterFunction,267,42,0
cudaRegisterFunction,239,41,0
cudaRegisterFunction,239,42,0
cudaRegisterFunction,267,42,0
cudaRegisterFunction,239,41,0
cudaRegisterFunction,239,41,0
cudaRegisterFunction,267,42,0
cudaRegisterFunction,269,41,0
cudaRegisterFunction,269,42,0
cudaRegisterFunction,297,43,0
cudaRegisterFunction,269,41,0
cudaRegisterFunction,269,45,0
cudaRegisterFunction,297,41,0
cudaRegisterFunction,269,47,0
cudaRegisterFunction,269,42,0
cudaRegisterFunction,297,42,0
cudaRegisterFunction,269,42,0
cudaRegisterFunction,269,41,0
cudaRegisterFunction,297,42,0
cudaRegisterFunction,269,43,0
cudaRegisterFunction,269,41,0
cudaRegisterFunction,297,45,0
cudaRegisterFunction,269,36,0
cudaRegisterFunction,269,41,0
cudaRegisterFunction,297,42,0
cudaRegisterFunction,269,45,0
cudaRegisterFunction,269,42,0
cudaRegisterFunction,297,42,0
cudaRegisterFunction,269,42,0
cudaRegisterFunction,269,42,0
cudaRegisterFunction,297,41,0
cudaRegisterFunction,253,42,0
cudaRegisterFunction,253,41,0
cudaRegisterFunction,281,44,0
cudaRegisterFunction,253,43,0
cudaRegisterFunction,253,42,0
cudaRegisterFunction,281,41,0
cudaRegisterFunction,253,41,0
cudaRegisterFunction,253,41,0
cudaRegisterFunction,281,44,0
cudaRegisterFunction,253,42,0
cudaRegisterFunction,253,41,0
cudaRegisterFunction,281,41,0
cudaRegisterFunction,253,42,0
cudaRegisterFunction,253,42,0
cudaRegisterFunction,281,43,0
cudaRegisterFunction,253,42,0
cudaRegisterFunction,253,41,0
cudaRegisterFunction,281,41,0
cudaRegisterFunction,253,42,0
cudaRegisterFunction,253,42,0
cudaRegisterFunction,281,42,0
cudaRegisterFunction,253,41,0
cudaRegisterFunction,253,45,0
cudaRegisterFunction,281,41,0
cudaRegisterFunction,239,42,0
cudaRegisterFunction,239,42,0
cudaRegisterFunction,267,43,0
cudaRegisterFunction,239,41,0
cudaRegisterFunction,239,41,0
cudaRegisterFunction,267,42,0
cudaRegisterFunction,239,42,0
cudaRegisterFunction,239,41,0
cudaRegisterFunction,267,41,0
cudaRegisterFunction,239,42,0
cudaRegisterFunction,239,41,0
cudaRegisterFunction,267,42,0
cudaRegisterFunction,239,44,0
cudaRegisterFunction,239,42,0
cudaRegisterFunction,267,42,0
cudaRegisterFunction,239,42,0
cudaRegisterFunction,239,42,0
cudaRegisterFunction,267,42,0
cudaRegisterFunction,239,41,0
cudaRegisterFunction,239,42,0
cudaRegisterFunction,267,40,0
cudaRegisterFunction,239,41,0
cudaRegisterFunction,239,42,0
cudaRegisterFunction,267,40,0
cudaRegisterVar,205,43,0
cudaRegisterVar,122,47,0
cudaRegisterVar,114,46,0
cudaRegisterVar,2168,44,0
cudaRegisterVar,6262,45,0
cudaRegisterVar,14452,48,0
cudaRegisterVar,15480,47,0
cudaRegisterVar,17524,48,0
cudaRegisterVar,17548,47,0
cudaRegisterVar,120,50,0
cudaRegisterVar,124,44,0
cudaRegisterFatBinaryEnd,937127,115,0
cudaRegisterFatBinary,1518391,3093,2000
cudaRegisterFunction,271,54,0
cudaRegisterFunction,271,43,0
cudaRegisterFunction,299,41,0
cudaRegisterFunction,271,42,0
cudaRegisterFunction,271,41,0
cudaRegisterFunction,299,41,0
cudaRegisterFunction,271,41,0
cudaRegisterFunction,271,43,0
cudaRegisterFunction,299,41,0
cudaRegisterFunction,271,42,0
cudaRegisterFunction,271,41,0
cudaRegisterFunction,299,45,0
cudaRegisterFunction,271,42,0
cudaRegisterFunction,271,42,0
cudaRegisterFunction,299,41,0
cudaRegisterFunction,271,42,0
cudaRegisterFunction,271,42,0
cudaRegisterFunction,299,43,0
cudaRegisterFunction,271,41,0
cudaRegisterFunction,271,42,0
cudaRegisterFunction,299,44,0
cudaRegisterFunction,271,41,0
cudaRegisterFunction,271,41,0
cudaRegisterFunction,299,41,0
cudaRegisterFunction,255,43,0
cudaRegisterFunction,255,44,0
cudaRegisterFunction,283,42,0
cudaRegisterFunction,255,41,0
cudaRegisterFunction,255,42,0
cudaRegisterFunction,283,42,0
cudaRegisterFunction,255,42,0
cudaRegisterFunction,255,41,0
cudaRegisterFunction,283,42,0
cudaRegisterFunction,255,41,0
cudaRegisterFunction,255,41,0
cudaRegisterFunction,283,42,0
cudaRegisterFunction,255,41,0
cudaRegisterFunction,255,43,0
cudaRegisterFunction,283,41,0
cudaRegisterFunction,255,45,0
cudaRegisterFunction,255,42,0
cudaRegisterFunction,283,42,0
cudaRegisterFunction,255,41,0
cudaRegisterFunction,255,42,0
cudaRegisterFunction,283,41,0
cudaRegisterFunction,255,42,0
cudaRegisterFunction,255,41,0
cudaRegisterFunction,283,42,0
cudaRegisterFunction,241,42,0
cudaRegisterFunction,241,43,0
cudaRegisterFunction,269,42,0
cudaRegisterFunction,241,40,0
cudaRegisterFunction,241,47,0
cudaRegisterFunction,269,47,0
cudaRegisterFunction,241,41,0
cudaRegisterFunction,241,42,0
cudaRegisterFunction,269,42,0
cudaRegisterFunction,241,41,0
cudaRegisterFunction,241,38,0
cudaRegisterFunction,269,42,0
cudaRegisterFunction,241,43,0
cudaRegisterFunction,241,43,0
cudaRegisterFunction,269,42,0
cudaRegisterFunction,241,42,0
cudaRegisterFunction,241,41,0
cudaRegisterFunction,269,42,0
cudaRegisterFunction,241,42,0
cudaRegisterFunction,241,45,0
cudaRegisterFunction,269,42,0
cudaRegisterFunction,241,42,0
cudaRegisterFunction,241,41,0
cudaRegisterFunction,269,41,0
cudaRegisterFunction,271,42,0
cudaRegisterFunction,271,43,0
cudaRegisterFunction,299,42,0
cudaRegisterFunction,271,41,0
cudaRegisterFunction,271,42,0
cudaRegisterFunction,299,42,0
cudaRegisterFunction,271,42,0
cudaRegisterFunction,271,42,0
cudaRegisterFunction,299,41,0
cudaRegisterFunction,271,45,0
cudaRegisterFunction,271,42,0
cudaRegisterFunction,299,42,0
cudaRegisterFunction,271,43,0
cudaRegisterFunction,271,45,0
cudaRegisterFunction,299,41,0
cudaRegisterFunction,271,42,0
cudaRegisterFunction,271,42,0
cudaRegisterFunction,299,42,0
cudaRegisterFunction,271,41,0
cudaRegisterFunction,271,42,0
cudaRegisterFunction,299,42,0
cudaRegisterFunction,271,41,0
cudaRegisterFunction,271,43,0
cudaRegisterFunction,299,43,0
cudaRegisterFunction,255,42,0
cudaRegisterFunction,255,42,0
cudaRegisterFunction,283,42,0
cudaRegisterFunction,255,41,0
cudaRegisterFunction,255,42,0
cudaRegisterFunction,283,41,0
cudaRegisterFunction,255,42,0
cudaRegisterFunction,255,42,0
cudaRegisterFunction,283,42,0
cudaRegisterFunction,255,42,0
cudaRegisterFunction,255,41,0
cudaRegisterFunction,283,42,0
cudaRegisterFunction,255,42,0
cudaRegisterFunction,255,45,0
cudaRegisterFunction,283,42,0
cudaRegisterFunction,255,41,0
cudaRegisterFunction,255,42,0
cudaRegisterFunction,283,41,0
cudaRegisterFunction,255,41,0
cudaRegisterFunction,255,42,0
cudaRegisterFunction,283,42,0
cudaRegisterFunction,255,42,0
cudaRegisterFunction,255,42,0
cudaRegisterFunction,283,42,0
cudaRegisterFunction,241,42,0
cudaRegisterFunction,241,41,0
cudaRegisterFunction,269,41,0
cudaRegisterFunction,241,43,0
cudaRegisterFunction,241,42,0
cudaRegisterFunction,269,42,0
cudaRegisterFunction,241,42,0
cudaRegisterFunction,241,48,0
cudaRegisterFunction,269,42,0
cudaRegisterFunction,241,42,0
cudaRegisterFunction,241,42,0
cudaRegisterFunction,269,42,0
cudaRegisterFunction,241,41,0
cudaRegisterFunction,241,44,0
cudaRegisterFunction,269,41,0
cudaRegisterFunction,241,42,0
cudaRegisterFunction,241,41,0
cudaRegisterFunction,269,44,0
cudaRegisterFunction,241,43,0
cudaRegisterFunction,241,42,0
cudaRegisterFunction,269,43,0
cudaRegisterFunction,241,42,0
cudaRegisterFunction,241,41,0
cudaRegisterFunction,269,42,0
cudaRegisterVar,205,44,0
cudaRegisterVar,122,45,0
cudaRegisterVar,114,44,0
cudaRegisterVar,2168,44,0
cudaRegisterVar,6262,45,0
cudaRegisterVar,14452,51,0
cudaRegisterVar,15480,47,0
cudaRegisterVar,17524,46,0
cudaRegisterVar,17548,48,0
cudaRegisterVar,120,45,0
cudaRegisterVar,124,45,0
cudaRegisterFatBinaryEnd,1518391,206,0
cudaRegisterFatBinary,1489143,2030,1000
cudaRegisterFunction,271,53,0
cudaRegisterFunction,271,42,0
cudaRegisterFunction,299,45,0
cudaRegisterFunction,271,42,0
cudaRegisterFunction,271,43,0
cudaRegisterFunction,299,42,0
cudaRegisterFunction,271,42,0
cudaRegisterFunction,271,42,0
cudaRegisterFunction,299,41,0
cudaRegisterFunction,271,42,0
cudaRegisterFunction,271,42,0
cudaRegisterFunction,299,42,0
cudaRegisterFunction,271,43,0
cudaRegisterFunction,271,41,0
cudaRegisterFunction,299,42,0
cudaRegisterFunction,271,42,0
cudaRegisterFunction,271,46,0
cudaRegisterFunction,299,42,0
cudaRegisterFunction,271,42,0
cudaRegisterFunction,271,42,0
cudaRegisterFunction,299,42,0
cudaRegisterFunction,271,41,0
cudaRegisterFunction,271,41,0
cudaRegisterFunction,299,42,0
cudaRegisterFunction,255,43,0
cudaRegisterFunction,255,41,0
cudaRegisterFunction,283,43,0
cudaRegisterFunction,255,42,0
cudaRegisterFunction,255,42,0
cudaRegisterFunction,283,40,0
cudaRegisterFunction,255,44,0
cudaRegisterFunction,255,42,0
cudaRegisterFunction,283,42,0
cudaRegisterFunction,255,42,0
cudaRegisterFunction,255,41,0
cudaRegisterFunction,283,42,0
cudaRegisterFunction,255,43,0
cudaRegisterFunction,255,42,0
cudaRegisterFunction,283,43,0
cudaRegisterFunction,255,42,0
cudaRegisterFunction,255,42,0
cudaRegisterFunction,283,41,0
cudaRegisterFunction,255,41,0
cudaRegisterFunction,255,42,0
cudaRegisterFunction,283,44,0
cudaRegisterFunction,255,42,0
cudaRegisterFunction,255,41,0
cudaRegisterFunction,283,42,0
cudaRegisterFunction,241,43,0
cudaRegisterFunction,241,42,0
cudaRegisterFunction,269,41,0
cudaRegisterFunction,241,43,0
cudaRegisterFunction,241,41,0
cudaRegisterFunction,269,48,0
cudaRegisterFunction,241,44,0
cudaRegisterFunction,241,41,0
cudaRegisterFunction,269,42,0
cudaRegisterFunction,241,40,0
cudaRegisterFunction,241,43,0
cudaRegisterFunction,269,41,0
cudaRegisterFunction,241,42,0
cudaRegisterFunction,241,41,0
cudaRegisterFunction,269,42,0
cudaRegisterFunction,241,42,0
cudaRegisterFunction,241,42,0
cudaRegisterFunction,269,41,0
cudaRegisterFunction,241,41,0
cudaRegisterFunction,241,41,0
cudaRegisterFunction,269,42,0
cudaRegisterFunction,241,41,0
cudaRegisterFunction,241,42,0
cudaRegisterFunction,269,42,0
cudaRegisterFunction,271,45,0
cudaRegisterFunction,271,41,0
cudaRegisterFunction,299,42,0
cudaRegisterFunction,271,41,0
cudaRegisterFunction,271,43,0
cudaRegisterFunction,299,42,0
cudaRegisterFunction,271,41,0
cudaRegisterFunction,271,42,0
cudaRegisterFunction,299,41,0
cudaRegisterFunction,271,41,0
cudaRegisterFunction,271,42,0
cudaRegisterFunction,299,42,0
cudaRegisterFunction,271,44,0
cudaRegisterFunction,271,42,0
cudaRegisterFunction,299,44,0
cudaRegisterFunction,271,41,0
cudaRegisterFunction,271,42,0
cudaRegisterFunction,299,41,0
cudaRegisterFunction,271,42,0
cudaRegisterFunction,271,41,0
cudaRegisterFunction,299,43,0
cudaRegisterFunction,271,43,0
cudaRegisterFunction,271,42,0
cudaRegisterFunction,299,87,0
cudaRegisterFunction,255,43,0
cudaRegisterFunction,255,41,0
cudaRegisterFunction,283,41,0
cudaRegisterFunction,255,40,0
cudaRegisterFunction,255,44,0
cudaRegisterFunction,283,41,0
cudaRegisterFunction,255,42,0
cudaRegisterFunction,255,42,0
cudaRegisterFunction,283,42,0
cudaRegisterFunction,255,43,0
cudaRegisterFunction,255,40,0
cudaRegisterFunction,283,42,0
cudaRegisterFunction,255,42,0
cudaRegisterFunction,255,40,0
cudaRegisterFunction,283,42,0
cudaRegisterFunction,255,41,0
cudaRegisterFunction,255,41,0
cudaRegisterFunction,283,42,0
cudaRegisterFunction,255,45,0
cudaRegisterFunction,255,42,0
cudaRegisterFunction,283,42,0
cudaRegisterFunction,255,42,0
cudaRegisterFunction,255,41,0
cudaRegisterFunction,283,41,0
cudaRegisterFunction,241,43,0
cudaRegisterFunction,241,41,0
cudaRegisterFunction,269,40,0
cudaRegisterFunction,241,42,0
cudaRegisterFunction,241,41,0
cudaRegisterFunction,269,42,0
cudaRegisterFunction,241,42,0
cudaRegisterFunction,241,51,0
cudaRegisterFunction,269,46,0
cudaRegisterFunction,241,42,0
cudaRegisterFunction,241,41,0
cudaRegisterFunction,269,42,0
cudaRegisterFunction,241,43,0
cudaRegisterFunction,241,41,0
cudaRegisterFunction,269,41,0
cudaRegisterFunction,241,42,0
cudaRegisterFunction,241,42,0
cudaRegisterFunction,269,42,0
cudaRegisterFunction,241,42,0
cudaRegisterFunction,241,43,0
cudaRegisterFunction,269,42,0
cudaRegisterFunction,241,42,0
cudaRegisterFunction,241,45,0
cudaRegisterFunction,269,43,0
cudaRegisterVar,205,42,0
cudaRegisterVar,122,46,0
cudaRegisterVar,114,45,0
cudaRegisterVar,2168,44,0
cudaRegisterVar,6262,45,0
cudaRegisterVar,14452,48,0
cudaRegisterVar,15480,45,0
cudaRegisterVar,17524,47,0
cudaRegisterVar,17548,50,0
cudaRegisterVar,120,45,0
cudaRegisterVar,124,45,0
cudaRegisterFatBinaryEnd,1489143,199,0
cudaRegisterFatBinary,1529487,2117,1000
cudaRegisterFunction,271,49,0
cudaRegisterFunction,271,43,0
cudaRegisterFunction,299,43,0
cudaRegisterFunction,271,43,0
cudaRegisterFunction,271,41,0
cudaRegisterFunction,299,42,0
cudaRegisterFunction,271,40,0
cudaRegisterFunction,271,45,0
cudaRegisterFunction,299,42,0
cudaRegisterFunction,271,43,0
cudaRegisterFunction,271,41,0
cudaRegisterFunction,299,44,0
cudaRegisterFunction,271,40,0
cudaRegisterFunction,271,42,0
cudaRegisterFunction,299,43,0
cudaRegisterFunction,271,41,0
cudaRegisterFunction,271,42,0
cudaRegisterFunction,299,41,0
cudaRegisterFunction,271,42,0
cudaRegisterFunction,271,41,0
cudaRegisterFunction,299,42,0
cudaRegisterFunction,271,44,0
cudaRegisterFunction,271,42,0
cudaRegisterFunction,299,42,0
cudaRegisterFunction,255,44,0
cudaRegisterFunction,255,42,0
cudaRegisterFunction,283,45,0
cudaRegisterFunction,255,41,0
cudaRegisterFunction,255,41,0
cudaRegisterFunction,283,42,0
cudaRegisterFunction,255,43,0
cudaRegisterFunction,255,42,0
cudaRegisterFunction,283,42,0
cudaRegisterFunction,255,42,0
cudaRegisterFunction,255,42,0
cudaRegisterFunction,283,44,0
cudaRegisterFunction,255,42,0
cudaRegisterFunction,255,42,0
cudaRegisterFunction,283,41,0
cudaRegisterFunction,255,41,0
cudaRegisterFunction,255,41,0
cudaRegisterFunction,283,42,0
cudaRegisterFunction,255,42,0
cudaRegisterFunction,255,42,0
cudaRegisterFunction,283,43,0
cudaRegisterFunction,255,43,0
cudaRegisterFunction,255,42,0
cudaRegisterFunction,283,42,0
cudaRegisterFunction,241,42,0
cudaRegisterFunction,241,46,0
cudaRegisterFunction,269,50,0
cudaRegisterFunction,241,41,0
cudaRegisterFunction,241,42,0
cudaRegisterFunction,269,42,0
cudaRegisterFunction,241,40,0
cudaRegisterFunction,241,41,0
cudaRegisterFunction,269,42,0
cudaRegisterFunction,241,41,0
cudaRegisterFunction,241,42,0
cudaRegisterFunction,269,43,0
cudaRegisterFunction,241,41,0
cudaRegisterFunction,241,42,0
cudaRegisterFunction,269,42,0
cudaRegisterFunction,241,45,0
cudaRegisterFunction,241,41,0
cudaRegisterFunction,269,41,0
cudaRegisterFunction,241,42,0
cudaRegisterFunction,241,42,0
cudaRegisterFunction,269,42,0
cudaRegisterFunction,241,41,0
cudaRegisterFunction,241,41,0
cudaRegisterFunction,269,44,0
cudaRegisterFunction,271,42,0
cudaRegisterFunction,271,40,0
cudaRegisterFunction,299,41,0
cudaRegisterFunction,271,42,0
cudaRegisterFunction,271,42,0
cudaRegisterFunction,299,43,0
cudaRegisterFunction,271,43,0
cudaRegisterFunction,271,42,0
cudaRegisterFunction,299,42,0
cudaRegisterFunction,271,43,0
cudaRegisterFunction,271,41,0
cudaRegisterFunction,299,43,0
cudaRegisterFunction,271,41,0
cudaRegisterFunction,271,43,0
cudaRegisterFunction,299,42,0
cudaRegisterFunction,271,42,0
cudaRegisterFunction,271,44,0
cudaRegisterFunction,299,41,0
cudaRegisterFunction,271,42,0
cudaRegisterFunction,271,45,0
cudaRegisterFunction,299,42,0
cudaRegisterFunction,271,41,0
cudaRegisterFunction,271,42,0
cudaRegisterFunction,299,42,0
cudaRegisterFunction,255,42,0
cudaRegisterFunction,255,42,0
cudaRegisterFunction,283,42,0
cudaRegisterFunction,255,41,0
cudaRegisterFunction,255,42,0
cudaRegisterFunction,283,44,0
cudaRegisterFunction,255,42,0
cudaRegisterFunction,255,42,0
cudaRegisterFunction,283,41,0
cudaRegisterFunction,255,45,0
cudaRegisterFunction,255,42,0
cudaRegisterFunction,283,44,0
cudaRegisterFunction,255,41,0
cudaRegisterFunction,255,41,0
cudaRegisterFunction,283,41,0
cudaRegisterFunction,255,41,0
cudaRegisterFunction,255,41,0
cudaRegisterFunction,283,43,0
cudaRegisterFunction,255,42,0
cudaRegisterFunction,255,41,0
cudaRegisterFunction,283,43,0
cudaRegisterFunction,255,41,0
cudaRegisterFunction,255,42,0
cudaRegisterFunction,283,46,0
cudaRegisterFunction,241,40,0
cudaRegisterFunction,241,42,0
cudaRegisterFunction,269,42,0
cudaRegisterFunction,241,42,0
cudaRegisterFunction,241,41,0
cudaRegisterFunction,269,49,0
cudaRegisterFunction,241,42,0
cudaRegisterFunction,241,40,0
cudaRegisterFunction,269,39,0
cudaRegisterFunction,241,41,0
cudaRegisterFunction,241,41,0
cudaRegisterFunction,269,43,0
cudaRegisterFunction,241,41,0
cudaRegisterFunction,241,45,0
cudaRegisterFunction,269,42,0
cudaRegisterFunction,241,42,0
cudaRegisterFunction,241,41,0
cudaRegisterFunction,269,41,0
cudaRegisterFunction,241,41,0
cudaRegisterFunction,241,41,0
cudaRegisterFunction,269,41,0
cudaRegisterFunction,241,41,0
cudaRegisterFunction,241,42,0
cudaRegisterFunction,269,42,0
cudaRegisterVar,205,45,0
cudaRegisterVar,122,45,0
cudaRegisterVar,114,48,0
cudaRegisterVar,2168,46,0
cudaRegisterVar,6262,44,0
cudaRegisterVar,14452,47,0
cudaRegisterVar,15480,46,0
cudaRegisterVar,17524,47,0
cudaRegisterVar,17548,47,0
cudaRegisterVar,120,45,0
cudaRegisterVar,124,44,0
cudaRegisterFatBinaryEnd,1529487,205,0
cudaRegisterFatBinary,1589743,2205,1000
cudaRegisterFunction,271,52,0
cudaRegisterFunction,271,42,0
cudaRegisterFunction,299,42,0
cudaRegisterFunction,271,42,0
cudaRegisterFunction,271,41,0
cudaRegisterFunction,299,41,0
cudaRegisterFunction,271,42,0
cudaRegisterFunction,271,42,0
cudaRegisterFunction,299,42,0
cudaRegisterFunction,271,41,0
cudaRegisterFunction,271,43,0
cudaRegisterFunction,299,42,0
cudaRegisterFunction,271,46,0
cudaRegisterFunction,271,42,0
cudaRegisterFunction,299,42,0
cudaRegisterFunction,271,42,0
cudaRegisterFunction,271,42,0
cudaRegisterFunction,299,42,0
cudaRegisterFunction,271,41,0
cudaRegisterFunction,271,41,0
cudaRegisterFunction,299,42,0
cudaRegisterFunction,271,42,0
cudaRegisterFunction,271,42,0
cudaRegisterFunction,299,41,0
cudaRegisterFunction,255,41,0
cudaRegisterFunction,255,41,0
cudaRegisterFunction,283,44,0
cudaRegisterFunction,255,42,0
cudaRegisterFunction,255,41,0
cudaRegisterFunction,283,42,0
cudaRegisterFunction,255,41,0
cudaRegisterFunction,255,41,0
cudaRegisterFunction,283,42,0
cudaRegisterFunction,255,43,0
cudaRegisterFunction,255,44,0
cudaRegisterFunction,283,41,0
cudaRegisterFunction,255,47,0
cudaRegisterFunction,255,41,0
cudaRegisterFunction,283,43,0
cudaRegisterFunction,255,40,0
cudaRegisterFunction,255,45,0
cudaRegisterFunction,283,42,0
cudaRegisterFunction,255,42,0
cudaRegisterFunction,255,42,0
cudaRegisterFunction,283,43,0
cudaRegisterFunction,255,41,0
cudaRegisterFunction,255,44,0
cudaRegisterFunction,283,41,0
cudaRegisterFunction,241,41,0
cudaRegisterFunction,241,41,0
cudaRegisterFunction,269,41,0
cudaRegisterFunction,241,42,0
cudaRegisterFunction,241,41,0
cudaRegisterFunction,269,42,0
cudaRegisterFunction,241,44,0
cudaRegisterFunction,241,41,0
cudaRegisterFunction,269,41,0
cudaRegisterFunction,241,41,0
cudaRegisterFunction,241,42,0
cudaRegisterFunction,269,42,0
cudaRegisterFunction,241,42,0
cudaRegisterFunction,241,41,0
cudaRegisterFunction,269,41,0
cudaRegisterFunction,241,42,0
cudaRegisterFunction,241,44,0
cudaRegisterFunction,269,42,0
cudaRegisterFunction,241,41,0
cudaRegisterFunction,241,42,0
cudaRegisterFunction,269,43,0
cudaRegisterFunction,241,42,0
cudaRegisterFunction,241,43,0
cudaRegisterFunction,269,42,0
cudaRegisterFunction,271,43,0
cudaRegisterFunction,271,41,0
cudaRegisterFunction,299,42,0
cudaRegisterFunction,271,42,0
cudaRegisterFunction,271,41,0
cudaRegisterFunction,299,39,0
cudaRegisterFunction,271,42,0
cudaRegisterFunction,271,42,0
cudaRegisterFunction,299,41,0
cudaRegisterFunction,271,41,0
cudaRegisterFunction,271,44,0
cudaRegisterFunction,299,42,0
cudaRegisterFunction,271,42,0
cudaRegisterFunction,271,42,0
cudaRegisterFunction,299,42,0
cudaRegisterFunction,271,42,0
cudaRegisterFunction,271,41,0
cudaRegisterFunction,299,42,0
cudaRegisterFunction,271,42,0
cudaRegisterFunction,271,42,0
cudaRegisterFunction,299,42,0
cudaRegisterFunction,271,42,0
cudaRegisterFunction,271,43,0
cudaRegisterFunction,299,42,0
cudaRegisterFunction,255,45,0
cudaRegisterFunction,255,41,0
cudaRegisterFunction,283,42,0
cudaRegisterFunction,255,39,0
cudaRegisterFunction,255,41,0
cudaRegisterFunction,283,41,0
cudaRegisterFunction,255,42,0
cudaRegisterFunction,255,42,0
cudaRegisterFunction,283,41,0
cudaRegisterFunction,255,41,0
cudaRegisterFunction,255,42,0
cudaRegisterFunction,283,41,0
cudaRegisterFunction,255,40,0
cudaRegisterFunction,255,43,0
cudaRegisterFunction,283,46,0
cudaRegisterFunction,255,49,0
cudaRegisterFunction,255,42,0
cudaRegisterFunction,283,42,0
cudaRegisterFunction,255,42,0
cudaRegisterFunction,255,41,0
cudaRegisterFunction,283,42,0
cudaRegisterFunction,255,41,0
cudaRegisterFunction,255,42,0
cudaRegisterFunction,283,41,0
cudaRegisterFunction,241,41,0
cudaRegisterFunction,241,41,0
cudaRegisterFunction,269,42,0
cudaRegisterFunction,241,41,0
cudaRegisterFunction,241,45,0
cudaRegisterFunction,269,41,0
cudaRegisterFunction,241,42,0
cudaRegisterFunction,241,41,0
cudaRegisterFunction,269,42,0
cudaRegisterFunction,241,42,0
cudaRegisterFunction,241,42,0
cudaRegisterFunction,269,42,0
cudaRegisterFunction,241,41,0
cudaRegisterFunction,241,41,0
cudaRegisterFunction,269,41,0
cudaRegisterFunction,241,42,0
cudaRegisterFunction,241,43,0
cudaRegisterFunction,269,43,0
cudaRegisterFunction,241,44,0
cudaRegisterFunction,241,42,0
cudaRegisterFunction,269,41,0
cudaRegisterFunction,241,41,0
cudaRegisterFunction,241,42,0
cudaRegisterFunction,269,41,0
cudaRegisterVar,205,41,0
cudaRegisterVar,122,46,0
cudaRegisterVar,114,44,0
cudaRegisterVar,2168,44,0
cudaRegisterVar,6262,44,0
cudaRegisterVar,14452,49,0
cudaRegisterVar,15480,47,0
cudaRegisterVar,17524,48,0
cudaRegisterVar,17548,47,0
cudaRegisterVar,120,45,0
cudaRegisterVar,124,47,0
cudaRegisterFatBinaryEnd,1589743,212,0
cudaRegisterFatBinary,1620815,2190,1000
cudaRegisterFunction,271,52,0
cudaRegisterFunction,271,40,0
cudaRegisterFunction,299,42,0
cudaRegisterFunction,271,49,0
cudaRegisterFunction,271,43,0
cudaRegisterFunction,299,42,0
cudaRegisterFunction,271,42,0
cudaRegisterFunction,271,41,0
cudaRegisterFunction,299,42,0
cudaRegisterFunction,271,50,0
cudaRegisterFunction,271,40,0
cudaRegisterFunction,299,42,0
cudaRegisterFunction,271,42,0
cudaRegisterFunction,271,41,0
cudaRegisterFunction,299,41,0
cudaRegisterFunction,271,42,0
cudaRegisterFunction,271,43,0
cudaRegisterFunction,299,45,0
cudaRegisterFunction,271,42,0
cudaRegisterFunction,271,41,0
cudaRegisterFunction,299,42,0
cudaRegisterFunction,271,42,0
cudaRegisterFunction,271,42,0
cudaRegisterFunction,299,42,0
cudaRegisterFunction,255,42,0
cudaRegisterFunction,255,42,0
cudaRegisterFunction,283,41,0
cudaRegisterFunction,255,41,0
cudaRegisterFunction,255,41,0
cudaRegisterFunction,283,41,0
cudaRegisterFunction,255,41,0
cudaRegisterFunction,255,44,0
cudaRegisterFunction,283,42,0
cudaRegisterFunction,255,43,0
cudaRegisterFunction,255,42,0
cudaRegisterFunction,283,41,0
cudaRegisterFunction,255,43,0
cudaRegisterFunction,255,41,0
cudaRegisterFunction,283,42,0
cudaRegisterFunction,255,43,0
cudaRegisterFunction,255,41,0
cudaRegisterFunction,283,41,0
cudaRegisterFunction,255,42,0
cudaRegisterFunction,255,42,0
cudaRegisterFunction,283,42,0
cudaRegisterFunction,255,45,0
cudaRegisterFunction,255,42,0
cudaRegisterFunction,283,41,0
cudaRegisterFunction,241,44,0
cudaRegisterFunction,241,43,0
cudaRegisterFunction,269,42,0
cudaRegisterFunction,241,42,0
cudaRegisterFunction,241,41,0
cudaRegisterFunction,269,41,0
cudaRegisterFunction,241,42,0
cudaRegisterFunction,241,41,0
cudaRegisterFunction,269,42,0
cudaRegisterFunction,241,43,0
cudaRegisterFunction,241,41,0
cudaRegisterFunction,269,45,0
cudaRegisterFunction,241,41,0
cudaRegisterFunction,241,41,0
cudaRegisterFunction,269,42,0
cudaRegisterFunction,241,42,0
cudaRegisterFunction,241,42,0
cudaRegisterFunction,269,41,0
cudaRegisterFunction,241,42,0
cudaRegisterFunction,241,42,0
cudaRegisterFunction,269,41,0
cudaRegisterFunction,241,42,0
cudaRegisterFunction,241,39,0
cudaRegisterFunction,269,41,0
cudaRegisterFunction,271,41,0
cudaRegisterFunction,271,44,0
cudaRegisterFunction,299,42,0
cudaRegisterFunction,271,42,0
cudaRegisterFunction,271,42,0
cudaRegisterFunction,299,42,0
cudaRegisterFunction,271,42,0
cudaRegisterFunction,271,42,0
cudaRegisterFunction,299,45,0
cudaRegisterFunction,271,44,0
cudaRegisterFunction,271,43,0
cudaRegisterFunction,299,43,0
cudaRegisterFunction,271,48,0
cudaRegisterFunction,271,42,0
cudaRegisterFunction,299,42,0
cudaRegisterFunction,271,45,0
cudaRegisterFunction,271,42,0
cudaRegisterFunction,299,42,0
cudaRegisterFunction,271,42,0
cudaRegisterFunction,271,42,0
cudaRegisterFunction,299,43,0
cudaRegisterFunction,271,42,0
cudaRegisterFunction,271,42,0
cudaRegisterFunction,299,42,0
cudaRegisterFunction,255,42,0
cudaRegisterFunction,255,41,0
cudaRegisterFunction,283,42,0
cudaRegisterFunction,255,42,0
cudaRegisterFunction,255,41,0
cudaRegisterFunction,283,45,0
cudaRegisterFunction,255,42,0
cudaRegisterFunction,255,41,0
cudaRegisterFunction,283,42,0
cudaRegisterFunction,255,42,0
cudaRegisterFunction,255,42,0
cudaRegisterFunction,283,42,0
cudaRegisterFunction,255,41,0
cudaRegisterFunction,255,41,0
cudaRegisterFunction,283,42,0
cudaRegisterFunction,255,42,0
cudaRegisterFunction,255,41,0
cudaRegisterFunction,283,41,0
cudaRegisterFunction,255,41,0
cudaRegisterFunction,255,44,0
cudaRegisterFunction,283,42,0
cudaRegisterFunction,255,43,0
cudaRegisterFunction,255,41,0
cudaRegisterFunction,283,42,0
cudaRegisterFunction,241,43,0
cudaRegisterFunction,241,42,0
cudaRegisterFunction,269,42,0
cudaRegisterFunction,241,42,0
cudaRegisterFunction,241,42,0
cudaRegisterFunction,269,42,0
cudaRegisterFunction,241,42,0
cudaRegisterFunction,241,44,0
cudaRegisterFunction,269,42,0
cudaRegisterFunction,241,46,0
cudaRegisterFunction,241,41,0
cudaRegisterFunction,269,42,0
cudaRegisterFunction,241,43,0
cudaRegisterFunction,241,41,0
cudaRegisterFunction,269,42,0
cudaRegisterFunction,241,42,0
cudaRegisterFunction,241,42,0
cudaRegisterFunction,269,42,0
cudaRegisterFunction,241,42,0
cudaRegisterFunction,241,42,0
cudaRegisterFunction,269,41,0
cudaRegisterFunction,241,43,0
cudaRegisterFunction,241,41,0
cudaRegisterFunction,269,44,0
cudaRegisterVar,205,45,0
cudaRegisterVar,122,44,0
cudaRegisterVar,114,44,0
cudaRegisterVar,2168,44,0
cudaRegisterVar,6262,45,0
cudaRegisterVar,14452,46,0
cudaRegisterVar,15480,48,0
cudaRegisterVar,17524,48,0
cudaRegisterVar,17548,48,0
cudaRegisterVar,120,48,0
cudaRegisterVar,124,45,0
cudaRegisterFatBinaryEnd,1620815,222,0
cudaRegisterFatBinary,1635087,2221,2000
cudaRegisterFunction,271,54,0
cudaRegisterFunction,271,42,0
cudaRegisterFunction,299,43,0
cudaRegisterFunction,271,43,0
cudaRegisterFunction,271,42,0
cudaRegisterFunction,299,42,0
cudaRegisterFunction,271,43,0
cudaRegisterFunction,271,42,0
cudaRegisterFunction,299,48,0
cudaRegisterFunction,271,44,0
cudaRegisterFunction,271,42,0
cudaRegisterFunction,299,42,0
cudaRegisterFunction,271,43,0
cudaRegisterFunction,271,43,0
cudaRegisterFunction,299,41,0
cudaRegisterFunction,271,42,0
cudaRegisterFunction,271,42,0
cudaRegisterFunction,299,42,0
cudaRegisterFunction,271,42,0
cudaRegisterFunction,271,42,0
cudaRegisterFunction,299,44,0
cudaRegisterFunction,271,42,0
cudaRegisterFunction,271,45,0
cudaRegisterFunction,299,42,0
cudaRegisterFunction,255,42,0
cudaRegisterFunction,255,43,0
cudaRegisterFunction,283,43,0
cudaRegisterFunction,255,42,0
cudaRegisterFunction,255,43,0
cudaRegisterFunction,283,43,0
cudaRegisterFunction,255,42,0
cudaRegisterFunction,255,43,0
cudaRegisterFunction,283,42,0
cudaRegisterFunction,255,42,0
cudaRegisterFunction,255,41,0
cudaRegisterFunction,283,41,0
cudaRegisterFunction,255,44,0
cudaRegisterFunction,255,42,0
cudaRegisterFunction,283,42,0
cudaRegisterFunction,255,43,0
cudaRegisterFunction,255,41,0
cudaRegisterFunction,283,39,0
cudaRegisterFunction,255,42,0
cudaRegisterFunction,255,44,0
cudaRegisterFunction,283,43,0
cudaRegisterFunction,255,42,0
cudaRegisterFunction,255,42,0
cudaRegisterFunction,283,42,0
cudaRegisterFunction,241,41,0
cudaRegisterFunction,241,42,0
cudaRegisterFunction,269,45,0
cudaRegisterFunction,241,42,0
cudaRegisterFunction,241,41,0
cudaRegisterFunction,269,44,0
cudaRegisterFunction,241,42,0
cudaRegisterFunction,241,47,0
cudaRegisterFunction,269,44,0
cudaRegisterFunction,241,42,0
cudaRegisterFunction,241,42,0
cudaRegisterFunction,269,42,0
cudaRegisterFunction,241,42,0
cudaRegisterFunction,241,43,0
cudaRegisterFunction,269,42,0
cudaRegisterFunction,241,41,0
cudaRegisterFunction,241,45,0
cudaRegisterFunction,269,40,0
cudaRegisterFunction,241,42,0
cudaRegisterFunction,241,41,0
cudaRegisterFunction,269,44,0
cudaRegisterFunction,241,41,0
cudaRegisterFunction,241,41,0
cudaRegisterFunction,269,43,0
cudaRegisterFunction,271,42,0
cudaRegisterFunction,271,42,0
cudaRegisterFunction,299,42,0
cudaRegisterFunction,271,43,0
cudaRegisterFunction,271,43,0
cudaRegisterFunction,299,42,0
cudaRegisterFunction,271,43,0
cudaRegisterFunction,271,41,0
cudaRegisterFunction,299,43,0
cudaRegisterFunction,271,42,0
cudaRegisterFunction,271,41,0
cudaRegisterFunction,299,42,0
cudaRegisterFunction,271,43,0
cudaRegisterFunction,271,42,0
cudaRegisterFunction,299,42,0
cudaRegisterFunction,271,41,0
cudaRegisterFunction,271,42,0
cudaRegisterFunction,299,42,0
cudaRegisterFunction,271,42,0
cudaRegisterFunction,271,42,0
cudaRegisterFunction,299,46,0
cudaRegisterFunction,271,41,0
cudaRegisterFunction,271,42,0
cudaRegisterFunction,299,42,0
cudaRegisterFunction,255,41,0
cudaRegisterFunction,255,43,0
cudaRegisterFunction,283,42,0
cudaRegisterFunction,255,42,0
cudaRegisterFunction,255,41,0
cudaRegisterFunction,283,42,0
cudaRegisterFunction,255,42,0
cudaRegisterFunction,255,42,0
cudaRegisterFunction,283,43,0
cudaRegisterFunction,255,42,0
cudaRegisterFunction,255,45,0
cudaRegisterFunction,283,41,0
cudaRegisterFunction,255,43,0
cudaRegisterFunction,255,42,0
cudaRegisterFunction,283,42,0
cudaRegisterFunction,255,42,0
cudaRegisterFunction,255,42,0
cudaRegisterFunction,283,41,0
cudaRegisterFunction,255,41,0
cudaRegisterFunction,255,42,0
cudaRegisterFunction,283,43,0
cudaRegisterFunction,255,42,0
cudaRegisterFunction,255,42,0
cudaRegisterFunction,283,42,0
cudaRegisterFunction,241,43,0
cudaRegisterFunction,241,42,0
cudaRegisterFunction,269,41,0
cudaRegisterFunction,241,42,0
cudaRegisterFunction,241,41,0
cudaRegisterFunction,269,42,0
cudaRegisterFunction,241,42,0
cudaRegisterFunction,241,41,0
cudaRegisterFunction,269,43,0
cudaRegisterFunction,241,42,0
cudaRegisterFunction,241,47,0
cudaRegisterFunction,269,43,0
cudaRegisterFunction,241,42,0
cudaRegisterFunction,241,41,0
cudaRegisterFunction,269,43,0
cudaRegisterFunction,241,41,0
cudaRegisterFunction,241,43,0
cudaRegisterFunction,269,41,0
cudaRegisterFunction,241,41,0
cudaRegisterFunction,241,42,0
cudaRegisterFunction,269,42,0
cudaRegisterFunction,241,42,0
cudaRegisterFunction,241,41,0
cudaRegisterFunction,269,41,0
cudaRegisterVar,205,40,0
cudaRegisterVar,122,45,0
cudaRegisterVar,114,47,0
cudaRegisterVar,2168,44,0
cudaRegisterVar,6262,45,0
cudaRegisterVar,14452,48,0
cudaRegisterVar,15480,48,0
cudaRegisterVar,17524,48,0
cudaRegisterVar,17548,48,0
cudaRegisterVar,120,45,0
cudaRegisterVar,124,45,0
cudaRegisterFatBinaryEnd,1635087,220,0
cudaRegisterFatBinary,1672223,2278,2000
cudaRegisterFunction,271,52,0
cudaRegisterFunction,271,41,0
cudaRegisterFunction,299,43,0
cudaRegisterFunction,271,42,0
cudaRegisterFunction,271,43,0
cudaRegisterFunction,299,43,0
cudaRegisterFunction,271,41,0
cudaRegisterFunction,271,45,0
cudaRegisterFunction,299,41,0
cudaRegisterFunction,271,43,0
cudaRegisterFunction,271,42,0
cudaRegisterFunction,299,42,0
cudaRegisterFunction,271,40,0
cudaRegisterFunction,271,45,0
cudaRegisterFunction,299,43,0
cudaRegisterFunction,271,42,0
cudaRegisterFunction,271,42,0
cudaRegisterFunction,299,42,0
cudaRegisterFunction,271,41,0
cudaRegisterFunction,271,43,0
cudaRegisterFunction,299,42,0
cudaRegisterFunction,271,42,0
cudaRegisterFunction,271,42,0
cudaRegisterFunction,299,43,0
cudaRegisterFunction,255,41,0
cudaRegisterFunction,255,51,0
cudaRegisterFunction,283,43,0
cudaRegisterFunction,255,44,0
cudaRegisterFunction,255,43,0
cudaRegisterFunction,283,42,0
cudaRegisterFunction,255,42,0
cudaRegisterFunction,255,43,0
cudaRegisterFunction,283,42,0
cudaRegisterFunction,255,42,0
cudaRegisterFunction,255,41,0
cudaRegisterFunction,283,41,0
cudaRegisterFunction,255,42,0
cudaRegisterFunction,255,42,0
cudaRegisterFunction,283,43,0
cudaRegisterFunction,255,42,0
cudaRegisterFunction,255,41,0
cudaRegisterFunction,283,45,0
cudaRegisterFunction,255,42,0
cudaRegisterFunction,255,42,0
cudaRegisterFunction,283,41,0
cudaRegisterFunction,255,43,0
cudaRegisterFunction,255,43,0
cudaRegisterFunction,283,42,0
cudaRegisterFunction,241,43,0
cudaRegisterFunction,241,42,0
cudaRegisterFunction,269,42,0
cudaRegisterFunction,241,41,0
cudaRegisterFunction,241,41,0
cudaRegisterFunction,269,42,0
cudaRegisterFunction,241,43,0
cudaRegisterFunction,241,47,0
cudaRegisterFunction,269,41,0
cudaRegisterFunction,241,42,0
cudaRegisterFunction,241,42,0
cudaRegisterFunction,269,42,0
cudaRegisterFunction,241,41,0
cudaRegisterFunction,241,42,0
cudaRegisterFunction,269,42,0
cudaRegisterFunction,241,43,0
cudaRegisterFunction,241,41,0
cudaRegisterFunction,269,42,0
cudaRegisterFunction,241,42,0
cudaRegisterFunction,241,42,0
cudaRegisterFunction,269,41,0
cudaRegisterFunction,241,45,0
cudaRegisterFunction,241,42,0
cudaRegisterFunction,269,43,0
cudaRegisterFunction,271,42,0
cudaRegisterFunction,271,42,0
cudaRegisterFunction,299,42,0
cudaRegisterFunction,271,42,0
cudaRegisterFunction,271,43,0
cudaRegisterFunction,299,42,0
cudaRegisterFunction,271,42,0
cudaRegisterFunction,271,43,0
cudaRegisterFunction,299,42,0
cudaRegisterFunction,271,41,0
cudaRegisterFunction,271,42,0
cudaRegisterFunction,299,44,0
cudaRegisterFunction,271,42,0
cudaRegisterFunction,271,42,0
cudaRegisterFunction,299,42,0
cudaRegisterFunction,271,41,0
cudaRegisterFunction,271,41,0
cudaRegisterFunction,299,42,0
cudaRegisterFunction,271,42,0
cudaRegisterFunction,271,42,0
cudaRegisterFunction,299,41,0
cudaRegisterFunction,271,42,0
cudaRegisterFunction,271,42,0
cudaRegisterFunction,299,42,0
cudaRegisterFunction,255,42,0
cudaRegisterFunction,255,37,0
cudaRegisterFunction,283,42,0
cudaRegisterFunction,255,47,0
cudaRegisterFunction,255,42,0
cudaRegisterFunction,283,42,0
cudaRegisterFunction,255,42,0
cudaRegisterFunction,255,44,0
cudaRegisterFunction,283,40,0
cudaRegisterFunction,255,43,0
cudaRegisterFunction,255,42,0
cudaRegisterFunction,283,42,0
cudaRegisterFunction,255,42,0
cudaRegisterFunction,255,42,0
cudaRegisterFunction,283,41,0
cudaRegisterFunction,255,44,0
cudaRegisterFunction,255,43,0
cudaRegisterFunction,283,42,0
cudaRegisterFunction,255,43,0
cudaRegisterFunction,255,42,0
cudaRegisterFunction,283,42,0
cudaRegisterFunction,255,42,0
cudaRegisterFunction,255,41,0
cudaRegisterFunction,283,42,0
cudaRegisterFunction,241,41,0
cudaRegisterFunction,241,43,0
cudaRegisterFunction,269,42,0
cudaRegisterFunction,241,42,0
cudaRegisterFunction,241,42,0
cudaRegisterFunction,269,43,0
cudaRegisterFunction,241,42,0
cudaRegisterFunction,241,42,0
cudaRegisterFunction,269,42,0
cudaRegisterFunction,241,42,0
cudaRegisterFunction,241,42,0
cudaRegisterFunction,269,42,0
cudaRegisterFunction,241,41,0
cudaRegisterFunction,241,42,0
cudaRegisterFunction,269,42,0
cudaRegisterFunction,241,41,0
cudaRegisterFunction,241,42,0
cudaRegisterFunction,269,41,0
cudaRegisterFunction,241,42,0
cudaRegisterFunction,241,44,0
cudaRegisterFunction,269,38,0
cudaRegisterFunction,241,44,0
cudaRegisterFunction,241,42,0
cudaRegisterFunction,269,42,0
cudaRegisterVar,204,43,0
cudaRegisterVar,122,47,0
cudaRegisterVar,114,45,0
cudaRegisterVar,2168,46,0
cudaRegisterVar,6262,45,0
cudaRegisterVar,14452,46,0
cudaRegisterVar,15480,50,0
cudaRegisterVar,17524,50,0
cudaRegisterVar,17548,47,0
cudaRegisterVar,120,45,0
cudaRegisterVar,124,45,0
cudaRegisterFatBinaryEnd,1672223,218,0
cudaRegisterFatBinary,1005815,1060,0
cudaRegisterFunction,269,54,0
cudaRegisterFunction,269,41,0
cudaRegisterFunction,297,42,0
cudaRegisterFunction,269,41,0
cudaRegisterFunction,269,45,0
cudaRegisterFunction,297,43,0
cudaRegisterFunction,269,43,0
cudaRegisterFunction,269,41,0
cudaRegisterFunction,297,43,0
cudaRegisterFunction,269,42,0
cudaRegisterFunction,269,42,0
cudaRegisterFunction,297,42,0
cudaRegisterFunction,269,42,0
cudaRegisterFunction,269,42,0
cudaRegisterFunction,297,43,0
cudaRegisterFunction,269,42,0
cudaRegisterFunction,269,42,0
cudaRegisterFunction,297,42,0
cudaRegisterFunction,269,45,0
cudaRegisterFunction,269,41,0
cudaRegisterFunction,297,42,0
cudaRegisterFunction,269,42,0
cudaRegisterFunction,269,41,0
cudaRegisterFunction,297,42,0
cudaRegisterFunction,253,42,0
cudaRegisterFunction,253,41,0
cudaRegisterFunction,281,41,0
cudaRegisterFunction,253,40,0
cudaRegisterFunction,253,42,0
cudaRegisterFunction,281,42,0
cudaRegisterFunction,253,44,0
cudaRegisterFunction,253,42,0
cudaRegisterFunction,281,45,0
cudaRegisterFunction,253,42,0
cudaRegisterFunction,253,41,0
cudaRegisterFunction,281,41,0
cudaRegisterFunction,253,42,0
cudaRegisterFunction,253,41,0
cudaRegisterFunction,281,42,0
cudaRegisterFunction,253,43,0
cudaRegisterFunction,253,42,0
cudaRegisterFunction,281,42,0
cudaRegisterFunction,253,44,0
cudaRegisterFunction,253,41,0
cudaRegisterFunction,281,42,0
cudaRegisterFunction,253,40,0
cudaRegisterFunction,253,44,0
cudaRegisterFunction,281,65,0
cudaRegisterFunction,239,46,0
cudaRegisterFunction,239,42,0
cudaRegisterFunction,267,42,0
cudaRegisterFunction,239,42,0
cudaRegisterFunction,239,42,0
cudaRegisterFunction,267,42,0
cudaRegisterFunction,239,43,0
cudaRegisterFunction,239,41,0
cudaRegisterFunction,267,42,0
cudaRegisterFunction,239,41,0
cudaRegisterFunction,239,41,0
cudaRegisterFunction,267,40,0
cudaRegisterFunction,239,45,0
cudaRegisterFunction,239,42,0
cudaRegisterFunction,267,43,0
cudaRegisterFunction,239,42,0
cudaRegisterFunction,239,42,0
cudaRegisterFunction,267,42,0
cudaRegisterFunction,239,44,0
cudaRegisterFunction,239,42,0
cudaRegisterFunction,267,41,0
cudaRegisterFunction,239,42,0
cudaRegisterFunction,239,41,0
cudaRegisterFunction,267,42,0
cudaRegisterFunction,269,41,0
cudaRegisterFunction,269,42,0
cudaRegisterFunction,297,44,0
cudaRegisterFunction,269,42,0
cudaRegisterFunction,269,42,0
cudaRegisterFunction,297,42,0
cudaRegisterFunction,269,43,0
cudaRegisterFunction,269,42,0
cudaRegisterFunction,297,42,0
cudaRegisterFunction,269,42,0
cudaRegisterFunction,269,42,0
cudaRegisterFunction,297,42,0
cudaRegisterFunction,269,42,0
cudaRegisterFunction,269,42,0
cudaRegisterFunction,297,42,0
cudaRegisterFunction,269,42,0
cudaRegisterFunction,269,45,0
cudaRegisterFunction,297,41,0
cudaRegisterFunction,269,44,0
cudaRegisterFunction,269,42,0
cudaRegisterFunction,297,42,0
cudaRegisterFunction,269,42,0
cudaRegisterFunction,269,42,0
cudaRegisterFunction,297,42,0
cudaRegisterFunction,253,43,0
cudaRegisterFunction,253,42,0
cudaRegisterFunction,281,42,0
cudaRegisterFunction,253,42,0
cudaRegisterFunction,253,41,0
cudaRegisterFunction,281,44,0
cudaRegisterFunction,253,42,0
cudaRegisterFunction,253,42,0
cudaRegisterFunction,281,42,0
cudaRegisterFunction,253,42,0
cudaRegisterFunction,253,42,0
cudaRegisterFunction,281,41,0
cudaRegisterFunction,253,42,0
cudaRegisterFunction,253,42,0
cudaRegisterFunction,281,42,0
cudaRegisterFunction,253,38,0
cudaRegisterFunction,253,42,0
cudaRegisterFunction,281,41,0
cudaRegisterFunction,253,43,0
cudaRegisterFunction,253,44,0
cudaRegisterFunction,281,42,0
cudaRegisterFunction,253,41,0
cudaRegisterFunction,253,41,0
cudaRegisterFunction,281,41,0
cudaRegisterFunction,239,42,0
cudaRegisterFunction,239,46,0
cudaRegisterFunction,267,43,0
cudaRegisterFunction,239,42,0
cudaRegisterFunction,239,42,0
cudaRegisterFunction,267,42,0
cudaRegisterFunction,239,43,0
cudaRegisterFunction,239,42,0
cudaRegisterFunction,267,42,0
cudaRegisterFunction,239,45,0
cudaRegisterFunction,239,42,0
cudaRegisterFunction,267,43,0
cudaRegisterFunction,239,42,0
cudaRegisterFunction,239,42,0
cudaRegisterFunction,267,42,0
cudaRegisterFunction,239,42,0
cudaRegisterFunction,239,41,0
cudaRegisterFunction,267,41,0
cudaRegisterFunction,239,44,0
cudaRegisterFunction,239,41,0
cudaRegisterFunction,267,42,0
cudaRegisterFunction,239,42,0
cudaRegisterFunction,239,42,0
cudaRegisterFunction,267,44,0
cudaRegisterVar,204,45,0
cudaRegisterVar,122,45,0
cudaRegisterVar,114,46,0
cudaRegisterVar,2168,45,0
cudaRegisterVar,6262,46,0
cudaRegisterVar,14452,46,0
cudaRegisterVar,15480,49,0
cudaRegisterVar,17524,47,0
cudaRegisterVar,17548,48,0
cudaRegisterVar,120,47,0
cudaRegisterVar,124,45,0
cudaRegisterFatBinaryEnd,1005815,119,0
cudaRegisterFatBinary,1052959,1550,1000
cudaRegisterFunction,269,51,0
cudaRegisterFunction,269,41,0
cudaRegisterFunction,297,42,0
cudaRegisterFunction,269,43,0
cudaRegisterFunction,269,41,0
cudaRegisterFunction,297,43,0
cudaRegisterFunction,269,41,0
cudaRegisterFunction,269,41,0
cudaRegisterFunction,297,42,0
cudaRegisterFunction,269,45,0
cudaRegisterFunction,269,42,0
cudaRegisterFunction,297,43,0
cudaRegisterFunction,269,42,0
cudaRegisterFunction,269,42,0
cudaRegisterFunction,297,42,0
cudaRegisterFunction,269,42,0
cudaRegisterFunction,269,41,0
cudaRegisterFunction,297,43,0
cudaRegisterFunction,269,42,0
cudaRegisterFunction,269,41,0
cudaRegisterFunction,297,42,0
cudaRegisterFunction,269,42,0
cudaRegisterFunction,269,42,0
cudaRegisterFunction,297,44,0
cudaRegisterFunction,253,42,0
cudaRegisterFunction,253,41,0
cudaRegisterFunction,281,42,0
cudaRegisterFunction,253,42,0
cudaRegisterFunction,253,42,0
cudaRegisterFunction,281,43,0
cudaRegisterFunction,253,41,0
cudaRegisterFunction,253,42,0
cudaRegisterFunction,281,42,0
cudaRegisterFunction,253,41,0
cudaRegisterFunction,253,41,0
cudaRegisterFunction,281,42,0
cudaRegisterFunction,253,41,0
cudaRegisterFunction,253,44,0
cudaRegisterFunction,281,43,0
cudaRegisterFunction,253,41,0
cudaRegisterFunction,253,41,0
cudaRegisterFunction,281,43,0
cudaRegisterFunction,253,42,0
cudaRegisterFunction,253,42,0
cudaRegisterFunction,281,41,0
cudaRegisterFunction,253,42,0
cudaRegisterFunction,253,41,0
cudaRegisterFunction,281,42,0
cudaRegisterFunction,239,42,0
cudaRegisterFunction,239,41,0
cudaRegisterFunction,267,44,0
cudaRegisterFunction,239,41,0
cudaRegisterFunction,239,41,0
cudaRegisterFunction,267,43,0
cudaRegisterFunction,239,42,0
cudaRegisterFunction,239,49,0
cudaRegisterFunction,267,43,0
cudaRegisterFunction,239,42,0
cudaRegisterFunction,239,41,0
cudaRegisterFunction,267,42,0
cudaRegisterFunction,239,42,0
cudaRegisterFunction,239,42,0
cudaRegisterFunction,267,42,0
cudaRegisterFunction,239,42,0
cudaRegisterFunction,239,44,0
cudaRegisterFunction,267,43,0
cudaRegisterFunction,239,41,0
cudaRegisterFunction,239,42,0
cudaRegisterFunction,267,43,0
cudaRegisterFunction,239,42,0
cudaRegisterFunction,239,42,0
cudaRegisterFunction,267,42,0
cudaRegisterFunction,269,43,0
cudaRegisterFunction,269,43,0
cudaRegisterFunction,297,42,0
cudaRegisterFunction,269,43,0
cudaRegisterFunction,269,41,0
cudaRegisterFunction,297,44,0
cudaRegisterFunction,269,45,0
cudaRegisterFunction,269,43,0
cudaRegisterFunction,297,42,0
cudaRegisterFunction,269,43,0
cudaRegisterFunction,269,40,0
cudaRegisterFunction,297,43,0
cudaRegisterFunction,269,42,0
cudaRegisterFunction,269,44,0
cudaRegisterFunction,297,42,0
cudaRegisterFunction,269,42,0
cudaRegisterFunction,269,42,0
cudaRegisterFunction,297,43,0
cudaRegisterFunction,269,42,0
cudaRegisterFunction,269,41,0
cudaRegisterFunction,297,45,0
cudaRegisterFunction,269,42,0
cudaRegisterFunction,269,42,0
cudaRegisterFunction,297,41,0
cudaRegisterFunction,253,43,0
cudaRegisterFunction,253,41,0
cudaRegisterFunction,281,41,0
cudaRegisterFunction,253,41,0
cudaRegisterFunction,253,41,0
cudaRegisterFunction,281,43,0
cudaRegisterFunction,253,43,0
cudaRegisterFunction,253,42,0
cudaRegisterFunction,281,41,0
cudaRegisterFunction,253,43,0
cudaRegisterFunction,253,44,0
cudaRegisterFunction,281,42,0
cudaRegisterFunction,253,42,0
cudaRegisterFunction,253,41,0
cudaRegisterFunction,281,42,0
cudaRegisterFunction,253,42,0
cudaRegisterFunction,253,42,0
cudaRegisterFunction,281,42,0
cudaRegisterFunction,253,42,0
cudaRegisterFunction,253,42,0
cudaRegisterFunction,281,42,0
cudaRegisterFunction,253,42,0
cudaRegisterFunction,253,42,0
cudaRegisterFunction,281,43,0
cudaRegisterFunction,239,44,0
cudaRegisterFunction,239,41,0
cudaRegisterFunction,267,42,0
cudaRegisterFunction,239,42,0
cudaRegisterFunction,239,42,0
cudaRegisterFunction,267,43,0
cudaRegisterFunction,239,42,0
cudaRegisterFunction,239,39,0
cudaRegisterFunction,267,42,0
cudaRegisterFunction,239,49,0
cudaRegisterFunction,239,42,0
cudaRegisterFunction,267,43,0
cudaRegisterFunction,239,42,0
cudaRegisterFunction,239,42,0
cudaRegisterFunction,267,45,0
cudaRegisterFunction,239,42,0
cudaRegisterFunction,239,42,0
cudaRegisterFunction,267,43,0
cudaRegisterFunction,239,42,0
cudaRegisterFunction,239,42,0
cudaRegisterFunction,267,41,0
cudaRegisterFunction,239,42,0
cudaRegisterFunction,239,41,0
cudaRegisterFunction,267,42,0
cudaRegisterVar,204,38,0
cudaRegisterVar,122,46,0
cudaRegisterVar,114,43,0
cudaRegisterVar,2168,49,0
cudaRegisterVar,6262,45,0
cudaRegisterVar,14452,49,0
cudaRegisterVar,15480,48,0
cudaRegisterVar,17524,48,0
cudaRegisterVar,17548,48,0
cudaRegisterVar,120,45,0
cudaRegisterVar,124,45,0
cudaRegisterFatBinaryEnd,1052959,150,0
cudaRegisterFatBinary,1105847,1698,1000
cudaRegisterFunction,269,55,0
cudaRegisterFunction,269,41,0
cudaRegisterFunction,297,43,0
cudaRegisterFunction,269,42,0
cudaRegisterFunction,269,43,0
cudaRegisterFunction,297,42,0
cudaRegisterFunction,269,41,0
cudaRegisterFunction,269,41,0
cudaRegisterFunction,297,42,0
cudaRegisterFunction,269,43,0
cudaRegisterFunction,269,42,0
cudaRegisterFunction,297,42,0
cudaRegisterFunction,269,42,0
cudaRegisterFunction,269,45,0
cudaRegisterFunction,297,43,0
cudaRegisterFunction,269,42,0
cudaRegisterFunction,269,45,0
cudaRegisterFunction,297,42,0
cudaRegisterFunction,269,42,0
cudaRegisterFunction,269,42,0
cudaRegisterFunction,297,42,0
cudaRegisterFunction,269,42,0
cudaRegisterFunction,269,44,0
cudaRegisterFunction,297,41,0
cudaRegisterFunction,253,40,0
cudaRegisterFunction,253,41,0
cudaRegisterFunction,281,42,0
cudaRegisterFunction,253,44,0
cudaRegisterFunction,253,42,0
cudaRegisterFunction,281,42,0
cudaRegisterFunction,253,43,0
cudaRegisterFunction,253,42,0
cudaRegisterFunction,281,42,0
cudaRegisterFunction,253,41,0
cudaRegisterFunction,253,41,0
cudaRegisterFunction,281,42,0
cudaRegisterFunction,253,42,0
cudaRegisterFunction,253,42,0
cudaRegisterFunction,281,42,0
cudaRegisterFunction,253,42,0
cudaRegisterFunction,253,42,0
cudaRegisterFunction,281,45,0
cudaRegisterFunction,253,42,0
cudaRegisterFunction,253,42,0
cudaRegisterFunction,281,43,0
cudaRegisterFunction,253,43,0
cudaRegisterFunction,253,42,0
cudaRegisterFunction,281,42,0
cudaRegisterFunction,239,44,0
cudaRegisterFunction,239,41,0
cudaRegisterFunction,267,43,0
cudaRegisterFunction,239,42,0
cudaRegisterFunction,239,43,0
cudaRegisterFunction,267,39,0
cudaRegisterFunction,239,42,0
cudaRegisterFunction,239,44,0
cudaRegisterFunction,267,43,0
cudaRegisterFunction,239,41,0
cudaRegisterFunction,239,43,0
cudaRegisterFunction,267,41,0
cudaRegisterFunction,239,41,0
cudaRegisterFunction,239,42,0
cudaRegisterFunction,267,42,0
cudaRegisterFunction,239,40,0
cudaRegisterFunction,239,42,0
cudaRegisterFunction,267,42,0
cudaRegisterFunction,239,41,0
cudaRegisterFunction,239,48,0
cudaRegisterFunction,267,42,0
cudaRegisterFunction,239,43,0
cudaRegisterFunction,239,42,0
cudaRegisterFunction,267,41,0
cudaRegisterFunction,269,42,0
cudaRegisterFunction,269,42,0
cudaRegisterFunction,297,40,0
cudaRegisterFunction,269,42,0
cudaRegisterFunction,269,43,0
cudaRegisterFunction,297,41,0
cudaRegisterFunction,269,42,0
cudaRegisterFunction,269,41,0
cudaRegisterFunction,297,42,0
cudaRegisterFunction,269,42,0
cudaRegisterFunction,269,42,0
cudaRegisterFunction,297,44,0
cudaRegisterFunction,269,41,0
cudaRegisterFunction,269,42,0
cudaRegisterFunction,297,42,0
cudaRegisterFunction,269,41,0
cudaRegisterFunction,269,45,0
cudaRegisterFunction,297,43,0
cudaRegisterFunction,269,42,0
cudaRegisterFunction,269,42,0
cudaRegisterFunction,297,42,0
cudaRegisterFunction,269,43,0
cudaRegisterFunction,269,41,0
cudaRegisterFunction,297,41,0
cudaRegisterFunction,253,41,0
cudaRegisterFunction,253,44,0
cudaRegisterFunction,281,42,0
cudaRegisterFunction,253,41,0
cudaRegisterFunction,253,43,0
cudaRegisterFunction,281,42,0
cudaRegisterFunction,253,42,0
cudaRegisterFunction,253,41,0
cudaRegisterFunction,281,42,0
cudaRegisterFunction,253,42,0
cudaRegisterFunction,253,43,0
cudaRegisterFunction,281,43,0
cudaRegisterFunction,253,41,0
cudaRegisterFunction,253,42,0
cudaRegisterFunction,281,42,0
cudaRegisterFunction,253,45,0
cudaRegisterFunction,253,42,0
cudaRegisterFunction,281,41,0
cudaRegisterFunction,253,44,0
cudaRegisterFunction,253,43,0
cudaRegisterFunction,281,42,0
cudaRegisterFunction,253,43,0
cudaRegisterFunction,253,41,0
cudaRegisterFunction,281,42,0
cudaRegisterFunction,239,41,0
cudaRegisterFunction,239,43,0
cudaRegisterFunction,267,42,0
cudaRegisterFunction,239,42,0
cudaRegisterFunction,239,42,0
cudaRegisterFunction,267,45,0
cudaRegisterFunction,239,41,0
cudaRegisterFunction,239,42,0
cudaRegisterFunction,267,42,0
cudaRegisterFunction,239,42,0
cudaRegisterFunction,239,42,0
cudaRegisterFunction,267,42,0
cudaRegisterFunction,239,42,0
cudaRegisterFunction,239,43,0
cudaRegisterFunction,267,41,0
cudaRegisterFunction,239,42,0
cudaRegisterFunction,239,42,0
cudaRegisterFunction,267,42,0
cudaRegisterFunction,239,42,0
cudaRegisterFunction,239,41,0
cudaRegisterFunction,267,43,0
cudaRegisterFunction,239,50,0
cudaRegisterFunction,239,41,0
cudaRegisterFunction,267,41,0
cudaRegisterVar,204,44,0
cudaRegisterVar,122,45,0
cudaRegisterVar,114,45,0
cudaRegisterVar,2168,44,0
cudaRegisterVar,6262,45,0
cudaRegisterVar,14452,47,0
cudaRegisterVar,15480,49,0
cudaRegisterVar,17524,48,0
cudaRegisterVar,17548,47,0
cudaRegisterVar,120,45,0
cudaRegisterVar,124,45,0
cudaRegisterFatBinaryEnd,1105847,159,0
cudaRegisterFatBinary,1150839,1858,1000
cudaRegisterFunction,269,58,0
cudaRegisterFunction,269,42,0
cudaRegisterFunction,297,43,0
cudaRegisterFunction,269,44,0
cudaRegisterFunction,269,45,0
cudaRegisterFunction,297,42,0
cudaRegisterFunction,269,42,0
cudaRegisterFunction,269,42,0
cudaRegisterFunction,297,42,0
cudaRegisterFunction,269,42,0
cudaRegisterFunction,269,44,0
cudaRegisterFunction,297,42,0
cudaRegisterFunction,269,41,0
cudaRegisterFunction,269,42,0
cudaRegisterFunction,297,42,0
cudaRegisterFunction,269,42,0
cudaRegisterFunction,269,42,0
cudaRegisterFunction,297,42,0
cudaRegisterFunction,269,46,0
cudaRegisterFunction,269,42,0
cudaRegisterFunction,297,41,0
cudaRegisterFunction,269,42,0
cudaRegisterFunction,269,41,0
cudaRegisterFunction,297,41,0
cudaRegisterFunction,253,40,0
cudaRegisterFunction,253,42,0
cudaRegisterFunction,281,42,0
cudaRegisterFunction,253,42,0
cudaRegisterFunction,253,42,0
cudaRegisterFunction,281,41,0
cudaRegisterFunction,253,41,0
cudaRegisterFunction,253,42,0
cudaRegisterFunction,281,45,0
cudaRegisterFunction,253,42,0
cudaRegisterFunction,253,42,0
cudaRegisterFunction,281,43,0
cudaRegisterFunction,253,42,0
cudaRegisterFunction,253,42,0
cudaRegisterFunction,281,42,0
cudaRegisterFunction,253,43,0
cudaRegisterFunction,253,41,0
cudaRegisterFunction,281,42,0
cudaRegisterFunction,253,42,0
cudaRegisterFunction,253,41,0
cudaRegisterFunction,281,41,0
cudaRegisterFunction,253,41,0
cudaRegisterFunction,253,45,0
cudaRegisterFunction,281,42,0
cudaRegisterFunction,239,41,0
cudaRegisterFunction,239,42,0
cudaRegisterFunction,267,42,0
cudaRegisterFunction,239,43,0
cudaRegisterFunction,239,41,0
cudaRegisterFunction,267,43,0
cudaRegisterFunction,239,42,0
cudaRegisterFunction,239,42,0
cudaRegisterFunction,267,43,0
cudaRegisterFunction,239,42,0
cudaRegisterFunction,239,42,0
cudaRegisterFunction,267,41,0
cudaRegisterFunction,239,45,0
cudaRegisterFunction,239,42,0
cudaRegisterFunction,267,42,0
cudaRegisterFunction,239,42,0
cudaRegisterFunction,239,41,0
cudaRegisterFunction,267,41,0
cudaRegisterFunction,239,41,0
cudaRegisterFunction,239,42,0
cudaRegisterFunction,267,41,0
cudaRegisterFunction,239,41,0
cudaRegisterFunction,239,42,0
cudaRegisterFunction,267,41,0
cudaRegisterFunction,269,41,0
cudaRegisterFunction,269,42,0
cudaRegisterFunction,297,45,0
cudaRegisterFunction,269,49,0
cudaRegisterFunction,269,42,0
cudaRegisterFunction,297,42,0
cudaRegisterFunction,269,42,0
cudaRegisterFunction,269,42,0
cudaRegisterFunction,297,41,0
cudaRegisterFunction,269,42,0
cudaRegisterFunction,269,42,0
cudaRegisterFunction,297,42,0
cudaRegisterFunction,269,42,0
cudaRegisterFunction,269,42,0
cudaRegisterFunction,297,42,0
cudaRegisterFunction,269,42,0
cudaRegisterFunction,269,45,0
cudaRegisterFunction,297,42,0
cudaRegisterFunction,269,41,0
cudaRegisterFunction,269,42,0
cudaRegisterFunction,297,42,0
cudaRegisterFunction,269,42,0
cudaRegisterFunction,269,43,0
cudaRegisterFunction,297,41,0
cudaRegisterFunction,253,42,0
cudaRegisterFunction,253,41,0
cudaRegisterFunction,281,42,0
cudaRegisterFunction,253,43,0
cudaRegisterFunction,253,43,0
cudaRegisterFunction,281,42,0
cudaRegisterFunction,253,45,0
cudaRegisterFunction,253,41,0
cudaRegisterFunction,281,41,0
cudaRegisterFunction,253,42,0
cudaRegisterFunction,253,42,0
cudaRegisterFunction,281,42,0
cudaRegisterFunction,253,42,0
cudaRegisterFunction,253,43,0
cudaRegisterFunction,281,41,0
cudaRegisterFunction,253,42,0
cudaRegisterFunction,253,41,0
cudaRegisterFunction,281,42,0
cudaRegisterFunction,253,41,0
cudaRegisterFunction,253,41,0
cudaRegisterFunction,281,44,0
cudaRegisterFunction,253,42,0
cudaRegisterFunction,253,42,0
cudaRegisterFunction,281,42,0
cudaRegisterFunction,239,42,0
cudaRegisterFunction,239,41,0
cudaRegisterFunction,267,42,0
cudaRegisterFunction,239,42,0
cudaRegisterFunction,239,41,0
cudaRegisterFunction,267,42,0
cudaRegisterFunction,239,42,0
cudaRegisterFunction,239,41,0
cudaRegisterFunction,267,42,0
cudaRegisterFunction,239,42,0
cudaRegisterFunction,239,45,0
cudaRegisterFunction,267,42,0
cudaRegisterFunction,239,41,0
cudaRegisterFunction,239,41,0
cudaRegisterFunction,267,42,0
cudaRegisterFunction,239,42,0
cudaRegisterFunction,239,42,0
cudaRegisterFunction,267,42,0
cudaRegisterFunction,239,42,0
cudaRegisterFunction,239,41,0
cudaRegisterFunction,267,42,0
cudaRegisterFunction,239,41,0
cudaRegisterFunction,239,41,0
cudaRegisterFunction,267,42,0
cudaRegisterVar,204,44,0
cudaRegisterVar,122,45,0
cudaRegisterVar,114,44,0
cudaRegisterVar,2168,47,0
cudaRegisterVar,6262,45,0
cudaRegisterVar,14452,54,0
cudaRegisterVar,15480,48,0
cudaRegisterVar,17524,48,0
cudaRegisterVar,17548,45,0
cudaRegisterVar,120,45,0
cudaRegisterVar,124,48,0
cudaRegisterFatBinaryEnd,1150839,159,0
cudaRegisterFatBinary,1185471,1695,1000
cudaRegisterFunction,269,53,0
cudaRegisterFunction,269,42,0
cudaRegisterFunction,297,45,0
cudaRegisterFunction,269,42,0
cudaRegisterFunction,269,42,0
cudaRegisterFunction,297,43,0
cudaRegisterFunction,269,42,0
cudaRegisterFunction,269,42,0
cudaRegisterFunction,297,42,0
cudaRegisterFunction,269,42,0
cudaRegisterFunction,269,41,0
cudaRegisterFunction,297,49,0
cudaRegisterFunction,269,42,0
cudaRegisterFunction,269,42,0
cudaRegisterFunction,297,44,0
cudaRegisterFunction,269,41,0
cudaRegisterFunction,269,41,0
cudaRegisterFunction,297,42,0
cudaRegisterFunction,269,41,0
cudaRegisterFunction,269,42,0
cudaRegisterFunction,297,41,0
cudaRegisterFunction,269,42,0
cudaRegisterFunction,269,41,0
cudaRegisterFunction,297,46,0
cudaRegisterFunction,253,42,0
cudaRegisterFunction,253,41,0
cudaRegisterFunction,281,43,0
cudaRegisterFunction,253,41,0
cudaRegisterFunction,253,42,0
cudaRegisterFunction,281,42,0
cudaRegisterFunction,253,43,0
cudaRegisterFunction,253,42,0
cudaRegisterFunction,281,42,0
cudaRegisterFunction,253,43,0
cudaRegisterFunction,253,41,0
cudaRegisterFunction,281,42,0
cudaRegisterFunction,253,42,0
cudaRegisterFunction,253,44,0
cudaRegisterFunction,281,43,0
cudaRegisterFunction,253,42,0
cudaRegisterFunction,253,42,0
cudaRegisterFunction,281,43,0
cudaRegisterFunction,253,42,0
cudaRegisterFunction,253,41,0
cudaRegisterFunction,281,42,0
cudaRegisterFunction,253,42,0
cudaRegisterFunction,253,42,0
cudaRegisterFunction,281,41,0
cudaRegisterFunction,239,41,0
cudaRegisterFunction,239,41,0
cudaRegisterFunction,267,44,0
cudaRegisterFunction,239,45,0
cudaRegisterFunction,239,41,0
cudaRegisterFunction,267,41,0
cudaRegisterFunction,239,42,0
cudaRegisterFunction,239,42,0
cudaRegisterFunction,267,42,0
cudaRegisterFunction,239,42,0
cudaRegisterFunction,239,41,0
cudaRegisterFunction,267,41,0
cudaRegisterFunction,239,42,0
cudaRegisterFunction,239,41,0
cudaRegisterFunction,267,43,0
cudaRegisterFunction,239,41,0
cudaRegisterFunction,239,41,0
cudaRegisterFunction,267,43,0
cudaRegisterFunction,239,42,0
cudaRegisterFunction,239,41,0
cudaRegisterFunction,267,42,0
cudaRegisterFunction,239,42,0
cudaRegisterFunction,239,42,0
cudaRegisterFunction,267,42,0
cudaRegisterFunction,269,42,0
cudaRegisterFunction,269,41,0
cudaRegisterFunction,297,43,0
cudaRegisterFunction,269,41,0
cudaRegisterFunction,269,42,0
cudaRegisterFunction,297,42,0
cudaRegisterFunction,269,42,0
cudaRegisterFunction,269,45,0
cudaRegisterFunction,297,42,0
cudaRegisterFunction,269,42,0
cudaRegisterFunction,269,44,0
cudaRegisterFunction,297,42,0
cudaRegisterFunction,269,42,0
cudaRegisterFunction,269,42,0
cudaRegisterFunction,297,52,0
cudaRegisterFunction,269,41,0
cudaRegisterFunction,269,43,0
cudaRegisterFunction,297,42,0
cudaRegisterFunction,269,43,0
cudaRegisterFunction,269,41,0
cudaRegisterFunction,297,42,0
cudaRegisterFunction,269,45,0
cudaRegisterFunction,269,42,0
cudaRegisterFunction,297,42,0
cudaRegisterFunction,253,41,0
cudaRegisterFunction,253,42,0
cudaRegisterFunction,281,43,0
cudaRegisterFunction,253,42,0
cudaRegisterFunction,253,41,0
cudaRegisterFunction,281,41,0
cudaRegisterFunction,253,42,0
cudaRegisterFunction,253,43,0
cudaRegisterFunction,281,42,0
cudaRegisterFunction,253,42,0
cudaRegisterFunction,253,42,0
cudaRegisterFunction,281,45,0
cudaRegisterFunction,253,43,0
cudaRegisterFunction,253,43,0
cudaRegisterFunction,281,42,0
cudaRegisterFunction,253,41,0
cudaRegisterFunction,253,42,0
cudaRegisterFunction,281,42,0
cudaRegisterFunction,253,42,0
cudaRegisterFunction,253,41,0
cudaRegisterFunction,281,41,0
cudaRegisterFunction,253,42,0
cudaRegisterFunction,253,40,0
cudaRegisterFunction,281,41,0
cudaRegisterFunction,239,42,0
cudaRegisterFunction,239,45,0
cudaRegisterFunction,267,42,0
cudaRegisterFunction,239,40,0
cudaRegisterFunction,239,42,0
cudaRegisterFunction,267,42,0
cudaRegisterFunction,239,41,0
cudaRegisterFunction,239,42,0
cudaRegisterFunction,267,43,0
cudaRegisterFunction,239,42,0
cudaRegisterFunction,239,43,0
cudaRegisterFunction,267,41,0
cudaRegisterFunction,239,42,0
cudaRegisterFunction,239,42,0
cudaRegisterFunction,267,42,0
cudaRegisterFunction,239,45,0
cudaRegisterFunction,239,41,0
cudaRegisterFunction,267,41,0
cudaRegisterFunction,239,41,0
cudaRegisterFunction,239,41,0
cudaRegisterFunction,267,42,0
cudaRegisterFunction,239,42,0
cudaRegisterFunction,239,42,0
cudaRegisterFunction,267,41,0
cudaRegisterVar,204,44,0
cudaRegisterVar,122,45,0
cudaRegisterVar,114,48,0
cudaRegisterVar,2168,46,0
cudaRegisterVar,6262,45,0
cudaRegisterVar,14452,48,0
cudaRegisterVar,15480,48,0
cudaRegisterVar,17524,51,0
cudaRegisterVar,17548,48,0
cudaRegisterVar,120,45,0
cudaRegisterVar,124,45,0
cudaRegisterFatBinaryEnd,1185471,171,0
cudaRegisterFatBinary,1240935,1778,1000
cudaRegisterFunction,269,58,0
cudaRegisterFunction,269,43,0
cudaRegisterFunction,297,42,0
cudaRegisterFunction,269,42,0
cudaRegisterFunction,269,42,0
cudaRegisterFunction,297,42,0
cudaRegisterFunction,269,41,0
cudaRegisterFunction,269,43,0
cudaRegisterFunction,297,42,0
cudaRegisterFunction,269,42,0
cudaRegisterFunction,269,42,0
cudaRegisterFunction,297,42,0
cudaRegisterFunction,269,42,0
cudaRegisterFunction,269,43,0
cudaRegisterFunction,297,44,0
cudaRegisterFunction,269,42,0
cudaRegisterFunction,269,41,0
cudaRegisterFunction,297,38,0
cudaRegisterFunction,269,42,0
cudaRegisterFunction,269,48,0
cudaRegisterFunction,297,41,0
cudaRegisterFunction,269,42,0
cudaRegisterFunction,269,42,0
cudaRegisterFunction,297,42,0
cudaRegisterFunction,253,42,0
cudaRegisterFunction,253,43,0
cudaRegisterFunction,281,41,0
cudaRegisterFunction,253,42,0
cudaRegisterFunction,253,46,0
cudaRegisterFunction,281,42,0
cudaRegisterFunction,253,42,0
cudaRegisterFunction,253,42,0
cudaRegisterFunction,281,43,0
cudaRegisterFunction,253,41,0
cudaRegisterFunction,253,42,0
cudaRegisterFunction,281,42,0
cudaRegisterFunction,253,42,0
cudaRegisterFunction,253,43,0
cudaRegisterFunction,281,42,0
cudaRegisterFunction,253,41,0
cudaRegisterFunction,253,41,0
cudaRegisterFunction,281,42,0
cudaRegisterFunction,253,46,0
cudaRegisterFunction,253,42,0
cudaRegisterFunction,281,41,0
cudaRegisterFunction,253,42,0
cudaRegisterFunction,253,42,0
cudaRegisterFunction,281,42,0
cudaRegisterFunction,239,42,0
cudaRegisterFunction,239,42,0
cudaRegisterFunction,267,42,0
cudaRegisterFunction,239,42,0
cudaRegisterFunction,239,42,0
cudaRegisterFunction,267,42,0
cudaRegisterFunction,239,42,0
cudaRegisterFunction,239,41,0
cudaRegisterFunction,267,45,0
cudaRegisterFunction,239,41,0
cudaRegisterFunction,239,42,0
cudaRegisterFunction,267,42,0
cudaRegisterFunction,239,42,0
cudaRegisterFunction,239,42,0
cudaRegisterFunction,267,42,0
cudaRegisterFunction,239,42,0
cudaRegisterFunction,239,42,0
cudaRegisterFunction,267,41,0
cudaRegisterFunction,239,41,0
cudaRegisterFunction,239,42,0
cudaRegisterFunction,267,42,0
cudaRegisterFunction,239,41,0
cudaRegisterFunction,239,45,0
cudaRegisterFunction,267,41,0
cudaRegisterFunction,269,41,0
cudaRegisterFunction,269,43,0
cudaRegisterFunction,297,42,0
cudaRegisterFunction,269,42,0
cudaRegisterFunction,269,42,0
cudaRegisterFunction,297,42,0
cudaRegisterFunction,269,42,0
cudaRegisterFunction,269,42,0
cudaRegisterFunction,297,42,0
cudaRegisterFunction,269,41,0
cudaRegisterFunction,269,43,0
cudaRegisterFunction,297,42,0
cudaRegisterFunction,269,44,0
cudaRegisterFunction,269,43,0
cudaRegisterFunction,297,41,0
cudaRegisterFunction,269,42,0
cudaRegisterFunction,269,41,0
cudaRegisterFunction,297,41,0
cudaRegisterFunction,269,41,0
cudaRegisterFunction,269,53,0
cudaRegisterFunction,297,31,0
cudaRegisterFunction,269,42,0
cudaRegisterFunction,269,46,0
cudaRegisterFunction,297,42,0
cudaRegisterFunction,253,42,0
cudaRegisterFunction,253,42,0
cudaRegisterFunction,281,44,0
cudaRegisterFunction,253,41,0
cudaRegisterFunction,253,43,0
cudaRegisterFunction,281,42,0
cudaRegisterFunction,253,43,0
cudaRegisterFunction,253,41,0
cudaRegisterFunction,281,41,0
cudaRegisterFunction,253,41,0
cudaRegisterFunction,253,42,0
cudaRegisterFunction,281,42,0
cudaRegisterFunction,253,42,0
cudaRegisterFunction,253,42,0
cudaRegisterFunction,281,42,0
cudaRegisterFunction,253,42,0
cudaRegisterFunction,253,45,0
cudaRegisterFunction,281,41,0
cudaRegisterFunction,253,42,0
cudaRegisterFunction,253,41,0
cudaRegisterFunction,281,41,0
cudaRegisterFunction,253,42,0
cudaRegisterFunction,253,40,0
cudaRegisterFunction,281,42,0
cudaRegisterFunction,239,41,0
cudaRegisterFunction,239,43,0
cudaRegisterFunction,267,42,0
cudaRegisterFunction,239,43,0
cudaRegisterFunction,239,42,0
cudaRegisterFunction,267,42,0
cudaRegisterFunction,239,44,0
cudaRegisterFunction,239,41,0
cudaRegisterFunction,267,42,0
cudaRegisterFunction,239,42,0
cudaRegisterFunction,239,42,0
cudaRegisterFunction,267,42,0
cudaRegisterFunction,239,42,0
cudaRegisterFunction,239,43,0
cudaRegisterFunction,267,42,0
cudaRegisterFunction,239,42,0
cudaRegisterFunction,239,39,0
cudaRegisterFunction,267,43,0
cudaRegisterFunction,239,42,0
cudaRegisterFunction,239,41,0
cudaRegisterFunction,267,44,0
cudaRegisterFunction,239,42,0
cudaRegisterFunction,239,42,0
cudaRegisterFunction,267,42,0
cudaRegisterVar,204,44,0
cudaRegisterVar,122,46,0
cudaRegisterVar,114,44,0
cudaRegisterVar,2168,46,0
cudaRegisterVar,6262,44,0
cudaRegisterVar,14452,48,0
cudaRegisterVar,15480,46,0
cudaRegisterVar,17524,51,0
cudaRegisterVar,17548,46,0
cudaRegisterVar,120,46,0
cudaRegisterVar,124,45,0
cudaRegisterFatBinaryEnd,1240935,174,0
cudaRegisterFatBinary,1290991,2028,1000
cudaRegisterFunction,269,52,0
cudaRegisterFunction,269,41,0
cudaRegisterFunction,297,43,0
cudaRegisterFunction,269,42,0
cudaRegisterFunction,269,43,0
cudaRegisterFunction,297,45,0
cudaRegisterFunction,269,42,0
cudaRegisterFunction,269,42,0
cudaRegisterFunction,297,42,0
cudaRegisterFunction,269,43,0
cudaRegisterFunction,269,42,0
cudaRegisterFunction,297,44,0
cudaRegisterFunction,269,45,0
cudaRegisterFunction,269,41,0
cudaRegisterFunction,297,42,0
cudaRegisterFunction,269,42,0
cudaRegisterFunction,269,42,0
cudaRegisterFunction,297,42,0
cudaRegisterFunction,269,42,0
cudaRegisterFunction,269,49,0
cudaRegisterFunction,297,39,0
cudaRegisterFunction,269,42,0
cudaRegisterFunction,269,48,0
cudaRegisterFunction,297,41,0
cudaRegisterFunction,253,43,0
cudaRegisterFunction,253,41,0
cudaRegisterFunction,281,41,0
cudaRegisterFunction,253,42,0
cudaRegisterFunction,253,42,0
cudaRegisterFunction,281,42,0
cudaRegisterFunction,253,41,0
cudaRegisterFunction,253,43,0
cudaRegisterFunction,281,42,0
cudaRegisterFunction,253,45,0
cudaRegisterFunction,253,44,0
cudaRegisterFunction,281,44,0
cudaRegisterFunction,253,42,0
cudaRegisterFunction,253,42,0
cudaRegisterFunction,281,42,0
cudaRegisterFunction,253,42,0
cudaRegisterFunction,253,42,0
cudaRegisterFunction,281,41,0
cudaRegisterFunction,253,42,0
cudaRegisterFunction,253,42,0
cudaRegisterFunction,281,41,0
cudaRegisterFunction,253,41,0
cudaRegisterFunction,253,42,0
cudaRegisterFunction,281,45,0
cudaRegisterFunction,239,43,0
cudaRegisterFunction,239,42,0
cudaRegisterFunction,267,42,0
cudaRegisterFunction,239,41,0
cudaRegisterFunction,239,42,0
cudaRegisterFunction,267,41,0
cudaRegisterFunction,239,41,0
cudaRegisterFunction,239,42,0
cudaRegisterFunction,267,42,0
cudaRegisterFunction,239,42,0
cudaRegisterFunction,239,42,0
cudaRegisterFunction,267,42,0
cudaRegisterFunction,239,43,0
cudaRegisterFunction,239,44,0
cudaRegisterFunction,267,43,0
cudaRegisterFunction,239,42,0
cudaRegisterFunction,239,42,0
cudaRegisterFunction,267,38,0
cudaRegisterFunction,239,41,0
cudaRegisterFunction,239,42,0
cudaRegisterFunction,267,42,0
cudaRegisterFunction,239,41,0
cudaRegisterFunction,239,43,0
cudaRegisterFunction,267,42,0
cudaRegisterFunction,269,43,0
cudaRegisterFunction,269,41,0
cudaRegisterFunction,297,42,0
cudaRegisterFunction,269,44,0
cudaRegisterFunction,269,42,0
cudaRegisterFunction,297,42,0
cudaRegisterFunction,269,42,0
cudaRegisterFunction,269,42,0
cudaRegisterFunction,297,43,0
cudaRegisterFunction,269,42,0
cudaRegisterFunction,269,42,0
cudaRegisterFunction,297,42,0
cudaRegisterFunction,269,41,0
cudaRegisterFunction,269,42,0
cudaRegisterFunction,297,42,0
cudaRegisterFunction,269,42,0
cudaRegisterFunction,269,42,0
cudaRegisterFunction,297,46,0
cudaRegisterFunction,269,41,0
cudaRegisterFunction,269,41,0
cudaRegisterFunction,297,42,0
cudaRegisterFunction,269,41,0
cudaRegisterFunction,269,42,0
cudaRegisterFunction,297,43,0
cudaRegisterFunction,253,48,0
cudaRegisterFunction,253,42,0
cudaRegisterFunction,281,42,0
cudaRegisterFunction,253,41,0
cudaRegisterFunction,253,42,0
cudaRegisterFunction,281,41,0
cudaRegisterFunction,253,43,0
cudaRegisterFunction,253,43,0
cudaRegisterFunction,281,42,0
cudaRegisterFunction,253,42,0
cudaRegisterFunction,253,41,0
cudaRegisterFunction,281,42,0
cudaRegisterFunction,253,43,0
cudaRegisterFunction,253,42,0
cudaRegisterFunction,281,42,0
cudaRegisterFunction,253,42,0
cudaRegisterFunction,253,43,0
cudaRegisterFunction,281,42,0
cudaRegisterFunction,253,42,0
cudaRegisterFunction,253,41,0
cudaRegisterFunction,281,41,0
cudaRegisterFunction,253,44,0
cudaRegisterFunction,253,42,0
cudaRegisterFunction,281,42,0
cudaRegisterFunction,239,43,0
cudaRegisterFunction,239,41,0
cudaRegisterFunction,267,42,0
cudaRegisterFunction,239,42,0
cudaRegisterFunction,239,41,0
cudaRegisterFunction,267,41,0
cudaRegisterFunction,239,42,0
cudaRegisterFunction,239,41,0
cudaRegisterFunction,267,42,0
cudaRegisterFunction,239,42,0
cudaRegisterFunction,239,42,0
cudaRegisterFunction,267,45,0
cudaRegisterFunction,239,43,0
cudaRegisterFunction,239,42,0
cudaRegisterFunction,267,41,0
cudaRegisterFunction,239,41,0
cudaRegisterFunction,239,42,0
cudaRegisterFunction,267,42,0
cudaRegisterFunction,239,42,0
cudaRegisterFunction,239,41,0
cudaRegisterFunction,267,42,0
cudaRegisterFunction,239,43,0
cudaRegisterFunction,239,41,0
cudaRegisterFunction,267,42,0
cudaRegisterVar,204,40,0
cudaRegisterVar,122,48,0
cudaRegisterVar,114,45,0
cudaRegisterVar,2168,44,0
cudaRegisterVar,6262,45,0
cudaRegisterVar,14452,48,0
cudaRegisterVar,15480,47,0
cudaRegisterVar,17524,48,0
cudaRegisterVar,17548,49,0
cudaRegisterVar,120,45,0
cudaRegisterVar,124,46,0
cudaRegisterFatBinaryEnd,1290991,183,0
cudaRegisterFatBinary,1463863,2124,1000
cudaRegisterFunction,269,52,0
cudaRegisterFunction,269,42,0
cudaRegisterFunction,297,43,0
cudaRegisterFunction,269,41,0
cudaRegisterFunction,269,42,0
cudaRegisterFunction,297,42,0
cudaRegisterFunction,269,41,0
cudaRegisterFunction,269,43,0
cudaRegisterFunction,297,42,0
cudaRegisterFunction,269,42,0
cudaRegisterFunction,269,45,0
cudaRegisterFunction,297,44,0
cudaRegisterFunction,269,43,0
cudaRegisterFunction,269,43,0
cudaRegisterFunction,297,42,0
cudaRegisterFunction,269,42,0
cudaRegisterFunction,269,42,0
cudaRegisterFunction,297,39,0
cudaRegisterFunction,269,43,0
cudaRegisterFunction,269,48,0
cudaRegisterFunction,297,42,0
cudaRegisterFunction,269,41,0
cudaRegisterFunction,269,42,0
cudaRegisterFunction,297,41,0
cudaRegisterFunction,253,45,0
cudaRegisterFunction,253,42,0
cudaRegisterFunction,281,42,0
cudaRegisterFunction,253,42,0
cudaRegisterFunction,253,42,0
cudaRegisterFunction,281,42,0
cudaRegisterFunction,253,42,0
cudaRegisterFunction,253,42,0
cudaRegisterFunction,281,41,0
cudaRegisterFunction,253,42,0
cudaRegisterFunction,253,41,0
cudaRegisterFunction,281,43,0
cudaRegisterFunction,253,39,0
cudaRegisterFunction,253,43,0
cudaRegisterFunction,281,45,0
cudaRegisterFunction,253,42,0
cudaRegisterFunction,253,42,0
cudaRegisterFunction,281,42,0
cudaRegisterFunction,253,41,0
cudaRegisterFunction,253,42,0
cudaRegisterFunction,281,42,0
cudaRegisterFunction,253,41,0
cudaRegisterFunction,253,41,0
cudaRegisterFunction,281,43,0
cudaRegisterFunction,239,41,0
cudaRegisterFunction,239,41,0
cudaRegisterFunction,267,41,0
cudaRegisterFunction,239,41,0
cudaRegisterFunction,239,45,0
cudaRegisterFunction,267,41,0
cudaRegisterFunction,239,42,0
cudaRegisterFunction,239,42,0
cudaRegisterFunction,267,42,0
cudaRegisterFunction,239,41,0
cudaRegisterFunction,239,42,0
cudaRegisterFunction,267,42,0
cudaRegisterFunction,239,42,0
cudaRegisterFunction,239,42,0
cudaRegisterFunction,267,42,0
cudaRegisterFunction,239,42,0
cudaRegisterFunction,239,41,0
cudaRegisterFunction,267,42,0
cudaRegisterFunction,239,45,0
cudaRegisterFunction,239,42,0
cudaRegisterFunction,267,42,0
cudaRegisterFunction,239,41,0
cudaRegisterFunction,239,41,0
cudaRegisterFunction,267,42,0
cudaRegisterFunction,269,42,0
cudaRegisterFunction,269,42,0
cudaRegisterFunction,297,43,0
cudaRegisterFunction,269,42,0
cudaRegisterFunction,269,43,0
cudaRegisterFunction,297,41,0
cudaRegisterFunction,269,41,0
cudaRegisterFunction,269,42,0
cudaRegisterFunction,297,44,0
cudaRegisterFunction,269,41,0
cudaRegisterFunction,269,41,0
cudaRegisterFunction,297,43,0
cudaRegisterFunction,269,41,0
cudaRegisterFunction,269,42,0
cudaRegisterFunction,297,42,0
cudaRegisterFunction,269,43,0
cudaRegisterFunction,269,41,0
cudaRegisterFunction,297,42,0
cudaRegisterFunction,269,41,0
cudaRegisterFunction,269,41,0
cudaRegisterFunction,297,42,0
cudaRegisterFunction,269,41,0
cudaRegisterFunction,269,49,0
cudaRegisterFunction,297,43,0
cudaRegisterFunction,253,42,0
cudaRegisterFunction,253,42,0
cudaRegisterFunction,281,41,0
cudaRegisterFunction,253,42,0
cudaRegisterFunction,253,43,0
cudaRegisterFunction,281,42,0
cudaRegisterFunction,253,41,0
cudaRegisterFunction,253,40,0
cudaRegisterFunction,281,42,0
cudaRegisterFunction,253,42,0
cudaRegisterFunction,253,42,0
cudaRegisterFunction,281,43,0
cudaRegisterFunction,253,44,0
cudaRegisterFunction,253,41,0
cudaRegisterFunction,281,42,0
cudaRegisterFunction,253,41,0
cudaRegisterFunction,253,41,0
cudaRegisterFunction,281,42,0
cudaRegisterFunction,253,42,0
cudaRegisterFunction,253,42,0
cudaRegisterFunction,281,41,0
cudaRegisterFunction,253,42,0
cudaRegisterFunction,253,41,0
cudaRegisterFunction,281,43,0
cudaRegisterFunction,239,41,0
cudaRegisterFunction,239,41,0
cudaRegisterFunction,267,43,0
cudaRegisterFunction,239,43,0
cudaRegisterFunction,239,42,0
cudaRegisterFunction,267,42,0
cudaRegisterFunction,239,42,0
cudaRegisterFunction,239,41,0
cudaRegisterFunction,267,41,0
cudaRegisterFunction,239,41,0
cudaRegisterFunction,239,40,0
cudaRegisterFunction,267,42,0
cudaRegisterFunction,239,41,0
cudaRegisterFunction,239,42,0
cudaRegisterFunction,267,42,0
cudaRegisterFunction,239,41,0
cudaRegisterFunction,239,43,0
cudaRegisterFunction,267,42,0
cudaRegisterFunction,239,41,0
cudaRegisterFunction,239,42,0
cudaRegisterFunction,267,42,0
cudaRegisterFunction,239,42,0
cudaRegisterFunction,239,40,0
cudaRegisterFunction,267,43,0
cudaRegisterVar,248,44,0
cudaRegisterVar,122,45,0
cudaRegisterVar,114,45,0
cudaRegisterVar,2168,43,0
cudaRegisterVar,6262,48,0
cudaRegisterVar,14452,47,0
cudaRegisterVar,15480,48,0
cudaRegisterVar,17524,47,0
cudaRegisterVar,17548,48,0
cudaRegisterVar,120,44,0
cudaRegisterVar,124,45,0
cudaRegisterFatBinaryEnd,1463863,196,0
cudaRegisterFatBinary,993663,1123,0
cudaRegisterFunction,357,54,0
cudaRegisterFunction,285,44,0
cudaRegisterFunction,283,42,0
cudaRegisterFunction,357,43,0
cudaRegisterFunction,357,42,0
cudaRegisterFunction,225,42,0
cudaRegisterFunction,285,41,0
cudaRegisterFunction,283,40,0
cudaRegisterFunction,357,42,0
cudaRegisterFunction,357,41,0
cudaRegisterFunction,285,42,0
cudaRegisterFunction,283,41,0
cudaRegisterFunction,357,42,0
cudaRegisterFunction,357,42,0
cudaRegisterFunction,225,42,0
cudaRegisterFunction,285,44,0
cudaRegisterFunction,283,43,0
cudaRegisterFunction,357,41,0
cudaRegisterFunction,355,42,0
cudaRegisterFunction,283,41,0
cudaRegisterFunction,281,43,0
cudaRegisterFunction,219,42,0
cudaRegisterFunction,355,42,0
cudaRegisterFunction,355,41,0
cudaRegisterFunction,223,42,0
cudaRegisterFunction,283,41,0
cudaRegisterFunction,281,42,0
cudaRegisterFunction,219,40,0
cudaRegisterFunction,355,42,0
cudaRegisterVar,248,42,0
cudaRegisterVar,122,46,0
cudaRegisterVar,114,44,0
cudaRegisterVar,2168,44,0
cudaRegisterVar,6262,45,0
cudaRegisterVar,14452,48,0
cudaRegisterVar,15480,47,0
cudaRegisterVar,17524,48,0
cudaRegisterVar,17548,44,0
cudaRegisterVar,120,45,0
cudaRegisterVar,124,53,0
cudaRegisterFatBinaryEnd,993663,109,0
cudaRegisterFatBinary,1482823,1936,1000
cudaRegisterFunction,357,51,0
cudaRegisterFunction,285,42,0
cudaRegisterFunction,283,48,0
cudaRegisterFunction,357,43,0
cudaRegisterFunction,357,43,0
cudaRegisterFunction,225,42,0
cudaRegisterFunction,285,43,0
cudaRegisterFunction,283,42,0
cudaRegisterFunction,357,42,0
cudaRegisterFunction,357,44,0
cudaRegisterFunction,285,42,0
cudaRegisterFunction,283,42,0
cudaRegisterFunction,357,42,0
cudaRegisterFunction,357,42,0
cudaRegisterFunction,225,42,0
cudaRegisterFunction,285,42,0
cudaRegisterFunction,283,44,0
cudaRegisterFunction,357,42,0
cudaRegisterFunction,355,42,0
cudaRegisterFunction,283,42,0
cudaRegisterFunction,281,42,0
cudaRegisterFunction,219,43,0
cudaRegisterFunction,355,41,0
cudaRegisterFunction,355,44,0
cudaRegisterFunction,223,41,0
cudaRegisterFunction,283,43,0
cudaRegisterFunction,281,43,0
cudaRegisterFunction,219,42,0
cudaRegisterFunction,355,43,0
cudaRegisterVar,248,42,0
cudaRegisterVar,122,46,0
cudaRegisterVar,114,45,0
cudaRegisterVar,2168,44,0
cudaRegisterVar,6262,46,0
cudaRegisterVar,14452,48,0
cudaRegisterVar,15480,46,0
cudaRegisterVar,17524,47,0
cudaRegisterVar,17548,49,0
cudaRegisterVar,120,45,0
cudaRegisterVar,124,45,0
cudaRegisterFatBinaryEnd,1482823,200,0
cudaRegisterFatBinary,1274551,1422,1000
cudaRegisterFunction,357,50,0
cudaRegisterFunction,285,41,0
cudaRegisterFunction,283,42,0
cudaRegisterFunction,357,44,0
cudaRegisterFunction,357,42,0
cudaRegisterFunction,225,42,0
cudaRegisterFunction,285,41,0
cudaRegisterFunction,283,41,0
cudaRegisterFunction,357,40,0
cudaRegisterFunction,357,43,0
cudaRegisterFunction,285,43,0
cudaRegisterFunction,283,42,0
cudaRegisterFunction,357,42,0
cudaRegisterFunction,357,40,0
cudaRegisterFunction,225,42,0
cudaRegisterFunction,285,42,0
cudaRegisterFunction,283,42,0
cudaRegisterFunction,357,45,0
cudaRegisterFunction,355,42,0
cudaRegisterFunction,283,42,0
cudaRegisterFunction,281,42,0
cudaRegisterFunction,219,41,0
cudaRegisterFunction,355,43,0
cudaRegisterFunction,355,42,0
cudaRegisterFunction,223,42,0
cudaRegisterFunction,283,41,0
cudaRegisterFunction,281,42,0
cudaRegisterFunction,219,42,0
cudaRegisterFunction,355,44,0
cudaRegisterVar,250,43,0
cudaRegisterVar,122,47,0
cudaRegisterVar,114,44,0
cudaRegisterVar,2168,45,0
cudaRegisterVar,6262,46,0
cudaRegisterVar,14452,50,0
cudaRegisterVar,15480,46,0
cudaRegisterVar,17524,48,0
cudaRegisterVar,17548,48,0
cudaRegisterVar,120,45,0
cudaRegisterVar,124,45,0
cudaRegisterFatBinaryEnd,1274551,178,0
cudaRegisterFatBinary,1026471,1159,1000
cudaRegisterFunction,361,53,0
cudaRegisterFunction,285,41,0
cudaRegisterFunction,283,41,0
cudaRegisterFunction,361,42,0
cudaRegisterFunction,361,43,0
cudaRegisterFunction,225,42,0
cudaRegisterFunction,285,42,0
cudaRegisterFunction,283,43,0
cudaRegisterFunction,361,41,0
cudaRegisterFunction,361,38,0
cudaRegisterFunction,285,40,0
cudaRegisterFunction,283,44,0
cudaRegisterFunction,361,41,0
cudaRegisterFunction,361,42,0
cudaRegisterFunction,225,42,0
cudaRegisterFunction,285,42,0
cudaRegisterFunction,283,43,0
cudaRegisterFunction,361,41,0
cudaRegisterFunction,359,42,0
cudaRegisterFunction,283,42,0
cudaRegisterFunction,281,42,0
cudaRegisterFunction,219,43,0
cudaRegisterFunction,359,42,0
cudaRegisterFunction,359,41,0
cudaRegisterFunction,223,42,0
cudaRegisterFunction,283,46,0
cudaRegisterFunction,281,41,0
cudaRegisterFunction,219,42,0
cudaRegisterFunction,359,42,0
cudaRegisterVar,133,43,0
cudaRegisterVar,122,45,0
cudaRegisterVar,114,44,0
cudaRegisterVar,2168,44,0
cudaRegisterVar,6262,45,0
cudaRegisterVar,14452,48,0
cudaRegisterVar,15480,47,0
cudaRegisterVar,17524,50,0
cudaRegisterVar,17548,48,0
cudaRegisterVar,120,45,0
cudaRegisterVar,124,45,0
cudaRegisterFatBinaryEnd,1026471,112,0
cudaGetDeviceCount,12,58,0
cudaGetDeviceProperties,1044,1839,1000
cuDeviceGet,16,138,0
cuDeviceGetAttribute,20,57,0
cuMemGetAllocationGranularity,44,48,0
cudaGetDeviceProperties,1044,870,0
cudaDeviceGetAttribute,20,58,0
cudaGetDeviceProperties,1044,850,0
cudaDeviceGetPCIBusId,48,53,0
cudaGetDeviceProperties,1044,870,0
cudaGetDeviceProperties,1044,909,0
cudaGetDeviceProperties,1044,863,0
cudaMemGetInfo,0,2821,2000
cudaGetDeviceProperties,1044,866,0
cudaGetDeviceProperties,1044,856,0
cudaMemGetInfo,0,63,0
cudaGetDeviceProperties,1044,855,0
cudaGetDeviceProperties,1044,1001,0
cudaGetDeviceProperties,1044,835,0
cudaGetDeviceProperties,1044,834,0
cudaGetDeviceProperties,1044,843,0
cudaMemGetInfo,0,65,0
cudaGetDeviceProperties,1044,849,0
cudaGetDeviceProperties,1044,842,0
cudaGetDeviceProperties,1044,863,0
cudaGetDeviceProperties,1044,830,0
cudaMemGetInfo,0,66,0
cudaGetDeviceProperties,1044,849,0
cudaMalloc,8,314,0
cudaGetDeviceProperties,1044,841,0
cudaMemcpyAsync,8228,121,0
cudaStreamSynchronize,8,69,0
cudaMemcpyAsync,53760036,82451,0
cudaStreamSynchronize,8,1969,1000
cudaMemcpyAsync,8228,43,0
cudaStreamSynchronize,8,58,0
cudaMemcpyAsync,2359332,287,0
cudaStreamSynchronize,8,85,0
cudaMemcpyAsync,294948,83,0
cudaStreamSynchronize,8,46,0
cudaMemcpyAsync,430116,78,0
cudaStreamSynchronize,8,47,0
cudaMemcpyAsync,2359332,281,0
cudaStreamSynchronize,8,86,0
cudaMemcpyAsync,8228,44,0
cudaStreamSynchronize,8,47,0
cudaMemcpyAsync,6488100,731,0
cudaStreamSynchronize,8,240,0
cudaMemcpyAsync,9461796,1049,0
cudaStreamSynchronize,8,349,0
cudaMemcpyAsync,6488100,725,0
cudaStreamSynchronize,8,240,0
cudaMemcpyAsync,8228,45,0
cudaStreamSynchronize,8,46,0
cudaMemcpyAsync,2359332,285,0
cudaStreamSynchronize,8,85,0
cudaMemcpyAsync,294948,80,0
cudaStreamSynchronize,8,46,0
cudaMemcpyAsync,430116,78,0
cudaStreamSynchronize,8,49,0
cudaMemcpyAsync,2359332,283,0
cudaStreamSynchronize,8,86,0
cudaMemcpyAsync,8228,45,0
cudaStreamSynchronize,8,50,0
cudaMemcpyAsync,6488100,721,0
cudaStreamSynchronize,8,239,0
cudaMemcpyAsync,9461796,1042,0
cudaStreamSynchronize,8,349,0
cudaMemcpyAsync,6488100,724,0
cudaStreamSynchronize,8,241,0
cudaMemcpyAsync,8228,45,0
cudaStreamSynchronize,8,48,0
cudaMemcpyAsync,2359332,284,0
cudaStreamSynchronize,8,85,0
cudaMemcpyAsync,294948,78,0
cudaStreamSynchronize,8,47,0
cudaMemcpyAsync,294948,64,0
cudaStreamSynchronize,8,49,0
cudaMemcpyAsync,2359332,282,0
cudaStreamSynchronize,8,86,0
cudaMemcpyAsync,8228,43,0
cudaStreamSynchronize,8,46,0
cudaMemcpyAsync,6488100,722,0
cudaStreamSynchronize,8,241,0
cudaMemcpyAsync,6488100,722,0
cudaStreamSynchronize,8,240,0
cudaMemcpyAsync,6488100,741,0
cudaStreamSynchronize,8,233,0
cudaMemcpyAsync,8228,44,0
cudaStreamSynchronize,8,46,0
cudaMemcpyAsync,2359332,284,0
cudaStreamSynchronize,8,85,0
cudaMemcpyAsync,294948,78,0
cudaStreamSynchronize,8,45,0
cudaMemcpyAsync,294948,64,0
cudaStreamSynchronize,8,48,0
cudaMemcpyAsync,2359332,282,0
cudaStreamSynchronize,8,86,0
cudaMemcpyAsync,8228,44,0
cudaStreamSynchronize,8,45,0
cudaMemcpyAsync,6488100,722,0
cudaStreamSynchronize,8,240,0
cudaMemcpyAsync,6488100,732,0
cudaStreamSynchronize,8,241,0
cudaMemcpyAsync,6488100,726,0
cudaStreamSynchronize,8,238,0
cudaMemcpyAsync,8228,46,0
cudaStreamSynchronize,8,49,0
cudaMemcpyAsync,2359332,282,0
cudaStreamSynchronize,8,86,0
cudaMemcpyAsync,294948,76,0
cudaStreamSynchronize,8,46,0
cudaMemcpyAsync,430116,77,0
cudaStreamSynchronize,8,47,0
cudaMemcpyAsync,2359332,283,0
cudaStreamSynchronize,8,85,0
cudaMemcpyAsync,8228,44,0
cudaStreamSynchronize,8,46,0
cudaMemcpyAsync,6488100,723,0
cudaStreamSynchronize,8,240,0
cudaMemcpyAsync,9461796,1046,0
cudaStreamSynchronize,8,351,0
cudaMemcpyAsync,6488100,725,0
cudaStreamSynchronize,8,239,0
cudaMemcpyAsync,8228,45,0
cudaStreamSynchronize,8,46,0
cudaMemcpyAsync,2359332,284,0
cudaStreamSynchronize,8,86,0
cudaMemcpyAsync,294948,77,0
cudaStreamSynchronize,8,46,0
cudaMemcpyAsync,294948,64,0
cudaStreamSynchronize,8,46,0
cudaMemcpyAsync,2359332,283,0
cudaStreamSynchronize,8,86,0
cudaMemcpyAsync,8228,45,0
cudaStreamSynchronize,8,47,0
cudaMemcpyAsync,6488100,724,0
cudaStreamSynchronize,8,240,0
cudaMemcpyAsync,6488100,721,0
cudaStreamSynchronize,8,240,0
cudaMemcpyAsync,6488100,722,0
cudaStreamSynchronize,8,239,0
cudaMemcpyAsync,8228,43,0
cudaStreamSynchronize,8,47,0
cudaMemcpyAsync,2359332,282,0
cudaStreamSynchronize,8,86,0
cudaMemcpyAsync,294948,74,0
cudaStreamSynchronize,8,43,0
cudaMemcpyAsync,294948,71,0
cudaStreamSynchronize,8,47,0
cudaMemcpyAsync,2359332,285,0
cudaStreamSynchronize,8,85,0
cudaMemcpyAsync,8228,44,0
cudaStreamSynchronize,8,47,0
cudaMemcpyAsync,6488100,724,0
cudaStreamSynchronize,8,242,0
cudaMemcpyAsync,6488100,722,0
cudaStreamSynchronize,8,240,0
cudaMemcpyAsync,6488100,725,0
cudaStreamSynchronize,8,240,0
cudaMemcpyAsync,8228,42,0
cudaStreamSynchronize,8,47,0
cudaMemcpyAsync,2359332,282,0
cudaStreamSynchronize,8,86,0
cudaMemcpyAsync,294948,76,0
cudaStreamSynchronize,8,46,0
cudaMemcpyAsync,430116,78,0
cudaStreamSynchronize,8,48,0
cudaMemcpyAsync,2359332,283,0
cudaStreamSynchronize,8,86,0
cudaMemcpyAsync,8228,43,0
cudaStreamSynchronize,8,46,0
cudaMemcpyAsync,6488100,724,0
cudaStreamSynchronize,8,239,0
cudaMemcpyAsync,9461796,1048,0
cudaStreamSynchronize,8,351,0
cudaMemcpyAsync,6488100,721,0
cudaStreamSynchronize,8,240,0
cudaMemcpyAsync,8228,43,0
cudaStreamSynchronize,8,52,0
cudaMemcpyAsync,2359332,282,0
cudaStreamSynchronize,8,85,0
cudaMemcpyAsync,294948,76,0
cudaStreamSynchronize,8,46,0
cudaMemcpyAsync,430116,78,0
cudaStreamSynchronize,8,46,0
cudaMemcpyAsync,2359332,283,0
cudaStreamSynchronize,8,86,0
cudaMemcpyAsync,8228,44,0
cudaStreamSynchronize,8,46,0
cudaMemcpyAsync,6488100,727,0
cudaStreamSynchronize,8,240,0
cudaMemcpyAsync,9461796,1049,0
cudaStreamSynchronize,8,351,0
cudaMemcpyAsync,6488100,723,0
cudaStreamSynchronize,8,240,0
cudaMemcpyAsync,8228,44,0
cudaStreamSynchronize,8,46,0
cudaMemcpyAsync,2359332,282,0
cudaStreamSynchronize,8,86,0
cudaMemcpyAsync,294948,79,0
cudaStreamSynchronize,8,46,0
cudaMemcpyAsync,430116,77,0
cudaStreamSynchronize,8,49,0
cudaMemcpyAsync,2359332,291,0
cudaStreamSynchronize,8,86,0
cudaMemcpyAsync,8228,44,0
cudaStreamSynchronize,8,46,0
cudaMemcpyAsync,6488100,724,0
cudaStreamSynchronize,8,240,0
cudaMemcpyAsync,9461796,1044,0
cudaStreamSynchronize,8,351,0
cudaMemcpyAsync,6488100,726,0
cudaStreamSynchronize,8,239,0
cudaMemcpyAsync,8228,42,0
cudaStreamSynchronize,8,48,0
cudaMemcpyAsync,2359332,282,0
cudaStreamSynchronize,8,87,0
cudaMemcpyAsync,294948,82,0
cudaStreamSynchronize,8,48,0
cudaMemcpyAsync,294948,65,0
cudaStreamSynchronize,8,46,0
cudaMemcpyAsync,2359332,284,0
cudaStreamSynchronize,8,86,0
cudaMemcpyAsync,8228,34,0
cudaStreamSynchronize,8,45,0
cudaMemcpyAsync,6488100,726,0
cudaStreamSynchronize,8,241,0
cudaMemcpyAsync,6488100,721,0
cudaStreamSynchronize,8,240,0
cudaMemcpyAsync,6488100,723,0
cudaStreamSynchronize,8,241,0
cudaMemcpyAsync,8228,44,0
cudaStreamSynchronize,8,49,0
cudaMemcpyAsync,2359332,290,0
cudaStreamSynchronize,8,85,0
cudaMemcpyAsync,294948,77,0
cudaStreamSynchronize,8,46,0
cudaMemcpyAsync,294948,65,0
cudaStreamSynchronize,8,46,0
cudaMemcpyAsync,2359332,281,0
cudaStreamSynchronize,8,84,0
cudaMemcpyAsync,8228,45,0
cudaStreamSynchronize,8,45,0
cudaMemcpyAsync,6488100,721,0
cudaStreamSynchronize,8,238,0
cudaMemcpyAsync,6488100,722,0
cudaStreamSynchronize,8,240,0
cudaMemcpyAsync,6488100,721,0
cudaStreamSynchronize,8,239,0
cudaMemcpyAsync,8228,44,0
cudaStreamSynchronize,8,49,0
cudaMemcpyAsync,2359332,281,0
cudaStreamSynchronize,8,84,0
cudaMemcpyAsync,294948,77,0
cudaStreamSynchronize,8,46,0
cudaMemcpyAsync,430116,78,0
cudaStreamSynchronize,8,45,0
cudaMemcpyAsync,2359332,281,0
cudaStreamSynchronize,8,85,0
cudaMemcpyAsync,8228,46,0
cudaStreamSynchronize,8,48,0
cudaMemcpyAsync,6488100,730,0
cudaStreamSynchronize,8,240,0
cudaMemcpyAsync,9461796,1042,0
cudaStreamSynchronize,8,351,0
cudaMemcpyAsync,6488100,730,0
cudaStreamSynchronize,8,239,0
cudaMemcpyAsync,8228,45,0
cudaStreamSynchronize,8,45,0
cudaMemcpyAsync,2359332,283,0
cudaStreamSynchronize,8,86,0
cudaMemcpyAsync,294948,76,0
cudaStreamSynchronize,8,45,0
cudaMemcpyAsync,294948,64,0
cudaStreamSynchronize,8,48,0
cudaMemcpyAsync,2359332,282,0
cudaStreamSynchronize,8,86,0
cudaMemcpyAsync,8228,44,0
cudaStreamSynchronize,8,46,0
cudaMemcpyAsync,6488100,718,0
cudaStreamSynchronize,8,241,0
cudaMemcpyAsync,6488100,736,0
cudaStreamSynchronize,8,238,0
cudaMemcpyAsync,6488100,720,0
cudaStreamSynchronize,8,241,0
cudaMemcpyAsync,8228,47,0
cudaStreamSynchronize,8,48,0
cudaMemcpyAsync,2359332,283,0
cudaStreamSynchronize,8,87,0
cudaMemcpyAsync,294948,77,0
cudaStreamSynchronize,8,46,0
cudaMemcpyAsync,294948,64,0
cudaStreamSynchronize,8,46,0
cudaMemcpyAsync,2359332,283,0
cudaStreamSynchronize,8,85,0
cudaMemcpyAsync,8228,46,0
cudaStreamSynchronize,8,46,0
cudaMemcpyAsync,6488100,725,0
cudaStreamSynchronize,8,240,0
cudaMemcpyAsync,6488100,722,0
cudaStreamSynchronize,8,240,0
cudaMemcpyAsync,6488100,722,0
cudaStreamSynchronize,8,240,0
cudaMemcpyAsync,8228,48,0
cudaStreamSynchronize,8,46,0
cudaMemcpyAsync,2359332,283,0
cudaStreamSynchronize,8,86,0
cudaMemcpyAsync,294948,77,0
cudaStreamSynchronize,8,46,0
cudaMemcpyAsync,430116,77,0
cudaStreamSynchronize,8,47,0
cudaMemcpyAsync,2359332,282,0
cudaStreamSynchronize,8,86,0
cudaMemcpyAsync,8228,44,0
cudaStreamSynchronize,8,46,0
cudaMemcpyAsync,6488100,720,0
cudaStreamSynchronize,8,238,0
cudaMemcpyAsync,9461796,1045,0
cudaStreamSynchronize,8,350,0
cudaMemcpyAsync,6488100,721,0
cudaStreamSynchronize,8,240,0
cudaMemcpyAsync,8228,44,0
cudaStreamSynchronize,8,47,0
cudaMemcpyAsync,2359332,284,0
cudaStreamSynchronize,8,86,0
cudaMemcpyAsync,294948,75,0
cudaStreamSynchronize,8,45,0
cudaMemcpyAsync,294948,67,0
cudaStreamSynchronize,8,46,0
cudaMemcpyAsync,2359332,283,0
cudaStreamSynchronize,8,85,0
cudaMemcpyAsync,8228,46,0
cudaStreamSynchronize,8,46,0
cudaMemcpyAsync,6488100,720,0
cudaStreamSynchronize,8,240,0
cudaMemcpyAsync,6488100,717,0
cudaStreamSynchronize,8,240,0
cudaMemcpyAsync,6488100,723,0
cudaStreamSynchronize,8,239,0
cudaMemcpyAsync,8228,45,0
cudaStreamSynchronize,8,46,0
cudaMemcpyAsync,2359332,283,0
cudaStreamSynchronize,8,85,0
cudaMemcpyAsync,294948,77,0
cudaStreamSynchronize,8,46,0
cudaMemcpyAsync,294948,67,0
cudaStreamSynchronize,8,48,0
cudaMemcpyAsync,2359332,284,0
cudaStreamSynchronize,8,86,0
cudaMemcpyAsync,8228,44,0
cudaStreamSynchronize,8,46,0
cudaMemcpyAsync,6488100,719,0
cudaStreamSynchronize,8,238,0
cudaMemcpyAsync,6488100,716,0
cudaStreamSynchronize,8,241,0
cudaMemcpyAsync,6488100,723,0
cudaStreamSynchronize,8,241,0
cudaMemcpyAsync,8228,44,0
cudaStreamSynchronize,8,47,0
cudaMemcpyAsync,2359332,286,0
cudaStreamSynchronize,8,86,0
cudaMemcpyAsync,294948,77,0
cudaStreamSynchronize,8,47,0
cudaMemcpyAsync,430116,78,0
cudaStreamSynchronize,8,45,0
cudaMemcpyAsync,2359332,283,0
cudaStreamSynchronize,8,85,0
cudaMemcpyAsync,8228,44,0
cudaStreamSynchronize,8,47,0
cudaMemcpyAsync,6488100,723,0
cudaStreamSynchronize,8,240,0
cudaMemcpyAsync,9461796,1047,0
cudaStreamSynchronize,8,350,0
cudaMemcpyAsync,6488100,722,0
cudaStreamSynchronize,8,240,0
cudaMemcpyAsync,8228,43,0
cudaStreamSynchronize,8,46,0
cudaMemcpyAsync,2359332,281,0
cudaStreamSynchronize,8,86,0
cudaMemcpyAsync,294948,77,0
cudaStreamSynchronize,8,48,0
cudaMemcpyAsync,294948,66,0
cudaStreamSynchronize,8,47,0
cudaMemcpyAsync,2359332,280,0
cudaStreamSynchronize,8,86,0
cudaMemcpyAsync,8228,44,0
cudaStreamSynchronize,8,46,0
cudaMemcpyAsync,6488100,721,0
cudaStreamSynchronize,8,240,0
cudaMemcpyAsync,6488100,719,0
cudaStreamSynchronize,8,241,0
cudaMemcpyAsync,6488100,719,0
cudaStreamSynchronize,8,241,0
cudaMemcpyAsync,8228,45,0
cudaStreamSynchronize,8,49,0
cudaMemcpyAsync,2359332,284,0
cudaStreamSynchronize,8,86,0
cudaMemcpyAsync,294948,76,0
cudaStreamSynchronize,8,46,0
cudaMemcpyAsync,430116,77,0
cudaStreamSynchronize,8,46,0
cudaMemcpyAsync,2359332,281,0
cudaStreamSynchronize,8,86,0
cudaMemcpyAsync,8228,45,0
cudaStreamSynchronize,8,46,0
cudaMemcpyAsync,6488100,721,0
cudaStreamSynchronize,8,242,0
cudaMemcpyAsync,9461796,1047,0
cudaStreamSynchronize,8,350,0
cudaMemcpyAsync,6488100,720,0
cudaStreamSynchronize,8,240,0
cudaMemcpyAsync,8228,44,0
cudaStreamSynchronize,8,46,0
cudaMemcpyAsync,2359332,281,0
cudaStreamSynchronize,8,85,0
cudaMemcpyAsync,294948,77,0
cudaStreamSynchronize,8,48,0
cudaMemcpyAsync,294948,65,0
cudaStreamSynchronize,8,47,0
cudaMemcpyAsync,2359332,284,0
cudaStreamSynchronize,8,86,0
cudaMemcpyAsync,8228,44,0
cudaStreamSynchronize,8,46,0
cudaMemcpyAsync,6488100,723,0
cudaStreamSynchronize,8,238,0
cudaMemcpyAsync,6488100,723,0
cudaStreamSynchronize,8,240,0
cudaMemcpyAsync,6488100,723,0
cudaStreamSynchronize,8,240,0
cudaGetDeviceProperties,1044,1005,0
cudaGetDeviceProperties,1044,857,0
cudaMalloc,8,211,0
cudaMemset,20,62,0
cudaStreamSynchronize,8,52,0
cudaGetDeviceProperties,1044,1051,0
cudaStreamCreateWithFlags,4,100,0
cudaStreamSynchronize,8,52,0
cudaMalloc,8,134,0
cudaStreamSynchronize,8,34,0
cudaStreamSynchronize,8,27,0
cudaGetDeviceProperties,1044,890,0
cudaGetDeviceProperties,1044,850,0
cudaStreamSynchronize,8,36,0
cudaStreamSynchronize,8,46,0
cudaMemcpyAsync,65572,56,0
cudaStreamSynchronize,8,48,0
cudaStreamSynchronize,8,45,0
cudaMemcpyAsync,68,45,0
cudaStreamSynchronize,8,46,0
cudaStreamSynchronize,8,45,0
cudaMemcpyAsync,100,44,0
cudaStreamSynchronize,8,46,0
cudaStreamSynchronize,8,45,0
cudaMemcpyAsync,100,44,0
cudaStreamSynchronize,8,48,0
cudaStreamSynchronize,8,43,0
cudaMemcpyAsync,4132,45,0
cudaStreamSynchronize,8,47,0
cudaStreamSynchronize,8,47,0
cudaMemcpyAsync,40,43,0
cudaStreamSynchronize,8,47,0
cudaFuncGetAttributes,160,585,0
cudaLaunchKernel,272,94,0
cuMemCreate,48,94,0
cuMemAddressReserve,32,68,0
cuMemMap,40,59,0
cuMemRelease,8,47,0
cuMemSetAccess,44,120,0
cudaFuncGetAttributes,160,4958,4000
cudaLaunchKernel,128,70,0
cudaFuncGetAttributes,160,6309,6000
cudaLaunchKernel,216,62,0
cudaLaunchKernel,164,890,0
cudaLaunchKernel,128,62,0
cudaFuncGetAttributes,160,78,0
cudaLaunchKernel,216,50,0
cudaLaunchKernel,128,45,0
cudaLaunchKernel,216,48,0
cudaLaunchKernel,164,58,0
cudaFuncGetAttributes,160,570,0
cudaLaunchKernel,252,67,0
cudaFuncSetAttribute,16,1644,1000
cudaOccupancyMaxActiveBlocksPerMultiprocessorWithFlags,36,72,0
cudaFuncGetAttributes,160,44,0
cudaLaunchKernel,264,53,0
cudaFuncGetAttributes,160,67,0
cudaLaunchKernel,132,51,0
cudaLaunchKernel,128,61,0
cudaLaunchKernel,216,49,0
cudaFuncGetAttributes,160,3189,3000
cudaLaunchKernel,208,71,0
cudaLaunchKernel,272,58,0
cudaLaunchKernel,128,46,0
cudaLaunchKernel,216,47,0
cudaLaunchKernel,128,46,0
cudaLaunchKernel,216,45,0
cudaFuncGetAttributes,160,1280,1000
cudaLaunchKernel,112,65,0
cudaLaunchKernel,128,56,0
cudaLaunchKernel,216,46,0
cudaLaunchKernel,208,46,0
cudaLaunchKernel,272,49,0
cudaLaunchKernel,128,46,0
cudaLaunchKernel,216,46,0
cudaLaunchKernel,164,46,0
cudaLaunchKernel,128,46,0
cudaLaunchKernel,216,48,0
cudaLaunchKernel,128,46,0
cudaLaunchKernel,216,47,0
cudaLaunchKernel,164,46,0
cudaLaunchKernel,252,47,0
cudaOccupancyMaxActiveBlocksPerMultiprocessorWithFlags,36,44,0
cudaLaunchKernel,264,47,0
cudaLaunchKernel,132,48,0
cudaLaunchKernel,128,47,0
cudaLaunchKernel,216,46,0
cudaLaunchKernel,208,47,0
cudaLaunchKernel,272,45,0
cudaLaunchKernel,128,44,0
cudaLaunchKernel,216,45,0
cudaLaunchKernel,128,50,0
cudaLaunchKernel,216,46,0
cudaLaunchKernel,112,44,0
cudaLaunchKernel,128,45,0
cudaLaunchKernel,216,46,0
cudaLaunchKernel,208,45,0
cudaLaunchKernel,272,47,0
cudaLaunchKernel,128,45,0
cudaLaunchKernel,216,44,0
cudaLaunchKernel,164,45,0
cudaLaunchKernel,128,48,0
cudaLaunchKernel,216,46,0
cudaLaunchKernel,128,45,0
cudaLaunchKernel,216,46,0
cudaLaunchKernel,164,44,0
cudaLaunchKernel,252,52,0
cudaOccupancyMaxActiveBlocksPerMultiprocessorWithFlags,36,44,0
cudaLaunchKernel,264,46,0
cudaLaunchKernel,132,48,0
cudaLaunchKernel,128,46,0
cudaLaunchKernel,216,46,0
cudaLaunchKernel,208,44,0
cudaLaunchKernel,272,47,0
cudaLaunchKernel,128,44,0
cudaLaunchKernel,216,46,0
cudaLaunchKernel,128,46,0
cudaLaunchKernel,216,44,0
cudaLaunchKernel,112,45,0
cudaLaunchKernel,128,45,0
cudaLaunchKernel,216,50,0
cudaLaunchKernel,208,46,0
cudaLaunchKernel,272,44,0
cudaLaunchKernel,128,46,0
cudaLaunchKernel,216,45,0
cudaLaunchKernel,164,46,0
cudaLaunchKernel,128,44,0
cudaLaunchKernel,216,45,0
cudaLaunchKernel,128,44,0
cudaLaunchKernel,216,45,0
cudaLaunchKernel,164,49,0
cudaLaunchKernel,252,46,0
cudaOccupancyMaxActiveBlocksPerMultiprocessorWithFlags,36,42,0
cudaLaunchKernel,264,47,0
cudaLaunchKernel,132,46,0
cudaLaunchKernel,128,45,0
cudaLaunchKernel,216,46,0
cudaLaunchKernel,208,44,0
cudaLaunchKernel,272,46,0
cudaLaunchKernel,128,47,0
cudaLaunchKernel,216,46,0
cudaLaunchKernel,128,44,0
cudaLaunchKernel,216,46,0
cudaLaunchKernel,112,45,0
cudaLaunchKernel,128,45,0
cudaLaunchKernel,216,46,0
cudaLaunchKernel,208,45,0
cudaLaunchKernel,272,45,0
cudaLaunchKernel,128,46,0
cudaLaunchKernel,216,49,0
cudaLaunchKernel,164,46,0
cudaLaunchKernel,128,45,0
cudaLaunchKernel,216,46,0
cudaLaunchKernel,128,45,0
cudaLaunchKernel,216,45,0
cudaLaunchKernel,164,45,0
cudaLaunchKernel,252,44,0
cudaOccupancyMaxActiveBlocksPerMultiprocessorWithFlags,36,44,0
cudaLaunchKernel,264,46,0
cudaLaunchKernel,132,47,0
cudaLaunchKernel,128,45,0
cudaLaunchKernel,216,46,0
cudaLaunchKernel,208,47,0
cudaLaunchKernel,272,46,0
cudaLaunchKernel,128,44,0
cudaLaunchKernel,216,46,0
cudaLaunchKernel,128,45,0
cudaLaunchKernel,216,46,0
cudaLaunchKernel,112,49,0
cudaLaunchKernel,128,47,0
cudaLaunchKernel,216,46,0
cudaLaunchKernel,208,46,0
cudaLaunchKernel,272,45,0
cudaLaunchKernel,128,47,0
cudaLaunchKernel,216,45,0
cudaLaunchKernel,164,52,0
cudaLaunchKernel,128,46,0
cudaLaunchKernel,216,44,0
cudaLaunchKernel,128,49,0
cudaLaunchKernel,216,46,0
cudaLaunchKernel,164,45,0
cudaLaunchKernel,252,46,0
cudaOccupancyMaxActiveBlocksPerMultiprocessorWithFlags,36,43,0
cudaLaunchKernel,264,46,0
cudaLaunchKernel,132,47,0
cudaLaunchKernel,128,46,0
cudaLaunchKernel,216,45,0
cudaLaunchKernel,208,45,0
cudaLaunchKernel,272,47,0
cudaLaunchKernel,128,45,0
cudaLaunchKernel,216,45,0
cudaLaunchKernel,128,46,0
cudaLaunchKernel,216,47,0
cudaLaunchKernel,112,46,0
cudaLaunchKernel,128,45,0
cudaLaunchKernel,216,45,0
cudaLaunchKernel,208,45,0
cudaLaunchKernel,272,46,0
cudaLaunchKernel,128,46,0
cudaLaunchKernel,216,45,0
cudaLaunchKernel,164,45,0
cudaLaunchKernel,128,45,0
cudaLaunchKernel,216,46,0
cudaLaunchKernel,128,46,0
cudaLaunchKernel,216,45,0
cudaLaunchKernel,164,48,0
cudaLaunchKernel,252,46,0
cudaOccupancyMaxActiveBlocksPerMultiprocessorWithFlags,36,47,0
cudaLaunchKernel,264,49,0
cudaLaunchKernel,132,48,0
cudaLaunchKernel,128,46,0
cudaLaunchKernel,216,45,0
cudaLaunchKernel,208,45,0
cudaLaunchKernel,272,46,0
cudaLaunchKernel,128,44,0
cudaLaunchKernel,216,46,0
cudaLaunchKernel,128,46,0
cudaLaunchKernel,216,49,0
cudaLaunchKernel,112,45,0
cudaLaunchKernel,128,44,0
cudaLaunchKernel,216,47,0
cudaLaunchKernel,208,45,0
cudaLaunchKernel,272,45,0
cudaLaunchKernel,128,45,0
cudaLaunchKernel,216,46,0
cudaLaunchKernel,164,46,0
cudaLaunchKernel,128,47,0
cudaLaunchKernel,216,46,0
cudaLaunchKernel,128,46,0
cudaLaunchKernel,216,48,0
cudaLaunchKernel,164,45,0
cudaLaunchKernel,252,46,0
cudaOccupancyMaxActiveBlocksPerMultiprocessorWithFlags,36,43,0
cudaLaunchKernel,264,46,0
cudaLaunchKernel,132,47,0
cudaLaunchKernel,128,44,0
cudaLaunchKernel,216,51,0
cudaLaunchKernel,208,46,0
cudaLaunchKernel,272,46,0
cudaLaunchKernel,128,44,0
cudaLaunchKernel,216,46,0
cudaLaunchKernel,128,45,0
cudaLaunchKernel,216,48,0
cudaLaunchKernel,112,51,0
cudaLaunchKernel,128,45,0
cudaLaunchKernel,216,46,0
cudaLaunchKernel,208,49,0
cudaLaunchKernel,272,45,0
cudaLaunchKernel,128,45,0
cudaLaunchKernel,216,46,0
cudaLaunchKernel,164,45,0
cudaLaunchKernel,128,45,0
cudaLaunchKernel,216,45,0
cudaLaunchKernel,128,46,0
cudaLaunchKernel,216,45,0
cudaLaunchKernel,164,50,0
cudaLaunchKernel,252,45,0
cudaOccupancyMaxActiveBlocksPerMultiprocessorWithFlags,36,43,0
cudaLaunchKernel,264,46,0
cudaLaunchKernel,132,46,0
cudaLaunchKernel,128,45,0
cudaLaunchKernel,216,47,0
cudaLaunchKernel,208,45,0
cudaLaunchKernel,272,44,0
cudaLaunchKernel,128,46,0
cudaLaunchKernel,216,50,0
cudaLaunchKernel,128,44,0
cudaLaunchKernel,216,44,0
cudaLaunchKernel,112,45,0
cudaLaunchKernel,128,45,0
cudaLaunchKernel,216,45,0
cudaLaunchKernel,208,46,0
cudaLaunchKernel,272,47,0
cudaLaunchKernel,128,45,0
cudaLaunchKernel,216,48,0
cudaLaunchKernel,164,45,0
cudaLaunchKernel,128,47,0
cudaLaunchKernel,216,46,0
cudaLaunchKernel,128,46,0
cudaLaunchKernel,216,45,0
cudaLaunchKernel,164,45,0
cudaLaunchKernel,252,45,0
cudaOccupancyMaxActiveBlocksPerMultiprocessorWithFlags,36,42,0
cudaLaunchKernel,264,44,0
cudaLaunchKernel,132,47,0
cudaLaunchKernel,128,45,0
cudaLaunchKernel,216,46,0
cudaLaunchKernel,208,45,0
cudaLaunchKernel,272,46,0
cudaLaunchKernel,128,46,0
cudaLaunchKernel,216,45,0
cudaLaunchKernel,128,45,0
cudaLaunchKernel,216,46,0
cudaLaunchKernel,112,45,0
cudaLaunchKernel,128,47,0
cudaLaunchKernel,216,46,0
cudaLaunchKernel,208,45,0
cudaLaunchKernel,272,45,0
cudaLaunchKernel,128,45,0
cudaLaunchKernel,216,46,0
cudaLaunchKernel,164,45,0
cudaLaunchKernel,128,46,0
cudaLaunchKernel,216,45,0
cudaLaunchKernel,128,47,0
cudaLaunchKernel,216,47,0
cudaLaunchKernel,164,46,0
cudaLaunchKernel,252,44,0
cudaOccupancyMaxActiveBlocksPerMultiprocessorWithFlags,36,44,0
cudaLaunchKernel,264,44,0
cudaLaunchKernel,132,47,0
cudaLaunchKernel,128,45,0
cudaLaunchKernel,216,50,0
cudaLaunchKernel,208,47,0
cudaLaunchKernel,272,50,0
cudaLaunchKernel,128,46,0
cudaLaunchKernel,216,45,0
cudaLaunchKernel,128,46,0
cudaLaunchKernel,216,47,0
cudaLaunchKernel,112,45,0
cudaLaunchKernel,128,45,0
cudaLaunchKernel,216,46,0
cudaLaunchKernel,208,45,0
cudaLaunchKernel,272,43,0
cudaLaunchKernel,128,48,0
cudaLaunchKernel,216,45,0
cudaLaunchKernel,164,46,0
cudaLaunchKernel,128,45,0
cudaLaunchKernel,216,47,0
cudaLaunchKernel,128,46,0
cudaLaunchKernel,216,44,0
cudaLaunchKernel,164,44,0
cudaLaunchKernel,252,44,0
cudaOccupancyMaxActiveBlocksPerMultiprocessorWithFlags,36,43,0
cudaLaunchKernel,264,47,0
cudaLaunchKernel,132,46,0
cudaLaunchKernel,128,43,0
cudaLaunchKernel,216,46,0
cudaLaunchKernel,208,46,0
cudaLaunchKernel,272,46,0
cudaLaunchKernel,128,46,0
cudaLaunchKernel,216,45,0
cudaLaunchKernel,128,44,0
cudaLaunchKernel,216,51,0
cudaLaunchKernel,112,45,0
cudaLaunchKernel,128,44,0
cudaLaunchKernel,216,45,0
cudaLaunchKernel,208,44,0
cudaLaunchKernel,272,46,0
cudaLaunchKernel,128,45,0
cudaLaunchKernel,216,46,0
cudaLaunchKernel,164,45,0
cudaLaunchKernel,128,45,0
cudaLaunchKernel,216,48,0
cudaLaunchKernel,128,46,0
cudaLaunchKernel,216,45,0
cudaLaunchKernel,164,45,0
cudaLaunchKernel,252,44,0
cudaOccupancyMaxActiveBlocksPerMultiprocessorWithFlags,36,43,0
cudaLaunchKernel,264,46,0
cudaLaunchKernel,132,47,0
cudaLaunchKernel,128,45,0
cudaLaunchKernel,216,49,0
cudaLaunchKernel,208,47,0
cudaLaunchKernel,272,45,0
cudaLaunchKernel,128,45,0
cudaLaunchKernel,216,47,0
cudaLaunchKernel,128,45,0
cudaLaunchKernel,216,46,0
cudaLaunchKernel,112,45,0
cudaLaunchKernel,128,46,0
cudaLaunchKernel,216,46,0
cudaLaunchKernel,208,49,0
cudaLaunchKernel,272,44,0
cudaLaunchKernel,128,47,0
cudaLaunchKernel,216,44,0
cudaLaunchKernel,164,45,0
cudaLaunchKernel,128,47,0
cudaLaunchKernel,216,45,0
cudaLaunchKernel,128,45,0
cudaLaunchKernel,216,45,0
cudaLaunchKernel,164,52,0
cudaLaunchKernel,252,49,0
cudaOccupancyMaxActiveBlocksPerMultiprocessorWithFlags,36,43,0
cudaLaunchKernel,264,46,0
cudaLaunchKernel,132,47,0
cudaLaunchKernel,128,47,0
cudaLaunchKernel,216,45,0
cudaLaunchKernel,208,46,0
cudaLaunchKernel,272,45,0
cudaLaunchKernel,128,45,0
cudaLaunchKernel,216,48,0
cudaLaunchKernel,128,45,0
cudaLaunchKernel,216,46,0
cudaLaunchKernel,112,46,0
cudaLaunchKernel,128,44,0
cudaLaunchKernel,216,46,0
cudaLaunchKernel,208,46,0
cudaLaunchKernel,272,47,0
cudaLaunchKernel,128,45,0
cudaLaunchKernel,216,45,0
cudaLaunchKernel,164,50,0
cudaLaunchKernel,128,48,0
cudaLaunchKernel,216,46,0
cudaLaunchKernel,128,45,0
cudaLaunchKernel,216,45,0
cudaLaunchKernel,164,45,0
cudaLaunchKernel,252,45,0
cudaOccupancyMaxActiveBlocksPerMultiprocessorWithFlags,36,43,0
cudaLaunchKernel,264,46,0
cudaLaunchKernel,132,48,0
cudaLaunchKernel,128,47,0
cudaLaunchKernel,216,46,0
cudaLaunchKernel,208,45,0
cudaLaunchKernel,272,45,0
cudaLaunchKernel,128,45,0
cudaLaunchKernel,216,45,0
cudaLaunchKernel,128,46,0
cudaLaunchKernel,216,45,0
cudaLaunchKernel,112,46,0
cudaLaunchKernel,128,48,0
cudaLaunchKernel,216,46,0
cudaLaunchKernel,208,46,0
cudaLaunchKernel,272,45,0
cudaLaunchKernel,128,45,0
cudaLaunchKernel,216,47,0
cudaLaunchKernel,164,45,0
cudaLaunchKernel,128,44,0
cudaLaunchKernel,216,45,0
cudaLaunchKernel,128,45,0
cudaLaunchKernel,216,48,0
cudaLaunchKernel,164,46,0
cudaLaunchKernel,252,46,0
cudaOccupancyMaxActiveBlocksPerMultiprocessorWithFlags,36,43,0
cudaLaunchKernel,264,46,0
cudaLaunchKernel,132,43,0
cudaLaunchKernel,128,45,0
cudaLaunchKernel,216,46,0
cudaLaunchKernel,208,45,0
cudaLaunchKernel,272,45,0
cudaLaunchKernel,128,47,0
cudaLaunchKernel,216,45,0
cudaLaunchKernel,128,47,0
cudaLaunchKernel,216,45,0
cudaLaunchKernel,112,44,0
cudaLaunchKernel,128,45,0
cudaLaunchKernel,216,47,0
cudaLaunchKernel,208,42,0
cudaLaunchKernel,272,45,0
cudaLaunchKernel,128,56,0
cudaLaunchKernel,216,47,0
cudaLaunchKernel,164,46,0
cudaLaunchKernel,128,45,0
cudaLaunchKernel,216,45,0
cudaLaunchKernel,128,45,0
cudaLaunchKernel,216,46,0
cudaLaunchKernel,164,45,0
cudaLaunchKernel,252,46,0
cudaOccupancyMaxActiveBlocksPerMultiprocessorWithFlags,36,44,0
cudaLaunchKernel,264,48,0
cudaLaunchKernel,132,46,0
cudaLaunchKernel,128,46,0
cudaLaunchKernel,216,46,0
cudaLaunchKernel,208,45,0
cudaLaunchKernel,272,45,0
cudaLaunchKernel,128,45,0
cudaLaunchKernel,216,46,0
cudaLaunchKernel,128,46,0
cudaLaunchKernel,216,46,0
cudaLaunchKernel,112,48,0
cudaLaunchKernel,128,47,0
cudaLaunchKernel,216,45,0
cudaLaunchKernel,208,45,0
cudaLaunchKernel,272,45,0
cudaLaunchKernel,128,46,0
cudaLaunchKernel,216,45,0
cudaLaunchKernel,164,46,0
cudaLaunchKernel,128,46,0
cudaLaunchKernel,216,52,0
cudaLaunchKernel,128,45,0
cudaLaunchKernel,216,46,0
cudaLaunchKernel,164,45,0
cudaLaunchKernel,252,46,0
cudaOccupancyMaxActiveBlocksPerMultiprocessorWithFlags,36,43,0
cudaLaunchKernel,264,46,0
cudaLaunchKernel,132,47,0
cudaLaunchKernel,128,45,0
cudaLaunchKernel,216,47,0
cudaLaunchKernel,208,49,0
cudaLaunchKernel,272,45,0
cudaLaunchKernel,128,46,0
cudaLaunchKernel,216,46,0
cudaLaunchKernel,128,44,0
cudaLaunchKernel,216,46,0
cudaLaunchKernel,112,47,0
cudaLaunchKernel,128,44,0
cudaLaunchKernel,216,47,0
cudaLaunchKernel,208,47,0
cudaLaunchKernel,272,46,0
cudaLaunchKernel,128,45,0
cudaLaunchKernel,216,45,0
cudaLaunchKernel,164,44,0
cudaLaunchKernel,128,47,0
cudaLaunchKernel,216,45,0
cudaLaunchKernel,128,44,0
cudaLaunchKernel,216,46,0
cudaLaunchKernel,164,46,0
cudaLaunchKernel,252,48,0
cudaOccupancyMaxActiveBlocksPerMultiprocessorWithFlags,36,44,0
cudaLaunchKernel,264,47,0
cudaLaunchKernel,132,46,0
cudaLaunchKernel,128,44,0
cudaLaunchKernel,216,46,0
cudaLaunchKernel,208,45,0
cudaLaunchKernel,272,45,0
cudaLaunchKernel,128,45,0
cudaLaunchKernel,216,45,0
cudaLaunchKernel,128,54,0
cudaLaunchKernel,216,47,0
cudaLaunchKernel,112,46,0
cudaLaunchKernel,128,45,0
cudaLaunchKernel,216,46,0
cudaLaunchKernel,208,45,0
cudaLaunchKernel,272,45,0
cudaLaunchKernel,128,45,0
cudaLaunchKernel,216,46,0
cudaLaunchKernel,164,48,0
cudaLaunchKernel,128,45,0
cudaLaunchKernel,216,46,0
cudaLaunchKernel,128,45,0
cudaLaunchKernel,216,46,0
cudaLaunchKernel,164,44,0
cudaLaunchKernel,252,45,0
cudaOccupancyMaxActiveBlocksPerMultiprocessorWithFlags,36,43,0
cudaLaunchKernel,264,46,0
cudaLaunchKernel,132,45,0
cudaLaunchKernel,128,47,0
cudaLaunchKernel,216,47,0
cudaLaunchKernel,208,44,0
cudaLaunchKernel,272,45,0
cudaLaunchKernel,128,45,0
cudaLaunchKernel,216,46,0
cudaLaunchKernel,128,47,0
cudaLaunchKernel,216,47,0
cudaLaunchKernel,112,45,0
cudaLaunchKernel,128,45,0
cudaLaunchKernel,216,48,0
cudaLaunchKernel,208,45,0
cudaLaunchKernel,272,46,0
cudaLaunchKernel,128,45,0
cudaLaunchKernel,216,45,0
cudaLaunchKernel,164,46,0
cudaLaunchKernel,128,45,0
cudaLaunchKernel,216,45,0
cudaLaunchKernel,128,46,0
cudaLaunchKernel,216,48,0
cudaLaunchKernel,164,46,0
cudaLaunchKernel,252,46,0
cudaOccupancyMaxActiveBlocksPerMultiprocessorWithFlags,36,43,0
cudaLaunchKernel,264,45,0
cudaLaunchKernel,132,46,0
cudaLaunchKernel,128,45,0
cudaLaunchKernel,216,45,0
cudaLaunchKernel,208,42,0
cudaLaunchKernel,272,44,0
cudaLaunchKernel,128,51,0
cudaLaunchKernel,216,47,0
cudaLaunchKernel,128,45,0
cudaLaunchKernel,216,45,0
cudaLaunchKernel,112,47,0
cudaLaunchKernel,128,45,0
cudaLaunchKernel,216,46,0
cudaLaunchKernel,208,44,0
cudaLaunchKernel,272,45,0
cudaLaunchKernel,128,44,0
cudaLaunchKernel,216,49,0
cudaLaunchKernel,164,44,0
cudaLaunchKernel,128,44,0
cudaLaunchKernel,216,46,0
cudaLaunchKernel,128,44,0
cudaLaunchKernel,216,46,0
cudaLaunchKernel,164,44,0
cudaLaunchKernel,252,44,0
cudaOccupancyMaxActiveBlocksPerMultiprocessorWithFlags,36,42,0
cudaLaunchKernel,264,46,0
cudaLaunchKernel,132,46,0
cudaLaunchKernel,128,50,0
cudaLaunchKernel,216,45,0
cudaFuncGetAttributes,160,927,0
cudaLaunchKernel,184,63,0
cudaLaunchKernel,184,56,0
cudaLaunchKernel,208,46,0
cudaLaunchKernel,272,45,0
cudaLaunchKernel,128,45,0
cudaFuncGetAttributes,160,75,0
cudaLaunchKernel,216,54,0
cudaLaunchKernel,128,47,0
cudaLaunchKernel,216,46,0
cudaLaunchKernel,272,45,0
cudaLaunchKernel,128,46,0
cudaFuncGetAttributes,160,68,0
cudaLaunchKernel,216,51,0
cudaMemcpyAsync,37,40528,0
cudaStreamSynchronize,8,65,0
cudaStreamSynchronize,8,27,0
cudaStreamSynchronize,8,51,0
cudaMemcpyAsync,65572,61,0
cudaStreamSynchronize,8,48,0
cudaStreamSynchronize,8,46,0
cudaMemcpyAsync,68,47,0
cudaStreamSynchronize,8,47,0
cudaStreamSynchronize,8,45,0
cudaMemcpyAsync,100,44,0
cudaStreamSynchronize,8,47,0
cudaStreamSynchronize,8,48,0
cudaMemcpyAsync,100,44,0
cudaStreamSynchronize,8,46,0
cudaStreamSynchronize,8,48,0
cudaMemcpyAsync,4132,45,0
cudaStreamSynchronize,8,47,0
cudaStreamSynchronize,8,45,0
cudaMemcpyAsync,40,45,0
cudaStreamSynchronize,8,46,0
cudaLaunchKernel,272,56,0
cudaLaunchKernel,128,46,0
cudaLaunchKernel,216,48,0
cudaLaunchKernel,164,39,0
cudaLaunchKernel,128,47,0
cudaLaunchKernel,216,56,0
cudaLaunchKernel,128,46,0
cudaLaunchKernel,216,51,0
cudaLaunchKernel,164,46,0
cudaLaunchKernel,252,48,0
cudaOccupancyMaxActiveBlocksPerMultiprocessorWithFlags,36,46,0
cudaLaunchKernel,264,49,0
cudaLaunchKernel,132,49,0
cudaLaunchKernel,128,46,0
cudaLaunchKernel,216,47,0
cudaLaunchKernel,208,47,0
cudaLaunchKernel,272,47,0
cudaLaunchKernel,128,46,0
cudaLaunchKernel,216,47,0
cudaLaunchKernel,128,45,0
cudaLaunchKernel,216,46,0
cudaLaunchKernel,112,49,0
cudaLaunchKernel,128,46,0
cudaLaunchKernel,216,47,0
cudaLaunchKernel,208,47,0
cudaLaunchKernel,272,46,0
cudaLaunchKernel,128,49,0
cudaLaunchKernel,216,47,0
cudaLaunchKernel,164,46,0
cudaLaunchKernel,128,45,0
cudaLaunchKernel,216,45,0
cudaLaunchKernel,128,44,0
cudaLaunchKernel,216,45,0
cudaLaunchKernel,164,47,0
cudaLaunchKernel,252,45,0
cudaOccupancyMaxActiveBlocksPerMultiprocessorWithFlags,36,44,0
cudaLaunchKernel,264,50,0
cudaLaunchKernel,132,47,0
cudaLaunchKernel,128,45,0
cudaLaunchKernel,216,46,0
cudaLaunchKernel,208,45,0
cudaLaunchKernel,272,47,0
cudaLaunchKernel,128,45,0
cudaLaunchKernel,216,46,0
cudaLaunchKernel,128,47,0
cudaLaunchKernel,216,46,0
cudaLaunchKernel,112,48,0
cudaLaunchKernel,128,45,0
cudaLaunchKernel,216,46,0
cudaLaunchKernel,208,46,0
cudaLaunchKernel,272,46,0
cudaLaunchKernel,128,46,0
cudaLaunchKernel,216,45,0
cudaLaunchKernel,164,45,0
cudaLaunchKernel,128,45,0
cudaLaunchKernel,216,51,0
cudaLaunchKernel,128,46,0
cudaLaunchKernel,216,46,0
cudaLaunchKernel,164,46,0
cudaLaunchKernel,252,46,0
cudaOccupancyMaxActiveBlocksPerMultiprocessorWithFlags,36,44,0
cudaLaunchKernel,264,46,0
cudaLaunchKernel,132,46,0
cudaLaunchKernel,128,46,0
cudaLaunchKernel,216,45,0
cudaLaunchKernel,208,51,0
cudaLaunchKernel,272,46,0
cudaLaunchKernel,128,45,0
cudaLaunchKernel,216,38,0
cudaLaunchKernel,128,46,0
cudaLaunchKernel,216,42,0
cudaLaunchKernel,112,46,0
cudaLaunchKernel,128,51,0
cudaLaunchKernel,216,47,0
cudaLaunchKernel,208,48,0
cudaLaunchKernel,272,46,0
cudaLaunchKernel,128,46,0
cudaLaunchKernel,216,46,0
cudaLaunchKernel,164,45,0
cudaLaunchKernel,128,46,0
cudaLaunchKernel,216,45,0
cudaLaunchKernel,128,45,0
cudaLaunchKernel,216,46,0
cudaLaunchKernel,164,47,0
cudaLaunchKernel,252,50,0
cudaOccupancyMaxActiveBlocksPerMultiprocessorWithFlags,36,44,0
cudaLaunchKernel,264,46,0
cudaLaunchKernel,132,47,0
cudaLaunchKernel,128,45,0
cudaLaunchKernel,216,46,0
cudaLaunchKernel,208,46,0
cudaLaunchKernel,272,45,0
cudaLaunchKernel,128,45,0
cudaLaunchKernel,216,46,0
cudaLaunchKernel,128,48,0
cudaLaunchKernel,216,46,0
cudaLaunchKernel,112,45,0
cudaLaunchKernel,128,45,0
cudaLaunchKernel,216,45,0
cudaLaunchKernel,208,47,0
cudaLaunchKernel,272,45,0
cudaLaunchKernel,128,44,0
cudaLaunchKernel,216,46,0
cudaLaunchKernel,164,48,0
cudaLaunchKernel,128,45,0
cudaLaunchKernel,216,46,0
cudaLaunchKernel,128,45,0
cudaLaunchKernel,216,45,0
cudaLaunchKernel,164,45,0
cudaLaunchKernel,252,45,0
cudaOccupancyMaxActiveBlocksPerMultiprocessorWithFlags,36,43,0
cudaLaunchKernel,264,47,0
cudaLaunchKernel,132,46,0
cudaLaunchKernel,128,47,0
cudaLaunchKernel,216,47,0
cudaLaunchKernel,208,45,0
cudaLaunchKernel,272,45,0
cudaLaunchKernel,128,45,0
cudaLaunchKernel,216,45,0
cudaLaunchKernel,128,45,0
cudaLaunchKernel,216,46,0
cudaLaunchKernel,112,45,0
cudaLaunchKernel,128,46,0
cudaLaunchKernel,216,49,0
cudaLaunchKernel,208,45,0
cudaLaunchKernel,272,45,0
cudaLaunchKernel,128,46,0
cudaLaunchKernel,216,45,0
cudaLaunchKernel,164,46,0
cudaLaunchKernel,128,45,0
cudaLaunchKernel,216,45,0
cudaLaunchKernel,128,45,0
cudaLaunchKernel,216,48,0
cudaLaunchKernel,164,46,0
cudaLaunchKernel,252,45,0
cudaOccupancyMaxActiveBlocksPerMultiprocessorWithFlags,36,46,0
cudaLaunchKernel,264,46,0
cudaLaunchKernel,132,46,0
cudaLaunchKernel,128,45,0
cudaLaunchKernel,216,46,0
cudaLaunchKernel,208,53,0
cudaLaunchKernel,272,46,0
cudaLaunchKernel,128,50,0
cudaLaunchKernel,216,46,0
cudaLaunchKernel,128,45,0
cudaLaunchKernel,216,46,0
cudaLaunchKernel,112,46,0
cudaLaunchKernel,128,46,0
cudaLaunchKernel,216,46,0
cudaLaunchKernel,208,45,0
cudaLaunchKernel,272,46,0
cudaLaunchKernel,128,46,0
cudaLaunchKernel,216,52,0
cudaLaunchKernel,164,47,0
cudaLaunchKernel,128,47,0
cudaLaunchKernel,216,46,0
cudaLaunchKernel,128,46,0
cudaLaunchKernel,216,45,0
cudaLaunchKernel,164,46,0
cudaLaunchKernel,252,46,0
cudaOccupancyMaxActiveBlocksPerMultiprocessorWithFlags,36,42,0
cudaLaunchKernel,264,49,0
cudaLaunchKernel,132,46,0
cudaLaunchKernel,128,44,0
cudaLaunchKernel,216,46,0
cudaLaunchKernel,208,44,0
cudaLaunchKernel,272,45,0
cudaLaunchKernel,128,44,0
cudaLaunchKernel,216,46,0
cudaLaunchKernel,128,47,0
cudaLaunchKernel,216,46,0
cudaLaunchKernel,112,51,0
cudaLaunchKernel,128,45,0
cudaLaunchKernel,216,46,0
cudaLaunchKernel,208,46,0
cudaLaunchKernel,272,47,0
cudaLaunchKernel,128,44,0
cudaLaunchKernel,216,47,0
cudaLaunchKernel,164,45,0
cudaLaunchKernel,128,45,0
cudaLaunchKernel,216,45,0
cudaLaunchKernel,128,48,0
cudaLaunchKernel,216,46,0
cudaLaunchKernel,164,47,0
cudaLaunchKernel,252,45,0
cudaOccupancyMaxActiveBlocksPerMultiprocessorWithFlags,36,43,0
cudaLaunchKernel,264,47,0
cudaLaunchKernel,132,46,0
cudaLaunchKernel,128,44,0
cudaLaunchKernel,216,45,0
cudaLaunchKernel,208,47,0
cudaLaunchKernel,272,44,0
cudaLaunchKernel,128,44,0
cudaLaunchKernel,216,46,0
cudaLaunchKernel,128,45,0
cudaLaunchKernel,216,48,0
cudaLaunchKernel,112,44,0
cudaLaunchKernel,128,45,0
cudaLaunchKernel,216,46,0
cudaLaunchKernel,208,46,0
cudaLaunchKernel,272,49,0
cudaLaunchKernel,128,46,0
cudaLaunchKernel,216,46,0
cudaLaunchKernel,164,47,0
cudaLaunchKernel,128,44,0
cudaLaunchKernel,216,46,0
cudaLaunchKernel,128,46,0
cudaLaunchKernel,216,46,0
cudaLaunchKernel,164,58,0
cudaLaunchKernel,252,47,0
cudaOccupancyMaxActiveBlocksPerMultiprocessorWithFlags,36,45,0
cudaLaunchKernel,264,46,0
cudaLaunchKernel,132,46,0
cudaLaunchKernel,128,44,0
cudaLaunchKernel,216,47,0
cudaLaunchKernel,208,45,0
cudaLaunchKernel,272,45,0
cudaLaunchKernel,128,44,0
cudaLaunchKernel,216,46,0
cudaLaunchKernel,128,48,0
cudaLaunchKernel,216,45,0
cudaLaunchKernel,112,45,0
cudaLaunchKernel,128,45,0
cudaLaunchKernel,216,46,0
cudaLaunchKernel,208,45,0
cudaLaunchKernel,272,46,0
cudaLaunchKernel,128,46,0
cudaLaunchKernel,216,46,0
cudaLaunchKernel,164,47,0
cudaLaunchKernel,128,47,0
cudaLaunchKernel,216,46,0
cudaLaunchKernel,128,46,0
cudaLaunchKernel,216,47,0
cudaLaunchKernel,164,47,0
cudaLaunchKernel,252,45,0
cudaOccupancyMaxActiveBlocksPerMultiprocessorWithFlags,36,43,0
cudaLaunchKernel,264,47,0
cudaLaunchKernel,132,46,0
cudaLaunchKernel,128,45,0
cudaLaunchKernel,216,48,0
cudaLaunchKernel,208,45,0
cudaLaunchKernel,272,45,0
cudaLaunchKernel,128,45,0
cudaLaunchKernel,216,46,0
cudaLaunchKernel,128,46,0
cudaLaunchKernel,216,45,0
cudaLaunchKernel,112,46,0
cudaLaunchKernel,128,44,0
cudaLaunchKernel,216,49,0
cudaLaunchKernel,208,44,0
cudaLaunchKernel,272,45,0
cudaLaunchKernel,128,45,0
cudaLaunchKernel,216,45,0
cudaLaunchKernel,164,46,0
cudaLaunchKernel,128,46,0
cudaLaunchKernel,216,46,0
cudaLaunchKernel,128,44,0
cudaLaunchKernel,216,46,0
cudaLaunchKernel,164,48,0
cudaLaunchKernel,252,46,0
cudaOccupancyMaxActiveBlocksPerMultiprocessorWithFlags,36,43,0
cudaLaunchKernel,264,47,0
cudaLaunchKernel,132,46,0
cudaLaunchKernel,128,44,0
cudaLaunchKernel,216,47,0
cudaLaunchKernel,208,46,0
cudaLaunchKernel,272,45,0
cudaLaunchKernel,128,47,0
cudaLaunchKernel,216,45,0
cudaLaunchKernel,128,44,0
cudaLaunchKernel,216,46,0
cudaLaunchKernel,112,45,0
cudaLaunchKernel,128,44,0
cudaLaunchKernel,216,45,0
cudaLaunchKernel,208,46,0
cudaLaunchKernel,272,46,0
cudaLaunchKernel,128,50,0
cudaLaunchKernel,216,51,0
cudaLaunchKernel,164,46,0
cudaLaunchKernel,128,47,0
cudaLaunchKernel,216,46,0
cudaLaunchKernel,128,46,0
cudaLaunchKernel,216,46,0
cudaLaunchKernel,164,45,0
cudaLaunchKernel,252,45,0
cudaOccupancyMaxActiveBlocksPerMultiprocessorWithFlags,36,43,0
cudaLaunchKernel,264,45,0
cudaLaunchKernel,132,49,0
cudaLaunchKernel,128,45,0
cudaLaunchKernel,216,46,0
cudaLaunchKernel,208,45,0
cudaLaunchKernel,272,47,0
cudaLaunchKernel,128,45,0
cudaLaunchKernel,216,47,0
cudaLaunchKernel,128,46,0
cudaLaunchKernel,216,46,0
cudaLaunchKernel,112,47,0
cudaLaunchKernel,128,46,0
cudaLaunchKernel,216,46,0
cudaLaunchKernel,208,45,0
cudaLaunchKernel,272,44,0
cudaLaunchKernel,128,46,0
cudaLaunchKernel,216,46,0
cudaLaunchKernel,164,46,0
cudaLaunchKernel,128,44,0
cudaLaunchKernel,216,46,0
cudaLaunchKernel,128,51,0
cudaLaunchKernel,216,46,0
cudaLaunchKernel,164,44,0
cudaLaunchKernel,252,45,0
cudaOccupancyMaxActiveBlocksPerMultiprocessorWithFlags,36,43,0
cudaLaunchKernel,264,46,0
cudaLaunchKernel,132,46,0
cudaLaunchKernel,128,45,0
cudaLaunchKernel,216,45,0
cudaLaunchKernel,208,48,0
cudaLaunchKernel,272,47,0
cudaLaunchKernel,128,45,0
cudaLaunchKernel,216,46,0
cudaLaunchKernel,128,45,0
cudaLaunchKernel,216,46,0
cudaLaunchKernel,112,46,0
cudaLaunchKernel,128,45,0
cudaLaunchKernel,216,46,0
cudaLaunchKernel,208,45,0
cudaLaunchKernel,272,47,0
cudaLaunchKernel,128,46,0
cudaLaunchKernel,216,47,0
cudaLaunchKernel,164,45,0
cudaLaunchKernel,128,45,0
cudaLaunchKernel,216,46,0
cudaLaunchKernel,128,46,0
cudaLaunchKernel,216,45,0
cudaLaunchKernel,164,44,0
cudaLaunchKernel,252,45,0
cudaOccupancyMaxActiveBlocksPerMultiprocessorWithFlags,36,45,0
cudaLaunchKernel,264,48,0
cudaLaunchKernel,132,46,0
cudaLaunchKernel,128,45,0
cudaLaunchKernel,216,47,0
cudaLaunchKernel,208,45,0
cudaLaunchKernel,272,45,0
cudaLaunchKernel,128,47,0
cudaLaunchKernel,216,44,0
cudaLaunchKernel,128,47,0
cudaLaunchKernel,216,53,0
cudaLaunchKernel,112,46,0
cudaLaunchKernel,128,44,0
cudaLaunchKernel,216,45,0
cudaLaunchKernel,208,46,0
cudaLaunchKernel,272,45,0
cudaLaunchKernel,128,47,0
cudaLaunchKernel,216,46,0
cudaLaunchKernel,164,45,0
cudaLaunchKernel,128,50,0
cudaLaunchKernel,216,46,0
cudaLaunchKernel,128,44,0
cudaLaunchKernel,216,46,0
cudaLaunchKernel,164,47,0
cudaLaunchKernel,252,46,0
cudaOccupancyMaxActiveBlocksPerMultiprocessorWithFlags,36,43,0
cudaLaunchKernel,264,48,0
cudaLaunchKernel,132,48,0
cudaLaunchKernel,128,47,0
cudaLaunchKernel,216,48,0
cudaLaunchKernel,208,45,0
cudaLaunchKernel,272,45,0
cudaLaunchKernel,128,44,0
cudaLaunchKernel,216,46,0
cudaLaunchKernel,128,45,0
cudaLaunchKernel,216,45,0
cudaLaunchKernel,112,46,0
cudaLaunchKernel,128,45,0
cudaLaunchKernel,216,48,0
cudaLaunchKernel,208,49,0
cudaLaunchKernel,272,46,0
cudaLaunchKernel,128,45,0
cudaLaunchKernel,216,45,0
cudaLaunchKernel,164,47,0
cudaLaunchKernel,128,45,0
cudaLaunchKernel,216,45,0
cudaLaunchKernel,128,44,0
cudaLaunchKernel,216,46,0
cudaLaunchKernel,164,49,0
cudaLaunchKernel,252,45,0
cudaOccupancyMaxActiveBlocksPerMultiprocessorWithFlags,36,42,0
cudaLaunchKernel,264,46,0
cudaLaunchKernel,132,47,0
cudaLaunchKernel,128,44,0
cudaLaunchKernel,216,47,0
cudaLaunchKernel,208,45,0
cudaLaunchKernel,272,45,0
cudaLaunchKernel,128,45,0
cudaLaunchKernel,216,48,0
cudaLaunchKernel,128,46,0
cudaLaunchKernel,216,46,0
cudaLaunchKernel,112,45,0
cudaLaunchKernel,128,45,0
cudaLaunchKernel,216,46,0
cudaLaunchKernel,208,47,0
cudaLaunchKernel,272,46,0
cudaLaunchKernel,128,45,0
cudaLaunchKernel,216,49,0
cudaLaunchKernel,164,45,0
cudaLaunchKernel,128,45,0
cudaLaunchKernel,216,47,0
cudaLaunchKernel,128,46,0
cudaLaunchKernel,216,45,0
cudaLaunchKernel,164,46,0
cudaLaunchKernel,252,44,0
cudaOccupancyMaxActiveBlocksPerMultiprocessorWithFlags,36,43,0
cudaLaunchKernel,264,47,0
cudaLaunchKernel,132,50,0
cudaLaunchKernel,128,51,0
cudaLaunchKernel,216,37,0
cudaLaunchKernel,208,36,0
cudaLaunchKernel,272,36,0
cudaLaunchKernel,128,34,0
cudaLaunchKernel,216,36,0
cudaLaunchKernel,128,35,0
cudaLaunchKernel,216,36,0
cudaLaunchKernel,112,37,0
cudaLaunchKernel,128,35,0
cudaLaunchKernel,216,36,0
cudaLaunchKernel,208,36,0
cudaLaunchKernel,272,36,0
cudaLaunchKernel,128,34,0
cudaLaunchKernel,216,36,0
cudaLaunchKernel,164,34,0
cudaLaunchKernel,128,35,0
cudaLaunchKernel,216,33,0
cudaLaunchKernel,128,37,0
cudaLaunchKernel,216,35,0
cudaLaunchKernel,164,35,0
cudaLaunchKernel,252,36,0
cudaOccupancyMaxActiveBlocksPerMultiprocessorWithFlags,36,35,0
cudaLaunchKernel,264,36,0
cudaLaunchKernel,132,36,0
cudaLaunchKernel,128,34,0
cudaLaunchKernel,216,36,0
cudaLaunchKernel,208,35,0
cudaLaunchKernel,272,34,0
cudaLaunchKernel,128,34,0
cudaLaunchKernel,216,35,0
cudaLaunchKernel,128,34,0
cudaLaunchKernel,216,38,0
cudaLaunchKernel,112,35,0
cudaLaunchKernel,128,34,0
cudaLaunchKernel,216,34,0
cudaLaunchKernel,208,35,0
cudaLaunchKernel,272,36,0
cudaLaunchKernel,128,35,0
cudaLaunchKernel,216,34,0
cudaLaunchKernel,164,36,0
cudaLaunchKernel,128,35,0
cudaLaunchKernel,216,35,0
cudaLaunchKernel,128,35,0
cudaLaunchKernel,216,35,0
cudaLaunchKernel,164,35,0
cudaLaunchKernel,252,35,0
cudaOccupancyMaxActiveBlocksPerMultiprocessorWithFlags,36,34,0
cudaLaunchKernel,264,36,0
cudaLaunchKernel,132,35,0
cudaLaunchKernel,128,35,0
cudaLaunchKernel,216,35,0
cudaLaunchKernel,208,34,0
cudaLaunchKernel,272,36,0
cudaLaunchKernel,128,34,0
cudaLaunchKernel,216,36,0
cudaLaunchKernel,128,36,0
cudaLaunchKernel,216,37,0
cudaLaunchKernel,112,43,0
cudaLaunchKernel,128,43,0
cudaLaunchKernel,216,43,0
cudaLaunchKernel,208,52,0
cudaLaunchKernel,272,49,0
cudaLaunchKernel,128,42,0
cudaLaunchKernel,216,39,0
cudaLaunchKernel,164,35,0
cudaLaunchKernel,128,38,0
cudaLaunchKernel,216,45,0
cudaLaunchKernel,128,46,0
cudaLaunchKernel,216,48,0
cudaLaunchKernel,164,49,0
cudaLaunchKernel,252,46,0
cudaOccupancyMaxActiveBlocksPerMultiprocessorWithFlags,36,36,0
cudaLaunchKernel,264,38,0
cudaLaunchKernel,132,36,0
cudaLaunchKernel,128,35,0
cudaLaunchKernel,216,41,0
cudaLaunchKernel,208,46,0
cudaLaunchKernel,272,40,0
cudaLaunchKernel,128,51,0
cudaLaunchKernel,216,61,0
cudaLaunchKernel,128,50,0
cudaLaunchKernel,216,53,0
cudaLaunchKernel,112,44,0
cudaLaunchKernel,128,40,0
cudaLaunchKernel,216,47,0
cudaLaunchKernel,208,48,0
cudaLaunchKernel,272,52,0
cudaLaunchKernel,128,51,0
cudaLaunchKernel,216,50,0
cudaLaunchKernel,164,49,0
cudaLaunchKernel,128,50,0
cudaLaunchKernel,216,52,0
cudaLaunchKernel,128,51,0
cudaLaunchKernel,216,53,0
cudaLaunchKernel,164,52,0
cudaLaunchKernel,252,50,0
cudaOccupancyMaxActiveBlocksPerMultiprocessorWithFlags,36,44,0
cudaLaunchKernel,264,40,0
cudaLaunchKernel,132,52,0
cudaLaunchKernel,128,47,0
cudaLaunchKernel,216,39,0
cudaLaunchKernel,208,42,0
cudaLaunchKernel,272,38,0
cudaLaunchKernel,128,41,0
cudaLaunchKernel,216,53,0
cudaLaunchKernel,128,51,0
cudaLaunchKernel,216,51,0
cudaLaunchKernel,112,48,0
cudaLaunchKernel,128,38,0
cudaLaunchKernel,216,48,0
cudaLaunchKernel,208,43,0
cudaLaunchKernel,272,38,0
cudaLaunchKernel,128,36,0
cudaLaunchKernel,216,42,0
cudaLaunchKernel,164,49,0
cudaLaunchKernel,128,41,0
cudaLaunchKernel,216,48,0
cudaLaunchKernel,128,42,0
cudaLaunchKernel,216,46,0
cudaLaunchKernel,164,47,0
cudaLaunchKernel,252,45,0
cudaOccupancyMaxActiveBlocksPerMultiprocessorWithFlags,36,42,0
cudaLaunchKernel,264,44,0
cudaLaunchKernel,132,50,0
cudaLaunchKernel,128,45,0
cudaLaunchKernel,216,37,0
cudaLaunchKernel,184,36,0
cudaLaunchKernel,184,36,0
cudaLaunchKernel,208,37,0
cudaLaunchKernel,272,41,0
cudaLaunchKernel,128,46,0
cudaLaunchKernel,216,53,0
cudaLaunchKernel,128,43,0
cudaLaunchKernel,216,38,0
cudaLaunchKernel,272,51,0
cudaLaunchKernel,128,51,0
cudaLaunchKernel,216,51,0
cudaMemcpyAsync,37,126,0
cudaStreamSynchronize,8,40,0
cudaStreamSynchronize,8,28,0
cudaStreamSynchronize,8,48,0
cudaMemcpyAsync,65572,50,0
cudaStreamSynchronize,8,47,0
cudaStreamSynchronize,8,47,0
cudaMemcpyAsync,68,44,0
cudaStreamSynchronize,8,48,0
cudaStreamSynchronize,8,38,0
cudaMemcpyAsync,100,36,0
cudaStreamSynchronize,8,45,0
cudaStreamSynchronize,8,46,0
cudaMemcpyAsync,100,36,0
cudaStreamSynchronize,8,44,0
cudaStreamSynchronize,8,37,0
cudaMemcpyAsync,4132,36,0
cudaStreamSynchronize,8,37,0
cudaStreamSynchronize,8,36,0
cudaMemcpyAsync,40,42,0
cudaStreamSynchronize,8,46,0
cudaLaunchKernel,272,53,0
cudaLaunchKernel,128,53,0
cudaLaunchKernel,216,53,0
cudaLaunchKernel,164,50,0
cudaLaunchKernel,128,50,0
cudaLaunchKernel,216,51,0
cudaLaunchKernel,128,49,0
cudaLaunchKernel,216,45,0
cudaLaunchKernel,164,33,0
cudaLaunchKernel,252,45,0
cudaOccupancyMaxActiveBlocksPerMultiprocessorWithFlags,36,43,0
cudaLaunchKernel,264,50,0
cudaLaunchKernel,132,42,0
cudaLaunchKernel,128,49,0
cudaLaunchKernel,216,49,0
cudaLaunchKernel,208,39,0
cudaLaunchKernel,272,34,0
cudaLaunchKernel,128,34,0
cudaLaunchKernel,216,46,0
cudaLaunchKernel,128,46,0
cudaLaunchKernel,216,45,0
cudaLaunchKernel,112,46,0
cudaLaunchKernel,128,50,0
cudaLaunchKernel,216,51,0
cudaLaunchKernel,208,50,0
cudaLaunchKernel,272,50,0
cudaLaunchKernel,128,49,0
cudaLaunchKernel,216,45,0
cudaLaunchKernel,164,42,0
cudaLaunchKernel,128,50,0
cudaLaunchKernel,216,48,0
cudaLaunchKernel,128,51,0
cudaLaunchKernel,216,51,0
cudaLaunchKernel,164,50,0
cudaLaunchKernel,252,51,0
cudaOccupancyMaxActiveBlocksPerMultiprocessorWithFlags,36,45,0
cudaLaunchKernel,264,49,0
cudaLaunchKernel,132,48,0
cudaLaunchKernel,128,42,0
cudaLaunchKernel,216,50,0
cudaLaunchKernel,208,53,0
cudaLaunchKernel,272,42,0
cudaLaunchKernel,128,43,0
cudaLaunchKernel,216,47,0
cudaLaunchKernel,128,44,0
cudaLaunchKernel,216,47,0
cudaLaunchKernel,112,53,0
cudaLaunchKernel,128,44,0
cudaLaunchKernel,216,47,0
cudaLaunchKernel,208,50,0
cudaLaunchKernel,272,38,0
cudaLaunchKernel,128,52,0
cudaLaunchKernel,216,47,0
cudaLaunchKernel,164,38,0
cudaLaunchKernel,128,36,0
cudaLaunchKernel,216,45,0
cudaLaunchKernel,128,41,0
cudaLaunchKernel,216,70,0
cudaLaunchKernel,164,61,0
cudaLaunchKernel,252,49,0
cudaOccupancyMaxActiveBlocksPerMultiprocessorWithFlags,36,38,0
cudaLaunchKernel,264,47,0
cudaLaunchKernel,132,43,0
cudaLaunchKernel,128,38,0
cudaLaunchKernel,216,36,0
cudaLaunchKernel,208,35,0
cudaLaunchKernel,272,35,0
cudaLaunchKernel,128,37,0
cudaLaunchKernel,216,44,0
cudaLaunchKernel,128,49,0
cudaLaunchKernel,216,51,0
cudaLaunchKernel,112,37,0
cudaLaunchKernel,128,34,0
cudaLaunchKernel,216,36,0
cudaLaunchKernel,208,35,0
cudaLaunchKernel,272,34,0
cudaLaunchKernel,128,35,0
cudaLaunchKernel,216,39,0
cudaLaunchKernel,164,42,0
cudaLaunchKernel,128,46,0
cudaLaunchKernel,216,49,0
cudaLaunchKernel,128,40,0
cudaLaunchKernel,216,39,0
cudaLaunchKernel,164,45,0
cudaLaunchKernel,252,46,0
cudaOccupancyMaxActiveBlocksPerMultiprocessorWithFlags,36,44,0
cudaLaunchKernel,264,54,0
cudaLaunchKernel,132,51,0
cudaLaunchKernel,128,52,0
cudaLaunchKernel,216,51,0
cudaLaunchKernel,208,50,0
cudaLaunchKernel,272,51,0
cudaLaunchKernel,128,49,0
cudaLaunchKernel,216,48,0
cudaLaunchKernel,128,45,0
cudaLaunchKernel,216,42,0
cudaLaunchKernel,112,44,0
cudaLaunchKernel,128,44,0
cudaLaunchKernel,216,51,0
cudaLaunchKernel,208,37,0
cudaLaunchKernel,272,49,0
cudaLaunchKernel,128,48,0
cudaLaunchKernel,216,39,0
cudaLaunchKernel,164,46,0
cudaLaunchKernel,128,50,0
cudaLaunchKernel,216,48,0
cudaLaunchKernel,128,48,0
cudaLaunchKernel,216,47,0
cudaLaunchKernel,164,44,0
cudaLaunchKernel,252,38,0
cudaOccupancyMaxActiveBlocksPerMultiprocessorWithFlags,36,36,0
cudaLaunchKernel,264,37,0
cudaLaunchKernel,132,35,0
cudaLaunchKernel,128,35,0
cudaLaunchKernel,216,36,0
cudaLaunchKernel,208,37,0
cudaLaunchKernel,272,37,0
cudaLaunchKernel,128,42,0
cudaLaunchKernel,216,51,0
cudaLaunchKernel,128,40,0
cudaLaunchKernel,216,52,0
cudaLaunchKernel,112,48,0
cudaLaunchKernel,128,46,0
cudaLaunchKernel,216,47,0
cudaLaunchKernel,208,43,0
cudaLaunchKernel,272,48,0
cudaLaunchKernel,128,48,0
cudaLaunchKernel,216,53,0
cudaLaunchKernel,164,58,0
cudaLaunchKernel,128,50,0
cudaLaunchKernel,216,49,0
cudaLaunchKernel,128,50,0
cudaLaunchKernel,216,42,0
cudaLaunchKernel,164,46,0
cudaLaunchKernel,252,44,0
cudaOccupancyMaxActiveBlocksPerMultiprocessorWithFlags,36,45,0
cudaLaunchKernel,264,50,0
cudaLaunchKernel,132,48,0
cudaLaunchKernel,128,39,0
cudaLaunchKernel,216,39,0
cudaLaunchKernel,208,36,0
cudaLaunchKernel,272,34,0
cudaLaunchKernel,128,34,0
cudaLaunchKernel,216,36,0
cudaLaunchKernel,128,36,0
cudaLaunchKernel,216,40,0
cudaLaunchKernel,112,44,0
cudaLaunchKernel,128,48,0
cudaLaunchKernel,216,41,0
cudaLaunchKernel,208,50,0
cudaLaunchKernel,272,53,0
cudaLaunchKernel,128,53,0
cudaLaunchKernel,216,49,0
cudaLaunchKernel,164,52,0
cudaLaunchKernel,128,54,0
cudaLaunchKernel,216,55,0
cudaLaunchKernel,128,50,0
cudaLaunchKernel,216,49,0
cudaLaunchKernel,164,52,0
cudaLaunchKernel,252,48,0
cudaOccupancyMaxActiveBlocksPerMultiprocessorWithFlags,36,48,0
cudaLaunchKernel,264,48,0
cudaLaunchKernel,132,37,0
cudaLaunchKernel,128,44,0
cudaLaunchKernel,216,47,0
cudaLaunchKernel,208,47,0
cudaLaunchKernel,272,47,0
cudaLaunchKernel,128,44,0
cudaLaunchKernel,216,49,0
cudaLaunchKernel,128,39,0
cudaLaunchKernel,216,41,0
cudaLaunchKernel,112,45,0
cudaLaunchKernel,128,53,0
cudaLaunchKernel,216,52,0
cudaLaunchKernel,208,53,0
cudaLaunchKernel,272,50,0
cudaLaunchKernel,128,44,0
cudaLaunchKernel,216,43,0
cudaLaunchKernel,164,48,0
cudaLaunchKernel,128,51,0
cudaLaunchKernel,216,49,0
cudaLaunchKernel,128,48,0
cudaLaunchKernel,216,45,0
cudaLaunchKernel,164,38,0
cudaLaunchKernel,252,44,0
cudaOccupancyMaxActiveBlocksPerMultiprocessorWithFlags,36,48,0
cudaLaunchKernel,264,40,0
cudaLaunchKernel,132,53,0
cudaLaunchKernel,128,51,0
cudaLaunchKernel,216,50,0
cudaLaunchKernel,208,50,0
cudaLaunchKernel,272,45,0
cudaLaunchKernel,128,38,0
cudaLaunchKernel,216,43,0
cudaLaunchKernel,128,33,0
cudaLaunchKernel,216,36,0
cudaLaunchKernel,112,48,0
cudaLaunchKernel,128,51,0
cudaLaunchKernel,216,51,0
cudaLaunchKernel,208,52,0
cudaLaunchKernel,272,50,0
cudaLaunchKernel,128,50,0
cudaLaunchKernel,216,54,0
cudaLaunchKernel,164,56,0
cudaLaunchKernel,128,45,0
cudaLaunchKernel,216,40,0
cudaLaunchKernel,128,40,0
cudaLaunchKernel,216,41,0
cudaLaunchKernel,164,46,0
cudaLaunchKernel,252,48,0
cudaOccupancyMaxActiveBlocksPerMultiprocessorWithFlags,36,42,0
cudaLaunchKernel,264,48,0
cudaLaunchKernel,132,45,0
cudaLaunchKernel,128,43,0
cudaLaunchKernel,216,41,0
cudaLaunchKernel,208,51,0
cudaLaunchKernel,272,42,0
cudaLaunchKernel,128,49,0
cudaLaunchKernel,216,49,0
cudaLaunchKernel,128,50,0
cudaLaunchKernel,216,49,0
cudaLaunchKernel,112,49,0
cudaLaunchKernel,128,52,0
cudaLaunchKernel,216,52,0
cudaLaunchKernel,208,41,0
cudaLaunchKernel,272,47,0
cudaLaunchKernel,128,46,0
cudaLaunchKernel,216,46,0
cudaLaunchKernel,164,52,0
cudaLaunchKernel,128,51,0
cudaLaunchKernel,216,46,0
cudaLaunchKernel,128,51,0
cudaLaunchKernel,216,50,0
cudaLaunchKernel,164,44,0
cudaLaunchKernel,252,42,0
cudaOccupancyMaxActiveBlocksPerMultiprocessorWithFlags,36,37,0
cudaLaunchKernel,264,48,0
cudaLaunchKernel,132,47,0
cudaLaunchKernel,128,53,0
cudaLaunchKernel,216,49,0
cudaLaunchKernel,208,51,0
cudaLaunchKernel,272,51,0
cudaLaunchKernel,128,48,0
cudaLaunchKernel,216,43,0
cudaLaunchKernel,128,49,0
cudaLaunchKernel,216,47,0
cudaLaunchKernel,112,46,0
cudaLaunchKernel,128,54,0
cudaLaunchKernel,216,50,0
cudaLaunchKernel,208,51,0
cudaLaunchKernel,272,52,0
cudaLaunchKernel,128,45,0
cudaLaunchKernel,216,40,0
cudaLaunchKernel,164,35,0
cudaLaunchKernel,128,35,0
cudaLaunchKernel,216,36,0
cudaLaunchKernel,128,34,0
cudaLaunchKernel,216,35,0
cudaLaunchKernel,164,36,0
cudaLaunchKernel,252,36,0
cudaOccupancyMaxActiveBlocksPerMultiprocessorWithFlags,36,36,0
cudaLaunchKernel,264,38,0
cudaLaunchKernel,132,40,0
cudaLaunchKernel,128,36,0
cudaLaunchKernel,216,35,0
cudaLaunchKernel,208,42,0
cudaLaunchKernel,272,35,0
cudaLaunchKernel,128,35,0
cudaLaunchKernel,216,36,0
cudaLaunchKernel,128,34,0
cudaLaunchKernel,216,37,0
cudaLaunchKernel,112,36,0
cudaLaunchKernel,128,33,0
cudaLaunchKernel,216,36,0
cudaLaunchKernel,208,35,0
cudaLaunchKernel,272,35,0
cudaLaunchKernel,128,34,0
cudaLaunchKernel,216,35,0
cudaLaunchKernel,164,35,0
cudaLaunchKernel,128,38,0
cudaLaunchKernel,216,36,0
cudaLaunchKernel,128,35,0
cudaLaunchKernel,216,36,0
cudaLaunchKernel,164,37,0
cudaLaunchKernel,252,35,0
cudaOccupancyMaxActiveBlocksPerMultiprocessorWithFlags,36,34,0
cudaLaunchKernel,264,36,0
cudaLaunchKernel,132,37,0
cudaLaunchKernel,128,34,0
cudaLaunchKernel,216,37,0
cudaLaunchKernel,208,35,0
cudaLaunchKernel,272,35,0
cudaLaunchKernel,128,35,0
cudaLaunchKernel,216,37,0
cudaLaunchKernel,128,36,0
cudaLaunchKernel,216,36,0
cudaLaunchKernel,112,34,0
cudaLaunchKernel,128,34,0
cudaLaunchKernel,216,37,0
cudaLaunchKernel,208,37,0
cudaLaunchKernel,272,40,0
cudaLaunchKernel,128,49,0
cudaLaunchKernel,216,44,0
cudaLaunchKernel,164,52,0
cudaLaunchKernel,128,48,0
cudaLaunchKernel,216,47,0
cudaLaunchKernel,128,51,0
cudaLaunchKernel,216,51,0
cudaLaunchKernel,164,53,0
cudaLaunchKernel,252,53,0
cudaOccupancyMaxActiveBlocksPerMultiprocessorWithFlags,36,47,0
cudaLaunchKernel,264,52,0
cudaLaunchKernel,132,48,0
cudaLaunchKernel,128,47,0
cudaLaunchKernel,216,38,0
cudaLaunchKernel,208,37,0
cudaLaunchKernel,272,35,0
cudaLaunchKernel,128,35,0
cudaLaunchKernel,216,37,0
cudaLaunchKernel,128,39,0
cudaLaunchKernel,216,39,0
cudaLaunchKernel,112,39,0
cudaLaunchKernel,128,45,0
cudaLaunchKernel,216,51,0
cudaLaunchKernel,208,49,0
cudaLaunchKernel,272,49,0
cudaLaunchKernel,128,48,0
cudaLaunchKernel,216,45,0
cudaLaunchKernel,164,43,0
cudaLaunchKernel,128,41,0
cudaLaunchKernel,216,49,0
cudaLaunchKernel,128,46,0
cudaLaunchKernel,216,47,0
cudaLaunchKernel,164,46,0
cudaLaunchKernel,252,43,0
cudaOccupancyMaxActiveBlocksPerMultiprocessorWithFlags,36,35,0
cudaLaunchKernel,264,48,0
cudaLaunchKernel,132,47,0
cudaLaunchKernel,128,49,0
cudaLaunchKernel,216,54,0
cudaLaunchKernel,208,56,0
cudaLaunchKernel,272,43,0
cudaLaunchKernel,128,43,0
cudaLaunchKernel,216,49,0
cudaLaunchKernel,128,47,0
cudaLaunchKernel,216,44,0
cudaLaunchKernel,112,48,0
cudaLaunchKernel,128,47,0
cudaLaunchKernel,216,53,0
cudaLaunchKernel,208,49,0
cudaLaunchKernel,272,49,0
cudaLaunchKernel,128,51,0
cudaLaunchKernel,216,50,0
cudaLaunchKernel,164,47,0
cudaLaunchKernel,128,44,0
cudaLaunchKernel,216,44,0
cudaLaunchKernel,128,43,0
cudaLaunchKernel,216,49,0
cudaLaunchKernel,164,44,0
cudaLaunchKernel,252,44,0
cudaOccupancyMaxActiveBlocksPerMultiprocessorWithFlags,36,35,0
cudaLaunchKernel,264,42,0
cudaLaunchKernel,132,36,0
cudaLaunchKernel,128,35,0
cudaLaunchKernel,216,35,0
cudaLaunchKernel,208,35,0
cudaLaunchKernel,272,38,0
cudaLaunchKernel,128,48,0
cudaLaunchKernel,216,51,0
cudaLaunchKernel,128,52,0
cudaLaunchKernel,216,50,0
cudaLaunchKernel,112,49,0
cudaLaunchKernel,128,48,0
cudaLaunchKernel,216,44,0
cudaLaunchKernel,208,37,0
cudaLaunchKernel,272,35,0
cudaLaunchKernel,128,41,0
cudaLaunchKernel,216,55,0
cudaLaunchKernel,164,51,0
cudaLaunchKernel,128,53,0
cudaLaunchKernel,216,50,0
cudaLaunchKernel,128,48,0
cudaLaunchKernel,216,50,0
cudaLaunchKernel,164,53,0
cudaLaunchKernel,252,47,0
cudaOccupancyMaxActiveBlocksPerMultiprocessorWithFlags,36,37,0
cudaLaunchKernel,264,44,0
cudaLaunchKernel,132,43,0
cudaLaunchKernel,128,49,0
cudaLaunchKernel,216,40,0
cudaLaunchKernel,208,49,0
cudaLaunchKernel,272,50,0
cudaLaunchKernel,128,47,0
cudaLaunchKernel,216,47,0
cudaLaunchKernel,128,46,0
cudaLaunchKernel,216,51,0
cudaLaunchKernel,112,52,0
cudaLaunchKernel,128,49,0
cudaLaunchKernel,216,40,0
cudaLaunchKernel,208,52,0
cudaLaunchKernel,272,49,0
cudaLaunchKernel,128,50,0
cudaLaunchKernel,216,47,0
cudaLaunchKernel,164,40,0
cudaLaunchKernel,128,37,0
cudaLaunchKernel,216,50,0
cudaLaunchKernel,128,44,0
cudaLaunchKernel,216,58,0
cudaLaunchKernel,164,54,0
cudaLaunchKernel,252,49,0
cudaOccupancyMaxActiveBlocksPerMultiprocessorWithFlags,36,47,0
cudaLaunchKernel,264,48,0
cudaLaunchKernel,132,45,0
cudaLaunchKernel,128,42,0
cudaLaunchKernel,216,40,0
cudaLaunchKernel,208,51,0
cudaLaunchKernel,272,49,0
cudaLaunchKernel,128,50,0
cudaLaunchKernel,216,50,0
cudaLaunchKernel,128,50,0
cudaLaunchKernel,216,50,0
cudaLaunchKernel,112,49,0
cudaLaunchKernel,128,51,0
cudaLaunchKernel,216,47,0
cudaLaunchKernel,208,45,0
cudaLaunchKernel,272,48,0
cudaLaunchKernel,128,48,0
cudaLaunchKernel,216,49,0
cudaLaunchKernel,164,37,0
cudaLaunchKernel,128,35,0
cudaLaunchKernel,216,36,0
cudaLaunchKernel,128,35,0
cudaLaunchKernel,216,35,0
cudaLaunchKernel,164,37,0
cudaLaunchKernel,252,44,0
cudaOccupancyMaxActiveBlocksPerMultiprocessorWithFlags,36,47,0
cudaLaunchKernel,264,48,0
cudaLaunchKernel,132,40,0
cudaLaunchKernel,128,46,0
cudaLaunchKernel,216,47,0
cudaLaunchKernel,208,51,0
cudaLaunchKernel,272,48,0
cudaLaunchKernel,128,52,0
cudaLaunchKernel,216,54,0
cudaLaunchKernel,128,50,0
cudaLaunchKernel,216,40,0
cudaLaunchKernel,112,52,0
cudaLaunchKernel,128,49,0
cudaLaunchKernel,216,47,0
cudaLaunchKernel,208,43,0
cudaLaunchKernel,272,36,0
cudaLaunchKernel,128,37,0
cudaLaunchKernel,216,36,0
cudaLaunchKernel,164,38,0
cudaLaunchKernel,128,39,0
cudaLaunchKernel,216,41,0
cudaLaunchKernel,128,39,0
cudaLaunchKernel,216,37,0
cudaLaunchKernel,164,37,0
cudaLaunchKernel,252,36,0
cudaOccupancyMaxActiveBlocksPerMultiprocessorWithFlags,36,34,0
cudaLaunchKernel,264,42,0
cudaLaunchKernel,132,38,0
cudaLaunchKernel,128,44,0
cudaLaunchKernel,216,50,0
cudaLaunchKernel,208,51,0
cudaLaunchKernel,272,49,0
cudaLaunchKernel,128,40,0
cudaLaunchKernel,216,46,0
cudaLaunchKernel,128,38,0
cudaLaunchKernel,216,47,0
cudaLaunchKernel,112,44,0
cudaLaunchKernel,128,49,0
cudaLaunchKernel,216,53,0
cudaLaunchKernel,208,43,0
cudaLaunchKernel,272,46,0
cudaLaunchKernel,128,37,0
cudaLaunchKernel,216,34,0
cudaLaunchKernel,164,41,0
cudaLaunchKernel,128,36,0
cudaLaunchKernel,216,36,0
cudaLaunchKernel,128,37,0
cudaLaunchKernel,216,46,0
cudaLaunchKernel,164,52,0
cudaLaunchKernel,252,49,0
cudaOccupancyMaxActiveBlocksPerMultiprocessorWithFlags,36,37,0
cudaLaunchKernel,264,38,0
cudaLaunchKernel,132,37,0
cudaLaunchKernel,128,35,0
cudaLaunchKernel,216,36,0
cudaLaunchKernel,208,37,0
cudaLaunchKernel,272,37,0
cudaLaunchKernel,128,44,0
cudaLaunchKernel,216,49,0
cudaLaunchKernel,128,39,0
cudaLaunchKernel,216,49,0
cudaLaunchKernel,112,45,0
cudaLaunchKernel,128,47,0
cudaLaunchKernel,216,55,0
cudaLaunchKernel,208,52,0
cudaLaunchKernel,272,43,0
cudaLaunchKernel,128,41,0
cudaLaunchKernel,216,38,0
cudaLaunchKernel,164,35,0
cudaLaunchKernel,128,35,0
cudaLaunchKernel,216,37,0
cudaLaunchKernel,128,35,0
cudaLaunchKernel,216,36,0
cudaLaunchKernel,164,35,0
cudaLaunchKernel,252,36,0
cudaOccupancyMaxActiveBlocksPerMultiprocessorWithFlags,36,35,0
cudaLaunchKernel,264,37,0
cudaLaunchKernel,132,36,0
cudaLaunchKernel,128,36,0
cudaLaunchKernel,216,35,0
cudaLaunchKernel,208,36,0
cudaLaunchKernel,272,36,0
cudaLaunchKernel,128,35,0
cudaLaunchKernel,216,36,0
cudaLaunchKernel,128,34,0
cudaLaunchKernel,216,35,0
cudaLaunchKernel,112,35,0
cudaLaunchKernel,128,35,0
cudaLaunchKernel,216,36,0
cudaLaunchKernel,208,35,0
cudaLaunchKernel,272,35,0
cudaLaunchKernel,128,35,0
cudaLaunchKernel,216,35,0
cudaLaunchKernel,164,36,0
cudaLaunchKernel,128,36,0
cudaLaunchKernel,216,37,0
cudaLaunchKernel,128,35,0
cudaLaunchKernel,216,36,0
cudaLaunchKernel,164,35,0
cudaLaunchKernel,252,36,0
cudaOccupancyMaxActiveBlocksPerMultiprocessorWithFlags,36,33,0
cudaLaunchKernel,264,35,0
cudaLaunchKernel,132,36,0
cudaLaunchKernel,128,35,0
cudaLaunchKernel,216,40,0
cudaLaunchKernel,184,35,0
cudaLaunchKernel,184,36,0
cudaLaunchKernel,208,35,0
cudaLaunchKernel,272,35,0
cudaLaunchKernel,128,35,0
cudaLaunchKernel,216,36,0
cudaLaunchKernel,128,35,0
cudaLaunchKernel,216,37,0
cudaLaunchKernel,272,34,0
cudaLaunchKernel,128,37,0
cudaLaunchKernel,216,35,0
cudaMemcpyAsync,37,128,0
cudaStreamSynchronize,8,28,0
cudaStreamSynchronize,8,23,0
cudaStreamSynchronize,8,36,0
cudaMemcpyAsync,65572,45,0
cudaStreamSynchronize,8,37,0
cudaStreamSynchronize,8,37,0
cudaMemcpyAsync,68,35,0
cudaStreamSynchronize,8,38,0
cudaStreamSynchronize,8,37,0
cudaMemcpyAsync,100,36,0
cudaStreamSynchronize,8,38,0
cudaStreamSynchronize,8,37,0
cudaMemcpyAsync,100,34,0
cudaStreamSynchronize,8,37,0
cudaStreamSynchronize,8,37,0
cudaMemcpyAsync,4132,34,0
cudaStreamSynchronize,8,38,0
cudaStreamSynchronize,8,36,0
cudaMemcpyAsync,40,34,0
cudaStreamSynchronize,8,37,0
cudaLaunchKernel,272,37,0
cudaLaunchKernel,128,34,0
cudaLaunchKernel,216,36,0
cudaLaunchKernel,164,35,0
cudaLaunchKernel,128,34,0
cudaLaunchKernel,216,36,0
cudaLaunchKernel,128,36,0
cudaLaunchKernel,216,35,0
cudaLaunchKernel,164,36,0
cudaLaunchKernel,252,35,0
cudaOccupancyMaxActiveBlocksPerMultiprocessorWithFlags,36,33,0
cudaLaunchKernel,264,35,0
cudaLaunchKernel,132,38,0
cudaLaunchKernel,128,35,0
cudaLaunchKernel,216,35,0
cudaLaunchKernel,208,34,0
cudaLaunchKernel,272,35,0
cudaLaunchKernel,128,34,0
cudaLaunchKernel,216,36,0
cudaLaunchKernel,128,36,0
cudaLaunchKernel,216,35,0
cudaLaunchKernel,112,37,0
cudaLaunchKernel,128,40,0
cudaLaunchKernel,216,51,0
cudaLaunchKernel,208,50,0
cudaLaunchKernel,272,50,0
cudaLaunchKernel,128,49,0
cudaLaunchKernel,216,50,0
cudaLaunchKernel,164,50,0
cudaLaunchKernel,128,50,0
cudaLaunchKernel,216,45,0
cudaLaunchKernel,128,47,0
cudaLaunchKernel,216,48,0
cudaLaunchKernel,164,40,0
cudaLaunchKernel,252,37,0
cudaOccupancyMaxActiveBlocksPerMultiprocessorWithFlags,36,36,0
cudaLaunchKernel,264,36,0
cudaLaunchKernel,132,37,0
cudaLaunchKernel,128,36,0
cudaLaunchKernel,216,35,0
cudaLaunchKernel,208,34,0
cudaLaunchKernel,272,38,0
cudaLaunchKernel,128,57,0
cudaLaunchKernel,216,51,0
cudaLaunchKernel,128,51,0
cudaLaunchKernel,216,51,0
cudaLaunchKernel,112,48,0
cudaLaunchKernel,128,50,0
cudaLaunchKernel,216,49,0
cudaLaunchKernel,208,43,0
cudaLaunchKernel,272,38,0
cudaLaunchKernel,128,46,0
cudaLaunchKernel,216,50,0
cudaLaunchKernel,164,49,0
cudaLaunchKernel,128,45,0
cudaLaunchKernel,216,45,0
cudaLaunchKernel,128,46,0
cudaLaunchKernel,216,52,0
cudaLaunchKernel,164,40,0
cudaLaunchKernel,252,41,0
cudaOccupancyMaxActiveBlocksPerMultiprocessorWithFlags,36,52,0
cudaLaunchKernel,264,57,0
cudaLaunchKernel,132,51,0
cudaLaunchKernel,128,51,0
cudaLaunchKernel,216,47,0
cudaLaunchKernel,208,45,0
cudaLaunchKernel,272,36,0
cudaLaunchKernel,128,35,0
cudaLaunchKernel,216,47,0
cudaLaunchKernel,128,49,0
cudaLaunchKernel,216,45,0
cudaLaunchKernel,112,44,0
cudaLaunchKernel,128,44,0
cudaLaunchKernel,216,50,0
cudaLaunchKernel,208,49,0
cudaLaunchKernel,272,51,0
cudaLaunchKernel,128,45,0
cudaLaunchKernel,216,44,0
cudaLaunchKernel,164,43,0
cudaLaunchKernel,128,46,0
cudaLaunchKernel,216,45,0
cudaLaunchKernel,128,38,0
cudaLaunchKernel,216,51,0
cudaLaunchKernel,164,48,0
cudaLaunchKernel,252,36,0
cudaOccupancyMaxActiveBlocksPerMultiprocessorWithFlags,36,35,0
cudaLaunchKernel,264,36,0
cudaLaunchKernel,132,36,0
cudaLaunchKernel,128,35,0
cudaLaunchKernel,216,38,0
cudaLaunchKernel,208,43,0
cudaLaunchKernel,272,43,0
cudaLaunchKernel,128,47,0
cudaLaunchKernel,216,46,0
cudaLaunchKernel,128,45,0
cudaLaunchKernel,216,44,0
cudaLaunchKernel,112,36,0
cudaLaunchKernel,128,35,0
cudaLaunchKernel,216,39,0
cudaLaunchKernel,208,47,0
cudaLaunchKernel,272,49,0
cudaLaunchKernel,128,40,0
cudaLaunchKernel,216,39,0
cudaLaunchKernel,164,45,0
cudaLaunchKernel,128,45,0
cudaLaunchKernel,216,44,0
cudaLaunchKernel,128,44,0
cudaLaunchKernel,216,45,0
cudaLaunchKernel,164,49,0
cudaLaunchKernel,252,54,0
cudaOccupancyMaxActiveBlocksPerMultiprocessorWithFlags,36,42,0
cudaLaunchKernel,264,44,0
cudaLaunchKernel,132,41,0
cudaLaunchKernel,128,38,0
cudaLaunchKernel,216,47,0
cudaLaunchKernel,208,46,0
cudaLaunchKernel,272,44,0
cudaLaunchKernel,128,35,0
cudaLaunchKernel,216,50,0
cudaLaunchKernel,128,52,0
cudaLaunchKernel,216,48,0
cudaLaunchKernel,112,36,0
cudaLaunchKernel,128,36,0
cudaLaunchKernel,216,34,0
cudaLaunchKernel,208,35,0
cudaLaunchKernel,272,35,0
cudaLaunchKernel,128,35,0
cudaLaunchKernel,216,37,0
cudaLaunchKernel,164,43,0
cudaLaunchKernel,128,46,0
cudaLaunchKernel,216,41,0
cudaLaunchKernel,128,38,0
cudaLaunchKernel,216,47,0
cudaLaunchKernel,164,36,0
cudaLaunchKernel,252,35,0
cudaOccupancyMaxActiveBlocksPerMultiprocessorWithFlags,36,35,0
cudaLaunchKernel,264,39,0
cudaLaunchKernel,132,53,0
cudaLaunchKernel,128,54,0
cudaLaunchKernel,216,45,0
cudaLaunchKernel,208,38,0
cudaLaunchKernel,272,39,0
cudaLaunchKernel,128,47,0
cudaLaunchKernel,216,40,0
cudaLaunchKernel,128,47,0
cudaLaunchKernel,216,53,0
cudaLaunchKernel,112,49,0
cudaLaunchKernel,128,50,0
cudaLaunchKernel,216,41,0
cudaLaunchKernel,208,40,0
cudaLaunchKernel,272,35,0
cudaLaunchKernel,128,35,0
cudaLaunchKernel,216,44,0
cudaLaunchKernel,164,44,0
cudaLaunchKernel,128,35,0
cudaLaunchKernel,216,42,0
cudaLaunchKernel,128,48,0
cudaLaunchKernel,216,54,0
cudaLaunchKernel,164,52,0
cudaLaunchKernel,252,50,0
cudaOccupancyMaxActiveBlocksPerMultiprocessorWithFlags,36,48,0
cudaLaunchKernel,264,50,0
cudaLaunchKernel,132,51,0
cudaLaunchKernel,128,49,0
cudaLaunchKernel,216,44,0
cudaLaunchKernel,208,37,0
cudaLaunchKernel,272,38,0
cudaLaunchKernel,128,54,0
cudaLaunchKernel,216,49,0
cudaLaunchKernel,128,46,0
cudaLaunchKernel,216,45,0
cudaLaunchKernel,112,52,0
cudaLaunchKernel,128,53,0
cudaLaunchKernel,216,45,0
cudaLaunchKernel,208,45,0
cudaLaunchKernel,272,47,0
cudaLaunchKernel,128,46,0
cudaLaunchKernel,216,47,0
cudaLaunchKernel,164,45,0
cudaLaunchKernel,128,39,0
cudaLaunchKernel,216,49,0
cudaLaunchKernel,128,45,0
cudaLaunchKernel,216,36,0
cudaLaunchKernel,164,38,0
cudaLaunchKernel,252,40,0
cudaOccupancyMaxActiveBlocksPerMultiprocessorWithFlags,36,37,0
cudaLaunchKernel,264,51,0
cudaLaunchKernel,132,52,0
cudaLaunchKernel,128,50,0
cudaLaunchKernel,216,51,0
cudaLaunchKernel,208,51,0
cudaLaunchKernel,272,51,0
cudaLaunchKernel,128,48,0
cudaLaunchKernel,216,44,0
cudaLaunchKernel,128,35,0
cudaLaunchKernel,216,39,0
cudaLaunchKernel,112,54,0
cudaLaunchKernel,128,51,0
cudaLaunchKernel,216,51,0
cudaLaunchKernel,208,49,0
cudaLaunchKernel,272,51,0
cudaLaunchKernel,128,53,0
cudaLaunchKernel,216,47,0
cudaLaunchKernel,164,45,0
cudaLaunchKernel,128,41,0
cudaLaunchKernel,216,52,0
cudaLaunchKernel,128,48,0
cudaLaunchKernel,216,40,0
cudaLaunchKernel,164,49,0
cudaLaunchKernel,252,47,0
cudaOccupancyMaxActiveBlocksPerMultiprocessorWithFlags,36,34,0
cudaLaunchKernel,264,38,0
cudaLaunchKernel,132,36,0
cudaLaunchKernel,128,35,0
cudaLaunchKernel,216,41,0
cudaLaunchKernel,208,44,0
cudaLaunchKernel,272,36,0
cudaLaunchKernel,128,35,0
cudaLaunchKernel,216,35,0
cudaLaunchKernel,128,36,0
cudaLaunchKernel,216,36,0
cudaLaunchKernel,112,35,0
cudaLaunchKernel,128,35,0
cudaLaunchKernel,216,36,0
cudaLaunchKernel,208,37,0
cudaLaunchKernel,272,35,0
cudaLaunchKernel,128,33,0
cudaLaunchKernel,216,36,0
cudaLaunchKernel,164,35,0
cudaLaunchKernel,128,34,0
cudaLaunchKernel,216,35,0
cudaLaunchKernel,128,35,0
cudaLaunchKernel,216,35,0
cudaLaunchKernel,164,37,0
cudaLaunchKernel,252,35,0
cudaOccupancyMaxActiveBlocksPerMultiprocessorWithFlags,36,33,0
cudaLaunchKernel,264,35,0
cudaLaunchKernel,132,37,0
cudaLaunchKernel,128,35,0
cudaLaunchKernel,216,37,0
cudaLaunchKernel,208,35,0
cudaLaunchKernel,272,36,0
cudaLaunchKernel,128,34,0
cudaLaunchKernel,216,37,0
cudaLaunchKernel,128,36,0
cudaLaunchKernel,216,35,0
cudaLaunchKernel,112,35,0
cudaLaunchKernel,128,36,0
cudaLaunchKernel,216,35,0
cudaLaunchKernel,208,35,0
cudaLaunchKernel,272,36,0
cudaLaunchKernel,128,35,0
cudaLaunchKernel,216,38,0
cudaLaunchKernel,164,36,0
cudaLaunchKernel,128,36,0
cudaLaunchKernel,216,35,0
cudaLaunchKernel,128,36,0
cudaLaunchKernel,216,38,0
cudaLaunchKernel,164,35,0
cudaLaunchKernel,252,35,0
cudaOccupancyMaxActiveBlocksPerMultiprocessorWithFlags,36,33,0
cudaLaunchKernel,264,37,0
cudaLaunchKernel,132,38,0
cudaLaunchKernel,128,36,0
cudaLaunchKernel,216,34,0
cudaLaunchKernel,208,35,0
cudaLaunchKernel,272,35,0
cudaLaunchKernel,128,34,0
cudaLaunchKernel,216,35,0
cudaLaunchKernel,128,35,0
cudaLaunchKernel,216,35,0
cudaLaunchKernel,112,36,0
cudaLaunchKernel,128,36,0
cudaLaunchKernel,216,36,0
cudaLaunchKernel,208,36,0
cudaLaunchKernel,272,37,0
cudaLaunchKernel,128,34,0
cudaLaunchKernel,216,35,0
cudaLaunchKernel,164,34,0
cudaLaunchKernel,128,36,0
cudaLaunchKernel,216,35,0
cudaLaunchKernel,128,46,0
cudaLaunchKernel,216,35,0
cudaLaunchKernel,164,36,0
cudaLaunchKernel,252,35,0
cudaOccupancyMaxActiveBlocksPerMultiprocessorWithFlags,36,33,0
cudaLaunchKernel,264,34,0
cudaLaunchKernel,132,37,0
cudaLaunchKernel,128,35,0
cudaLaunchKernel,216,36,0
cudaLaunchKernel,208,35,0
cudaLaunchKernel,272,36,0
cudaLaunchKernel,128,35,0
cudaLaunchKernel,216,35,0
cudaLaunchKernel,128,36,0
cudaLaunchKernel,216,36,0
cudaLaunchKernel,112,35,0
cudaLaunchKernel,128,35,0
cudaLaunchKernel,216,35,0
cudaLaunchKernel,208,36,0
cudaLaunchKernel,272,34,0
cudaLaunchKernel,128,37,0
cudaLaunchKernel,216,34,0
cudaLaunchKernel,164,35,0
cudaLaunchKernel,128,36,0
cudaLaunchKernel,216,37,0
cudaLaunchKernel,128,35,0
cudaLaunchKernel,216,36,0
cudaLaunchKernel,164,35,0
cudaLaunchKernel,252,35,0
cudaOccupancyMaxActiveBlocksPerMultiprocessorWithFlags,36,35,0
cudaLaunchKernel,264,38,0
cudaLaunchKernel,132,37,0
cudaLaunchKernel,128,36,0
cudaLaunchKernel,216,35,0
cudaLaunchKernel,208,35,0
cudaLaunchKernel,272,36,0
cudaLaunchKernel,128,35,0
cudaLaunchKernel,216,36,0
cudaLaunchKernel,128,36,0
cudaLaunchKernel,216,38,0
cudaLaunchKernel,112,45,0
cudaLaunchKernel,128,50,0
cudaLaunchKernel,216,54,0
cudaLaunchKernel,208,50,0
cudaLaunchKernel,272,50,0
cudaLaunchKernel,128,50,0
cudaLaunchKernel,216,50,0
cudaLaunchKernel,164,49,0
cudaLaunchKernel,128,43,0
cudaLaunchKernel,216,42,0
cudaLaunchKernel,128,44,0
cudaLaunchKernel,216,32,0
cudaLaunchKernel,164,38,0
cudaLaunchKernel,252,36,0
cudaOccupancyMaxActiveBlocksPerMultiprocessorWithFlags,36,36,0
cudaLaunchKernel,264,35,0
cudaLaunchKernel,132,36,0
cudaLaunchKernel,128,37,0
cudaLaunchKernel,216,36,0
cudaLaunchKernel,208,33,0
cudaLaunchKernel,272,36,0
cudaLaunchKernel,128,36,0
cudaLaunchKernel,216,35,0
cudaLaunchKernel,128,34,0
cudaLaunchKernel,216,35,0
cudaLaunchKernel,112,34,0
cudaLaunchKernel,128,36,0
cudaLaunchKernel,216,38,0
cudaLaunchKernel,208,36,0
cudaLaunchKernel,272,36,0
cudaLaunchKernel,128,35,0
cudaLaunchKernel,216,37,0
cudaLaunchKernel,164,36,0
cudaLaunchKernel,128,36,0
cudaLaunchKernel,216,36,0
cudaLaunchKernel,128,34,0
cudaLaunchKernel,216,37,0
cudaLaunchKernel,164,37,0
cudaLaunchKernel,252,37,0
cudaOccupancyMaxActiveBlocksPerMultiprocessorWithFlags,36,31,0
cudaLaunchKernel,264,42,0
cudaLaunchKernel,132,36,0
cudaLaunchKernel,128,36,0
cudaLaunchKernel,216,36,0
cudaLaunchKernel,208,36,0
cudaLaunchKernel,272,35,0
cudaLaunchKernel,128,35,0
cudaLaunchKernel,216,38,0
cudaLaunchKernel,128,35,0
cudaLaunchKernel,216,37,0
cudaLaunchKernel,112,36,0
cudaLaunchKernel,128,37,0
cudaLaunchKernel,216,35,0
cudaLaunchKernel,208,35,0
cudaLaunchKernel,272,35,0
cudaLaunchKernel,128,35,0
cudaLaunchKernel,216,36,0
cudaLaunchKernel,164,37,0
cudaLaunchKernel,128,35,0
cudaLaunchKernel,216,38,0
cudaLaunchKernel,128,37,0
cudaLaunchKernel,216,36,0
cudaLaunchKernel,164,35,0
cudaLaunchKernel,252,35,0
cudaOccupancyMaxActiveBlocksPerMultiprocessorWithFlags,36,34,0
cudaLaunchKernel,264,37,0
cudaLaunchKernel,132,37,0
cudaLaunchKernel,128,36,0
cudaLaunchKernel,216,36,0
cudaLaunchKernel,208,37,0
cudaLaunchKernel,272,37,0
cudaLaunchKernel,128,34,0
cudaLaunchKernel,216,36,0
cudaLaunchKernel,128,35,0
cudaLaunchKernel,216,37,0
cudaLaunchKernel,112,35,0
cudaLaunchKernel,128,37,0
cudaLaunchKernel,216,35,0
cudaLaunchKernel,208,35,0
cudaLaunchKernel,272,35,0
cudaLaunchKernel,128,36,0
cudaLaunchKernel,216,35,0
cudaLaunchKernel,164,36,0
cudaLaunchKernel,128,37,0
cudaLaunchKernel,216,36,0
cudaLaunchKernel,128,36,0
cudaLaunchKernel,216,38,0
cudaLaunchKernel,164,36,0
cudaLaunchKernel,252,36,0
cudaOccupancyMaxActiveBlocksPerMultiprocessorWithFlags,36,35,0
cudaLaunchKernel,264,35,0
cudaLaunchKernel,132,35,0
cudaLaunchKernel,128,34,0
cudaLaunchKernel,216,37,0
cudaLaunchKernel,208,35,0
cudaLaunchKernel,272,37,0
cudaLaunchKernel,128,41,0
cudaLaunchKernel,216,50,0
cudaLaunchKernel,128,52,0
cudaLaunchKernel,216,50,0
cudaLaunchKernel,112,49,0
cudaLaunchKernel,128,50,0
cudaLaunchKernel,216,49,0
cudaLaunchKernel,208,48,0
cudaLaunchKernel,272,52,0
cudaLaunchKernel,128,51,0
cudaLaunchKernel,216,49,0
cudaLaunchKernel,164,40,0
cudaLaunchKernel,128,44,0
cudaLaunchKernel,216,44,0
cudaLaunchKernel,128,37,0
cudaLaunchKernel,216,37,0
cudaLaunchKernel,164,35,0
cudaLaunchKernel,252,35,0
cudaOccupancyMaxActiveBlocksPerMultiprocessorWithFlags,36,35,0
cudaLaunchKernel,264,46,0
cudaLaunchKernel,132,39,0
cudaLaunchKernel,128,34,0
cudaLaunchKernel,216,35,0
cudaLaunchKernel,208,42,0
cudaLaunchKernel,272,34,0
cudaLaunchKernel,128,35,0
cudaLaunchKernel,216,36,0
cudaLaunchKernel,128,35,0
cudaLaunchKernel,216,40,0
cudaLaunchKernel,112,48,0
cudaLaunchKernel,128,50,0
cudaLaunchKernel,216,52,0
cudaLaunchKernel,208,51,0
cudaLaunchKernel,272,50,0
cudaLaunchKernel,128,49,0
cudaLaunchKernel,216,48,0
cudaLaunchKernel,164,47,0
cudaLaunchKernel,128,45,0
cudaLaunchKernel,216,54,0
cudaLaunchKernel,128,50,0
cudaLaunchKernel,216,50,0
cudaLaunchKernel,164,50,0
cudaLaunchKernel,252,50,0
cudaOccupancyMaxActiveBlocksPerMultiprocessorWithFlags,36,45,0
cudaLaunchKernel,264,49,0
cudaLaunchKernel,132,48,0
cudaLaunchKernel,128,46,0
cudaLaunchKernel,216,40,0
cudaLaunchKernel,208,44,0
cudaLaunchKernel,272,40,0
cudaLaunchKernel,128,49,0
cudaLaunchKernel,216,47,0
cudaLaunchKernel,128,36,0
cudaLaunchKernel,216,36,0
cudaLaunchKernel,112,35,0
cudaLaunchKernel,128,46,0
cudaLaunchKernel,216,50,0
cudaLaunchKernel,208,53,0
cudaLaunchKernel,272,51,0
cudaLaunchKernel,128,43,0
cudaLaunchKernel,216,44,0
cudaLaunchKernel,164,47,0
cudaLaunchKernel,128,47,0
cudaLaunchKernel,216,47,0
cudaLaunchKernel,128,42,0
cudaLaunchKernel,216,36,0
cudaLaunchKernel,164,35,0
cudaLaunchKernel,252,39,0
cudaOccupancyMaxActiveBlocksPerMultiprocessorWithFlags,36,41,0
cudaLaunchKernel,264,47,0
cudaLaunchKernel,132,53,0
cudaLaunchKernel,128,49,0
cudaLaunchKernel,216,51,0
cudaLaunchKernel,208,48,0
cudaLaunchKernel,272,46,0
cudaLaunchKernel,128,36,0
cudaLaunchKernel,216,39,0
cudaLaunchKernel,128,47,0
cudaLaunchKernel,216,52,0
cudaLaunchKernel,112,50,0
cudaLaunchKernel,128,50,0
cudaLaunchKernel,216,51,0
cudaLaunchKernel,208,50,0
cudaLaunchKernel,272,45,0
cudaLaunchKernel,128,45,0
cudaLaunchKernel,216,38,0
cudaLaunchKernel,164,49,0
cudaLaunchKernel,128,52,0
cudaLaunchKernel,216,52,0
cudaLaunchKernel,128,50,0
cudaLaunchKernel,216,51,0
cudaLaunchKernel,164,58,0
cudaLaunchKernel,252,50,0
cudaOccupancyMaxActiveBlocksPerMultiprocessorWithFlags,36,44,0
cudaLaunchKernel,264,38,0
cudaLaunchKernel,132,35,0
cudaLaunchKernel,128,47,0
cudaLaunchKernel,216,54,0
cudaLaunchKernel,208,50,0
cudaLaunchKernel,272,50,0
cudaLaunchKernel,128,50,0
cudaLaunchKernel,216,50,0
cudaLaunchKernel,128,49,0
cudaLaunchKernel,216,45,0
cudaLaunchKernel,112,53,0
cudaLaunchKernel,128,53,0
cudaLaunchKernel,216,55,0
cudaLaunchKernel,208,42,0
cudaLaunchKernel,272,47,0
cudaLaunchKernel,128,51,0
cudaLaunchKernel,216,54,0
cudaLaunchKernel,164,49,0
cudaLaunchKernel,128,43,0
cudaLaunchKernel,216,38,0
cudaLaunchKernel,128,43,0
cudaLaunchKernel,216,46,0
cudaLaunchKernel,164,44,0
cudaLaunchKernel,252,43,0
cudaOccupancyMaxActiveBlocksPerMultiprocessorWithFlags,36,48,0
cudaLaunchKernel,264,51,0
cudaLaunchKernel,132,51,0
cudaLaunchKernel,128,50,0
cudaLaunchKernel,216,54,0
cudaLaunchKernel,184,54,0
cudaLaunchKernel,184,50,0
cudaLaunchKernel,208,42,0
cudaLaunchKernel,272,36,0
cudaLaunchKernel,128,35,0
cudaLaunchKernel,216,36,0
cudaLaunchKernel,128,36,0
cudaLaunchKernel,216,36,0
cudaLaunchKernel,272,35,0
cudaLaunchKernel,128,36,0
cudaLaunchKernel,216,36,0
cudaMemcpyAsync,37,129,0
cudaStreamSynchronize,8,35,0
cudaStreamDestroy,8,46,0
cuMemUnmap,16,312,0
cuMemAddressFree,16,65,0
cudaFree,8,129,0
cudaFree,8,104,0
cudaGetDeviceProperties,1044,1152,1000
cudaGetDeviceProperties,1044,873,0
cudaMalloc,8,148,0
cudaMemset,20,43,0
cudaStreamSynchronize,8,49,0
cudaGetDeviceProperties,1044,926,0
cudaStreamCreateWithFlags,4,42,0
cudaStreamSynchronize,8,49,0
cudaMalloc,8,112,0
cudaStreamSynchronize,8,29,0
cudaStreamSynchronize,8,23,0
cudaGetDeviceProperties,1044,838,0
cudaGetDeviceProperties,1044,856,0
cudaStreamSynchronize,8,27,0
cudaStreamSynchronize,8,37,0
cudaMemcpyAsync,8228,46,0
cudaStreamSynchronize,8,37,0
cudaStreamSynchronize,8,38,0
cudaMemcpyAsync,40,34,0
cudaStreamSynchronize,8,37,0
cudaStreamSynchronize,8,38,0
cudaMemcpyAsync,44,48,0
cudaStreamSynchronize,8,51,0
cudaStreamSynchronize,8,50,0
cudaMemcpyAsync,44,47,0
cudaStreamSynchronize,8,46,0
cudaStreamSynchronize,8,37,0
cudaMemcpyAsync,548,43,0
cudaStreamSynchronize,8,38,0
cudaStreamSynchronize,8,37,0
cudaMemcpyAsync,40,31,0
cudaStreamSynchronize,8,43,0
cudaLaunchKernel,272,42,0
cuMemCreate,48,77,0
cuMemAddressReserve,32,63,0
cuMemMap,40,42,0
cuMemRelease,8,47,0
cuMemSetAccess,44,119,0
cudaLaunchKernel,128,69,0
cudaFuncGetAttributes,160,92,0
cudaLaunchKernel,216,57,0
cudaLaunchKernel,164,50,0
cudaLaunchKernel,128,53,0
cudaLaunchKernel,216,49,0
cudaLaunchKernel,128,53,0
cudaLaunchKernel,216,47,0
cudaLaunchKernel,164,50,0
cudaLaunchKernel,252,49,0
cudaOccupancyMaxActiveBlocksPerMultiprocessorWithFlags,36,924,0
cudaFuncGetAttributes,160,57,0
cudaLaunchKernel,264,55,0
cudaFuncGetAttributes,160,70,0
cudaLaunchKernel,84,42,0
cudaLaunchKernel,128,37,0
cudaLaunchKernel,216,40,0
cudaLaunchKernel,272,45,0
cudaLaunchKernel,128,45,0
cudaLaunchKernel,216,48,0
cudaLaunchKernel,128,37,0
cudaFuncGetAttributes,160,61,0
cudaLaunchKernel,216,39,0
cudaLaunchKernel,272,36,0
cudaLaunchKernel,128,44,0
cudaLaunchKernel,216,45,0
cudaLaunchKernel,164,48,0
cudaLaunchKernel,128,57,0
cudaLaunchKernel,216,50,0
cudaLaunchKernel,128,49,0
cudaLaunchKernel,216,51,0
cudaLaunchKernel,164,50,0
cudaLaunchKernel,252,48,0
cudaOccupancyMaxActiveBlocksPerMultiprocessorWithFlags,36,49,0
cudaLaunchKernel,264,44,0
cudaLaunchKernel,84,43,0
cudaLaunchKernel,128,39,0
cudaLaunchKernel,216,39,0
cudaLaunchKernel,272,39,0
cudaLaunchKernel,128,46,0
cudaLaunchKernel,216,51,0
cudaLaunchKernel,128,48,0
cudaLaunchKernel,216,52,0
cudaLaunchKernel,272,46,0
cudaLaunchKernel,128,47,0
cudaLaunchKernel,216,47,0
cudaLaunchKernel,164,46,0
cudaLaunchKernel,128,44,0
cudaLaunchKernel,216,36,0
cudaLaunchKernel,128,35,0
cudaLaunchKernel,216,36,0
cudaLaunchKernel,164,37,0
cudaLaunchKernel,252,35,0
cudaOccupancyMaxActiveBlocksPerMultiprocessorWithFlags,36,34,0
cudaLaunchKernel,264,35,0
cudaLaunchKernel,84,37,0
cudaLaunchKernel,128,35,0
cudaLaunchKernel,216,38,0
cudaLaunchKernel,272,35,0
cudaLaunchKernel,128,33,0
cudaLaunchKernel,216,36,0
cudaLaunchKernel,128,35,0
cudaLaunchKernel,216,35,0
cudaLaunchKernel,272,36,0
cudaLaunchKernel,128,35,0
cudaLaunchKernel,216,36,0
cudaLaunchKernel,164,33,0
cudaLaunchKernel,128,36,0
cudaLaunchKernel,216,46,0
cudaLaunchKernel,128,52,0
cudaLaunchKernel,216,51,0
cudaLaunchKernel,164,50,0
cudaLaunchKernel,252,49,0
cudaOccupancyMaxActiveBlocksPerMultiprocessorWithFlags,36,46,0
cudaLaunchKernel,264,52,0
cudaLaunchKernel,84,51,0
cudaLaunchKernel,128,50,0
cudaLaunchKernel,216,49,0
cudaLaunchKernel,272,50,0
cudaLaunchKernel,128,49,0
cudaLaunchKernel,216,50,0
cudaLaunchKernel,128,47,0
cudaLaunchKernel,216,45,0
cudaLaunchKernel,272,46,0
cudaLaunchKernel,128,45,0
cudaLaunchKernel,216,48,0
cudaLaunchKernel,164,52,0
cudaLaunchKernel,128,51,0
cudaLaunchKernel,216,50,0
cudaLaunchKernel,128,46,0
cudaLaunchKernel,216,38,0
cudaLaunchKernel,164,35,0
cudaLaunchKernel,252,43,0
cudaOccupancyMaxActiveBlocksPerMultiprocessorWithFlags,36,42,0
cudaLaunchKernel,264,40,0
cudaLaunchKernel,84,53,0
cudaLaunchKernel,128,46,0
cudaLaunchKernel,216,42,0
cudaLaunchKernel,272,51,0
cudaLaunchKernel,128,52,0
cudaLaunchKernel,216,48,0
cudaLaunchKernel,128,47,0
cudaLaunchKernel,216,36,0
cudaLaunchKernel,272,37,0
cudaLaunchKernel,128,39,0
cudaLaunchKernel,216,68,0
cudaLaunchKernel,164,51,0
cudaLaunchKernel,128,50,0
cudaLaunchKernel,216,50,0
cudaLaunchKernel,128,48,0
cudaLaunchKernel,216,48,0
cudaLaunchKernel,164,48,0
cudaLaunchKernel,252,52,0
cudaOccupancyMaxActiveBlocksPerMultiprocessorWithFlags,36,47,0
cudaLaunchKernel,264,51,0
cudaLaunchKernel,84,52,0
cudaLaunchKernel,128,51,0
cudaLaunchKernel,216,47,0
cudaLaunchKernel,272,48,0
cudaLaunchKernel,128,42,0
cudaLaunchKernel,216,36,0
cudaLaunchKernel,128,35,0
cudaLaunchKernel,216,37,0
cudaLaunchKernel,272,41,0
cudaLaunchKernel,128,48,0
cudaLaunchKernel,216,54,0
cudaLaunchKernel,164,46,0
cudaLaunchKernel,128,36,0
cudaLaunchKernel,216,36,0
cudaLaunchKernel,128,34,0
cudaLaunchKernel,216,37,0
cudaLaunchKernel,164,36,0
cudaLaunchKernel,252,36,0
cudaOccupancyMaxActiveBlocksPerMultiprocessorWithFlags,36,38,0
cudaLaunchKernel,264,50,0
cudaLaunchKernel,84,52,0
cudaLaunchKernel,128,37,0
cudaLaunchKernel,216,36,0
cudaLaunchKernel,272,35,0
cudaLaunchKernel,128,34,0
cudaLaunchKernel,216,36,0
cudaLaunchKernel,128,35,0
cudaLaunchKernel,216,37,0
cudaLaunchKernel,272,51,0
cudaLaunchKernel,128,49,0
cudaLaunchKernel,216,53,0
cudaLaunchKernel,164,50,0
cudaLaunchKernel,128,51,0
cudaLaunchKernel,216,45,0
cudaLaunchKernel,128,38,0
cudaLaunchKernel,216,36,0
cudaLaunchKernel,164,48,0
cudaLaunchKernel,252,55,0
cudaOccupancyMaxActiveBlocksPerMultiprocessorWithFlags,36,48,0
cudaLaunchKernel,264,50,0
cudaLaunchKernel,84,48,0
cudaLaunchKernel,128,50,0
cudaLaunchKernel,216,53,0
cudaLaunchKernel,272,50,0
cudaLaunchKernel,128,48,0
cudaLaunchKernel,216,45,0
cudaLaunchKernel,128,38,0
cudaLaunchKernel,216,46,0
cudaLaunchKernel,272,44,0
cudaLaunchKernel,128,40,0
cudaLaunchKernel,216,39,0
cudaLaunchKernel,164,40,0
cudaLaunchKernel,128,42,0
cudaLaunchKernel,216,35,0
cudaLaunchKernel,128,43,0
cudaLaunchKernel,216,48,0
cudaLaunchKernel,164,47,0
cudaLaunchKernel,252,51,0
cudaOccupancyMaxActiveBlocksPerMultiprocessorWithFlags,36,44,0
cudaLaunchKernel,264,49,0
cudaLaunchKernel,84,57,0
cudaLaunchKernel,128,43,0
cudaLaunchKernel,216,40,0
cudaLaunchKernel,272,36,0
cudaLaunchKernel,128,34,0
cudaLaunchKernel,216,38,0
cudaLaunchKernel,128,38,0
cudaLaunchKernel,216,43,0
cudaLaunchKernel,272,51,0
cudaLaunchKernel,128,37,0
cudaLaunchKernel,216,46,0
cudaLaunchKernel,164,41,0
cudaLaunchKernel,128,37,0
cudaLaunchKernel,216,36,0
cudaLaunchKernel,128,36,0
cudaLaunchKernel,216,42,0
cudaLaunchKernel,164,52,0
cudaLaunchKernel,252,40,0
cudaOccupancyMaxActiveBlocksPerMultiprocessorWithFlags,36,44,0
cudaLaunchKernel,264,50,0
cudaLaunchKernel,84,50,0
cudaLaunchKernel,128,46,0
cudaLaunchKernel,216,52,0
cudaLaunchKernel,272,50,0
cudaLaunchKernel,128,53,0
cudaLaunchKernel,216,49,0
cudaLaunchKernel,128,44,0
cudaLaunchKernel,216,46,0
cudaLaunchKernel,272,43,0
cudaLaunchKernel,128,51,0
cudaLaunchKernel,216,37,0
cudaLaunchKernel,164,35,0
cudaLaunchKernel,128,44,0
cudaLaunchKernel,216,47,0
cudaLaunchKernel,128,45,0
cudaLaunchKernel,216,45,0
cudaLaunchKernel,164,41,0
cudaLaunchKernel,252,43,0
cudaOccupancyMaxActiveBlocksPerMultiprocessorWithFlags,36,43,0
cudaLaunchKernel,264,41,0
cudaLaunchKernel,84,39,0
cudaLaunchKernel,128,37,0
cudaLaunchKernel,216,36,0
cudaLaunchKernel,272,46,0
cudaLaunchKernel,128,49,0
cudaLaunchKernel,216,41,0
cudaLaunchKernel,128,36,0
cudaLaunchKernel,216,35,0
cudaLaunchKernel,272,37,0
cudaLaunchKernel,128,35,0
cudaLaunchKernel,216,37,0
cudaLaunchKernel,164,36,0
cudaLaunchKernel,128,34,0
cudaLaunchKernel,216,35,0
cudaLaunchKernel,128,37,0
cudaLaunchKernel,216,39,0
cudaLaunchKernel,164,36,0
cudaLaunchKernel,252,34,0
cudaOccupancyMaxActiveBlocksPerMultiprocessorWithFlags,36,34,0
cudaLaunchKernel,264,34,0
cudaLaunchKernel,84,37,0
cudaLaunchKernel,128,34,0
cudaLaunchKernel,216,39,0
cudaLaunchKernel,272,48,0
cudaLaunchKernel,128,53,0
cudaLaunchKernel,216,50,0
cudaLaunchKernel,128,50,0
cudaLaunchKernel,216,49,0
cudaLaunchKernel,272,51,0
cudaLaunchKernel,128,48,0
cudaLaunchKernel,216,50,0
cudaLaunchKernel,164,51,0
cudaLaunchKernel,128,43,0
cudaLaunchKernel,216,45,0
cudaLaunchKernel,128,52,0
cudaLaunchKernel,216,49,0
cudaLaunchKernel,164,40,0
cudaLaunchKernel,252,48,0
cudaOccupancyMaxActiveBlocksPerMultiprocessorWithFlags,36,41,0
cudaLaunchKernel,264,42,0
cudaLaunchKernel,84,46,0
cudaLaunchKernel,128,42,0
cudaLaunchKernel,216,43,0
cudaLaunchKernel,272,47,0
cudaLaunchKernel,128,47,0
cudaLaunchKernel,216,47,0
cudaLaunchKernel,128,46,0
cudaLaunchKernel,216,48,0
cudaLaunchKernel,272,39,0
cudaLaunchKernel,128,37,0
cudaLaunchKernel,216,37,0
cudaLaunchKernel,164,35,0
cudaLaunchKernel,128,38,0
cudaLaunchKernel,216,40,0
cudaLaunchKernel,128,41,0
cudaLaunchKernel,216,46,0
cudaLaunchKernel,164,45,0
cudaLaunchKernel,252,46,0
cudaOccupancyMaxActiveBlocksPerMultiprocessorWithFlags,36,34,0
cudaLaunchKernel,264,39,0
cudaLaunchKernel,84,45,0
cudaLaunchKernel,128,53,0
cudaLaunchKernel,216,50,0
cudaLaunchKernel,272,48,0
cudaLaunchKernel,128,49,0
cudaLaunchKernel,216,49,0
cudaLaunchKernel,128,38,0
cudaLaunchKernel,216,52,0
cudaLaunchKernel,272,49,0
cudaLaunchKernel,128,50,0
cudaLaunchKernel,216,49,0
cudaLaunchKernel,164,49,0
cudaLaunchKernel,128,53,0
cudaLaunchKernel,216,48,0
cudaLaunchKernel,128,43,0
cudaLaunchKernel,216,45,0
cudaLaunchKernel,164,49,0
cudaLaunchKernel,252,43,0
cudaOccupancyMaxActiveBlocksPerMultiprocessorWithFlags,36,34,0
cudaLaunchKernel,264,44,0
cudaLaunchKernel,84,37,0
cudaLaunchKernel,128,36,0
cudaLaunchKernel,216,42,0
cudaLaunchKernel,272,41,0
cudaLaunchKernel,128,38,0
cudaLaunchKernel,216,51,0
cudaLaunchKernel,128,50,0
cudaLaunchKernel,216,43,0
cudaLaunchKernel,272,41,0
cudaLaunchKernel,128,37,0
cudaLaunchKernel,216,37,0
cudaLaunchKernel,164,37,0
cudaLaunchKernel,128,38,0
cudaLaunchKernel,216,37,0
cudaLaunchKernel,128,47,0
cudaLaunchKernel,216,52,0
cudaLaunchKernel,164,49,0
cudaLaunchKernel,252,50,0
cudaOccupancyMaxActiveBlocksPerMultiprocessorWithFlags,36,46,0
cudaLaunchKernel,264,40,0
cudaLaunchKernel,84,40,0
cudaLaunchKernel,128,45,0
cudaLaunchKernel,216,42,0
cudaLaunchKernel,272,52,0
cudaLaunchKernel,128,49,0
cudaLaunchKernel,216,45,0
cudaLaunchKernel,128,46,0
cudaLaunchKernel,216,46,0
cudaLaunchKernel,272,46,0
cudaLaunchKernel,128,45,0
cudaLaunchKernel,216,40,0
cudaLaunchKernel,164,48,0
cudaLaunchKernel,128,44,0
cudaLaunchKernel,216,41,0
cudaLaunchKernel,128,47,0
cudaLaunchKernel,216,46,0
cudaLaunchKernel,164,44,0
cudaLaunchKernel,252,42,0
cudaOccupancyMaxActiveBlocksPerMultiprocessorWithFlags,36,41,0
cudaLaunchKernel,264,45,0
cudaLaunchKernel,84,50,0
cudaLaunchKernel,128,45,0
cudaLaunchKernel,216,46,0
cudaLaunchKernel,272,50,0
cudaLaunchKernel,128,51,0
cudaLaunchKernel,216,50,0
cudaLaunchKernel,128,49,0
cudaLaunchKernel,216,44,0
cudaLaunchKernel,272,43,0
cudaLaunchKernel,128,45,0
cudaLaunchKernel,216,45,0
cudaLaunchKernel,164,47,0
cudaLaunchKernel,128,44,0
cudaLaunchKernel,216,37,0
cudaLaunchKernel,128,36,0
cudaLaunchKernel,216,35,0
cudaLaunchKernel,164,36,0
cudaLaunchKernel,252,38,0
cudaOccupancyMaxActiveBlocksPerMultiprocessorWithFlags,36,41,0
cudaLaunchKernel,264,49,0
cudaLaunchKernel,84,55,0
cudaLaunchKernel,128,43,0
cudaLaunchKernel,216,49,0
cudaLaunchKernel,272,50,0
cudaLaunchKernel,128,51,0
cudaLaunchKernel,216,51,0
cudaLaunchKernel,128,48,0
cudaLaunchKernel,216,43,0
cudaLaunchKernel,272,43,0
cudaLaunchKernel,128,54,0
cudaLaunchKernel,216,46,0
cudaLaunchKernel,164,44,0
cudaLaunchKernel,128,41,0
cudaLaunchKernel,216,36,0
cudaLaunchKernel,128,35,0
cudaLaunchKernel,216,36,0
cudaLaunchKernel,164,36,0
cudaLaunchKernel,252,36,0
cudaOccupancyMaxActiveBlocksPerMultiprocessorWithFlags,36,35,0
cudaLaunchKernel,264,45,0
cudaLaunchKernel,84,51,0
cudaLaunchKernel,128,38,0
cudaLaunchKernel,216,51,0
cudaLaunchKernel,272,50,0
cudaLaunchKernel,128,48,0
cudaLaunchKernel,216,49,0
cudaLaunchKernel,128,47,0
cudaLaunchKernel,216,44,0
cudaLaunchKernel,272,38,0
cudaLaunchKernel,128,48,0
cudaLaunchKernel,216,51,0
cudaLaunchKernel,164,49,0
cudaLaunchKernel,128,39,0
cudaLaunchKernel,216,47,0
cudaLaunchKernel,128,56,0
cudaLaunchKernel,216,54,0
cudaLaunchKernel,164,50,0
cudaLaunchKernel,252,53,0
cudaOccupancyMaxActiveBlocksPerMultiprocessorWithFlags,36,44,0
cudaLaunchKernel,264,49,0
cudaLaunchKernel,84,48,0
cudaLaunchKernel,128,50,0
cudaLaunchKernel,216,50,0
cudaLaunchKernel,272,40,0
cudaLaunchKernel,128,48,0
cudaLaunchKernel,216,56,0
cudaLaunchKernel,128,50,0
cudaLaunchKernel,216,50,0
cudaLaunchKernel,272,52,0
cudaLaunchKernel,128,49,0
cudaLaunchKernel,216,41,0
cudaLaunchKernel,164,50,0
cudaLaunchKernel,128,39,0
cudaLaunchKernel,216,46,0
cudaLaunchKernel,128,39,0
cudaLaunchKernel,216,45,0
cudaLaunchKernel,164,47,0
cudaLaunchKernel,252,48,0
cudaOccupancyMaxActiveBlocksPerMultiprocessorWithFlags,36,42,0
cudaLaunchKernel,264,49,0
cudaLaunchKernel,84,38,0
cudaLaunchKernel,128,37,0
cudaLaunchKernel,216,37,0
cudaLaunchKernel,272,34,0
cudaLaunchKernel,128,36,0
cudaLaunchKernel,216,39,0
cudaLaunchKernel,128,44,0
cudaLaunchKernel,216,42,0
cudaLaunchKernel,272,38,0
cudaLaunchKernel,128,36,0
cudaLaunchKernel,216,38,0
cudaLaunchKernel,164,35,0
cudaLaunchKernel,128,35,0
cudaLaunchKernel,216,35,0
cudaLaunchKernel,128,34,0
cudaLaunchKernel,216,35,0
cudaLaunchKernel,164,38,0
cudaLaunchKernel,252,43,0
cudaOccupancyMaxActiveBlocksPerMultiprocessorWithFlags,36,34,0
cudaLaunchKernel,264,36,0
cudaLaunchKernel,84,37,0
cudaLaunchKernel,128,35,0
cudaLaunchKernel,216,36,0
cudaLaunchKernel,184,34,0
cudaLaunchKernel,184,38,0
cudaLaunchKernel,208,37,0
cudaLaunchKernel,272,37,0
cudaLaunchKernel,128,35,0
cudaLaunchKernel,216,36,0
cudaLaunchKernel,128,35,0
cudaLaunchKernel,216,37,0
cudaLaunchKernel,272,34,0
cudaLaunchKernel,128,35,0
cudaLaunchKernel,216,37,0
cudaMemcpyAsync,37,265,0
cudaStreamSynchronize,8,35,0
cudaStreamSynchronize,8,22,0
cudaStreamSynchronize,8,36,0
cudaMemcpyAsync,8228,41,0
cudaStreamSynchronize,8,36,0
cudaStreamSynchronize,8,37,0
cudaMemcpyAsync,40,35,0
cudaStreamSynchronize,8,36,0
cudaStreamSynchronize,8,33,0
cudaMemcpyAsync,44,36,0
cudaStreamSynchronize,8,35,0
cudaStreamSynchronize,8,42,0
cudaMemcpyAsync,44,34,0
cudaStreamSynchronize,8,40,0
cudaStreamSynchronize,8,42,0
cudaMemcpyAsync,548,38,0
cudaStreamSynchronize,8,42,0
cudaStreamSynchronize,8,41,0
cudaMemcpyAsync,40,38,0
cudaStreamSynchronize,8,41,0
cudaLaunchKernel,272,44,0
cudaLaunchKernel,128,39,0
cudaLaunchKernel,216,41,0
cudaLaunchKernel,164,38,0
cudaLaunchKernel,128,39,0
cudaLaunchKernel,216,41,0
cudaLaunchKernel,128,40,0
cudaLaunchKernel,216,41,0
cudaLaunchKernel,164,40,0
cudaLaunchKernel,252,41,0
cudaOccupancyMaxActiveBlocksPerMultiprocessorWithFlags,36,38,0
cudaLaunchKernel,264,41,0
cudaLaunchKernel,84,40,0
cudaLaunchKernel,128,42,0
cudaLaunchKernel,216,40,0
cudaLaunchKernel,272,43,0
cudaLaunchKernel,128,38,0
cudaLaunchKernel,216,39,0
cudaLaunchKernel,128,39,0
cudaLaunchKernel,216,41,0
cudaLaunchKernel,272,40,0
cudaLaunchKernel,128,39,0
cudaLaunchKernel,216,40,0
cudaLaunchKernel,164,40,0
cudaLaunchKernel,128,39,0
cudaLaunchKernel,216,43,0
cudaLaunchKernel,128,39,0
cudaLaunchKernel,216,40,0
cudaLaunchKernel,164,40,0
cudaLaunchKernel,252,40,0
cudaOccupancyMaxActiveBlocksPerMultiprocessorWithFlags,36,37,0
cudaLaunchKernel,264,42,0
cudaLaunchKernel,84,40,0
cudaLaunchKernel,128,39,0
cudaLaunchKernel,216,39,0
cudaLaunchKernel,272,41,0
cudaLaunchKernel,128,42,0
cudaLaunchKernel,216,45,0
cudaLaunchKernel,128,41,0
cudaLaunchKernel,216,40,0
cudaLaunchKernel,272,41,0
cudaLaunchKernel,128,39,0
cudaLaunchKernel,216,41,0
cudaLaunchKernel,164,39,0
cudaLaunchKernel,128,43,0
cudaLaunchKernel,216,39,0
cudaLaunchKernel,128,40,0
cudaLaunchKernel,216,40,0
cudaLaunchKernel,164,41,0
cudaLaunchKernel,252,41,0
cudaOccupancyMaxActiveBlocksPerMultiprocessorWithFlags,36,39,0
cudaLaunchKernel,264,40,0
cudaLaunchKernel,84,40,0
cudaLaunchKernel,128,39,0
cudaLaunchKernel,216,42,0
cudaLaunchKernel,272,39,0
cudaLaunchKernel,128,40,0
cudaLaunchKernel,216,40,0
cudaLaunchKernel,128,41,0
cudaLaunchKernel,216,39,0
cudaLaunchKernel,272,41,0
cudaLaunchKernel,128,41,0
cudaLaunchKernel,216,39,0
cudaLaunchKernel,164,38,0
cudaLaunchKernel,128,42,0
cudaLaunchKernel,216,40,0
cudaLaunchKernel,128,41,0
cudaLaunchKernel,216,40,0
cudaLaunchKernel,164,48,0
cudaLaunchKernel,252,39,0
cudaOccupancyMaxActiveBlocksPerMultiprocessorWithFlags,36,37,0
cudaLaunchKernel,264,40,0
cudaLaunchKernel,84,42,0
cudaLaunchKernel,128,42,0
cudaLaunchKernel,216,41,0
cudaLaunchKernel,272,39,0
cudaLaunchKernel,128,40,0
cudaLaunchKernel,216,39,0
cudaLaunchKernel,128,41,0
cudaLaunchKernel,216,40,0
cudaLaunchKernel,272,38,0
cudaLaunchKernel,128,40,0
cudaLaunchKernel,216,41,0
cudaLaunchKernel,164,43,0
cudaLaunchKernel,128,40,0
cudaLaunchKernel,216,42,0
cudaLaunchKernel,128,39,0
cudaLaunchKernel,216,39,0
cudaLaunchKernel,164,40,0
cudaLaunchKernel,252,40,0
cudaOccupancyMaxActiveBlocksPerMultiprocessorWithFlags,36,38,0
cudaLaunchKernel,264,40,0
cudaLaunchKernel,84,38,0
cudaLaunchKernel,128,43,0
cudaLaunchKernel,216,39,0
cudaLaunchKernel,272,41,0
cudaLaunchKernel,128,39,0
cudaLaunchKernel,216,42,0
cudaLaunchKernel,128,39,0
cudaLaunchKernel,216,40,0
cudaLaunchKernel,272,41,0
cudaLaunchKernel,128,39,0
cudaLaunchKernel,216,43,0
cudaLaunchKernel,164,40,0
cudaLaunchKernel,128,38,0
cudaLaunchKernel,216,39,0
cudaLaunchKernel,128,39,0
cudaLaunchKernel,216,39,0
cudaLaunchKernel,164,40,0
cudaLaunchKernel,252,40,0
cudaOccupancyMaxActiveBlocksPerMultiprocessorWithFlags,36,38,0
cudaLaunchKernel,264,41,0
cudaLaunchKernel,84,43,0
cudaLaunchKernel,128,39,0
cudaLaunchKernel,216,40,0
cudaLaunchKernel,272,38,0
cudaLaunchKernel,128,39,0
cudaLaunchKernel,216,40,0
cudaLaunchKernel,128,38,0
cudaLaunchKernel,216,41,0
cudaLaunchKernel,272,38,0
cudaLaunchKernel,128,45,0
cudaLaunchKernel,216,39,0
cudaLaunchKernel,164,39,0
cudaLaunchKernel,128,39,0
cudaLaunchKernel,216,38,0
cudaLaunchKernel,128,39,0
cudaLaunchKernel,216,40,0
cudaLaunchKernel,164,39,0
cudaLaunchKernel,252,40,0
cudaOccupancyMaxActiveBlocksPerMultiprocessorWithFlags,36,38,0
cudaLaunchKernel,264,42,0
cudaLaunchKernel,84,39,0
cudaLaunchKernel,128,39,0
cudaLaunchKernel,216,39,0
cudaLaunchKernel,272,39,0
cudaLaunchKernel,128,38,0
cudaLaunchKernel,216,40,0
cudaLaunchKernel,128,39,0
cudaLaunchKernel,216,41,0
cudaLaunchKernel,272,41,0
cudaLaunchKernel,128,41,0
cudaLaunchKernel,216,40,0
cudaLaunchKernel,164,40,0
cudaLaunchKernel,128,47,0
cudaLaunchKernel,216,41,0
cudaLaunchKernel,128,40,0
cudaLaunchKernel,216,40,0
cudaLaunchKernel,164,39,0
cudaLaunchKernel,252,40,0
cudaOccupancyMaxActiveBlocksPerMultiprocessorWithFlags,36,39,0
cudaLaunchKernel,264,41,0
cudaLaunchKernel,84,40,0
cudaLaunchKernel,128,39,0
cudaLaunchKernel,216,41,0
cudaLaunchKernel,272,40,0
cudaLaunchKernel,128,37,0
cudaLaunchKernel,216,41,0
cudaLaunchKernel,128,40,0
cudaLaunchKernel,216,40,0
cudaLaunchKernel,272,42,0
cudaLaunchKernel,128,39,0
cudaLaunchKernel,216,39,0
cudaLaunchKernel,164,40,0
cudaLaunchKernel,128,39,0
cudaLaunchKernel,216,39,0
cudaLaunchKernel,128,39,0
cudaLaunchKernel,216,41,0
cudaLaunchKernel,164,40,0
cudaLaunchKernel,252,40,0
cudaOccupancyMaxActiveBlocksPerMultiprocessorWithFlags,36,40,0
cudaLaunchKernel,264,40,0
cudaLaunchKernel,84,41,0
cudaLaunchKernel,128,38,0
cudaLaunchKernel,216,39,0
cudaLaunchKernel,272,40,0
cudaLaunchKernel,128,38,0
cudaLaunchKernel,216,42,0
cudaLaunchKernel,128,39,0
cudaLaunchKernel,216,44,0
cudaLaunchKernel,272,39,0
cudaLaunchKernel,128,40,0
cudaLaunchKernel,216,39,0
cudaLaunchKernel,164,39,0
cudaLaunchKernel,128,40,0
cudaLaunchKernel,216,40,0
cudaLaunchKernel,128,40,0
cudaLaunchKernel,216,40,0
cudaLaunchKernel,164,40,0
cudaLaunchKernel,252,42,0
cudaOccupancyMaxActiveBlocksPerMultiprocessorWithFlags,36,38,0
cudaLaunchKernel,264,42,0
cudaLaunchKernel,84,40,0
cudaLaunchKernel,128,40,0
cudaLaunchKernel,216,39,0
cudaLaunchKernel,272,39,0
cudaLaunchKernel,128,39,0
cudaLaunchKernel,216,39,0
cudaLaunchKernel,128,41,0
cudaLaunchKernel,216,42,0
cudaLaunchKernel,272,39,0
cudaLaunchKernel,128,40,0
cudaLaunchKernel,216,41,0
cudaLaunchKernel,164,40,0
cudaLaunchKernel,128,39,0
cudaLaunchKernel,216,41,0
cudaLaunchKernel,128,39,0
cudaLaunchKernel,216,41,0
cudaLaunchKernel,164,44,0
cudaLaunchKernel,252,40,0
cudaOccupancyMaxActiveBlocksPerMultiprocessorWithFlags,36,38,0
cudaLaunchKernel,264,41,0
cudaLaunchKernel,84,40,0
cudaLaunchKernel,128,40,0
cudaLaunchKernel,216,40,0
cudaLaunchKernel,272,39,0
cudaLaunchKernel,128,39,0
cudaLaunchKernel,216,40,0
cudaLaunchKernel,128,43,0
cudaLaunchKernel,216,41,0
cudaLaunchKernel,272,37,0
cudaLaunchKernel,128,45,0
cudaLaunchKernel,216,40,0
cudaLaunchKernel,164,39,0
cudaLaunchKernel,128,40,0
cudaLaunchKernel,216,40,0
cudaLaunchKernel,128,39,0
cudaLaunchKernel,216,43,0
cudaLaunchKernel,164,40,0
cudaLaunchKernel,252,40,0
cudaOccupancyMaxActiveBlocksPerMultiprocessorWithFlags,36,38,0
cudaLaunchKernel,264,40,0
cudaLaunchKernel,84,41,0
cudaLaunchKernel,128,39,0
cudaLaunchKernel,216,41,0
cudaLaunchKernel,272,40,0
cudaLaunchKernel,128,37,0
cudaLaunchKernel,216,42,0
cudaLaunchKernel,128,39,0
cudaLaunchKernel,216,40,0
cudaLaunchKernel,272,39,0
cudaLaunchKernel,128,40,0
cudaLaunchKernel,216,39,0
cudaLaunchKernel,164,39,0
cudaLaunchKernel,128,40,0
cudaLaunchKernel,216,41,0
cudaLaunchKernel,128,39,0
cudaLaunchKernel,216,46,0
cudaLaunchKernel,164,39,0
cudaLaunchKernel,252,39,0
cudaOccupancyMaxActiveBlocksPerMultiprocessorWithFlags,36,39,0
cudaLaunchKernel,264,40,0
cudaLaunchKernel,84,40,0
cudaLaunchKernel,128,39,0
cudaLaunchKernel,216,41,0
cudaLaunchKernel,272,39,0
cudaLaunchKernel,128,43,0
cudaLaunchKernel,216,38,0
cudaLaunchKernel,128,39,0
cudaLaunchKernel,216,43,0
cudaLaunchKernel,272,41,0
cudaLaunchKernel,128,39,0
cudaLaunchKernel,216,41,0
cudaLaunchKernel,164,40,0
cudaLaunchKernel,128,39,0
cudaLaunchKernel,216,41,0
cudaLaunchKernel,128,42,0
cudaLaunchKernel,216,40,0
cudaLaunchKernel,164,41,0
cudaLaunchKernel,252,39,0
cudaOccupancyMaxActiveBlocksPerMultiprocessorWithFlags,36,40,0
cudaLaunchKernel,264,42,0
cudaLaunchKernel,84,41,0
cudaLaunchKernel,128,41,0
cudaLaunchKernel,216,40,0
cudaLaunchKernel,272,40,0
cudaLaunchKernel,128,42,0
cudaLaunchKernel,216,40,0
cudaLaunchKernel,128,41,0
cudaLaunchKernel,216,39,0
cudaLaunchKernel,272,40,0
cudaLaunchKernel,128,39,0
cudaLaunchKernel,216,41,0
cudaLaunchKernel,164,41,0
cudaLaunchKernel,128,40,0
cudaLaunchKernel,216,42,0
cudaLaunchKernel,128,39,0
cudaLaunchKernel,216,41,0
cudaLaunchKernel,164,40,0
cudaLaunchKernel,252,40,0
cudaOccupancyMaxActiveBlocksPerMultiprocessorWithFlags,36,35,0
cudaLaunchKernel,264,38,0
cudaLaunchKernel,84,40,0
cudaLaunchKernel,128,39,0
cudaLaunchKernel,216,44,0
cudaLaunchKernel,272,39,0
cudaLaunchKernel,128,41,0
cudaLaunchKernel,216,46,0
cudaLaunchKernel,128,40,0
cudaLaunchKernel,216,40,0
cudaLaunchKernel,272,41,0
cudaLaunchKernel,128,43,0
cudaLaunchKernel,216,41,0
cudaLaunchKernel,164,40,0
cudaLaunchKernel,128,39,0
cudaLaunchKernel,216,42,0
cudaLaunchKernel,128,38,0
cudaLaunchKernel,216,40,0
cudaLaunchKernel,164,40,0
cudaLaunchKernel,252,41,0
cudaOccupancyMaxActiveBlocksPerMultiprocessorWithFlags,36,38,0
cudaLaunchKernel,264,40,0
cudaLaunchKernel,84,40,0
cudaLaunchKernel,128,40,0
cudaLaunchKernel,216,41,0
cudaLaunchKernel,272,40,0
cudaLaunchKernel,128,40,0
cudaLaunchKernel,216,40,0
cudaLaunchKernel,128,40,0
cudaLaunchKernel,216,42,0
cudaLaunchKernel,272,40,0
cudaLaunchKernel,128,41,0
cudaLaunchKernel,216,41,0
cudaLaunchKernel,164,39,0
cudaLaunchKernel,128,43,0
cudaLaunchKernel,216,40,0
cudaLaunchKernel,128,41,0
cudaLaunchKernel,216,40,0
cudaLaunchKernel,164,40,0
cudaLaunchKernel,252,40,0
cudaOccupancyMaxActiveBlocksPerMultiprocessorWithFlags,36,38,0
cudaLaunchKernel,264,41,0
cudaLaunchKernel,84,40,0
cudaLaunchKernel,128,39,0
cudaLaunchKernel,216,41,0
cudaLaunchKernel,272,40,0
cudaLaunchKernel,128,39,0
cudaLaunchKernel,216,41,0
cudaLaunchKernel,128,39,0
cudaLaunchKernel,216,39,0
cudaLaunchKernel,272,39,0
cudaLaunchKernel,128,40,0
cudaLaunchKernel,216,40,0
cudaLaunchKernel,164,41,0
cudaLaunchKernel,128,40,0
cudaLaunchKernel,216,42,0
cudaLaunchKernel,128,39,0
cudaLaunchKernel,216,40,0
cudaLaunchKernel,164,40,0
cudaLaunchKernel,252,40,0
cudaOccupancyMaxActiveBlocksPerMultiprocessorWithFlags,36,37,0
cudaLaunchKernel,264,41,0
cudaLaunchKernel,84,39,0
cudaLaunchKernel,128,43,0
cudaLaunchKernel,216,41,0
cudaLaunchKernel,272,40,0
cudaLaunchKernel,128,41,0
cudaLaunchKernel,216,39,0
cudaLaunchKernel,128,40,0
cudaLaunchKernel,216,43,0
cudaLaunchKernel,272,39,0
cudaLaunchKernel,128,40,0
cudaLaunchKernel,216,41,0
cudaLaunchKernel,164,42,0
cudaLaunchKernel,128,39,0
cudaLaunchKernel,216,40,0
cudaLaunchKernel,128,39,0
cudaLaunchKernel,216,39,0
cudaLaunchKernel,164,41,0
cudaLaunchKernel,252,41,0
cudaOccupancyMaxActiveBlocksPerMultiprocessorWithFlags,36,38,0
cudaLaunchKernel,264,41,0
cudaLaunchKernel,84,42,0
cudaLaunchKernel,128,49,0
cudaLaunchKernel,216,41,0
cudaLaunchKernel,272,41,0
cudaLaunchKernel,128,39,0
cudaLaunchKernel,216,40,0
cudaLaunchKernel,128,40,0
cudaLaunchKernel,216,40,0
cudaLaunchKernel,272,40,0
cudaLaunchKernel,128,39,0
cudaLaunchKernel,216,43,0
cudaLaunchKernel,164,40,0
cudaLaunchKernel,128,38,0
cudaLaunchKernel,216,40,0
cudaLaunchKernel,128,39,0
cudaLaunchKernel,216,41,0
cudaLaunchKernel,164,39,0
cudaLaunchKernel,252,39,0
cudaOccupancyMaxActiveBlocksPerMultiprocessorWithFlags,36,39,0
cudaLaunchKernel,264,40,0
cudaLaunchKernel,84,43,0
cudaLaunchKernel,128,39,0
cudaLaunchKernel,216,40,0
cudaLaunchKernel,272,39,0
cudaLaunchKernel,128,40,0
cudaLaunchKernel,216,40,0
cudaLaunchKernel,128,38,0
cudaLaunchKernel,216,38,0
cudaLaunchKernel,272,41,0
cudaLaunchKernel,128,41,0
cudaLaunchKernel,216,40,0
cudaLaunchKernel,164,40,0
cudaLaunchKernel,128,39,0
cudaLaunchKernel,216,38,0
cudaLaunchKernel,128,39,0
cudaLaunchKernel,216,40,0
cudaLaunchKernel,164,40,0
cudaLaunchKernel,252,41,0
cudaOccupancyMaxActiveBlocksPerMultiprocessorWithFlags,36,36,0
cudaLaunchKernel,264,42,0
cudaLaunchKernel,84,40,0
cudaLaunchKernel,128,40,0
cudaLaunchKernel,216,40,0
cudaLaunchKernel,272,40,0
cudaLaunchKernel,128,38,0
cudaLaunchKernel,216,39,0
cudaLaunchKernel,128,39,0
cudaLaunchKernel,216,39,0
cudaLaunchKernel,272,41,0
cudaLaunchKernel,128,41,0
cudaLaunchKernel,216,38,0
cudaLaunchKernel,164,40,0
cudaLaunchKernel,128,40,0
cudaLaunchKernel,216,39,0
cudaLaunchKernel,128,40,0
cudaLaunchKernel,216,40,0
cudaLaunchKernel,164,39,0
cudaLaunchKernel,252,40,0
cudaOccupancyMaxActiveBlocksPerMultiprocessorWithFlags,36,40,0
cudaLaunchKernel,264,40,0
cudaLaunchKernel,84,40,0
cudaLaunchKernel,128,40,0
cudaLaunchKernel,216,38,0
cudaLaunchKernel,184,38,0
cudaLaunchKernel,184,42,0
cudaLaunchKernel,208,39,0
cudaLaunchKernel,272,39,0
cudaLaunchKernel,128,39,0
cudaLaunchKernel,216,42,0
cudaLaunchKernel,128,38,0
cudaLaunchKernel,216,40,0
cudaLaunchKernel,272,40,0
cudaLaunchKernel,128,39,0
cudaLaunchKernel,216,40,0
cudaMemcpyAsync,37,122,0
cudaStreamSynchronize,8,27,0
cudaStreamSynchronize,8,23,0
cudaStreamSynchronize,8,42,0
cudaMemcpyAsync,8228,49,0
cudaStreamSynchronize,8,41,0
cudaStreamSynchronize,8,40,0
cudaMemcpyAsync,40,38,0
cudaStreamSynchronize,8,42,0
cudaStreamSynchronize,8,42,0
cudaMemcpyAsync,44,38,0
cudaStreamSynchronize,8,43,0
cudaStreamSynchronize,8,41,0
cudaMemcpyAsync,44,39,0
cudaStreamSynchronize,8,42,0
cudaStreamSynchronize,8,40,0
cudaMemcpyAsync,548,38,0
cudaStreamSynchronize,8,41,0
cudaStreamSynchronize,8,42,0
cudaMemcpyAsync,40,39,0
cudaStreamSynchronize,8,41,0
cudaLaunchKernel,272,43,0
cudaLaunchKernel,128,40,0
cudaLaunchKernel,216,40,0
cudaLaunchKernel,164,41,0
cudaLaunchKernel,128,40,0
cudaLaunchKernel,216,40,0
cudaLaunchKernel,128,39,0
cudaLaunchKernel,216,41,0
cudaLaunchKernel,164,41,0
cudaLaunchKernel,252,39,0
cudaOccupancyMaxActiveBlocksPerMultiprocessorWithFlags,36,38,0
cudaLaunchKernel,264,40,0
cudaLaunchKernel,84,40,0
cudaLaunchKernel,128,40,0
cudaLaunchKernel,216,40,0
cudaLaunchKernel,272,39,0
cudaLaunchKernel,128,41,0
cudaLaunchKernel,216,42,0
cudaLaunchKernel,128,39,0
cudaLaunchKernel,216,40,0
cudaLaunchKernel,272,39,0
cudaLaunchKernel,128,38,0
cudaLaunchKernel,216,39,0
cudaLaunchKernel,164,40,0
cudaLaunchKernel,128,38,0
cudaLaunchKernel,216,40,0
cudaLaunchKernel,128,41,0
cudaLaunchKernel,216,43,0
cudaLaunchKernel,164,41,0
cudaLaunchKernel,252,39,0
cudaOccupancyMaxActiveBlocksPerMultiprocessorWithFlags,36,38,0
cudaLaunchKernel,264,42,0
cudaLaunchKernel,84,40,0
cudaLaunchKernel,128,40,0
cudaLaunchKernel,216,39,0
cudaLaunchKernel,272,39,0
cudaLaunchKernel,128,38,0
cudaLaunchKernel,216,42,0
cudaLaunchKernel,128,41,0
cudaLaunchKernel,216,38,0
cudaLaunchKernel,272,40,0
cudaLaunchKernel,128,40,0
cudaLaunchKernel,216,40,0
cudaLaunchKernel,164,39,0
cudaLaunchKernel,128,40,0
cudaLaunchKernel,216,40,0
cudaLaunchKernel,128,42,0
cudaLaunchKernel,216,39,0
cudaLaunchKernel,164,41,0
cudaLaunchKernel,252,38,0
cudaOccupancyMaxActiveBlocksPerMultiprocessorWithFlags,36,39,0
cudaLaunchKernel,264,38,0
cudaLaunchKernel,84,40,0
cudaLaunchKernel,128,39,0
cudaLaunchKernel,216,39,0
cudaLaunchKernel,272,39,0
cudaLaunchKernel,128,42,0
cudaLaunchKernel,216,40,0
cudaLaunchKernel,128,39,0
cudaLaunchKernel,216,46,0
cudaLaunchKernel,272,38,0
cudaLaunchKernel,128,38,0
cudaLaunchKernel,216,41,0
cudaLaunchKernel,164,39,0
cudaLaunchKernel,128,40,0
cudaLaunchKernel,216,44,0
cudaLaunchKernel,128,40,0
cudaLaunchKernel,216,39,0
cudaLaunchKernel,164,40,0
cudaLaunchKernel,252,41,0
cudaOccupancyMaxActiveBlocksPerMultiprocessorWithFlags,36,38,0
cudaLaunchKernel,264,41,0
cudaLaunchKernel,84,42,0
cudaLaunchKernel,128,41,0
cudaLaunchKernel,216,42,0
cudaLaunchKernel,272,41,0
cudaLaunchKernel,128,39,0
cudaLaunchKernel,216,39,0
cudaLaunchKernel,128,40,0
cudaLaunchKernel,216,34,0
cudaLaunchKernel,272,39,0
cudaLaunchKernel,128,39,0
cudaLaunchKernel,216,39,0
cudaLaunchKernel,164,39,0
cudaLaunchKernel,128,37,0
cudaLaunchKernel,216,42,0
cudaLaunchKernel,128,40,0
cudaLaunchKernel,216,41,0
cudaLaunchKernel,164,38,0
cudaLaunchKernel,252,41,0
cudaOccupancyMaxActiveBlocksPerMultiprocessorWithFlags,36,37,0
cudaLaunchKernel,264,40,0
cudaLaunchKernel,84,39,0
cudaLaunchKernel,128,38,0
cudaLaunchKernel,216,42,0
cudaLaunchKernel,272,39,0
cudaLaunchKernel,128,38,0
cudaLaunchKernel,216,41,0
cudaLaunchKernel,128,40,0
cudaLaunchKernel,216,40,0
cudaLaunchKernel,272,40,0
cudaLaunchKernel,128,39,0
cudaLaunchKernel,216,41,0
cudaLaunchKernel,164,42,0
cudaLaunchKernel,128,44,0
cudaLaunchKernel,216,39,0
cudaLaunchKernel,128,38,0
cudaLaunchKernel,216,40,0
cudaLaunchKernel,164,40,0
cudaLaunchKernel,252,40,0
cudaOccupancyMaxActiveBlocksPerMultiprocessorWithFlags,36,38,0
cudaLaunchKernel,264,40,0
cudaLaunchKernel,84,40,0
cudaLaunchKernel,128,41,0
cudaLaunchKernel,216,42,0
cudaLaunchKernel,272,41,0
cudaLaunchKernel,128,38,0
cudaLaunchKernel,216,41,0
cudaLaunchKernel,128,39,0
cudaLaunchKernel,216,41,0
cudaLaunchKernel,272,40,0
cudaLaunchKernel,128,41,0
cudaLaunchKernel,216,42,0
cudaLaunchKernel,164,41,0
cudaLaunchKernel,128,38,0
cudaLaunchKernel,216,41,0
cudaLaunchKernel,128,38,0
cudaLaunchKernel,216,42,0
cudaLaunchKernel,164,39,0
cudaLaunchKernel,252,41,0
cudaOccupancyMaxActiveBlocksPerMultiprocessorWithFlags,36,38,0
cudaLaunchKernel,264,40,0
cudaLaunchKernel,84,43,0
cudaLaunchKernel,128,42,0
cudaLaunchKernel,216,41,0
cudaLaunchKernel,272,47,0
cudaLaunchKernel,128,40,0
cudaLaunchKernel,216,39,0
cudaLaunchKernel,128,40,0
cudaLaunchKernel,216,40,0
cudaLaunchKernel,272,40,0
cudaLaunchKernel,128,41,0
cudaLaunchKernel,216,39,0
cudaLaunchKernel,164,42,0
cudaLaunchKernel,128,40,0
cudaLaunchKernel,216,40,0
cudaLaunchKernel,128,39,0
cudaLaunchKernel,216,41,0
cudaLaunchKernel,164,40,0
cudaLaunchKernel,252,39,0
cudaOccupancyMaxActiveBlocksPerMultiprocessorWithFlags,36,38,0
cudaLaunchKernel,264,40,0
cudaLaunchKernel,84,42,0
cudaLaunchKernel,128,39,0
cudaLaunchKernel,216,41,0
cudaLaunchKernel,272,41,0
cudaLaunchKernel,128,39,0
cudaLaunchKernel,216,41,0
cudaLaunchKernel,128,42,0
cudaLaunchKernel,216,38,0
cudaLaunchKernel,272,39,0
cudaLaunchKernel,128,40,0
cudaLaunchKernel,216,42,0
cudaLaunchKernel,164,39,0
cudaLaunchKernel,128,39,0
cudaLaunchKernel,216,39,0
cudaLaunchKernel,128,40,0
cudaLaunchKernel,216,40,0
cudaLaunchKernel,164,39,0
cudaLaunchKernel,252,40,0
cudaOccupancyMaxActiveBlocksPerMultiprocessorWithFlags,36,38,0
cudaLaunchKernel,264,39,0
cudaLaunchKernel,84,43,0
cudaLaunchKernel,128,39,0
cudaLaunchKernel,216,39,0
cudaLaunchKernel,272,41,0
cudaLaunchKernel,128,39,0
cudaLaunchKernel,216,42,0
cudaLaunchKernel,128,40,0
cudaLaunchKernel,216,41,0
cudaLaunchKernel,272,41,0
cudaLaunchKernel,128,42,0
cudaLaunchKernel,216,40,0
cudaLaunchKernel,164,41,0
cudaLaunchKernel,128,38,0
cudaLaunchKernel,216,43,0
cudaLaunchKernel,128,40,0
cudaLaunchKernel,216,40,0
cudaLaunchKernel,164,40,0
cudaLaunchKernel,252,39,0
cudaOccupancyMaxActiveBlocksPerMultiprocessorWithFlags,36,38,0
cudaLaunchKernel,264,43,0
cudaLaunchKernel,84,40,0
cudaLaunchKernel,128,40,0
cudaLaunchKernel,216,41,0
cudaLaunchKernel,272,39,0
cudaLaunchKernel,128,38,0
cudaLaunchKernel,216,40,0
cudaLaunchKernel,128,39,0
cudaLaunchKernel,216,41,0
cudaLaunchKernel,272,42,0
cudaLaunchKernel,128,39,0
cudaLaunchKernel,216,40,0
cudaLaunchKernel,164,39,0
cudaLaunchKernel,128,41,0
cudaLaunchKernel,216,39,0
cudaLaunchKernel,128,40,0
cudaLaunchKernel,216,33,0
cudaLaunchKernel,164,40,0
cudaLaunchKernel,252,39,0
cudaOccupancyMaxActiveBlocksPerMultiprocessorWithFlags,36,40,0
cudaLaunchKernel,264,41,0
cudaLaunchKernel,84,43,0
cudaLaunchKernel,128,41,0
cudaLaunchKernel,216,39,0
cudaLaunchKernel,272,39,0
cudaLaunchKernel,128,41,0
cudaLaunchKernel,216,40,0
cudaLaunchKernel,128,42,0
cudaLaunchKernel,216,39,0
cudaLaunchKernel,272,42,0
cudaLaunchKernel,128,40,0
cudaLaunchKernel,216,41,0
cudaLaunchKernel,164,40,0
cudaLaunchKernel,128,39,0
cudaLaunchKernel,216,39,0
cudaLaunchKernel,128,40,0
cudaLaunchKernel,216,41,0
cudaLaunchKernel,164,39,0
cudaLaunchKernel,252,43,0
cudaOccupancyMaxActiveBlocksPerMultiprocessorWithFlags,36,40,0
cudaLaunchKernel,264,39,0
cudaLaunchKernel,84,38,0
cudaLaunchKernel,128,39,0
cudaLaunchKernel,216,40,0
cudaLaunchKernel,272,39,0
cudaLaunchKernel,128,40,0
cudaLaunchKernel,216,40,0
cudaLaunchKernel,128,39,0
cudaLaunchKernel,216,43,0
cudaLaunchKernel,272,40,0
cudaLaunchKernel,128,40,0
cudaLaunchKernel,216,39,0
cudaLaunchKernel,164,40,0
cudaLaunchKernel,128,40,0
cudaLaunchKernel,216,39,0
cudaLaunchKernel,128,41,0
cudaLaunchKernel,216,40,0
cudaLaunchKernel,164,40,0
cudaLaunchKernel,252,42,0
cudaOccupancyMaxActiveBlocksPerMultiprocessorWithFlags,36,37,0
cudaLaunchKernel,264,40,0
cudaLaunchKernel,84,39,0
cudaLaunchKernel,128,42,0
cudaLaunchKernel,216,42,0
cudaLaunchKernel,272,39,0
cudaLaunchKernel,128,40,0
cudaLaunchKernel,216,41,0
cudaLaunchKernel,128,41,0
cudaLaunchKernel,216,39,0
cudaLaunchKernel,272,39,0
cudaLaunchKernel,128,39,0
cudaLaunchKernel,216,39,0
cudaLaunchKernel,164,41,0
cudaLaunchKernel,128,40,0
cudaLaunchKernel,216,39,0
cudaLaunchKernel,128,40,0
cudaLaunchKernel,216,39,0
cudaLaunchKernel,164,41,0
cudaLaunchKernel,252,40,0
cudaOccupancyMaxActiveBlocksPerMultiprocessorWithFlags,36,38,0
cudaLaunchKernel,264,41,0
cudaLaunchKernel,84,39,0
cudaLaunchKernel,128,42,0
cudaLaunchKernel,216,39,0
cudaLaunchKernel,272,40,0
cudaLaunchKernel,128,38,0
cudaLaunchKernel,216,39,0
cudaLaunchKernel,128,43,0
cudaLaunchKernel,216,40,0
cudaLaunchKernel,272,40,0
cudaLaunchKernel,128,40,0
cudaLaunchKernel,216,40,0
cudaLaunchKernel,164,40,0
cudaLaunchKernel,128,40,0
cudaLaunchKernel,216,40,0
cudaLaunchKernel,128,39,0
cudaLaunchKernel,216,41,0
cudaLaunchKernel,164,46,0
cudaLaunchKernel,252,41,0
cudaOccupancyMaxActiveBlocksPerMultiprocessorWithFlags,36,37,0
cudaLaunchKernel,264,39,0
cudaLaunchKernel,84,42,0
cudaLaunchKernel,128,39,0
cudaLaunchKernel,216,40,0
cudaLaunchKernel,272,38,0
cudaLaunchKernel,128,40,0
cudaLaunchKernel,216,42,0
cudaLaunchKernel,128,40,0
cudaLaunchKernel,216,39,0
cudaLaunchKernel,272,39,0
cudaLaunchKernel,128,39,0
cudaLaunchKernel,216,40,0
cudaLaunchKernel,164,40,0
cudaLaunchKernel,128,40,0
cudaLaunchKernel,216,40,0
cudaLaunchKernel,128,38,0
cudaLaunchKernel,216,43,0
cudaLaunchKernel,164,40,0
cudaLaunchKernel,252,38,0
cudaOccupancyMaxActiveBlocksPerMultiprocessorWithFlags,36,39,0
cudaLaunchKernel,264,39,0
cudaLaunchKernel,84,39,0
cudaLaunchKernel,128,39,0
cudaLaunchKernel,216,40,0
cudaLaunchKernel,272,39,0
cudaLaunchKernel,128,40,0
cudaLaunchKernel,216,40,0
cudaLaunchKernel,128,39,0
cudaLaunchKernel,216,39,0
cudaLaunchKernel,272,40,0
cudaLaunchKernel,128,38,0
cudaLaunchKernel,216,40,0
cudaLaunchKernel,164,40,0
cudaLaunchKernel,128,40,0
cudaLaunchKernel,216,39,0
cudaLaunchKernel,128,42,0
cudaLaunchKernel,216,40,0
cudaLaunchKernel,164,41,0
cudaLaunchKernel,252,40,0
cudaOccupancyMaxActiveBlocksPerMultiprocessorWithFlags,36,38,0
cudaLaunchKernel,264,39,0
cudaLaunchKernel,84,40,0
cudaLaunchKernel,128,38,0
cudaLaunchKernel,216,40,0
cudaLaunchKernel,272,38,0
cudaLaunchKernel,128,41,0
cudaLaunchKernel,216,40,0
cudaLaunchKernel,128,40,0
cudaLaunchKernel,216,40,0
cudaLaunchKernel,272,40,0
cudaLaunchKernel,128,39,0
cudaLaunchKernel,216,39,0
cudaLaunchKernel,164,38,0
cudaLaunchKernel,128,39,0
cudaLaunchKernel,216,41,0
cudaLaunchKernel,128,40,0
cudaLaunchKernel,216,42,0
cudaLaunchKernel,164,39,0
cudaLaunchKernel,252,39,0
cudaOccupancyMaxActiveBlocksPerMultiprocessorWithFlags,36,37,0
cudaLaunchKernel,264,41,0
cudaLaunchKernel,84,40,0
cudaLaunchKernel,128,40,0
cudaLaunchKernel,216,40,0
cudaLaunchKernel,272,41,0
cudaLaunchKernel,128,40,0
cudaLaunchKernel,216,40,0
cudaLaunchKernel,128,42,0
cudaLaunchKernel,216,39,0
cudaLaunchKernel,272,40,0
cudaLaunchKernel,128,39,0
cudaLaunchKernel,216,42,0
cudaLaunchKernel,164,40,0
cudaLaunchKernel,128,42,0
cudaLaunchKernel,216,46,0
cudaLaunchKernel,128,40,0
cudaLaunchKernel,216,40,0
cudaLaunchKernel,164,39,0
cudaLaunchKernel,252,39,0
cudaOccupancyMaxActiveBlocksPerMultiprocessorWithFlags,36,37,0
cudaLaunchKernel,264,41,0
cudaLaunchKernel,84,41,0
cudaLaunchKernel,128,40,0
cudaLaunchKernel,216,46,0
cudaLaunchKernel,272,39,0
cudaLaunchKernel,128,40,0
cudaLaunchKernel,216,41,0
cudaLaunchKernel,128,39,0
cudaLaunchKernel,216,39,0
cudaLaunchKernel,272,39,0
cudaLaunchKernel,128,40,0
cudaLaunchKernel,216,40,0
cudaLaunchKernel,164,39,0
cudaLaunchKernel,128,43,0
cudaLaunchKernel,216,40,0
cudaLaunchKernel,128,41,0
cudaLaunchKernel,216,41,0
cudaLaunchKernel,164,40,0
cudaLaunchKernel,252,40,0
cudaOccupancyMaxActiveBlocksPerMultiprocessorWithFlags,36,37,0
cudaLaunchKernel,264,40,0
cudaLaunchKernel,84,40,0
cudaLaunchKernel,128,41,0
cudaLaunchKernel,216,39,0
cudaLaunchKernel,272,38,0
cudaLaunchKernel,128,41,0
cudaLaunchKernel,216,41,0
cudaLaunchKernel,128,39,0
cudaLaunchKernel,216,40,0
cudaLaunchKernel,272,40,0
cudaLaunchKernel,128,39,0
cudaLaunchKernel,216,40,0
cudaLaunchKernel,164,43,0
cudaLaunchKernel,128,41,0
cudaLaunchKernel,216,39,0
cudaLaunchKernel,128,41,0
cudaLaunchKernel,216,40,0
cudaLaunchKernel,164,39,0
cudaLaunchKernel,252,39,0
cudaOccupancyMaxActiveBlocksPerMultiprocessorWithFlags,36,38,0
cudaLaunchKernel,264,40,0
cudaLaunchKernel,84,39,0
cudaLaunchKernel,128,42,0
cudaLaunchKernel,216,39,0
cudaLaunchKernel,272,39,0
cudaLaunchKernel,128,40,0
cudaLaunchKernel,216,39,0
cudaLaunchKernel,128,39,0
cudaLaunchKernel,216,41,0
cudaLaunchKernel,272,40,0
cudaLaunchKernel,128,40,0
cudaLaunchKernel,216,42,0
cudaLaunchKernel,164,39,0
cudaLaunchKernel,128,39,0
cudaLaunchKernel,216,40,0
cudaLaunchKernel,128,39,0
cudaLaunchKernel,216,40,0
cudaLaunchKernel,164,41,0
cudaLaunchKernel,252,40,0
cudaOccupancyMaxActiveBlocksPerMultiprocessorWithFlags,36,37,0
cudaLaunchKernel,264,39,0
cudaLaunchKernel,84,44,0
cudaLaunchKernel,128,39,0
cudaLaunchKernel,216,43,0
cudaLaunchKernel,184,39,0
cudaLaunchKernel,184,39,0
cudaLaunchKernel,208,38,0
cudaLaunchKernel,272,39,0
cudaLaunchKernel,128,39,0
cudaLaunchKernel,216,41,0
cudaLaunchKernel,128,46,0
cudaLaunchKernel,216,41,0
cudaLaunchKernel,272,39,0
cudaLaunchKernel,128,40,0
cudaLaunchKernel,216,41,0
cudaMemcpyAsync,37,127,0
cudaStreamSynchronize,8,27,0
cudaStreamSynchronize,8,23,0
cudaStreamSynchronize,8,41,0
cudaMemcpyAsync,8228,45,0
cudaStreamSynchronize,8,43,0
cudaStreamSynchronize,8,40,0
cudaMemcpyAsync,40,42,0
cudaStreamSynchronize,8,40,0
cudaStreamSynchronize,8,42,0
cudaMemcpyAsync,44,38,0
cudaStreamSynchronize,8,41,0
cudaStreamSynchronize,8,43,0
cudaMemcpyAsync,44,40,0
cudaStreamSynchronize,8,42,0
cudaStreamSynchronize,8,41,0
cudaMemcpyAsync,548,40,0
cudaStreamSynchronize,8,38,0
cudaStreamSynchronize,8,40,0
cudaMemcpyAsync,40,40,0
cudaStreamSynchronize,8,41,0
cudaLaunchKernel,272,45,0
cudaLaunchKernel,128,40,0
cudaLaunchKernel,216,40,0
cudaLaunchKernel,164,43,0
cudaLaunchKernel,128,40,0
cudaLaunchKernel,216,41,0
cudaLaunchKernel,128,40,0
cudaLaunchKernel,216,41,0
cudaLaunchKernel,164,40,0
cudaLaunchKernel,252,41,0
cudaOccupancyMaxActiveBlocksPerMultiprocessorWithFlags,36,40,0
cudaLaunchKernel,264,39,0
cudaLaunchKernel,84,40,0
cudaLaunchKernel,128,39,0
cudaLaunchKernel,216,39,0
cudaLaunchKernel,272,40,0
cudaLaunchKernel,128,39,0
cudaLaunchKernel,216,40,0
cudaLaunchKernel,128,39,0
cudaLaunchKernel,216,45,0
cudaLaunchKernel,272,41,0
cudaLaunchKernel,128,40,0
cudaLaunchKernel,216,40,0
cudaLaunchKernel,164,40,0
cudaLaunchKernel,128,39,0
cudaLaunchKernel,216,40,0
cudaLaunchKernel,128,40,0
cudaLaunchKernel,216,39,0
cudaLaunchKernel,164,39,0
cudaLaunchKernel,252,42,0
cudaOccupancyMaxActiveBlocksPerMultiprocessorWithFlags,36,36,0
cudaLaunchKernel,264,40,0
cudaLaunchKernel,84,39,0
cudaLaunchKernel,128,39,0
cudaLaunchKernel,216,40,0
cudaLaunchKernel,272,39,0
cudaLaunchKernel,128,39,0
cudaLaunchKernel,216,41,0
cudaLaunchKernel,128,42,0
cudaLaunchKernel,216,40,0
cudaLaunchKernel,272,40,0
cudaLaunchKernel,128,39,0
cudaLaunchKernel,216,39,0
cudaLaunchKernel,164,39,0
cudaLaunchKernel,128,41,0
cudaLaunchKernel,216,39,0
cudaLaunchKernel,128,39,0
cudaLaunchKernel,216,40,0
cudaLaunchKernel,164,40,0
cudaLaunchKernel,252,39,0
cudaOccupancyMaxActiveBlocksPerMultiprocessorWithFlags,36,45,0
cudaLaunchKernel,264,41,0
cudaLaunchKernel,84,40,0
cudaLaunchKernel,128,39,0
cudaLaunchKernel,216,40,0
cudaLaunchKernel,272,40,0
cudaLaunchKernel,128,39,0
cudaLaunchKernel,216,40,0
cudaLaunchKernel,128,41,0
cudaLaunchKernel,216,40,0
cudaLaunchKernel,272,40,0
cudaLaunchKernel,128,42,0
cudaLaunchKernel,216,40,0
cudaLaunchKernel,164,40,0
cudaLaunchKernel,128,40,0
cudaLaunchKernel,216,39,0
cudaLaunchKernel,128,40,0
cudaLaunchKernel,216,43,0
cudaLaunchKernel,164,40,0
cudaLaunchKernel,252,39,0
cudaOccupancyMaxActiveBlocksPerMultiprocessorWithFlags,36,38,0
cudaLaunchKernel,264,39,0
cudaLaunchKernel,84,40,0
cudaLaunchKernel,128,39,0
cudaLaunchKernel,216,40,0
cudaLaunchKernel,272,41,0
cudaLaunchKernel,128,38,0
cudaLaunchKernel,216,42,0
cudaLaunchKernel,128,41,0
cudaLaunchKernel,216,39,0
cudaLaunchKernel,272,40,0
cudaLaunchKernel,128,40,0
cudaLaunchKernel,216,41,0
cudaLaunchKernel,164,40,0
cudaLaunchKernel,128,42,0
cudaLaunchKernel,216,40,0
cudaLaunchKernel,128,38,0
cudaLaunchKernel,216,42,0
cudaLaunchKernel,164,39,0
cudaLaunchKernel,252,40,0
cudaOccupancyMaxActiveBlocksPerMultiprocessorWithFlags,36,37,0
cudaLaunchKernel,264,40,0
cudaLaunchKernel,84,41,0
cudaLaunchKernel,128,39,0
cudaLaunchKernel,216,39,0
cudaLaunchKernel,272,39,0
cudaLaunchKernel,128,41,0
cudaLaunchKernel,216,39,0
cudaLaunchKernel,128,39,0
cudaLaunchKernel,216,40,0
cudaLaunchKernel,272,39,0
cudaLaunchKernel,128,39,0
cudaLaunchKernel,216,40,0
cudaLaunchKernel,164,39,0
cudaLaunchKernel,128,39,0
cudaLaunchKernel,216,40,0
cudaLaunchKernel,128,42,0
cudaLaunchKernel,216,39,0
cudaLaunchKernel,164,40,0
cudaLaunchKernel,252,39,0
cudaOccupancyMaxActiveBlocksPerMultiprocessorWithFlags,36,37,0
cudaLaunchKernel,264,40,0
cudaLaunchKernel,84,41,0
cudaLaunchKernel,128,39,0
cudaLaunchKernel,216,39,0
cudaLaunchKernel,272,39,0
cudaLaunchKernel,128,41,0
cudaLaunchKernel,216,39,0
cudaLaunchKernel,128,39,0
cudaLaunchKernel,216,39,0
cudaLaunchKernel,272,40,0
cudaLaunchKernel,128,38,0
cudaLaunchKernel,216,42,0
cudaLaunchKernel,164,40,0
cudaLaunchKernel,128,38,0
cudaLaunchKernel,216,42,0
cudaLaunchKernel,128,40,0
cudaLaunchKernel,216,47,0
cudaLaunchKernel,164,40,0
cudaLaunchKernel,252,40,0
cudaOccupancyMaxActiveBlocksPerMultiprocessorWithFlags,36,37,0
cudaLaunchKernel,264,40,0
cudaLaunchKernel,84,38,0
cudaLaunchKernel,128,39,0
cudaLaunchKernel,216,41,0
cudaLaunchKernel,272,44,0
cudaLaunchKernel,128,39,0
cudaLaunchKernel,216,39,0
cudaLaunchKernel,128,40,0
cudaLaunchKernel,216,39,0
cudaLaunchKernel,272,39,0
cudaLaunchKernel,128,39,0
cudaLaunchKernel,216,40,0
cudaLaunchKernel,164,40,0
cudaLaunchKernel,128,41,0
cudaLaunchKernel,216,44,0
cudaLaunchKernel,128,40,0
cudaLaunchKernel,216,42,0
cudaLaunchKernel,164,41,0
cudaLaunchKernel,252,39,0
cudaOccupancyMaxActiveBlocksPerMultiprocessorWithFlags,36,38,0
cudaLaunchKernel,264,41,0
cudaLaunchKernel,84,40,0
cudaLaunchKernel,128,38,0
cudaLaunchKernel,216,42,0
cudaLaunchKernel,272,41,0
cudaLaunchKernel,128,40,0
cudaLaunchKernel,216,39,0
cudaLaunchKernel,128,39,0
cudaLaunchKernel,216,40,0
cudaLaunchKernel,272,43,0
cudaLaunchKernel,128,39,0
cudaLaunchKernel,216,39,0
cudaLaunchKernel,164,39,0
cudaLaunchKernel,128,42,0
cudaLaunchKernel,216,40,0
cudaLaunchKernel,128,39,0
cudaLaunchKernel,216,39,0
cudaLaunchKernel,164,39,0
cudaLaunchKernel,252,41,0
cudaOccupancyMaxActiveBlocksPerMultiprocessorWithFlags,36,36,0
cudaLaunchKernel,264,42,0
cudaLaunchKernel,84,40,0
cudaLaunchKernel,128,39,0
cudaLaunchKernel,216,44,0
cudaLaunchKernel,272,39,0
cudaLaunchKernel,128,40,0
cudaLaunchKernel,216,43,0
cudaLaunchKernel,128,38,0
cudaLaunchKernel,216,40,0
cudaLaunchKernel,272,39,0
cudaLaunchKernel,128,39,0
cudaLaunchKernel,216,40,0
cudaLaunchKernel,164,43,0
cudaLaunchKernel,128,39,0
cudaLaunchKernel,216,39,0
cudaLaunchKernel,128,40,0
cudaLaunchKernel,216,42,0
cudaLaunchKernel,164,41,0
cudaLaunchKernel,252,40,0
cudaOccupancyMaxActiveBlocksPerMultiprocessorWithFlags,36,38,0
cudaLaunchKernel,264,41,0
cudaLaunchKernel,84,41,0
cudaLaunchKernel,128,43,0
cudaLaunchKernel,216,40,0
cudaLaunchKernel,272,41,0
cudaLaunchKernel,128,41,0
cudaLaunchKernel,216,39,0
cudaLaunchKernel,128,39,0
cudaLaunchKernel,216,39,0
cudaLaunchKernel,272,40,0
cudaLaunchKernel,128,39,0
cudaLaunchKernel,216,41,0
cudaLaunchKernel,164,44,0
cudaLaunchKernel,128,40,0
cudaLaunchKernel,216,39,0
cudaLaunchKernel,128,39,0
cudaLaunchKernel,216,41,0
cudaLaunchKernel,164,40,0
cudaLaunchKernel,252,41,0
cudaOccupancyMaxActiveBlocksPerMultiprocessorWithFlags,36,40,0
cudaLaunchKernel,264,41,0
cudaLaunchKernel,84,43,0
cudaLaunchKernel,128,40,0
cudaLaunchKernel,216,40,0
cudaLaunchKernel,272,38,0
cudaLaunchKernel,128,39,0
cudaLaunchKernel,216,39,0
cudaLaunchKernel,128,39,0
cudaLaunchKernel,216,40,0
cudaLaunchKernel,272,38,0
cudaLaunchKernel,128,39,0
cudaLaunchKernel,216,42,0
cudaLaunchKernel,164,39,0
cudaLaunchKernel,128,40,0
cudaLaunchKernel,216,41,0
cudaLaunchKernel,128,39,0
cudaLaunchKernel,216,40,0
cudaLaunchKernel,164,39,0
cudaLaunchKernel,252,37,0
cudaOccupancyMaxActiveBlocksPerMultiprocessorWithFlags,36,37,0
cudaLaunchKernel,264,43,0
cudaLaunchKernel,84,39,0
cudaLaunchKernel,128,39,0
cudaLaunchKernel,216,43,0
cudaLaunchKernel,272,38,0
cudaLaunchKernel,128,39,0
cudaLaunchKernel,216,41,0
cudaLaunchKernel,128,40,0
cudaLaunchKernel,216,39,0
cudaLaunchKernel,272,39,0
cudaLaunchKernel,128,42,0
cudaLaunchKernel,216,39,0
cudaLaunchKernel,164,40,0
cudaLaunchKernel,128,39,0
cudaLaunchKernel,216,40,0
cudaLaunchKernel,128,39,0
cudaLaunchKernel,216,41,0
cudaLaunchKernel,164,41,0
cudaLaunchKernel,252,40,0
cudaOccupancyMaxActiveBlocksPerMultiprocessorWithFlags,36,37,0
cudaLaunchKernel,264,41,0
cudaLaunchKernel,84,36,0
cudaLaunchKernel,128,40,0
cudaLaunchKernel,216,42,0
cudaLaunchKernel,272,41,0
cudaLaunchKernel,128,39,0
cudaLaunchKernel,216,41,0
cudaLaunchKernel,128,41,0
cudaLaunchKernel,216,39,0
cudaLaunchKernel,272,43,0
cudaLaunchKernel,128,38,0
cudaLaunchKernel,216,43,0
cudaLaunchKernel,164,39,0
cudaLaunchKernel,128,40,0
cudaLaunchKernel,216,40,0
cudaLaunchKernel,128,41,0
cudaLaunchKernel,216,41,0
cudaLaunchKernel,164,42,0
cudaLaunchKernel,252,39,0
cudaOccupancyMaxActiveBlocksPerMultiprocessorWithFlags,36,40,0
cudaLaunchKernel,264,39,0
cudaLaunchKernel,84,41,0
cudaLaunchKernel,128,39,0
cudaLaunchKernel,216,41,0
cudaLaunchKernel,272,41,0
cudaLaunchKernel,128,40,0
cudaLaunchKernel,216,38,0
cudaLaunchKernel,128,39,0
cudaLaunchKernel,216,52,0
cudaLaunchKernel,272,42,0
cudaLaunchKernel,128,39,0
cudaLaunchKernel,216,40,0
cudaLaunchKernel,164,39,0
cudaLaunchKernel,128,40,0
cudaLaunchKernel,216,38,0
cudaLaunchKernel,128,39,0
cudaLaunchKernel,216,40,0
cudaLaunchKernel,164,40,0
cudaLaunchKernel,252,42,0
cudaOccupancyMaxActiveBlocksPerMultiprocessorWithFlags,36,38,0
cudaLaunchKernel,264,38,0
cudaLaunchKernel,84,40,0
cudaLaunchKernel,128,40,0
cudaLaunchKernel,216,41,0
cudaLaunchKernel,272,40,0
cudaLaunchKernel,128,39,0
cudaLaunchKernel,216,40,0
cudaLaunchKernel,128,39,0
cudaLaunchKernel,216,43,0
cudaLaunchKernel,272,41,0
cudaLaunchKernel,128,43,0
cudaLaunchKernel,216,39,0
cudaLaunchKernel,164,41,0
cudaLaunchKernel,128,41,0
cudaLaunchKernel,216,40,0
cudaLaunchKernel,128,41,0
cudaLaunchKernel,216,40,0
cudaLaunchKernel,164,44,0
cudaLaunchKernel,252,39,0
cudaOccupancyMaxActiveBlocksPerMultiprocessorWithFlags,36,38,0
cudaLaunchKernel,264,41,0
cudaLaunchKernel,84,41,0
cudaLaunchKernel,128,41,0
cudaLaunchKernel,216,40,0
cudaLaunchKernel,272,40,0
cudaLaunchKernel,128,41,0
cudaLaunchKernel,216,39,0
cudaLaunchKernel,128,41,0
cudaLaunchKernel,216,40,0
cudaLaunchKernel,272,42,0
cudaLaunchKernel,128,39,0
cudaLaunchKernel,216,40,0
cudaLaunchKernel,164,39,0
cudaLaunchKernel,128,39,0
cudaLaunchKernel,216,41,0
cudaLaunchKernel,128,39,0
cudaLaunchKernel,216,42,0
cudaLaunchKernel,164,42,0
cudaLaunchKernel,252,40,0
cudaOccupancyMaxActiveBlocksPerMultiprocessorWithFlags,36,39,0
cudaLaunchKernel,264,40,0
cudaLaunchKernel,84,40,0
cudaLaunchKernel,128,39,0
cudaLaunchKernel,216,39,0
cudaLaunchKernel,272,39,0
cudaLaunchKernel,128,41,0
cudaLaunchKernel,216,42,0
cudaLaunchKernel,128,39,0
cudaLaunchKernel,216,41,0
cudaLaunchKernel,272,40,0
cudaLaunchKernel,128,39,0
cudaLaunchKernel,216,39,0
cudaLaunchKernel,164,39,0
cudaLaunchKernel,128,39,0
cudaLaunchKernel,216,40,0
cudaLaunchKernel,128,41,0
cudaLaunchKernel,216,42,0
cudaLaunchKernel,164,41,0
cudaLaunchKernel,252,40,0
cudaOccupancyMaxActiveBlocksPerMultiprocessorWithFlags,36,39,0
cudaLaunchKernel,264,41,0
cudaLaunchKernel,84,41,0
cudaLaunchKernel,128,36,0
cudaLaunchKernel,216,39,0
cudaLaunchKernel,272,48,0
cudaLaunchKernel,128,40,0
cudaLaunchKernel,216,45,0
cudaLaunchKernel,128,38,0
cudaLaunchKernel,216,40,0
cudaLaunchKernel,272,39,0
cudaLaunchKernel,128,38,0
cudaLaunchKernel,216,39,0
cudaLaunchKernel,164,38,0
cudaLaunchKernel,128,40,0
cudaLaunchKernel,216,40,0
cudaLaunchKernel,128,42,0
cudaLaunchKernel,216,40,0
cudaLaunchKernel,164,40,0
cudaLaunchKernel,252,39,0
cudaOccupancyMaxActiveBlocksPerMultiprocessorWithFlags,36,39,0
cudaLaunchKernel,264,40,0
cudaLaunchKernel,84,40,0
cudaLaunchKernel,128,39,0
cudaLaunchKernel,216,40,0
cudaLaunchKernel,272,40,0
cudaLaunchKernel,128,42,0
cudaLaunchKernel,216,39,0
cudaLaunchKernel,128,39,0
cudaLaunchKernel,216,42,0
cudaLaunchKernel,272,39,0
cudaLaunchKernel,128,41,0
cudaLaunchKernel,216,40,0
cudaLaunchKernel,164,41,0
cudaLaunchKernel,128,40,0
cudaLaunchKernel,216,39,0
cudaLaunchKernel,128,41,0
cudaLaunchKernel,216,39,0
cudaLaunchKernel,164,39,0
cudaLaunchKernel,252,41,0
cudaOccupancyMaxActiveBlocksPerMultiprocessorWithFlags,36,36,0
cudaLaunchKernel,264,40,0
cudaLaunchKernel,84,40,0
cudaLaunchKernel,128,40,0
cudaLaunchKernel,216,40,0
cudaLaunchKernel,272,41,0
cudaLaunchKernel,128,38,0
cudaLaunchKernel,216,40,0
cudaLaunchKernel,128,41,0
cudaLaunchKernel,216,41,0
cudaLaunchKernel,272,40,0
cudaLaunchKernel,128,39,0
cudaLaunchKernel,216,41,0
cudaLaunchKernel,164,40,0
cudaLaunchKernel,128,38,0
cudaLaunchKernel,216,43,0
cudaLaunchKernel,128,42,0
cudaLaunchKernel,216,40,0
cudaLaunchKernel,164,40,0
cudaLaunchKernel,252,40,0
cudaOccupancyMaxActiveBlocksPerMultiprocessorWithFlags,36,38,0
cudaLaunchKernel,264,41,0
cudaLaunchKernel,84,41,0
cudaLaunchKernel,128,39,0
cudaLaunchKernel,216,40,0
cudaLaunchKernel,272,42,0
cudaLaunchKernel,128,40,0
cudaLaunchKernel,216,39,0
cudaLaunchKernel,128,41,0
cudaLaunchKernel,216,40,0
cudaLaunchKernel,272,40,0
cudaLaunchKernel,128,39,0
cudaLaunchKernel,216,39,0
cudaLaunchKernel,164,40,0
cudaLaunchKernel,128,41,0
cudaLaunchKernel,216,39,0
cudaLaunchKernel,128,39,0
cudaLaunchKernel,216,40,0
cudaLaunchKernel,164,39,0
cudaLaunchKernel,252,39,0
cudaOccupancyMaxActiveBlocksPerMultiprocessorWithFlags,36,37,0
cudaLaunchKernel,264,44,0
cudaLaunchKernel,84,41,0
cudaLaunchKernel,128,40,0
cudaLaunchKernel,216,43,0
cudaLaunchKernel,184,43,0
cudaLaunchKernel,184,39,0
cudaLaunchKernel,208,41,0
cudaLaunchKernel,272,39,0
cudaLaunchKernel,128,40,0
cudaLaunchKernel,216,39,0
cudaLaunchKernel,128,40,0
cudaLaunchKernel,216,39,0
cudaLaunchKernel,272,43,0
cudaLaunchKernel,128,40,0
cudaLaunchKernel,216,39,0
cudaMemcpyAsync,37,119,0
cudaStreamSynchronize,8,37,0
cudaStreamSynchronize,8,23,0
cudaStreamSynchronize,8,41,0
cudaMemcpyAsync,8228,46,0
cudaStreamSynchronize,8,41,0
cudaStreamSynchronize,8,42,0
cudaMemcpyAsync,40,38,0
cudaStreamSynchronize,8,41,0
cudaStreamSynchronize,8,40,0
cudaMemcpyAsync,44,41,0
cudaStreamSynchronize,8,42,0
cudaStreamSynchronize,8,41,0
cudaMemcpyAsync,44,40,0
cudaStreamSynchronize,8,41,0
cudaStreamSynchronize,8,43,0
cudaMemcpyAsync,548,39,0
cudaStreamSynchronize,8,40,0
cudaStreamSynchronize,8,41,0
cudaMemcpyAsync,40,39,0
cudaStreamSynchronize,8,41,0
cudaLaunchKernel,272,41,0
cudaLaunchKernel,128,42,0
cudaLaunchKernel,216,43,0
cudaLaunchKernel,164,39,0
cudaLaunchKernel,128,42,0
cudaLaunchKernel,216,41,0
cudaLaunchKernel,128,39,0
cudaLaunchKernel,216,41,0
cudaLaunchKernel,164,40,0
cudaLaunchKernel,252,39,0
cudaOccupancyMaxActiveBlocksPerMultiprocessorWithFlags,36,38,0
cudaLaunchKernel,264,38,0
cudaLaunchKernel,84,42,0
cudaLaunchKernel,128,39,0
cudaLaunchKernel,216,39,0
cudaLaunchKernel,272,40,0
cudaLaunchKernel,128,39,0
cudaLaunchKernel,216,39,0
cudaLaunchKernel,128,40,0
cudaLaunchKernel,216,42,0
cudaLaunchKernel,272,38,0
cudaLaunchKernel,128,43,0
cudaLaunchKernel,216,40,0
cudaLaunchKernel,164,40,0
cudaLaunchKernel,128,38,0
cudaLaunchKernel,216,40,0
cudaLaunchKernel,128,39,0
cudaLaunchKernel,216,40,0
cudaLaunchKernel,164,40,0
cudaLaunchKernel,252,39,0
cudaOccupancyMaxActiveBlocksPerMultiprocessorWithFlags,36,37,0
cudaLaunchKernel,264,40,0
cudaLaunchKernel,84,39,0
cudaLaunchKernel,128,38,0
cudaLaunchKernel,216,40,0
cudaLaunchKernel,272,38,0
cudaLaunchKernel,128,39,0
cudaLaunchKernel,216,38,0
cudaLaunchKernel,128,39,0
cudaLaunchKernel,216,41,0
cudaLaunchKernel,272,43,0
cudaLaunchKernel,128,41,0
cudaLaunchKernel,216,39,0
cudaLaunchKernel,164,39,0
cudaLaunchKernel,128,40,0
cudaLaunchKernel,216,41,0
cudaLaunchKernel,128,40,0
cudaLaunchKernel,216,39,0
cudaLaunchKernel,164,39,0
cudaLaunchKernel,252,39,0
cudaOccupancyMaxActiveBlocksPerMultiprocessorWithFlags,36,40,0
cudaLaunchKernel,264,40,0
cudaLaunchKernel,84,43,0
cudaLaunchKernel,128,41,0
cudaLaunchKernel,216,42,0
cudaLaunchKernel,272,39,0
cudaLaunchKernel,128,40,0
cudaLaunchKernel,216,41,0
cudaLaunchKernel,128,39,0
cudaLaunchKernel,216,40,0
cudaLaunchKernel,272,41,0
cudaLaunchKernel,128,40,0
cudaLaunchKernel,216,40,0
cudaLaunchKernel,164,40,0
cudaLaunchKernel,128,40,0
cudaLaunchKernel,216,39,0
cudaLaunchKernel,128,39,0
cudaLaunchKernel,216,38,0
cudaLaunchKernel,164,40,0
cudaLaunchKernel,252,42,0
cudaOccupancyMaxActiveBlocksPerMultiprocessorWithFlags,36,38,0
cudaLaunchKernel,264,41,0
cudaLaunchKernel,84,42,0
cudaLaunchKernel,128,39,0
cudaLaunchKernel,216,40,0
cudaLaunchKernel,272,40,0
cudaLaunchKernel,128,41,0
cudaLaunchKernel,216,40,0
cudaLaunchKernel,128,40,0
cudaLaunchKernel,216,43,0
cudaLaunchKernel,272,41,0
cudaLaunchKernel,128,40,0
cudaLaunchKernel,216,40,0
cudaLaunchKernel,164,40,0
cudaLaunchKernel,128,39,0
cudaLaunchKernel,216,39,0
cudaLaunchKernel,128,40,0
cudaLaunchKernel,216,40,0
cudaLaunchKernel,164,39,0
cudaLaunchKernel,252,41,0
cudaOccupancyMaxActiveBlocksPerMultiprocessorWithFlags,36,37,0
cudaLaunchKernel,264,40,0
cudaLaunchKernel,84,40,0
cudaLaunchKernel,128,40,0
cudaLaunchKernel,216,40,0
cudaLaunchKernel,272,39,0
cudaLaunchKernel,128,39,0
cudaLaunchKernel,216,41,0
cudaLaunchKernel,128,42,0
cudaLaunchKernel,216,40,0
cudaLaunchKernel,272,40,0
cudaLaunchKernel,128,40,0
cudaLaunchKernel,216,42,0
cudaLaunchKernel,164,41,0
cudaLaunchKernel,128,38,0
cudaLaunchKernel,216,40,0
cudaLaunchKernel,128,40,0
cudaLaunchKernel,216,40,0
cudaLaunchKernel,164,42,0
cudaLaunchKernel,252,40,0
cudaOccupancyMaxActiveBlocksPerMultiprocessorWithFlags,36,38,0
cudaLaunchKernel,264,40,0
cudaLaunchKernel,84,41,0
cudaLaunchKernel,128,40,0
cudaLaunchKernel,216,40,0
cudaLaunchKernel,272,34,0
cudaLaunchKernel,128,39,0
cudaLaunchKernel,216,47,0
cudaLaunchKernel,128,43,0
cudaLaunchKernel,216,40,0
cudaLaunchKernel,272,39,0
cudaLaunchKernel,128,38,0
cudaLaunchKernel,216,39,0
cudaLaunchKernel,164,38,0
cudaLaunchKernel,128,39,0
cudaLaunchKernel,216,41,0
cudaLaunchKernel,128,40,0
cudaLaunchKernel,216,43,0
cudaLaunchKernel,164,39,0
cudaLaunchKernel,252,39,0
cudaOccupancyMaxActiveBlocksPerMultiprocessorWithFlags,36,38,0
cudaLaunchKernel,264,40,0
cudaLaunchKernel,84,40,0
cudaLaunchKernel,128,38,0
cudaLaunchKernel,216,39,0
cudaLaunchKernel,272,39,0
cudaLaunchKernel,128,41,0
cudaLaunchKernel,216,41,0
cudaLaunchKernel,128,39,0
cudaLaunchKernel,216,40,0
cudaLaunchKernel,272,41,0
cudaLaunchKernel,128,39,0
cudaLaunchKernel,216,40,0
cudaLaunchKernel,164,39,0
cudaLaunchKernel,128,39,0
cudaLaunchKernel,216,41,0
cudaLaunchKernel,128,41,0
cudaLaunchKernel,216,39,0
cudaLaunchKernel,164,41,0
cudaLaunchKernel,252,42,0
cudaOccupancyMaxActiveBlocksPerMultiprocessorWithFlags,36,39,0
cudaLaunchKernel,264,41,0
cudaLaunchKernel,84,39,0
cudaLaunchKernel,128,39,0
cudaLaunchKernel,216,40,0
cudaLaunchKernel,272,40,0
cudaLaunchKernel,128,43,0
cudaLaunchKernel,216,41,0
cudaLaunchKernel,128,39,0
cudaLaunchKernel,216,40,0
cudaLaunchKernel,272,40,0
cudaLaunchKernel,128,39,0
cudaLaunchKernel,216,39,0
cudaLaunchKernel,164,38,0
cudaLaunchKernel,128,39,0
cudaLaunchKernel,216,41,0
cudaLaunchKernel,128,42,0
cudaLaunchKernel,216,41,0
cudaLaunchKernel,164,41,0
cudaLaunchKernel,252,39,0
cudaOccupancyMaxActiveBlocksPerMultiprocessorWithFlags,36,38,0
cudaLaunchKernel,264,39,0
cudaLaunchKernel,84,41,0
cudaLaunchKernel,128,40,0
cudaLaunchKernel,216,40,0
cudaLaunchKernel,272,41,0
cudaLaunchKernel,128,41,0
cudaLaunchKernel,216,40,0
cudaLaunchKernel,128,40,0
cudaLaunchKernel,216,41,0
cudaLaunchKernel,272,38,0
cudaLaunchKernel,128,40,0
cudaLaunchKernel,216,40,0
cudaLaunchKernel,164,39,0
cudaLaunchKernel,128,41,0
cudaLaunchKernel,216,42,0
cudaLaunchKernel,128,40,0
cudaLaunchKernel,216,39,0
cudaLaunchKernel,164,40,0
cudaLaunchKernel,252,40,0
cudaOccupancyMaxActiveBlocksPerMultiprocessorWithFlags,36,39,0
cudaLaunchKernel,264,40,0
cudaLaunchKernel,84,41,0
cudaLaunchKernel,128,44,0
cudaLaunchKernel,216,43,0
cudaLaunchKernel,272,42,0
cudaLaunchKernel,128,40,0
cudaLaunchKernel,216,41,0
cudaLaunchKernel,128,39,0
cudaLaunchKernel,216,39,0
cudaLaunchKernel,272,40,0
cudaLaunchKernel,128,39,0
cudaLaunchKernel,216,39,0
cudaLaunchKernel,164,40,0
cudaLaunchKernel,128,40,0
cudaLaunchKernel,216,39,0
cudaLaunchKernel,128,39,0
cudaLaunchKernel,216,40,0
cudaLaunchKernel,164,41,0
cudaLaunchKernel,252,40,0
cudaOccupancyMaxActiveBlocksPerMultiprocessorWithFlags,36,37,0
cudaLaunchKernel,264,41,0
cudaLaunchKernel,84,42,0
cudaLaunchKernel,128,41,0
cudaLaunchKernel,216,43,0
cudaLaunchKernel,272,39,0
cudaLaunchKernel,128,38,0
cudaLaunchKernel,216,40,0
cudaLaunchKernel,128,40,0
cudaLaunchKernel,216,40,0
cudaLaunchKernel,272,40,0
cudaLaunchKernel,128,39,0
cudaLaunchKernel,216,39,0
cudaLaunchKernel,164,40,0
cudaLaunchKernel,128,42,0
cudaLaunchKernel,216,45,0
cudaLaunchKernel,128,36,0
cudaLaunchKernel,216,36,0
cudaLaunchKernel,164,35,0
cudaLaunchKernel,252,36,0
cudaOccupancyMaxActiveBlocksPerMultiprocessorWithFlags,36,32,0
cudaLaunchKernel,264,36,0
cudaLaunchKernel,84,39,0
cudaLaunchKernel,128,38,0
cudaLaunchKernel,216,36,0
cudaLaunchKernel,272,35,0
cudaLaunchKernel,128,34,0
cudaLaunchKernel,216,36,0
cudaLaunchKernel,128,35,0
cudaLaunchKernel,216,35,0
cudaLaunchKernel,272,37,0
cudaLaunchKernel,128,35,0
cudaLaunchKernel,216,35,0
cudaLaunchKernel,164,37,0
cudaLaunchKernel,128,36,0
cudaLaunchKernel,216,37,0
cudaLaunchKernel,128,37,0
cudaLaunchKernel,216,35,0
cudaLaunchKernel,164,36,0
cudaLaunchKernel,252,35,0
cudaOccupancyMaxActiveBlocksPerMultiprocessorWithFlags,36,34,0
cudaLaunchKernel,264,35,0
cudaLaunchKernel,84,36,0
cudaLaunchKernel,128,37,0
cudaLaunchKernel,216,36,0
cudaLaunchKernel,272,35,0
cudaLaunchKernel,128,36,0
cudaLaunchKernel,216,35,0
cudaLaunchKernel,128,35,0
cudaLaunchKernel,216,36,0
cudaLaunchKernel,272,34,0
cudaLaunchKernel,128,37,0
cudaLaunchKernel,216,37,0
cudaLaunchKernel,164,36,0
cudaLaunchKernel,128,37,0
cudaLaunchKernel,216,37,0
cudaLaunchKernel,128,34,0
cudaLaunchKernel,216,35,0
cudaLaunchKernel,164,38,0
cudaLaunchKernel,252,36,0
cudaOccupancyMaxActiveBlocksPerMultiprocessorWithFlags,36,33,0
cudaLaunchKernel,264,36,0
cudaLaunchKernel,84,36,0
cudaLaunchKernel,128,35,0
cudaLaunchKernel,216,42,0
cudaLaunchKernel,272,35,0
cudaLaunchKernel,128,36,0
cudaLaunchKernel,216,35,0
cudaLaunchKernel,128,38,0
cudaLaunchKernel,216,36,0
cudaLaunchKernel,272,36,0
cudaLaunchKernel,128,37,0
cudaLaunchKernel,216,36,0
cudaLaunchKernel,164,37,0
cudaLaunchKernel,128,34,0
cudaLaunchKernel,216,37,0
cudaLaunchKernel,128,35,0
cudaLaunchKernel,216,36,0
cudaLaunchKernel,164,36,0
cudaLaunchKernel,252,35,0
cudaOccupancyMaxActiveBlocksPerMultiprocessorWithFlags,36,34,0
cudaLaunchKernel,264,37,0
cudaLaunchKernel,84,37,0
cudaLaunchKernel,128,35,0
cudaLaunchKernel,216,36,0
cudaLaunchKernel,272,35,0
cudaLaunchKernel,128,36,0
cudaLaunchKernel,216,33,0
cudaLaunchKernel,128,34,0
cudaLaunchKernel,216,35,0
cudaLaunchKernel,272,36,0
cudaLaunchKernel,128,37,0
cudaLaunchKernel,216,35,0
cudaLaunchKernel,164,34,0
cudaLaunchKernel,128,35,0
cudaLaunchKernel,216,35,0
cudaLaunchKernel,128,37,0
cudaLaunchKernel,216,36,0
cudaLaunchKernel,164,35,0
cudaLaunchKernel,252,36,0
cudaOccupancyMaxActiveBlocksPerMultiprocessorWithFlags,36,34,0
cudaLaunchKernel,264,37,0
cudaLaunchKernel,84,36,0
cudaLaunchKernel,128,36,0
cudaLaunchKernel,216,35,0
cudaLaunchKernel,272,36,0
cudaLaunchKernel,128,37,0
cudaLaunchKernel,216,35,0
cudaLaunchKernel,128,35,0
cudaLaunchKernel,216,37,0
cudaLaunchKernel,272,40,0
cudaLaunchKernel,128,36,0
cudaLaunchKernel,216,35,0
cudaLaunchKernel,164,35,0
cudaLaunchKernel,128,36,0
cudaLaunchKernel,216,36,0
cudaLaunchKernel,128,35,0
cudaLaunchKernel,216,36,0
cudaLaunchKernel,164,36,0
cudaLaunchKernel,252,35,0
cudaOccupancyMaxActiveBlocksPerMultiprocessorWithFlags,36,35,0
cudaLaunchKernel,264,35,0
cudaLaunchKernel,84,37,0
cudaLaunchKernel,128,35,0
cudaLaunchKernel,216,36,0
cudaLaunchKernel,272,34,0
cudaLaunchKernel,128,36,0
cudaLaunchKernel,216,36,0
cudaLaunchKernel,128,36,0
cudaLaunchKernel,216,37,0
cudaLaunchKernel,272,36,0
cudaLaunchKernel,128,34,0
cudaLaunchKernel,216,35,0
cudaLaunchKernel,164,35,0
cudaLaunchKernel,128,36,0
cudaLaunchKernel,216,35,0
cudaLaunchKernel,128,35,0
cudaLaunchKernel,216,36,0
cudaLaunchKernel,164,36,0
cudaLaunchKernel,252,36,0
cudaOccupancyMaxActiveBlocksPerMultiprocessorWithFlags,36,33,0
cudaLaunchKernel,264,34,0
cudaLaunchKernel,84,37,0
cudaLaunchKernel,128,36,0
cudaLaunchKernel,216,36,0
cudaLaunchKernel,272,37,0
cudaLaunchKernel,128,38,0
cudaLaunchKernel,216,41,0
cudaLaunchKernel,128,36,0
cudaLaunchKernel,216,38,0
cudaLaunchKernel,272,35,0
cudaLaunchKernel,128,35,0
cudaLaunchKernel,216,35,0
cudaLaunchKernel,164,35,0
cudaLaunchKernel,128,35,0
cudaLaunchKernel,216,35,0
cudaLaunchKernel,128,35,0
cudaLaunchKernel,216,35,0
cudaLaunchKernel,164,37,0
cudaLaunchKernel,252,35,0
cudaOccupancyMaxActiveBlocksPerMultiprocessorWithFlags,36,32,0
cudaLaunchKernel,264,35,0
cudaLaunchKernel,84,36,0
cudaLaunchKernel,128,35,0
cudaLaunchKernel,216,37,0
cudaLaunchKernel,272,35,0
cudaLaunchKernel,128,35,0
cudaLaunchKernel,216,35,0
cudaLaunchKernel,128,36,0
cudaLaunchKernel,216,36,0
cudaLaunchKernel,272,35,0
cudaLaunchKernel,128,35,0
cudaLaunchKernel,216,36,0
cudaLaunchKernel,164,35,0
cudaLaunchKernel,128,37,0
cudaLaunchKernel,216,36,0
cudaLaunchKernel,128,35,0
cudaLaunchKernel,216,36,0
cudaLaunchKernel,164,37,0
cudaLaunchKernel,252,34,0
cudaOccupancyMaxActiveBlocksPerMultiprocessorWithFlags,36,34,0
cudaLaunchKernel,264,35,0
cudaLaunchKernel,84,37,0
cudaLaunchKernel,128,36,0
cudaLaunchKernel,216,35,0
cudaLaunchKernel,272,36,0
cudaLaunchKernel,128,35,0
cudaLaunchKernel,216,38,0
cudaLaunchKernel,128,36,0
cudaLaunchKernel,216,38,0
cudaLaunchKernel,272,36,0
cudaLaunchKernel,128,37,0
cudaLaunchKernel,216,35,0
cudaLaunchKernel,164,35,0
cudaLaunchKernel,128,36,0
cudaLaunchKernel,216,36,0
cudaLaunchKernel,128,36,0
cudaLaunchKernel,216,36,0
cudaLaunchKernel,164,37,0
cudaLaunchKernel,252,36,0
cudaOccupancyMaxActiveBlocksPerMultiprocessorWithFlags,36,34,0
cudaLaunchKernel,264,36,0
cudaLaunchKernel,84,36,0
cudaLaunchKernel,128,35,0
cudaLaunchKernel,216,35,0
cudaLaunchKernel,272,35,0
cudaLaunchKernel,128,36,0
cudaLaunchKernel,216,36,0
cudaLaunchKernel,128,34,0
cudaLaunchKernel,216,36,0
cudaLaunchKernel,272,36,0
cudaLaunchKernel,128,35,0
cudaLaunchKernel,216,36,0
cudaLaunchKernel,164,35,0
cudaLaunchKernel,128,35,0
cudaLaunchKernel,216,33,0
cudaLaunchKernel,128,38,0
cudaLaunchKernel,216,38,0
cudaLaunchKernel,164,36,0
cudaLaunchKernel,252,35,0
cudaOccupancyMaxActiveBlocksPerMultiprocessorWithFlags,36,34,0
cudaLaunchKernel,264,37,0
cudaLaunchKernel,84,37,0
cudaLaunchKernel,128,35,0
cudaLaunchKernel,216,36,0
cudaLaunchKernel,184,35,0
cudaLaunchKernel,184,37,0
cudaLaunchKernel,208,36,0
cudaLaunchKernel,272,34,0
cudaLaunchKernel,128,36,0
cudaLaunchKernel,216,41,0
cudaLaunchKernel,128,35,0
cudaLaunchKernel,216,37,0
cudaLaunchKernel,272,35,0
cudaLaunchKernel,128,36,0
cudaLaunchKernel,216,37,0
cudaMemcpyAsync,37,122,0
cudaStreamSynchronize,8,29,0
cudaStreamSynchronize,8,23,0
cudaStreamSynchronize,8,36,0
cudaMemcpyAsync,8228,39,0
cudaStreamSynchronize,8,36,0
cudaStreamSynchronize,8,37,0
cudaMemcpyAsync,40,35,0
cudaStreamSynchronize,8,37,0
cudaStreamSynchronize,8,37,0
cudaMemcpyAsync,44,35,0
cudaStreamSynchronize,8,37,0
cudaStreamSynchronize,8,37,0
cudaMemcpyAsync,44,35,0
cudaStreamSynchronize,8,38,0
cudaStreamSynchronize,8,36,0
cudaMemcpyAsync,548,35,0
cudaStreamSynchronize,8,36,0
cudaStreamSynchronize,8,36,0
cudaMemcpyAsync,40,34,0
cudaStreamSynchronize,8,36,0
cudaLaunchKernel,272,36,0
cudaLaunchKernel,128,35,0
cudaLaunchKernel,216,36,0
cudaLaunchKernel,164,35,0
cudaLaunchKernel,128,36,0
cudaLaunchKernel,216,37,0
cudaLaunchKernel,128,35,0
cudaLaunchKernel,216,36,0
cudaLaunchKernel,164,35,0
cudaLaunchKernel,252,35,0
cudaOccupancyMaxActiveBlocksPerMultiprocessorWithFlags,36,33,0
cudaLaunchKernel,264,34,0
cudaLaunchKernel,84,36,0
cudaLaunchKernel,128,37,0
cudaLaunchKernel,216,34,0
cudaLaunchKernel,272,34,0
cudaLaunchKernel,128,36,0
cudaLaunchKernel,216,37,0
cudaLaunchKernel,128,35,0
cudaLaunchKernel,216,35,0
cudaLaunchKernel,272,35,0
cudaLaunchKernel,128,35,0
cudaLaunchKernel,216,35,0
cudaLaunchKernel,164,38,0
cudaLaunchKernel,128,36,0
cudaLaunchKernel,216,36,0
cudaLaunchKernel,128,35,0
cudaLaunchKernel,216,37,0
cudaLaunchKernel,164,39,0
cudaLaunchKernel,252,36,0
cudaOccupancyMaxActiveBlocksPerMultiprocessorWithFlags,36,34,0
cudaLaunchKernel,264,34,0
cudaLaunchKernel,84,36,0
cudaLaunchKernel,128,36,0
cudaLaunchKernel,216,35,0
cudaLaunchKernel,272,34,0
cudaLaunchKernel,128,35,0
cudaLaunchKernel,216,36,0
cudaLaunchKernel,128,37,0
cudaLaunchKernel,216,35,0
cudaLaunchKernel,272,36,0
cudaLaunchKernel,128,36,0
cudaLaunchKernel,216,37,0
cudaLaunchKernel,164,36,0
cudaLaunchKernel,128,37,0
cudaLaunchKernel,216,36,0
cudaLaunchKernel,128,34,0
cudaLaunchKernel,216,35,0
cudaLaunchKernel,164,35,0
cudaLaunchKernel,252,35,0
cudaOccupancyMaxActiveBlocksPerMultiprocessorWithFlags,36,33,0
cudaLaunchKernel,264,37,0
cudaLaunchKernel,84,40,0
cudaLaunchKernel,128,36,0
cudaLaunchKernel,216,36,0
cudaLaunchKernel,272,36,0
cudaLaunchKernel,128,35,0
cudaLaunchKernel,216,43,0
cudaLaunchKernel,128,38,0
cudaLaunchKernel,216,41,0
cudaLaunchKernel,272,35,0
cudaLaunchKernel,128,35,0
cudaLaunchKernel,216,37,0
cudaLaunchKernel,164,36,0
cudaLaunchKernel,128,36,0
cudaLaunchKernel,216,36,0
cudaLaunchKernel,128,35,0
cudaLaunchKernel,216,35,0
cudaLaunchKernel,164,36,0
cudaLaunchKernel,252,36,0
cudaOccupancyMaxActiveBlocksPerMultiprocessorWithFlags,36,34,0
cudaLaunchKernel,264,37,0
cudaLaunchKernel,84,36,0
cudaLaunchKernel,128,46,0
cudaLaunchKernel,216,39,0
cudaLaunchKernel,272,37,0
cudaLaunchKernel,128,36,0
cudaLaunchKernel,216,37,0
cudaLaunchKernel,128,35,0
cudaLaunchKernel,216,36,0
cudaLaunchKernel,272,36,0
cudaLaunchKernel,128,37,0
cudaLaunchKernel,216,51,0
cudaLaunchKernel,164,52,0
cudaLaunchKernel,128,48,0
cudaLaunchKernel,216,43,0
cudaLaunchKernel,128,47,0
cudaLaunchKernel,216,52,0
cudaLaunchKernel,164,50,0
cudaLaunchKernel,252,46,0
cudaOccupancyMaxActiveBlocksPerMultiprocessorWithFlags,36,42,0
cudaLaunchKernel,264,50,0
cudaLaunchKernel,84,47,0
cudaLaunchKernel,128,44,0
cudaLaunchKernel,216,43,0
cudaLaunchKernel,272,51,0
cudaLaunchKernel,128,52,0
cudaLaunchKernel,216,50,0
cudaLaunchKernel,128,40,0
cudaLaunchKernel,216,36,0
cudaLaunchKernel,272,37,0
cudaLaunchKernel,128,36,0
cudaLaunchKernel,216,36,0
cudaLaunchKernel,164,36,0
cudaLaunchKernel,128,35,0
cudaLaunchKernel,216,40,0
cudaLaunchKernel,128,35,0
cudaLaunchKernel,216,36,0
cudaLaunchKernel,164,37,0
cudaLaunchKernel,252,36,0
cudaOccupancyMaxActiveBlocksPerMultiprocessorWithFlags,36,37,0
cudaLaunchKernel,264,36,0
cudaLaunchKernel,84,36,0
cudaLaunchKernel,128,36,0
cudaLaunchKernel,216,36,0
cudaLaunchKernel,272,35,0
cudaLaunchKernel,128,35,0
cudaLaunchKernel,216,36,0
cudaLaunchKernel,128,36,0
cudaLaunchKernel,216,39,0
cudaLaunchKernel,272,35,0
cudaLaunchKernel,128,36,0
cudaLaunchKernel,216,37,0
cudaLaunchKernel,164,35,0
cudaLaunchKernel,128,38,0
cudaLaunchKernel,216,37,0
cudaLaunchKernel,128,35,0
cudaLaunchKernel,216,36,0
cudaLaunchKernel,164,35,0
cudaLaunchKernel,252,38,0
cudaOccupancyMaxActiveBlocksPerMultiprocessorWithFlags,36,33,0
cudaLaunchKernel,264,35,0
cudaLaunchKernel,84,36,0
cudaLaunchKernel,128,35,0
cudaLaunchKernel,216,37,0
cudaLaunchKernel,272,41,0
cudaLaunchKernel,128,35,0
cudaLaunchKernel,216,36,0
cudaLaunchKernel,128,34,0
cudaLaunchKernel,216,38,0
cudaLaunchKernel,272,36,0
cudaLaunchKernel,128,37,0
cudaLaunchKernel,216,36,0
cudaLaunchKernel,164,36,0
cudaLaunchKernel,128,36,0
cudaLaunchKernel,216,36,0
cudaLaunchKernel,128,35,0
cudaLaunchKernel,216,36,0
cudaLaunchKernel,164,36,0
cudaLaunchKernel,252,36,0
cudaOccupancyMaxActiveBlocksPerMultiprocessorWithFlags,36,34,0
cudaLaunchKernel,264,36,0
cudaLaunchKernel,84,35,0
cudaLaunchKernel,128,35,0
cudaLaunchKernel,216,36,0
cudaLaunchKernel,272,36,0
cudaLaunchKernel,128,33,0
cudaLaunchKernel,216,36,0
cudaLaunchKernel,128,36,0
cudaLaunchKernel,216,36,0
cudaLaunchKernel,272,35,0
cudaLaunchKernel,128,36,0
cudaLaunchKernel,216,35,0
cudaLaunchKernel,164,35,0
cudaLaunchKernel,128,34,0
cudaLaunchKernel,216,37,0
cudaLaunchKernel,128,34,0
cudaLaunchKernel,216,36,0
cudaLaunchKernel,164,36,0
cudaLaunchKernel,252,35,0
cudaOccupancyMaxActiveBlocksPerMultiprocessorWithFlags,36,32,0
cudaLaunchKernel,264,35,0
cudaLaunchKernel,84,36,0
cudaLaunchKernel,128,35,0
cudaLaunchKernel,216,35,0
cudaLaunchKernel,272,35,0
cudaLaunchKernel,128,35,0
cudaLaunchKernel,216,38,0
cudaLaunchKernel,128,34,0
cudaLaunchKernel,216,35,0
cudaLaunchKernel,272,35,0
cudaLaunchKernel,128,35,0
cudaLaunchKernel,216,36,0
cudaLaunchKernel,164,33,0
cudaLaunchKernel,128,35,0
cudaLaunchKernel,216,38,0
cudaLaunchKernel,128,34,0
cudaLaunchKernel,216,38,0
cudaLaunchKernel,164,35,0
cudaLaunchKernel,252,36,0
cudaOccupancyMaxActiveBlocksPerMultiprocessorWithFlags,36,32,0
cudaLaunchKernel,264,35,0
cudaLaunchKernel,84,36,0
cudaLaunchKernel,128,34,0
cudaLaunchKernel,216,36,0
cudaLaunchKernel,272,34,0
cudaLaunchKernel,128,35,0
cudaLaunchKernel,216,39,0
cudaLaunchKernel,128,35,0
cudaLaunchKernel,216,35,0
cudaLaunchKernel,272,35,0
cudaLaunchKernel,128,35,0
cudaLaunchKernel,216,36,0
cudaLaunchKernel,164,36,0
cudaLaunchKernel,128,35,0
cudaLaunchKernel,216,35,0
cudaLaunchKernel,128,37,0
cudaLaunchKernel,216,35,0
cudaLaunchKernel,164,36,0
cudaLaunchKernel,252,37,0
cudaOccupancyMaxActiveBlocksPerMultiprocessorWithFlags,36,31,0
cudaLaunchKernel,264,34,0
cudaLaunchKernel,84,36,0
cudaLaunchKernel,128,37,0
cudaLaunchKernel,216,34,0
cudaLaunchKernel,272,34,0
cudaLaunchKernel,128,33,0
cudaLaunchKernel,216,35,0
cudaLaunchKernel,128,40,0
cudaLaunchKernel,216,37,0
cudaLaunchKernel,272,36,0
cudaLaunchKernel,128,36,0
cudaLaunchKernel,216,35,0
cudaLaunchKernel,164,36,0
cudaLaunchKernel,128,35,0
cudaLaunchKernel,216,38,0
cudaLaunchKernel,128,35,0
cudaLaunchKernel,216,35,0
cudaLaunchKernel,164,35,0
cudaLaunchKernel,252,38,0
cudaOccupancyMaxActiveBlocksPerMultiprocessorWithFlags,36,34,0
cudaLaunchKernel,264,36,0
cudaLaunchKernel,84,36,0
cudaLaunchKernel,128,35,0
cudaLaunchKernel,216,36,0
cudaLaunchKernel,272,37,0
cudaLaunchKernel,128,35,0
cudaLaunchKernel,216,34,0
cudaLaunchKernel,128,35,0
cudaLaunchKernel,216,36,0
cudaLaunchKernel,272,34,0
cudaLaunchKernel,128,34,0
cudaLaunchKernel,216,37,0
cudaLaunchKernel,164,35,0
cudaLaunchKernel,128,38,0
cudaLaunchKernel,216,38,0
cudaLaunchKernel,128,35,0
cudaLaunchKernel,216,38,0
cudaLaunchKernel,164,36,0
cudaLaunchKernel,252,35,0
cudaOccupancyMaxActiveBlocksPerMultiprocessorWithFlags,36,34,0
cudaLaunchKernel,264,35,0
cudaLaunchKernel,84,38,0
cudaLaunchKernel,128,35,0
cudaLaunchKernel,216,35,0
cudaLaunchKernel,272,39,0
cudaLaunchKernel,128,34,0
cudaLaunchKernel,216,37,0
cudaLaunchKernel,128,35,0
cudaLaunchKernel,216,34,0
cudaLaunchKernel,272,36,0
cudaLaunchKernel,128,34,0
cudaLaunchKernel,216,34,0
cudaLaunchKernel,164,36,0
cudaLaunchKernel,128,35,0
cudaLaunchKernel,216,36,0
cudaLaunchKernel,128,36,0
cudaLaunchKernel,216,35,0
cudaLaunchKernel,164,36,0
cudaLaunchKernel,252,36,0
cudaOccupancyMaxActiveBlocksPerMultiprocessorWithFlags,36,33,0
cudaLaunchKernel,264,35,0
cudaLaunchKernel,84,35,0
cudaLaunchKernel,128,35,0
cudaLaunchKernel,216,37,0
cudaLaunchKernel,272,35,0
cudaLaunchKernel,128,36,0
cudaLaunchKernel,216,35,0
cudaLaunchKernel,128,35,0
cudaLaunchKernel,216,38,0
cudaLaunchKernel,272,36,0
cudaLaunchKernel,128,36,0
cudaLaunchKernel,216,35,0
cudaLaunchKernel,164,38,0
cudaLaunchKernel,128,34,0
cudaLaunchKernel,216,35,0
cudaLaunchKernel,128,35,0
cudaLaunchKernel,216,36,0
cudaLaunchKernel,164,35,0
cudaLaunchKernel,252,35,0
cudaOccupancyMaxActiveBlocksPerMultiprocessorWithFlags,36,34,0
cudaLaunchKernel,264,34,0
cudaLaunchKernel,84,37,0
cudaLaunchKernel,128,36,0
cudaLaunchKernel,216,35,0
cudaLaunchKernel,272,35,0
cudaLaunchKernel,128,38,0
cudaLaunchKernel,216,36,0
cudaLaunchKernel,128,35,0
cudaLaunchKernel,216,35,0
cudaLaunchKernel,272,36,0
cudaLaunchKernel,128,35,0
cudaLaunchKernel,216,65,0
cudaLaunchKernel,164,36,0
cudaLaunchKernel,128,35,0
cudaLaunchKernel,216,36,0
cudaLaunchKernel,128,35,0
cudaLaunchKernel,216,36,0
cudaLaunchKernel,164,36,0
cudaLaunchKernel,252,36,0
cudaOccupancyMaxActiveBlocksPerMultiprocessorWithFlags,36,33,0
cudaLaunchKernel,264,37,0
cudaLaunchKernel,84,40,0
cudaLaunchKernel,128,34,0
cudaLaunchKernel,216,39,0
cudaLaunchKernel,272,35,0
cudaLaunchKernel,128,35,0
cudaLaunchKernel,216,38,0
cudaLaunchKernel,128,36,0
cudaLaunchKernel,216,36,0
cudaLaunchKernel,272,36,0
cudaLaunchKernel,128,35,0
cudaLaunchKernel,216,37,0
cudaLaunchKernel,164,35,0
cudaLaunchKernel,128,35,0
cudaLaunchKernel,216,35,0
cudaLaunchKernel,128,35,0
cudaLaunchKernel,216,36,0
cudaLaunchKernel,164,34,0
cudaLaunchKernel,252,36,0
cudaOccupancyMaxActiveBlocksPerMultiprocessorWithFlags,36,32,0
cudaLaunchKernel,264,34,0
cudaLaunchKernel,84,38,0
cudaLaunchKernel,128,34,0
cudaLaunchKernel,216,36,0
cudaLaunchKernel,272,34,0
cudaLaunchKernel,128,35,0
cudaLaunchKernel,216,35,0
cudaLaunchKernel,128,35,0
cudaLaunchKernel,216,36,0
cudaLaunchKernel,272,35,0
cudaLaunchKernel,128,37,0
cudaLaunchKernel,216,30,0
cudaLaunchKernel,164,35,0
cudaLaunchKernel,128,35,0
cudaLaunchKernel,216,35,0
cudaLaunchKernel,128,35,0
cudaLaunchKernel,216,36,0
cudaLaunchKernel,164,35,0
cudaLaunchKernel,252,35,0
cudaOccupancyMaxActiveBlocksPerMultiprocessorWithFlags,36,33,0
cudaLaunchKernel,264,36,0
cudaLaunchKernel,84,36,0
cudaLaunchKernel,128,36,0
cudaLaunchKernel,216,35,0
cudaLaunchKernel,272,39,0
cudaLaunchKernel,128,34,0
cudaLaunchKernel,216,36,0
cudaLaunchKernel,128,35,0
cudaLaunchKernel,216,36,0
cudaLaunchKernel,272,35,0
cudaLaunchKernel,128,36,0
cudaLaunchKernel,216,35,0
cudaLaunchKernel,164,36,0
cudaLaunchKernel,128,35,0
cudaLaunchKernel,216,36,0
cudaLaunchKernel,128,35,0
cudaLaunchKernel,216,38,0
cudaLaunchKernel,164,35,0
cudaLaunchKernel,252,36,0
cudaOccupancyMaxActiveBlocksPerMultiprocessorWithFlags,36,35,0
cudaLaunchKernel,264,36,0
cudaLaunchKernel,84,36,0
cudaLaunchKernel,128,34,0
cudaLaunchKernel,216,35,0
cudaLaunchKernel,272,36,0
cudaLaunchKernel,128,34,0
cudaLaunchKernel,216,36,0
cudaLaunchKernel,128,35,0
cudaLaunchKernel,216,36,0
cudaLaunchKernel,272,35,0
cudaLaunchKernel,128,35,0
cudaLaunchKernel,216,36,0
cudaLaunchKernel,164,34,0
cudaLaunchKernel,128,34,0
cudaLaunchKernel,216,43,0
cudaLaunchKernel,128,36,0
cudaLaunchKernel,216,36,0
cudaLaunchKernel,164,35,0
cudaLaunchKernel,252,38,0
cudaOccupancyMaxActiveBlocksPerMultiprocessorWithFlags,36,34,0
cudaLaunchKernel,264,36,0
cudaLaunchKernel,84,36,0
cudaLaunchKernel,128,34,0
cudaLaunchKernel,216,36,0
cudaLaunchKernel,272,34,0
cudaLaunchKernel,128,36,0
cudaLaunchKernel,216,35,0
cudaLaunchKernel,128,35,0
cudaLaunchKernel,216,38,0
cudaLaunchKernel,272,35,0
cudaLaunchKernel,128,37,0
cudaLaunchKernel,216,36,0
cudaLaunchKernel,164,35,0
cudaLaunchKernel,128,35,0
cudaLaunchKernel,216,36,0
cudaLaunchKernel,128,35,0
cudaLaunchKernel,216,35,0
cudaLaunchKernel,164,35,0
cudaLaunchKernel,252,36,0
cudaOccupancyMaxActiveBlocksPerMultiprocessorWithFlags,36,32,0
cudaLaunchKernel,264,35,0
cudaLaunchKernel,84,37,0
cudaLaunchKernel,128,36,0
cudaLaunchKernel,216,35,0
cudaLaunchKernel,272,35,0
cudaLaunchKernel,128,35,0
cudaLaunchKernel,216,35,0
cudaLaunchKernel,128,37,0
cudaLaunchKernel,216,36,0
cudaLaunchKernel,272,35,0
cudaLaunchKernel,128,36,0
cudaLaunchKernel,216,35,0
cudaLaunchKernel,164,36,0
cudaLaunchKernel,128,34,0
cudaLaunchKernel,216,36,0
cudaLaunchKernel,128,34,0
cudaLaunchKernel,216,36,0
cudaLaunchKernel,164,37,0
cudaLaunchKernel,252,34,0
cudaOccupancyMaxActiveBlocksPerMultiprocessorWithFlags,36,32,0
cudaLaunchKernel,264,36,0
cudaLaunchKernel,84,36,0
cudaLaunchKernel,128,36,0
cudaLaunchKernel,216,36,0
cudaLaunchKernel,184,35,0
cudaLaunchKernel,184,35,0
cudaLaunchKernel,208,38,0
cudaLaunchKernel,272,35,0
cudaLaunchKernel,128,36,0
cudaLaunchKernel,216,36,0
cudaLaunchKernel,128,35,0
cudaLaunchKernel,216,35,0
cudaLaunchKernel,272,36,0
cudaLaunchKernel,128,36,0
cudaLaunchKernel,216,36,0
cudaMemcpyAsync,37,119,0
cudaStreamSynchronize,8,27,0
cudaStreamSynchronize,8,22,0
cudaStreamSynchronize,8,38,0
cudaMemcpyAsync,8228,40,0
cudaStreamSynchronize,8,36,0
cudaStreamSynchronize,8,36,0
cudaMemcpyAsync,40,35,0
cudaStreamSynchronize,8,38,0
cudaStreamSynchronize,8,37,0
cudaMemcpyAsync,44,35,0
cudaStreamSynchronize,8,37,0
cudaStreamSynchronize,8,37,0
cudaMemcpyAsync,44,34,0
cudaStreamSynchronize,8,37,0
cudaStreamSynchronize,8,39,0
cudaMemcpyAsync,548,35,0
cudaStreamSynchronize,8,36,0
cudaStreamSynchronize,8,38,0
cudaMemcpyAsync,40,42,0
cudaStreamSynchronize,8,29,0
cudaLaunchKernel,272,38,0
cudaLaunchKernel,128,42,0
cudaLaunchKernel,216,35,0
cudaLaunchKernel,164,29,0
cudaLaunchKernel,128,36,0
cudaLaunchKernel,216,36,0
cudaLaunchKernel,128,38,0
cudaLaunchKernel,216,35,0
cudaLaunchKernel,164,37,0
cudaLaunchKernel,252,37,0
cudaOccupancyMaxActiveBlocksPerMultiprocessorWithFlags,36,34,0
cudaLaunchKernel,264,37,0
cudaLaunchKernel,84,36,0
cudaLaunchKernel,128,35,0
cudaLaunchKernel,216,35,0
cudaLaunchKernel,272,37,0
cudaLaunchKernel,128,37,0
cudaLaunchKernel,216,35,0
cudaLaunchKernel,128,36,0
cudaLaunchKernel,216,38,0
cudaLaunchKernel,272,38,0
cudaLaunchKernel,128,35,0
cudaLaunchKernel,216,36,0
cudaLaunchKernel,164,35,0
cudaLaunchKernel,128,35,0
cudaLaunchKernel,216,37,0
cudaLaunchKernel,128,35,0
cudaLaunchKernel,216,37,0
cudaLaunchKernel,164,36,0
cudaLaunchKernel,252,37,0
cudaOccupancyMaxActiveBlocksPerMultiprocessorWithFlags,36,34,0
cudaLaunchKernel,264,34,0
cudaLaunchKernel,84,36,0
cudaLaunchKernel,128,35,0
cudaLaunchKernel,216,36,0
cudaLaunchKernel,272,37,0
cudaLaunchKernel,128,36,0
cudaLaunchKernel,216,35,0
cudaLaunchKernel,128,35,0
cudaLaunchKernel,216,36,0
cudaLaunchKernel,272,36,0
cudaLaunchKernel,128,35,0
cudaLaunchKernel,216,36,0
cudaLaunchKernel,164,34,0
cudaLaunchKernel,128,36,0
cudaLaunchKernel,216,36,0
cudaLaunchKernel,128,35,0
cudaLaunchKernel,216,37,0
cudaLaunchKernel,164,36,0
cudaLaunchKernel,252,35,0
cudaOccupancyMaxActiveBlocksPerMultiprocessorWithFlags,36,32,0
cudaLaunchKernel,264,39,0
cudaLaunchKernel,84,35,0
cudaLaunchKernel,128,35,0
cudaLaunchKernel,216,38,0
cudaLaunchKernel,272,36,0
cudaLaunchKernel,128,35,0
cudaLaunchKernel,216,37,0
cudaLaunchKernel,128,36,0
cudaLaunchKernel,216,36,0
cudaLaunchKernel,272,35,0
cudaLaunchKernel,128,38,0
cudaLaunchKernel,216,38,0
cudaLaunchKernel,164,38,0
cudaLaunchKernel,128,36,0
cudaLaunchKernel,216,36,0
cudaLaunchKernel,128,36,0
cudaLaunchKernel,216,36,0
cudaLaunchKernel,164,35,0
cudaLaunchKernel,252,35,0
cudaOccupancyMaxActiveBlocksPerMultiprocessorWithFlags,36,33,0
cudaLaunchKernel,264,34,0
cudaLaunchKernel,84,36,0
cudaLaunchKernel,128,37,0
cudaLaunchKernel,216,35,0
cudaLaunchKernel,272,35,0
cudaLaunchKernel,128,37,0
cudaLaunchKernel,216,37,0
cudaLaunchKernel,128,37,0
cudaLaunchKernel,216,35,0
cudaLaunchKernel,272,35,0
cudaLaunchKernel,128,35,0
cudaLaunchKernel,216,36,0
cudaLaunchKernel,164,36,0
cudaLaunchKernel,128,41,0
cudaLaunchKernel,216,36,0
cudaLaunchKernel,128,35,0
cudaLaunchKernel,216,36,0
cudaLaunchKernel,164,36,0
cudaLaunchKernel,252,35,0
cudaOccupancyMaxActiveBlocksPerMultiprocessorWithFlags,36,34,0
cudaLaunchKernel,264,35,0
cudaLaunchKernel,84,38,0
cudaLaunchKernel,128,36,0
cudaLaunchKernel,216,36,0
cudaLaunchKernel,272,34,0
cudaLaunchKernel,128,35,0
cudaLaunchKernel,216,37,0
cudaLaunchKernel,128,35,0
cudaLaunchKernel,216,38,0
cudaLaunchKernel,272,36,0
cudaLaunchKernel,128,35,0
cudaLaunchKernel,216,39,0
cudaLaunchKernel,164,35,0
cudaLaunchKernel,128,35,0
cudaLaunchKernel,216,36,0
cudaLaunchKernel,128,35,0
cudaLaunchKernel,216,35,0
cudaLaunchKernel,164,36,0
cudaLaunchKernel,252,35,0
cudaOccupancyMaxActiveBlocksPerMultiprocessorWithFlags,36,34,0
cudaLaunchKernel,264,34,0
cudaLaunchKernel,84,37,0
cudaLaunchKernel,128,36,0
cudaLaunchKernel,216,38,0
cudaLaunchKernel,272,35,0
cudaLaunchKernel,128,36,0
cudaLaunchKernel,216,36,0
cudaLaunchKernel,128,36,0
cudaLaunchKernel,216,36,0
cudaLaunchKernel,272,35,0
cudaLaunchKernel,128,37,0
cudaLaunchKernel,216,36,0
cudaLaunchKernel,164,36,0
cudaLaunchKernel,128,35,0
cudaLaunchKernel,216,35,0
cudaLaunchKernel,128,37,0
cudaLaunchKernel,216,37,0
cudaLaunchKernel,164,36,0
cudaLaunchKernel,252,37,0
cudaOccupancyMaxActiveBlocksPerMultiprocessorWithFlags,36,33,0
cudaLaunchKernel,264,33,0
cudaLaunchKernel,84,35,0
cudaLaunchKernel,128,35,0
cudaLaunchKernel,216,36,0
cudaLaunchKernel,272,36,0
cudaLaunchKernel,128,36,0
cudaLaunchKernel,216,35,0
cudaLaunchKernel,128,34,0
cudaLaunchKernel,216,35,0
cudaLaunchKernel,272,38,0
cudaLaunchKernel,128,36,0
cudaLaunchKernel,216,35,0
cudaLaunchKernel,164,35,0
cudaLaunchKernel,128,35,0
cudaLaunchKernel,216,35,0
cudaLaunchKernel,128,35,0
cudaLaunchKernel,216,35,0
cudaLaunchKernel,164,37,0
cudaLaunchKernel,252,36,0
cudaOccupancyMaxActiveBlocksPerMultiprocessorWithFlags,36,36,0
cudaLaunchKernel,264,36,0
cudaLaunchKernel,84,36,0
cudaLaunchKernel,128,36,0
cudaLaunchKernel,216,37,0
cudaLaunchKernel,272,36,0
cudaLaunchKernel,128,35,0
cudaLaunchKernel,216,36,0
cudaLaunchKernel,128,35,0
cudaLaunchKernel,216,36,0
cudaLaunchKernel,272,36,0
cudaLaunchKernel,128,37,0
cudaLaunchKernel,216,36,0
cudaLaunchKernel,164,35,0
cudaLaunchKernel,128,38,0
cudaLaunchKernel,216,32,0
cudaLaunchKernel,128,37,0
cudaLaunchKernel,216,42,0
cudaLaunchKernel,164,38,0
cudaLaunchKernel,252,35,0
cudaOccupancyMaxActiveBlocksPerMultiprocessorWithFlags,36,36,0
cudaLaunchKernel,264,37,0
cudaLaunchKernel,84,37,0
cudaLaunchKernel,128,35,0
cudaLaunchKernel,216,37,0
cudaLaunchKernel,272,36,0
cudaLaunchKernel,128,35,0
cudaLaunchKernel,216,37,0
cudaLaunchKernel,128,43,0
cudaLaunchKernel,216,42,0
cudaLaunchKernel,272,46,0
cudaLaunchKernel,128,52,0
cudaLaunchKernel,216,52,0
cudaLaunchKernel,164,52,0
cudaLaunchKernel,128,49,0
cudaLaunchKernel,216,47,0
cudaLaunchKernel,128,48,0
cudaLaunchKernel,216,47,0
cudaLaunchKernel,164,47,0
cudaLaunchKernel,252,52,0
cudaOccupancyMaxActiveBlocksPerMultiprocessorWithFlags,36,39,0
cudaLaunchKernel,264,49,0
cudaLaunchKernel,84,52,0
cudaLaunchKernel,128,49,0
cudaLaunchKernel,216,50,0
cudaLaunchKernel,272,40,0
cudaLaunchKernel,128,47,0
cudaLaunchKernel,216,44,0
cudaLaunchKernel,128,38,0
cudaLaunchKernel,216,48,0
cudaLaunchKernel,272,51,0
cudaLaunchKernel,128,42,0
cudaLaunchKernel,216,41,0
cudaLaunchKernel,164,48,0
cudaLaunchKernel,128,50,0
cudaLaunchKernel,216,49,0
cudaLaunchKernel,128,45,0
cudaLaunchKernel,216,44,0
cudaLaunchKernel,164,58,0
cudaLaunchKernel,252,49,0
cudaOccupancyMaxActiveBlocksPerMultiprocessorWithFlags,36,43,0
cudaLaunchKernel,264,38,0
cudaLaunchKernel,84,37,0
cudaLaunchKernel,128,36,0
cudaLaunchKernel,216,37,0
cudaLaunchKernel,272,36,0
cudaLaunchKernel,128,36,0
cudaLaunchKernel,216,35,0
cudaLaunchKernel,128,37,0
cudaLaunchKernel,216,35,0
cudaLaunchKernel,272,36,0
cudaLaunchKernel,128,36,0
cudaLaunchKernel,216,36,0
cudaLaunchKernel,164,35,0
cudaLaunchKernel,128,36,0
cudaLaunchKernel,216,35,0
cudaLaunchKernel,128,35,0
cudaLaunchKernel,216,37,0
cudaLaunchKernel,164,36,0
cudaLaunchKernel,252,35,0
cudaOccupancyMaxActiveBlocksPerMultiprocessorWithFlags,36,34,0
cudaLaunchKernel,264,35,0
cudaLaunchKernel,84,36,0
cudaLaunchKernel,128,35,0
cudaLaunchKernel,216,36,0
cudaLaunchKernel,272,35,0
cudaLaunchKernel,128,35,0
cudaLaunchKernel,216,38,0
cudaLaunchKernel,128,35,0
cudaLaunchKernel,216,36,0
cudaLaunchKernel,272,35,0
cudaLaunchKernel,128,36,0
cudaLaunchKernel,216,36,0
cudaLaunchKernel,164,51,0
cudaLaunchKernel,128,38,0
cudaLaunchKernel,216,36,0
cudaLaunchKernel,128,36,0
cudaLaunchKernel,216,38,0
cudaLaunchKernel,164,49,0
cudaLaunchKernel,252,40,0
cudaOccupancyMaxActiveBlocksPerMultiprocessorWithFlags,36,43,0
cudaLaunchKernel,264,51,0
cudaLaunchKernel,84,44,0
cudaLaunchKernel,128,35,0
cudaLaunchKernel,216,39,0
cudaLaunchKernel,272,35,0
cudaLaunchKernel,128,37,0
cudaLaunchKernel,216,42,0
cudaLaunchKernel,128,39,0
cudaLaunchKernel,216,36,0
cudaLaunchKernel,272,52,0
cudaLaunchKernel,128,50,0
cudaLaunchKernel,216,44,0
cudaLaunchKernel,164,36,0
cudaLaunchKernel,128,34,0
cudaLaunchKernel,216,35,0
cudaLaunchKernel,128,42,0
cudaLaunchKernel,216,39,0
cudaLaunchKernel,164,47,0
cudaLaunchKernel,252,40,0
cudaOccupancyMaxActiveBlocksPerMultiprocessorWithFlags,36,47,0
cudaLaunchKernel,264,42,0
cudaLaunchKernel,84,37,0
cudaLaunchKernel,128,46,0
cudaLaunchKernel,216,47,0
cudaLaunchKernel,272,47,0
cudaLaunchKernel,128,53,0
cudaLaunchKernel,216,51,0
cudaLaunchKernel,128,52,0
cudaLaunchKernel,216,41,0
cudaLaunchKernel,272,39,0
cudaLaunchKernel,128,38,0
cudaLaunchKernel,216,51,0
cudaLaunchKernel,164,54,0
cudaLaunchKernel,128,49,0
cudaLaunchKernel,216,55,0
cudaLaunchKernel,128,53,0
cudaLaunchKernel,216,49,0
cudaLaunchKernel,164,51,0
cudaLaunchKernel,252,49,0
cudaOccupancyMaxActiveBlocksPerMultiprocessorWithFlags,36,47,0
cudaLaunchKernel,264,50,0
cudaLaunchKernel,84,51,0
cudaLaunchKernel,128,52,0
cudaLaunchKernel,216,46,0
cudaLaunchKernel,272,51,0
cudaLaunchKernel,128,48,0
cudaLaunchKernel,216,44,0
cudaLaunchKernel,128,49,0
cudaLaunchKernel,216,39,0
cudaLaunchKernel,272,47,0
cudaLaunchKernel,128,44,0
cudaLaunchKernel,216,46,0
cudaLaunchKernel,164,43,0
cudaLaunchKernel,128,46,0
cudaLaunchKernel,216,48,0
cudaLaunchKernel,128,47,0
cudaLaunchKernel,216,39,0
cudaLaunchKernel,164,38,0
cudaLaunchKernel,252,50,0
cudaOccupancyMaxActiveBlocksPerMultiprocessorWithFlags,36,36,0
cudaLaunchKernel,264,33,0
cudaLaunchKernel,84,37,0
cudaLaunchKernel,128,42,0
cudaLaunchKernel,216,38,0
cudaLaunchKernel,272,45,0
cudaLaunchKernel,128,51,0
cudaLaunchKernel,216,48,0
cudaLaunchKernel,128,43,0
cudaLaunchKernel,216,40,0
cudaLaunchKernel,272,50,0
cudaLaunchKernel,128,39,0
cudaLaunchKernel,216,48,0
cudaLaunchKernel,164,53,0
cudaLaunchKernel,128,53,0
cudaLaunchKernel,216,52,0
cudaLaunchKernel,128,47,0
cudaLaunchKernel,216,48,0
cudaLaunchKernel,164,48,0
cudaLaunchKernel,252,45,0
cudaOccupancyMaxActiveBlocksPerMultiprocessorWithFlags,36,46,0
cudaLaunchKernel,264,45,0
cudaLaunchKernel,84,37,0
cudaLaunchKernel,128,41,0
cudaLaunchKernel,216,45,0
cudaLaunchKernel,272,52,0
cudaLaunchKernel,128,49,0
cudaLaunchKernel,216,41,0
cudaLaunchKernel,128,46,0
cudaLaunchKernel,216,42,0
cudaLaunchKernel,272,35,0
cudaLaunchKernel,128,35,0
cudaLaunchKernel,216,37,0
cudaLaunchKernel,164,48,0
cudaLaunchKernel,128,54,0
cudaLaunchKernel,216,50,0
cudaLaunchKernel,128,39,0
cudaLaunchKernel,216,51,0
cudaLaunchKernel,164,40,0
cudaLaunchKernel,252,40,0
cudaOccupancyMaxActiveBlocksPerMultiprocessorWithFlags,36,36,0
cudaLaunchKernel,264,37,0
cudaLaunchKernel,84,36,0
cudaLaunchKernel,128,37,0
cudaLaunchKernel,216,43,0
cudaLaunchKernel,272,39,0
cudaLaunchKernel,128,39,0
cudaLaunchKernel,216,37,0
cudaLaunchKernel,128,38,0
cudaLaunchKernel,216,36,0
cudaLaunchKernel,272,35,0
cudaLaunchKernel,128,35,0
cudaLaunchKernel,216,38,0
cudaLaunchKernel,164,44,0
cudaLaunchKernel,128,51,0
cudaLaunchKernel,216,48,0
cudaLaunchKernel,128,49,0
cudaLaunchKernel,216,46,0
cudaLaunchKernel,164,49,0
cudaLaunchKernel,252,45,0
cudaOccupancyMaxActiveBlocksPerMultiprocessorWithFlags,36,35,0
cudaLaunchKernel,264,37,0
cudaLaunchKernel,84,38,0
cudaLaunchKernel,128,43,0
cudaLaunchKernel,216,41,0
cudaLaunchKernel,272,51,0
cudaLaunchKernel,128,55,0
cudaLaunchKernel,216,50,0
cudaLaunchKernel,128,51,0
cudaLaunchKernel,216,38,0
cudaLaunchKernel,272,44,0
cudaLaunchKernel,128,44,0
cudaLaunchKernel,216,50,0
cudaLaunchKernel,164,46,0
cudaLaunchKernel,128,37,0
cudaLaunchKernel,216,42,0
cudaLaunchKernel,128,37,0
cudaLaunchKernel,216,34,0
cudaLaunchKernel,164,35,0
cudaLaunchKernel,252,35,0
cudaOccupancyMaxActiveBlocksPerMultiprocessorWithFlags,36,35,0
cudaLaunchKernel,264,38,0
cudaLaunchKernel,84,43,0
cudaLaunchKernel,128,49,0
cudaLaunchKernel,216,52,0
cudaLaunchKernel,272,50,0
cudaLaunchKernel,128,48,0
cudaLaunchKernel,216,49,0
cudaLaunchKernel,128,48,0
cudaLaunchKernel,216,48,0
cudaLaunchKernel,272,45,0
cudaLaunchKernel,128,39,0
cudaLaunchKernel,216,54,0
cudaLaunchKernel,164,52,0
cudaLaunchKernel,128,51,0
cudaLaunchKernel,216,51,0
cudaLaunchKernel,128,50,0
cudaLaunchKernel,216,50,0
cudaLaunchKernel,164,50,0
cudaLaunchKernel,252,45,0
cudaOccupancyMaxActiveBlocksPerMultiprocessorWithFlags,36,39,0
cudaLaunchKernel,264,50,0
cudaLaunchKernel,84,44,0
cudaLaunchKernel,128,38,0
cudaLaunchKernel,216,43,0
cudaLaunchKernel,272,54,0
cudaLaunchKernel,128,50,0
cudaLaunchKernel,216,49,0
cudaLaunchKernel,128,44,0
cudaLaunchKernel,216,46,0
cudaLaunchKernel,272,45,0
cudaLaunchKernel,128,47,0
cudaLaunchKernel,216,47,0
cudaLaunchKernel,164,47,0
cudaLaunchKernel,128,45,0
cudaLaunchKernel,216,45,0
cudaLaunchKernel,128,46,0
cudaLaunchKernel,216,44,0
cudaLaunchKernel,164,44,0
cudaLaunchKernel,252,44,0
cudaOccupancyMaxActiveBlocksPerMultiprocessorWithFlags,36,43,0
cudaLaunchKernel,264,48,0
cudaLaunchKernel,84,47,0
cudaLaunchKernel,128,50,0
cudaLaunchKernel,216,48,0
cudaLaunchKernel,184,50,0
cudaLaunchKernel,184,40,0
cudaLaunchKernel,208,40,0
cudaLaunchKernel,272,45,0
cudaLaunchKernel,128,35,0
cudaLaunchKernel,216,43,0
cudaLaunchKernel,128,51,0
cudaLaunchKernel,216,51,0
cudaLaunchKernel,272,50,0
cudaLaunchKernel,128,51,0
cudaLaunchKernel,216,50,0
cudaMemcpyAsync,37,128,0
cudaStreamSynchronize,8,36,0
cudaStreamSynchronize,8,21,0
cudaStreamSynchronize,8,41,0
cudaMemcpyAsync,8228,44,0
cudaStreamSynchronize,8,46,0
cudaStreamSynchronize,8,37,0
cudaMemcpyAsync,40,52,0
cudaStreamSynchronize,8,40,0
cudaStreamSynchronize,8,43,0
cudaMemcpyAsync,44,46,0
cudaStreamSynchronize,8,45,0
cudaStreamSynchronize,8,46,0
cudaMemcpyAsync,44,44,0
cudaStreamSynchronize,8,46,0
cudaStreamSynchronize,8,45,0
cudaMemcpyAsync,548,51,0
cudaStreamSynchronize,8,49,0
cudaStreamSynchronize,8,45,0
cudaMemcpyAsync,40,44,0
cudaStreamSynchronize,8,46,0
cudaLaunchKernel,272,42,0
cudaLaunchKernel,128,37,0
cudaLaunchKernel,216,35,0
cudaLaunchKernel,164,35,0
cudaLaunchKernel,128,34,0
cudaLaunchKernel,216,36,0
cudaLaunchKernel,128,35,0
cudaLaunchKernel,216,37,0
cudaLaunchKernel,164,35,0
cudaLaunchKernel,252,38,0
cudaOccupancyMaxActiveBlocksPerMultiprocessorWithFlags,36,37,0
cudaLaunchKernel,264,37,0
cudaLaunchKernel,84,36,0
cudaLaunchKernel,128,34,0
cudaLaunchKernel,216,34,0
cudaLaunchKernel,272,36,0
cudaLaunchKernel,128,35,0
cudaLaunchKernel,216,38,0
cudaLaunchKernel,128,36,0
cudaLaunchKernel,216,38,0
cudaLaunchKernel,272,34,0
cudaLaunchKernel,128,46,0
cudaLaunchKernel,216,45,0
cudaLaunchKernel,164,39,0
cudaLaunchKernel,128,36,0
cudaLaunchKernel,216,36,0
cudaLaunchKernel,128,34,0
cudaLaunchKernel,216,37,0
cudaLaunchKernel,164,44,0
cudaLaunchKernel,252,53,0
cudaOccupancyMaxActiveBlocksPerMultiprocessorWithFlags,36,47,0
cudaLaunchKernel,264,44,0
cudaLaunchKernel,84,46,0
cudaLaunchKernel,128,46,0
cudaLaunchKernel,216,52,0
cudaLaunchKernel,272,45,0
cudaLaunchKernel,128,43,0
cudaLaunchKernel,216,47,0
cudaLaunchKernel,128,44,0
cudaLaunchKernel,216,47,0
cudaLaunchKernel,272,46,0
cudaLaunchKernel,128,49,0
cudaLaunchKernel,216,47,0
cudaLaunchKernel,164,52,0
cudaLaunchKernel,128,47,0
cudaLaunchKernel,216,48,0
cudaLaunchKernel,128,53,0
cudaLaunchKernel,216,53,0
cudaLaunchKernel,164,46,0
cudaLaunchKernel,252,40,0
cudaOccupancyMaxActiveBlocksPerMultiprocessorWithFlags,36,48,0
cudaLaunchKernel,264,52,0
cudaLaunchKernel,84,50,0
cudaLaunchKernel,128,48,0
cudaLaunchKernel,216,47,0
cudaLaunchKernel,272,48,0
cudaLaunchKernel,128,47,0
cudaLaunchKernel,216,44,0
cudaLaunchKernel,128,40,0
cudaLaunchKernel,216,37,0
cudaLaunchKernel,272,42,0
cudaLaunchKernel,128,37,0
cudaLaunchKernel,216,36,0
cudaLaunchKernel,164,36,0
cudaLaunchKernel,128,35,0
cudaLaunchKernel,216,37,0
cudaLaunchKernel,128,36,0
cudaLaunchKernel,216,39,0
cudaLaunchKernel,164,44,0
cudaLaunchKernel,252,47,0
cudaOccupancyMaxActiveBlocksPerMultiprocessorWithFlags,36,37,0
cudaLaunchKernel,264,46,0
cudaLaunchKernel,84,48,0
cudaLaunchKernel,128,46,0
cudaLaunchKernel,216,45,0
cudaLaunchKernel,272,48,0
cudaLaunchKernel,128,50,0
cudaLaunchKernel,216,47,0
cudaLaunchKernel,128,50,0
cudaLaunchKernel,216,42,0
cudaLaunchKernel,272,47,0
cudaLaunchKernel,128,48,0
cudaLaunchKernel,216,53,0
cudaLaunchKernel,164,49,0
cudaLaunchKernel,128,51,0
cudaLaunchKernel,216,52,0
cudaLaunchKernel,128,52,0
cudaLaunchKernel,216,49,0
cudaLaunchKernel,164,39,0
cudaLaunchKernel,252,51,0
cudaOccupancyMaxActiveBlocksPerMultiprocessorWithFlags,36,44,0
cudaLaunchKernel,264,40,0
cudaLaunchKernel,84,37,0
cudaLaunchKernel,128,35,0
cudaLaunchKernel,216,38,0
cudaLaunchKernel,272,43,0
cudaLaunchKernel,128,50,0
cudaLaunchKernel,216,51,0
cudaLaunchKernel,128,50,0
cudaLaunchKernel,216,49,0
cudaLaunchKernel,272,50,0
cudaLaunchKernel,128,49,0
cudaLaunchKernel,216,48,0
cudaLaunchKernel,164,44,0
cudaLaunchKernel,128,47,0
cudaLaunchKernel,216,47,0
cudaLaunchKernel,128,38,0
cudaLaunchKernel,216,39,0
cudaLaunchKernel,164,36,0
cudaLaunchKernel,252,36,0
cudaOccupancyMaxActiveBlocksPerMultiprocessorWithFlags,36,34,0
cudaLaunchKernel,264,39,0
cudaLaunchKernel,84,41,0
cudaLaunchKernel,128,38,0
cudaLaunchKernel,216,40,0
cudaLaunchKernel,272,37,0
cudaLaunchKernel,128,50,0
cudaLaunchKernel,216,49,0
cudaLaunchKernel,128,38,0
cudaLaunchKernel,216,37,0
cudaLaunchKernel,272,35,0
cudaLaunchKernel,128,36,0
cudaLaunchKernel,216,36,0
cudaLaunchKernel,164,36,0
cudaLaunchKernel,128,41,0
cudaLaunchKernel,216,45,0
cudaLaunchKernel,128,51,0
cudaLaunchKernel,216,52,0
cudaLaunchKernel,164,49,0
cudaLaunchKernel,252,50,0
cudaOccupancyMaxActiveBlocksPerMultiprocessorWithFlags,36,46,0
cudaLaunchKernel,264,55,0
cudaLaunchKernel,84,55,0
cudaLaunchKernel,128,46,0
cudaLaunchKernel,216,49,0
cudaLaunchKernel,272,49,0
cudaLaunchKernel,128,48,0
cudaLaunchKernel,216,49,0
cudaLaunchKernel,128,46,0
cudaLaunchKernel,216,54,0
cudaLaunchKernel,272,41,0
cudaLaunchKernel,128,43,0
cudaLaunchKernel,216,46,0
cudaLaunchKernel,164,47,0
cudaLaunchKernel,128,51,0
cudaLaunchKernel,216,51,0
cudaLaunchKernel,128,37,0
cudaLaunchKernel,216,36,0
cudaLaunchKernel,164,36,0
cudaLaunchKernel,252,36,0
cudaOccupancyMaxActiveBlocksPerMultiprocessorWithFlags,36,34,0
cudaLaunchKernel,264,47,0
cudaLaunchKernel,84,46,0
cudaLaunchKernel,128,44,0
cudaLaunchKernel,216,48,0
cudaLaunchKernel,272,46,0
cudaLaunchKernel,128,45,0
cudaLaunchKernel,216,46,0
cudaLaunchKernel,128,46,0
cudaLaunchKernel,216,45,0
cudaLaunchKernel,272,43,0
cudaLaunchKernel,128,36,0
cudaLaunchKernel,216,46,0
cudaLaunchKernel,164,39,0
cudaLaunchKernel,128,38,0
cudaLaunchKernel,216,37,0
cudaLaunchKernel,128,40,0
cudaLaunchKernel,216,48,0
cudaLaunchKernel,164,36,0
cudaLaunchKernel,252,35,0
cudaOccupancyMaxActiveBlocksPerMultiprocessorWithFlags,36,33,0
cudaLaunchKernel,264,37,0
cudaLaunchKernel,84,37,0
cudaLaunchKernel,128,35,0
cudaLaunchKernel,216,35,0
cudaLaunchKernel,272,36,0
cudaLaunchKernel,128,33,0
cudaLaunchKernel,216,37,0
cudaLaunchKernel,128,33,0
cudaLaunchKernel,216,35,0
cudaLaunchKernel,272,35,0
cudaLaunchKernel,128,39,0
cudaLaunchKernel,216,35,0
cudaLaunchKernel,164,37,0
cudaLaunchKernel,128,34,0
cudaLaunchKernel,216,36,0
cudaLaunchKernel,128,36,0
cudaLaunchKernel,216,37,0
cudaLaunchKernel,164,35,0
cudaLaunchKernel,252,35,0
cudaOccupancyMaxActiveBlocksPerMultiprocessorWithFlags,36,34,0
cudaLaunchKernel,264,36,0
cudaLaunchKernel,84,36,0
cudaLaunchKernel,128,45,0
cudaLaunchKernel,216,52,0
cudaLaunchKernel,272,50,0
cudaLaunchKernel,128,49,0
cudaLaunchKernel,216,49,0
cudaLaunchKernel,128,49,0
cudaLaunchKernel,216,50,0
cudaLaunchKernel,272,49,0
cudaLaunchKernel,128,53,0
cudaLaunchKernel,216,51,0
cudaLaunchKernel,164,49,0
cudaLaunchKernel,128,55,0
cudaLaunchKernel,216,52,0
cudaLaunchKernel,128,52,0
cudaLaunchKernel,216,51,0
cudaLaunchKernel,164,51,0
cudaLaunchKernel,252,47,0
cudaOccupancyMaxActiveBlocksPerMultiprocessorWithFlags,36,37,0
cudaLaunchKernel,264,48,0
cudaLaunchKernel,84,44,0
cudaLaunchKernel,128,44,0
cudaLaunchKernel,216,39,0
cudaLaunchKernel,272,38,0
cudaLaunchKernel,128,40,0
cudaLaunchKernel,216,36,0
cudaLaunchKernel,128,38,0
cudaLaunchKernel,216,43,0
cudaLaunchKernel,272,47,0
cudaLaunchKernel,128,49,0
cudaLaunchKernel,216,48,0
cudaLaunchKernel,164,37,0
cudaLaunchKernel,128,36,0
cudaLaunchKernel,216,36,0
cudaLaunchKernel,128,35,0
cudaLaunchKernel,216,36,0
cudaLaunchKernel,164,35,0
cudaLaunchKernel,252,37,0
cudaOccupancyMaxActiveBlocksPerMultiprocessorWithFlags,36,41,0
cudaLaunchKernel,264,53,0
cudaLaunchKernel,84,52,0
cudaLaunchKernel,128,52,0
cudaLaunchKernel,216,42,0
cudaLaunchKernel,272,55,0
cudaLaunchKernel,128,47,0
cudaLaunchKernel,216,48,0
cudaLaunchKernel,128,47,0
cudaLaunchKernel,216,45,0
cudaLaunchKernel,272,46,0
cudaLaunchKernel,128,37,0
cudaLaunchKernel,216,37,0
cudaLaunchKernel,164,37,0
cudaLaunchKernel,128,35,0
cudaLaunchKernel,216,36,0
cudaLaunchKernel,128,35,0
cudaLaunchKernel,216,37,0
cudaLaunchKernel,164,35,0
cudaLaunchKernel,252,37,0
cudaOccupancyMaxActiveBlocksPerMultiprocessorWithFlags,36,36,0
cudaLaunchKernel,264,36,0
cudaLaunchKernel,84,43,0
cudaLaunchKernel,128,45,0
cudaLaunchKernel,216,36,0
cudaLaunchKernel,272,34,0
cudaLaunchKernel,128,35,0
cudaLaunchKernel,216,37,0
cudaLaunchKernel,128,37,0
cudaLaunchKernel,216,48,0
cudaLaunchKernel,272,52,0
cudaLaunchKernel,128,48,0
cudaLaunchKernel,216,43,0
cudaLaunchKernel,164,48,0
cudaLaunchKernel,128,46,0
cudaLaunchKernel,216,45,0
cudaLaunchKernel,128,44,0
cudaLaunchKernel,216,44,0
cudaLaunchKernel,164,49,0
cudaLaunchKernel,252,51,0
cudaOccupancyMaxActiveBlocksPerMultiprocessorWithFlags,36,44,0
cudaLaunchKernel,264,39,0
cudaLaunchKernel,84,37,0
cudaLaunchKernel,128,35,0
cudaLaunchKernel,216,35,0
cudaLaunchKernel,272,35,0
cudaLaunchKernel,128,35,0
cudaLaunchKernel,216,37,0
cudaLaunchKernel,128,43,0
cudaLaunchKernel,216,45,0
cudaLaunchKernel,272,43,0
cudaLaunchKernel,128,42,0
cudaLaunchKernel,216,40,0
cudaLaunchKernel,164,43,0
cudaLaunchKernel,128,39,0
cudaLaunchKernel,216,40,0
cudaLaunchKernel,128,40,0
cudaLaunchKernel,216,41,0
cudaLaunchKernel,164,41,0
cudaLaunchKernel,252,41,0
cudaOccupancyMaxActiveBlocksPerMultiprocessorWithFlags,36,39,0
cudaLaunchKernel,264,40,0
cudaLaunchKernel,84,40,0
cudaLaunchKernel,128,40,0
cudaLaunchKernel,216,41,0
cudaLaunchKernel,272,41,0
cudaLaunchKernel,128,39,0
cudaLaunchKernel,216,43,0
cudaLaunchKernel,128,39,0
cudaLaunchKernel,216,41,0
cudaLaunchKernel,272,41,0
cudaLaunchKernel,128,39,0
cudaLaunchKernel,216,42,0
cudaLaunchKernel,164,40,0
cudaLaunchKernel,128,35,0
cudaLaunchKernel,216,42,0
cudaLaunchKernel,128,42,0
cudaLaunchKernel,216,41,0
cudaLaunchKernel,164,41,0
cudaLaunchKernel,252,41,0
cudaOccupancyMaxActiveBlocksPerMultiprocessorWithFlags,36,38,0
cudaLaunchKernel,264,42,0
cudaLaunchKernel,84,40,0
cudaLaunchKernel,128,39,0
cudaLaunchKernel,216,40,0
cudaLaunchKernel,272,41,0
cudaLaunchKernel,128,42,0
cudaLaunchKernel,216,40,0
cudaLaunchKernel,128,39,0
cudaLaunchKernel,216,42,0
cudaLaunchKernel,272,40,0
cudaLaunchKernel,128,39,0
cudaLaunchKernel,216,40,0
cudaLaunchKernel,164,39,0
cudaLaunchKernel,128,41,0
cudaLaunchKernel,216,39,0
cudaLaunchKernel,128,42,0
cudaLaunchKernel,216,40,0
cudaLaunchKernel,164,41,0
cudaLaunchKernel,252,39,0
cudaOccupancyMaxActiveBlocksPerMultiprocessorWithFlags,36,40,0
cudaLaunchKernel,264,41,0
cudaLaunchKernel,84,41,0
cudaLaunchKernel,128,39,0
cudaLaunchKernel,216,40,0
cudaLaunchKernel,272,41,0
cudaLaunchKernel,128,39,0
cudaLaunchKernel,216,40,0
cudaLaunchKernel,128,40,0
cudaLaunchKernel,216,40,0
cudaLaunchKernel,272,40,0
cudaLaunchKernel,128,39,0
cudaLaunchKernel,216,41,0
cudaLaunchKernel,164,42,0
cudaLaunchKernel,128,38,0
cudaLaunchKernel,216,41,0
cudaLaunchKernel,128,41,0
cudaLaunchKernel,216,40,0
cudaLaunchKernel,164,41,0
cudaLaunchKernel,252,41,0
cudaOccupancyMaxActiveBlocksPerMultiprocessorWithFlags,36,39,0
cudaLaunchKernel,264,41,0
cudaLaunchKernel,84,41,0
cudaLaunchKernel,128,40,0
cudaLaunchKernel,216,45,0
cudaLaunchKernel,272,44,0
cudaLaunchKernel,128,39,0
cudaLaunchKernel,216,40,0
cudaLaunchKernel,128,40,0
cudaLaunchKernel,216,40,0
cudaLaunchKernel,272,40,0
cudaLaunchKernel,128,40,0
cudaLaunchKernel,216,39,0
cudaLaunchKernel,164,40,0
cudaLaunchKernel,128,42,0
cudaLaunchKernel,216,42,0
cudaLaunchKernel,128,40,0
cudaLaunchKernel,216,43,0
cudaLaunchKernel,164,40,0
cudaLaunchKernel,252,40,0
cudaOccupancyMaxActiveBlocksPerMultiprocessorWithFlags,36,37,0
cudaLaunchKernel,264,42,0
cudaLaunchKernel,84,40,0
cudaLaunchKernel,128,40,0
cudaLaunchKernel,216,44,0
cudaLaunchKernel,272,40,0
cudaLaunchKernel,128,40,0
cudaLaunchKernel,216,41,0
cudaLaunchKernel,128,39,0
cudaLaunchKernel,216,41,0
cudaLaunchKernel,272,41,0
cudaLaunchKernel,128,39,0
cudaLaunchKernel,216,43,0
cudaLaunchKernel,164,40,0
cudaLaunchKernel,128,43,0
cudaLaunchKernel,216,40,0
cudaLaunchKernel,128,39,0
cudaLaunchKernel,216,40,0
cudaLaunchKernel,164,41,0
cudaLaunchKernel,252,39,0
cudaOccupancyMaxActiveBlocksPerMultiprocessorWithFlags,36,40,0
cudaLaunchKernel,264,42,0
cudaLaunchKernel,84,41,0
cudaLaunchKernel,128,42,0
cudaLaunchKernel,216,40,0
cudaLaunchKernel,272,40,0
cudaLaunchKernel,128,41,0
cudaLaunchKernel,216,39,0
cudaLaunchKernel,128,42,0
cudaLaunchKernel,216,40,0
cudaLaunchKernel,272,42,0
cudaLaunchKernel,128,39,0
cudaLaunchKernel,216,40,0
cudaLaunchKernel,164,44,0
cudaLaunchKernel,128,41,0
cudaLaunchKernel,216,40,0
cudaLaunchKernel,128,39,0
cudaLaunchKernel,216,39,0
cudaLaunchKernel,164,40,0
cudaLaunchKernel,252,40,0
cudaOccupancyMaxActiveBlocksPerMultiprocessorWithFlags,36,38,0
cudaLaunchKernel,264,41,0
cudaLaunchKernel,84,40,0
cudaLaunchKernel,128,43,0
cudaLaunchKernel,216,39,0
cudaLaunchKernel,272,40,0
cudaLaunchKernel,128,40,0
cudaLaunchKernel,216,39,0
cudaLaunchKernel,128,39,0
cudaLaunchKernel,216,40,0
cudaLaunchKernel,272,40,0
cudaLaunchKernel,128,41,0
cudaLaunchKernel,216,42,0
cudaLaunchKernel,164,39,0
cudaLaunchKernel,128,39,0
cudaLaunchKernel,216,40,0
cudaLaunchKernel,128,41,0
cudaLaunchKernel,216,39,0
cudaLaunchKernel,164,42,0
cudaLaunchKernel,252,39,0
cudaOccupancyMaxActiveBlocksPerMultiprocessorWithFlags,36,46,0
cudaLaunchKernel,264,41,0
cudaLaunchKernel,84,41,0
cudaLaunchKernel,128,40,0
cudaLaunchKernel,216,40,0
cudaLaunchKernel,184,40,0
cudaLaunchKernel,184,40,0
cudaLaunchKernel,208,43,0
cudaLaunchKernel,272,39,0
cudaLaunchKernel,128,40,0
cudaLaunchKernel,216,39,0
cudaLaunchKernel,128,38,0
cudaLaunchKernel,216,43,0
cudaLaunchKernel,272,41,0
cudaLaunchKernel,128,40,0
cudaLaunchKernel,216,41,0
cudaMemcpyAsync,37,130,0
cudaStreamSynchronize,8,36,0
cudaStreamSynchronize,8,23,0
cudaStreamSynchronize,8,42,0
cudaMemcpyAsync,8228,47,0
cudaStreamSynchronize,8,42,0
cudaStreamSynchronize,8,42,0
cudaMemcpyAsync,40,42,0
cudaStreamSynchronize,8,40,0
cudaStreamSynchronize,8,42,0
cudaMemcpyAsync,44,40,0
cudaStreamSynchronize,8,43,0
cudaStreamSynchronize,8,43,0
cudaMemcpyAsync,44,39,0
cudaStreamSynchronize,8,42,0
cudaStreamSynchronize,8,41,0
cudaMemcpyAsync,548,39,0
cudaStreamSynchronize,8,42,0
cudaStreamSynchronize,8,41,0
cudaMemcpyAsync,40,38,0
cudaStreamSynchronize,8,43,0
cudaLaunchKernel,272,43,0
cudaLaunchKernel,128,41,0
cudaLaunchKernel,216,43,0
cudaLaunchKernel,164,39,0
cudaLaunchKernel,128,41,0
cudaLaunchKernel,216,39,0
cudaLaunchKernel,128,39,0
cudaLaunchKernel,216,41,0
cudaLaunchKernel,164,42,0
cudaLaunchKernel,252,41,0
cudaOccupancyMaxActiveBlocksPerMultiprocessorWithFlags,36,37,0
cudaLaunchKernel,264,40,0
cudaLaunchKernel,84,40,0
cudaLaunchKernel,128,42,0
cudaLaunchKernel,216,40,0
cudaLaunchKernel,272,40,0
cudaLaunchKernel,128,40,0
cudaLaunchKernel,216,41,0
cudaLaunchKernel,128,40,0
cudaLaunchKernel,216,43,0
cudaLaunchKernel,272,40,0
cudaLaunchKernel,128,38,0
cudaLaunchKernel,216,40,0
cudaLaunchKernel,164,39,0
cudaLaunchKernel,128,39,0
cudaLaunchKernel,216,41,0
cudaLaunchKernel,128,39,0
cudaLaunchKernel,216,41,0
cudaLaunchKernel,164,39,0
cudaLaunchKernel,252,43,0
cudaOccupancyMaxActiveBlocksPerMultiprocessorWithFlags,36,38,0
cudaLaunchKernel,264,39,0
cudaLaunchKernel,84,41,0
cudaLaunchKernel,128,40,0
cudaLaunchKernel,216,40,0
cudaLaunchKernel,272,41,0
cudaLaunchKernel,128,38,0
cudaLaunchKernel,216,43,0
cudaLaunchKernel,128,49,0
cudaLaunchKernel,216,41,0
cudaLaunchKernel,272,40,0
cudaLaunchKernel,128,39,0
cudaLaunchKernel,216,41,0
cudaLaunchKernel,164,39,0
cudaLaunchKernel,128,40,0
cudaLaunchKernel,216,41,0
cudaLaunchKernel,128,40,0
cudaLaunchKernel,216,39,0
cudaLaunchKernel,164,42,0
cudaLaunchKernel,252,40,0
cudaOccupancyMaxActiveBlocksPerMultiprocessorWithFlags,36,38,0
cudaLaunchKernel,264,40,0
cudaLaunchKernel,84,40,0
cudaLaunchKernel,128,40,0
cudaLaunchKernel,216,40,0
cudaLaunchKernel,272,39,0
cudaLaunchKernel,128,41,0
cudaLaunchKernel,216,39,0
cudaLaunchKernel,128,41,0
cudaLaunchKernel,216,40,0
cudaLaunchKernel,272,40,0
cudaLaunchKernel,128,40,0
cudaLaunchKernel,216,39,0
cudaLaunchKernel,164,40,0
cudaLaunchKernel,128,38,0
cudaLaunchKernel,216,41,0
cudaLaunchKernel,128,40,0
cudaLaunchKernel,216,42,0
cudaLaunchKernel,164,42,0
cudaLaunchKernel,252,41,0
cudaOccupancyMaxActiveBlocksPerMultiprocessorWithFlags,36,38,0
cudaLaunchKernel,264,41,0
cudaLaunchKernel,84,40,0
cudaLaunchKernel,128,41,0
cudaLaunchKernel,216,40,0
cudaLaunchKernel,272,42,0
cudaLaunchKernel,128,39,0
cudaLaunchKernel,216,43,0
cudaLaunchKernel,128,40,0
cudaLaunchKernel,216,40,0
cudaLaunchKernel,272,41,0
cudaLaunchKernel,128,41,0
cudaLaunchKernel,216,41,0
cudaLaunchKernel,164,41,0
cudaLaunchKernel,128,39,0
cudaLaunchKernel,216,40,0
cudaLaunchKernel,128,41,0
cudaLaunchKernel,216,44,0
cudaLaunchKernel,164,39,0
cudaLaunchKernel,252,39,0
cudaOccupancyMaxActiveBlocksPerMultiprocessorWithFlags,36,39,0
cudaLaunchKernel,264,39,0
cudaLaunchKernel,84,41,0
cudaLaunchKernel,128,37,0
cudaLaunchKernel,216,40,0
cudaLaunchKernel,272,39,0
cudaLaunchKernel,128,42,0
cudaLaunchKernel,216,40,0
cudaLaunchKernel,128,40,0
cudaLaunchKernel,216,41,0
cudaLaunchKernel,272,38,0
cudaLaunchKernel,128,40,0
cudaLaunchKernel,216,41,0
cudaLaunchKernel,164,40,0
cudaLaunchKernel,128,39,0
cudaLaunchKernel,216,39,0
cudaLaunchKernel,128,40,0
cudaLaunchKernel,216,40,0
cudaLaunchKernel,164,39,0
cudaLaunchKernel,252,40,0
cudaOccupancyMaxActiveBlocksPerMultiprocessorWithFlags,36,38,0
cudaLaunchKernel,264,41,0
cudaLaunchKernel,84,38,0
cudaLaunchKernel,128,42,0
cudaLaunchKernel,216,48,0
cudaLaunchKernel,272,41,0
cudaLaunchKernel,128,41,0
cudaLaunchKernel,216,41,0
cudaLaunchKernel,128,39,0
cudaLaunchKernel,216,40,0
cudaLaunchKernel,272,39,0
cudaLaunchKernel,128,40,0
cudaLaunchKernel,216,40,0
cudaLaunchKernel,164,39,0
cudaLaunchKernel,128,40,0
cudaLaunchKernel,216,45,0
cudaLaunchKernel,128,39,0
cudaLaunchKernel,216,39,0
cudaLaunchKernel,164,40,0
cudaLaunchKernel,252,40,0
cudaOccupancyMaxActiveBlocksPerMultiprocessorWithFlags,36,37,0
cudaLaunchKernel,264,40,0
cudaLaunchKernel,84,40,0
cudaLaunchKernel,128,40,0
cudaLaunchKernel,216,41,0
cudaLaunchKernel,272,41,0
cudaLaunchKernel,128,39,0
cudaLaunchKernel,216,41,0
cudaLaunchKernel,128,40,0
cudaLaunchKernel,216,41,0
cudaLaunchKernel,272,40,0
cudaLaunchKernel,128,40,0
cudaLaunchKernel,216,40,0
cudaLaunchKernel,164,39,0
cudaLaunchKernel,128,40,0
cudaLaunchKernel,216,40,0
cudaLaunchKernel,128,40,0
cudaLaunchKernel,216,41,0
cudaLaunchKernel,164,39,0
cudaLaunchKernel,252,39,0
cudaOccupancyMaxActiveBlocksPerMultiprocessorWithFlags,36,37,0
cudaLaunchKernel,264,41,0
cudaLaunchKernel,84,42,0
cudaLaunchKernel,128,40,0
cudaLaunchKernel,216,44,0
cudaLaunchKernel,272,41,0
cudaLaunchKernel,128,39,0
cudaLaunchKernel,216,40,0
cudaLaunchKernel,128,40,0
cudaLaunchKernel,216,40,0
cudaLaunchKernel,272,39,0
cudaLaunchKernel,128,41,0
cudaLaunchKernel,216,40,0
cudaLaunchKernel,164,40,0
cudaLaunchKernel,128,40,0
cudaLaunchKernel,216,41,0
cudaLaunchKernel,128,39,0
cudaLaunchKernel,216,39,0
cudaLaunchKernel,164,40,0
cudaLaunchKernel,252,39,0
cudaOccupancyMaxActiveBlocksPerMultiprocessorWithFlags,36,37,0
cudaLaunchKernel,264,39,0
cudaLaunchKernel,84,41,0
cudaLaunchKernel,128,44,0
cudaLaunchKernel,216,42,0
cudaLaunchKernel,272,40,0
cudaLaunchKernel,128,40,0
cudaLaunchKernel,216,41,0
cudaLaunchKernel,128,41,0
cudaLaunchKernel,216,41,0
cudaLaunchKernel,272,41,0
cudaLaunchKernel,128,41,0
cudaLaunchKernel,216,40,0
cudaLaunchKernel,164,42,0
cudaLaunchKernel,128,41,0
cudaLaunchKernel,216,41,0
cudaLaunchKernel,128,40,0
cudaLaunchKernel,216,41,0
cudaLaunchKernel,164,40,0
cudaLaunchKernel,252,41,0
cudaOccupancyMaxActiveBlocksPerMultiprocessorWithFlags,36,44,0
cudaLaunchKernel,264,40,0
cudaLaunchKernel,84,41,0
cudaLaunchKernel,128,43,0
cudaLaunchKernel,216,42,0
cudaLaunchKernel,272,40,0
cudaLaunchKernel,128,40,0
cudaLaunchKernel,216,41,0
cudaLaunchKernel,128,40,0
cudaLaunchKernel,216,42,0
cudaLaunchKernel,272,42,0
cudaLaunchKernel,128,39,0
cudaLaunchKernel,216,42,0
cudaLaunchKernel,164,39,0
cudaLaunchKernel,128,40,0
cudaLaunchKernel,216,42,0
cudaLaunchKernel,128,40,0
cudaLaunchKernel,216,40,0
cudaLaunchKernel,164,40,0
cudaLaunchKernel,252,41,0
cudaOccupancyMaxActiveBlocksPerMultiprocessorWithFlags,36,39,0
cudaLaunchKernel,264,41,0
cudaLaunchKernel,84,43,0
cudaLaunchKernel,128,42,0
cudaLaunchKernel,216,41,0
cudaLaunchKernel,272,41,0
cudaLaunchKernel,128,39,0
cudaLaunchKernel,216,40,0
cudaLaunchKernel,128,39,0
cudaLaunchKernel,216,42,0
cudaLaunchKernel,272,41,0
cudaLaunchKernel,128,39,0
cudaLaunchKernel,216,43,0
cudaLaunchKernel,164,40,0
cudaLaunchKernel,128,40,0
cudaLaunchKernel,216,40,0
cudaLaunchKernel,128,39,0
cudaLaunchKernel,216,42,0
cudaLaunchKernel,164,43,0
cudaLaunchKernel,252,41,0
cudaOccupancyMaxActiveBlocksPerMultiprocessorWithFlags,36,36,0
cudaLaunchKernel,264,43,0
cudaLaunchKernel,84,42,0
cudaLaunchKernel,128,40,0
cudaLaunchKernel,216,42,0
cudaLaunchKernel,272,41,0
cudaLaunchKernel,128,42,0
cudaLaunchKernel,216,40,0
cudaLaunchKernel,128,38,0
cudaLaunchKernel,216,41,0
cudaLaunchKernel,272,40,0
cudaLaunchKernel,128,43,0
cudaLaunchKernel,216,42,0
cudaLaunchKernel,164,40,0
cudaLaunchKernel,128,40,0
cudaLaunchKernel,216,41,0
cudaLaunchKernel,128,38,0
cudaLaunchKernel,216,41,0
cudaLaunchKernel,164,41,0
cudaLaunchKernel,252,41,0
cudaOccupancyMaxActiveBlocksPerMultiprocessorWithFlags,36,38,0
cudaLaunchKernel,264,42,0
cudaLaunchKernel,84,42,0
cudaLaunchKernel,128,40,0
cudaLaunchKernel,216,42,0
cudaLaunchKernel,272,39,0
cudaLaunchKernel,128,39,0
cudaLaunchKernel,216,42,0
cudaLaunchKernel,128,39,0
cudaLaunchKernel,216,39,0
cudaLaunchKernel,272,44,0
cudaLaunchKernel,128,40,0
cudaLaunchKernel,216,41,0
cudaLaunchKernel,164,38,0
cudaLaunchKernel,128,42,0
cudaLaunchKernel,216,40,0
cudaLaunchKernel,128,44,0
cudaLaunchKernel,216,40,0
cudaLaunchKernel,164,40,0
cudaLaunchKernel,252,38,0
cudaOccupancyMaxActiveBlocksPerMultiprocessorWithFlags,36,41,0
cudaLaunchKernel,264,40,0
cudaLaunchKernel,84,44,0
cudaLaunchKernel,128,39,0
cudaLaunchKernel,216,40,0
cudaLaunchKernel,272,41,0
cudaLaunchKernel,128,40,0
cudaLaunchKernel,216,41,0
cudaLaunchKernel,128,39,0
cudaLaunchKernel,216,39,0
cudaLaunchKernel,272,41,0
cudaLaunchKernel,128,40,0
cudaLaunchKernel,216,40,0
cudaLaunchKernel,164,40,0
cudaLaunchKernel,128,40,0
cudaLaunchKernel,216,41,0
cudaLaunchKernel,128,40,0
cudaLaunchKernel,216,40,0
cudaLaunchKernel,164,42,0
cudaLaunchKernel,252,41,0
cudaOccupancyMaxActiveBlocksPerMultiprocessorWithFlags,36,38,0
cudaLaunchKernel,264,41,0
cudaLaunchKernel,84,41,0
cudaLaunchKernel,128,39,0
cudaLaunchKernel,216,42,0
cudaLaunchKernel,272,39,0
cudaLaunchKernel,128,40,0
cudaLaunchKernel,216,41,0
cudaLaunchKernel,128,40,0
cudaLaunchKernel,216,42,0
cudaLaunchKernel,272,40,0
cudaLaunchKernel,128,42,0
cudaLaunchKernel,216,39,0
cudaLaunchKernel,164,40,0
cudaLaunchKernel,128,40,0
cudaLaunchKernel,216,41,0
cudaLaunchKernel,128,38,0
cudaLaunchKernel,216,39,0
cudaLaunchKernel,164,44,0
cudaLaunchKernel,252,39,0
cudaOccupancyMaxActiveBlocksPerMultiprocessorWithFlags,36,38,0
cudaLaunchKernel,264,39,0
cudaLaunchKernel,84,40,0
cudaLaunchKernel,128,39,0
cudaLaunchKernel,216,41,0
cudaLaunchKernel,272,40,0
cudaLaunchKernel,128,40,0
cudaLaunchKernel,216,42,0
cudaLaunchKernel,128,43,0
cudaLaunchKernel,216,41,0
cudaLaunchKernel,272,40,0
cudaLaunchKernel,128,39,0
cudaLaunchKernel,216,40,0
cudaLaunchKernel,164,38,0
cudaLaunchKernel,128,40,0
cudaLaunchKernel,216,39,0
cudaLaunchKernel,128,41,0
cudaLaunchKernel,216,40,0
cudaLaunchKernel,164,42,0
cudaLaunchKernel,252,40,0
cudaOccupancyMaxActiveBlocksPerMultiprocessorWithFlags,36,38,0
cudaLaunchKernel,264,40,0
cudaLaunchKernel,84,43,0
cudaLaunchKernel,128,39,0
cudaLaunchKernel,216,41,0
cudaLaunchKernel,272,40,0
cudaLaunchKernel,128,38,0
cudaLaunchKernel,216,43,0
cudaLaunchKernel,128,41,0
cudaLaunchKernel,216,38,0
cudaLaunchKernel,272,41,0
cudaLaunchKernel,128,41,0
cudaLaunchKernel,216,46,0
cudaLaunchKernel,164,39,0
cudaLaunchKernel,128,42,0
cudaLaunchKernel,216,39,0
cudaLaunchKernel,128,39,0
cudaLaunchKernel,216,44,0
cudaLaunchKernel,164,41,0
cudaLaunchKernel,252,38,0
cudaOccupancyMaxActiveBlocksPerMultiprocessorWithFlags,36,41,0
cudaLaunchKernel,264,43,0
cudaLaunchKernel,84,40,0
cudaLaunchKernel,128,41,0
cudaLaunchKernel,216,39,0
cudaLaunchKernel,272,40,0
cudaLaunchKernel,128,40,0
cudaLaunchKernel,216,42,0
cudaLaunchKernel,128,39,0
cudaLaunchKernel,216,41,0
cudaLaunchKernel,272,40,0
cudaLaunchKernel,128,39,0
cudaLaunchKernel,216,42,0
cudaLaunchKernel,164,40,0
cudaLaunchKernel,128,40,0
cudaLaunchKernel,216,39,0
cudaLaunchKernel,128,41,0
cudaLaunchKernel,216,42,0
cudaLaunchKernel,164,40,0
cudaLaunchKernel,252,39,0
cudaOccupancyMaxActiveBlocksPerMultiprocessorWithFlags,36,37,0
cudaLaunchKernel,264,43,0
cudaLaunchKernel,84,41,0
cudaLaunchKernel,128,40,0
cudaLaunchKernel,216,40,0
cudaLaunchKernel,272,39,0
cudaLaunchKernel,128,42,0
cudaLaunchKernel,216,39,0
cudaLaunchKernel,128,40,0
cudaLaunchKernel,216,41,0
cudaLaunchKernel,272,39,0
cudaLaunchKernel,128,41,0
cudaLaunchKernel,216,40,0
cudaLaunchKernel,164,41,0
cudaLaunchKernel,128,41,0
cudaLaunchKernel,216,40,0
cudaLaunchKernel,128,42,0
cudaLaunchKernel,216,41,0
cudaLaunchKernel,164,40,0
cudaLaunchKernel,252,40,0
cudaOccupancyMaxActiveBlocksPerMultiprocessorWithFlags,36,38,0
cudaLaunchKernel,264,41,0
cudaLaunchKernel,84,43,0
cudaLaunchKernel,128,39,0
cudaLaunchKernel,216,40,0
cudaLaunchKernel,272,42,0
cudaLaunchKernel,128,41,0
cudaLaunchKernel,216,42,0
cudaLaunchKernel,128,40,0
cudaLaunchKernel,216,40,0
cudaLaunchKernel,272,40,0
cudaLaunchKernel,128,39,0
cudaLaunchKernel,216,40,0
cudaLaunchKernel,164,39,0
cudaLaunchKernel,128,40,0
cudaLaunchKernel,216,41,0
cudaLaunchKernel,128,40,0
cudaLaunchKernel,216,41,0
cudaLaunchKernel,164,40,0
cudaLaunchKernel,252,41,0
cudaOccupancyMaxActiveBlocksPerMultiprocessorWithFlags,36,37,0
cudaLaunchKernel,264,42,0
cudaLaunchKernel,84,42,0
cudaLaunchKernel,128,40,0
cudaLaunchKernel,216,41,0
cudaLaunchKernel,272,41,0
cudaLaunchKernel,128,40,0
cudaLaunchKernel,216,51,0
cudaLaunchKernel,128,41,0
cudaLaunchKernel,216,40,0
cudaLaunchKernel,272,40,0
cudaLaunchKernel,128,40,0
cudaLaunchKernel,216,39,0
cudaLaunchKernel,164,40,0
cudaLaunchKernel,128,43,0
cudaLaunchKernel,216,39,0
cudaLaunchKernel,128,42,0
cudaLaunchKernel,216,39,0
cudaLaunchKernel,164,41,0
cudaLaunchKernel,252,40,0
cudaOccupancyMaxActiveBlocksPerMultiprocessorWithFlags,36,38,0
cudaLaunchKernel,264,41,0
cudaLaunchKernel,84,40,0
cudaLaunchKernel,128,39,0
cudaLaunchKernel,216,44,0
cudaLaunchKernel,184,41,0
cudaLaunchKernel,184,40,0
cudaLaunchKernel,208,39,0
cudaLaunchKernel,272,40,0
cudaLaunchKernel,128,40,0
cudaLaunchKernel,216,43,0
cudaLaunchKernel,128,38,0
cudaLaunchKernel,216,39,0
cudaLaunchKernel,272,43,0
cudaLaunchKernel,128,40,0
cudaLaunchKernel,216,41,0
cudaMemcpyAsync,37,121,0
cudaStreamSynchronize,8,34,0
cudaStreamSynchronize,8,23,0
cudaStreamSynchronize,8,42,0
cudaMemcpyAsync,8228,45,0
cudaStreamSynchronize,8,41,0
cudaStreamSynchronize,8,43,0
cudaMemcpyAsync,40,39,0
cudaStreamSynchronize,8,42,0
cudaStreamSynchronize,8,41,0
cudaMemcpyAsync,44,41,0
cudaStreamSynchronize,8,41,0
cudaStreamSynchronize,8,41,0
cudaMemcpyAsync,44,40,0
cudaStreamSynchronize,8,42,0
cudaStreamSynchronize,8,40,0
cudaMemcpyAsync,548,40,0
cudaStreamSynchronize,8,42,0
cudaStreamSynchronize,8,43,0
cudaMemcpyAsync,40,40,0
cudaStreamSynchronize,8,42,0
cudaLaunchKernel,272,42,0
cudaLaunchKernel,128,40,0
cudaLaunchKernel,216,42,0
cudaLaunchKernel,164,40,0
cudaLaunchKernel,128,40,0
cudaLaunchKernel,216,41,0
cudaLaunchKernel,128,41,0
cudaLaunchKernel,216,39,0
cudaLaunchKernel,164,41,0
cudaLaunchKernel,252,41,0
cudaOccupancyMaxActiveBlocksPerMultiprocessorWithFlags,36,34,0
cudaLaunchKernel,264,43,0
cudaLaunchKernel,84,39,0
cudaLaunchKernel,128,40,0
cudaLaunchKernel,216,39,0
cudaLaunchKernel,272,41,0
cudaLaunchKernel,128,40,0
cudaLaunchKernel,216,39,0
cudaLaunchKernel,128,41,0
cudaLaunchKernel,216,40,0
cudaLaunchKernel,272,40,0
cudaLaunchKernel,128,48,0
cudaLaunchKernel,216,41,0
cudaLaunchKernel,164,48,0
cudaLaunchKernel,128,33,0
cudaLaunchKernel,216,40,0
cudaLaunchKernel,128,46,0
cudaLaunchKernel,216,40,0
cudaLaunchKernel,164,38,0
cudaLaunchKernel,252,39,0
cudaOccupancyMaxActiveBlocksPerMultiprocessorWithFlags,36,38,0
cudaLaunchKernel,264,40,0
cudaLaunchKernel,84,41,0
cudaLaunchKernel,128,40,0
cudaLaunchKernel,216,40,0
cudaLaunchKernel,272,40,0
cudaLaunchKernel,128,40,0
cudaLaunchKernel,216,40,0
cudaLaunchKernel,128,41,0
cudaLaunchKernel,216,40,0
cudaLaunchKernel,272,43,0
cudaLaunchKernel,128,41,0
cudaLaunchKernel,216,41,0
cudaLaunchKernel,164,40,0
cudaLaunchKernel,128,40,0
cudaLaunchKernel,216,42,0
cudaLaunchKernel,128,39,0
cudaLaunchKernel,216,41,0
cudaLaunchKernel,164,38,0
cudaLaunchKernel,252,40,0
cudaOccupancyMaxActiveBlocksPerMultiprocessorWithFlags,36,41,0
cudaLaunchKernel,264,39,0
cudaLaunchKernel,84,41,0
cudaLaunchKernel,128,40,0
cudaLaunchKernel,216,41,0
cudaLaunchKernel,272,41,0
cudaLaunchKernel,128,41,0
cudaLaunchKernel,216,42,0
cudaLaunchKernel,128,39,0
cudaLaunchKernel,216,40,0
cudaLaunchKernel,272,41,0
cudaLaunchKernel,128,39,0
cudaLaunchKernel,216,41,0
cudaLaunchKernel,164,39,0
cudaLaunchKernel,128,40,0
cudaLaunchKernel,216,41,0
cudaLaunchKernel,128,38,0
cudaLaunchKernel,216,39,0
cudaLaunchKernel,164,40,0
cudaLaunchKernel,252,44,0
cudaOccupancyMaxActiveBlocksPerMultiprocessorWithFlags,36,37,0
cudaLaunchKernel,264,40,0
cudaLaunchKernel,84,41,0
cudaLaunchKernel,128,40,0
cudaLaunchKernel,216,40,0
cudaLaunchKernel,272,40,0
cudaLaunchKernel,128,39,0
cudaLaunchKernel,216,42,0
cudaLaunchKernel,128,40,0
cudaLaunchKernel,216,44,0
cudaLaunchKernel,272,40,0
cudaLaunchKernel,128,42,0
cudaLaunchKernel,216,41,0
cudaLaunchKernel,164,39,0
cudaLaunchKernel,128,40,0
cudaLaunchKernel,216,40,0
cudaLaunchKernel,128,40,0
cudaLaunchKernel,216,40,0
cudaLaunchKernel,164,43,0
cudaLaunchKernel,252,43,0
cudaOccupancyMaxActiveBlocksPerMultiprocessorWithFlags,36,38,0
cudaLaunchKernel,264,39,0
cudaLaunchKernel,84,41,0
cudaLaunchKernel,128,39,0
cudaLaunchKernel,216,43,0
cudaLaunchKernel,272,39,0
cudaLaunchKernel,128,39,0
cudaLaunchKernel,216,41,0
cudaLaunchKernel,128,43,0
cudaLaunchKernel,216,42,0
cudaLaunchKernel,272,40,0
cudaLaunchKernel,128,40,0
cudaLaunchKernel,216,50,0
cudaLaunchKernel,164,41,0
cudaLaunchKernel,128,40,0
cudaLaunchKernel,216,40,0
cudaLaunchKernel,128,39,0
cudaLaunchKernel,216,41,0
cudaLaunchKernel,164,42,0
cudaLaunchKernel,252,40,0
cudaOccupancyMaxActiveBlocksPerMultiprocessorWithFlags,36,37,0
cudaLaunchKernel,264,39,0
cudaLaunchKernel,84,41,0
cudaLaunchKernel,128,40,0
cudaLaunchKernel,216,40,0
cudaLaunchKernel,272,39,0
cudaLaunchKernel,128,40,0
cudaLaunchKernel,216,43,0
cudaLaunchKernel,128,40,0
cudaLaunchKernel,216,38,0
cudaLaunchKernel,272,40,0
cudaLaunchKernel,128,39,0
cudaLaunchKernel,216,40,0
cudaLaunchKernel,164,38,0
cudaLaunchKernel,128,39,0
cudaLaunchKernel,216,40,0
cudaLaunchKernel,128,40,0
cudaLaunchKernel,216,42,0
cudaLaunchKernel,164,41,0
cudaLaunchKernel,252,40,0
cudaOccupancyMaxActiveBlocksPerMultiprocessorWithFlags,36,38,0
cudaLaunchKernel,264,42,0
cudaLaunchKernel,84,40,0
cudaLaunchKernel,128,39,0
cudaLaunchKernel,216,41,0
cudaLaunchKernel,272,40,0
cudaLaunchKernel,128,40,0
cudaLaunchKernel,216,42,0
cudaLaunchKernel,128,35,0
cudaLaunchKernel,216,40,0
cudaLaunchKernel,272,40,0
cudaLaunchKernel,128,40,0
cudaLaunchKernel,216,40,0
cudaLaunchKernel,164,40,0
cudaLaunchKernel,128,41,0
cudaLaunchKernel,216,41,0
cudaLaunchKernel,128,42,0
cudaLaunchKernel,216,40,0
cudaLaunchKernel,164,39,0
cudaLaunchKernel,252,40,0
cudaOccupancyMaxActiveBlocksPerMultiprocessorWithFlags,36,39,0
cudaLaunchKernel,264,41,0
cudaLaunchKernel,84,41,0
cudaLaunchKernel,128,41,0
cudaLaunchKernel,216,41,0
cudaLaunchKernel,272,38,0
cudaLaunchKernel,128,42,0
cudaLaunchKernel,216,43,0
cudaLaunchKernel,128,40,0
cudaLaunchKernel,216,40,0
cudaLaunchKernel,272,40,0
cudaLaunchKernel,128,42,0
cudaLaunchKernel,216,39,0
cudaLaunchKernel,164,41,0
cudaLaunchKernel,128,39,0
cudaLaunchKernel,216,41,0
cudaLaunchKernel,128,43,0
cudaLaunchKernel,216,40,0
cudaLaunchKernel,164,40,0
cudaLaunchKernel,252,39,0
cudaOccupancyMaxActiveBlocksPerMultiprocessorWithFlags,36,39,0
cudaLaunchKernel,264,41,0
cudaLaunchKernel,84,40,0
cudaLaunchKernel,128,40,0
cudaLaunchKernel,216,39,0
cudaLaunchKernel,272,46,0
cudaLaunchKernel,128,35,0
cudaLaunchKernel,216,40,0
cudaLaunchKernel,128,46,0
cudaLaunchKernel,216,39,0
cudaLaunchKernel,272,39,0
cudaLaunchKernel,128,39,0
cudaLaunchKernel,216,40,0
cudaLaunchKernel,164,40,0
cudaLaunchKernel,128,41,0
cudaLaunchKernel,216,44,0
cudaLaunchKernel,128,41,0
cudaLaunchKernel,216,43,0
cudaLaunchKernel,164,40,0
cudaLaunchKernel,252,41,0
cudaOccupancyMaxActiveBlocksPerMultiprocessorWithFlags,36,37,0
cudaLaunchKernel,264,40,0
cudaLaunchKernel,84,40,0
cudaLaunchKernel,128,38,0
cudaLaunchKernel,216,41,0
cudaLaunchKernel,272,42,0
cudaLaunchKernel,128,41,0
cudaLaunchKernel,216,39,0
cudaLaunchKernel,128,40,0
cudaLaunchKernel,216,40,0
cudaLaunchKernel,272,40,0
cudaLaunchKernel,128,40,0
cudaLaunchKernel,216,41,0
cudaLaunchKernel,164,43,0
cudaLaunchKernel,128,42,0
cudaLaunchKernel,216,42,0
cudaLaunchKernel,128,40,0
cudaLaunchKernel,216,40,0
cudaLaunchKernel,164,41,0
cudaLaunchKernel,252,39,0
cudaOccupancyMaxActiveBlocksPerMultiprocessorWithFlags,36,38,0
cudaLaunchKernel,264,40,0
cudaLaunchKernel,84,40,0
cudaLaunchKernel,128,41,0
cudaLaunchKernel,216,42,0
cudaLaunchKernel,272,41,0
cudaLaunchKernel,128,40,0
cudaLaunchKernel,216,40,0
cudaLaunchKernel,128,40,0
cudaLaunchKernel,216,42,0
cudaLaunchKernel,272,40,0
cudaLaunchKernel,128,40,0
cudaLaunchKernel,216,40,0
cudaLaunchKernel,164,39,0
cudaLaunchKernel,128,44,0
cudaLaunchKernel,216,41,0
cudaLaunchKernel,128,40,0
cudaLaunchKernel,216,41,0
cudaLaunchKernel,164,42,0
cudaLaunchKernel,252,42,0
cudaOccupancyMaxActiveBlocksPerMultiprocessorWithFlags,36,41,0
cudaLaunchKernel,264,40,0
cudaLaunchKernel,84,41,0
cudaLaunchKernel,128,42,0
cudaLaunchKernel,216,42,0
cudaLaunchKernel,272,39,0
cudaLaunchKernel,128,41,0
cudaLaunchKernel,216,42,0
cudaLaunchKernel,128,40,0
cudaLaunchKernel,216,40,0
cudaLaunchKernel,272,40,0
cudaLaunchKernel,128,40,0
cudaLaunchKernel,216,41,0
cudaLaunchKernel,164,44,0
cudaLaunchKernel,128,40,0
cudaLaunchKernel,216,41,0
cudaLaunchKernel,128,38,0
cudaLaunchKernel,216,44,0
cudaLaunchKernel,164,40,0
cudaLaunchKernel,252,40,0
cudaOccupancyMaxActiveBlocksPerMultiprocessorWithFlags,36,38,0
cudaLaunchKernel,264,40,0
cudaLaunchKernel,84,40,0
cudaLaunchKernel,128,42,0
cudaLaunchKernel,216,45,0
cudaLaunchKernel,272,40,0
cudaLaunchKernel,128,39,0
cudaLaunchKernel,216,40,0
cudaLaunchKernel,128,41,0
cudaLaunchKernel,216,41,0
cudaLaunchKernel,272,39,0
cudaLaunchKernel,128,42,0
cudaLaunchKernel,216,44,0
cudaLaunchKernel,164,40,0
cudaLaunchKernel,128,39,0
cudaLaunchKernel,216,42,0
cudaLaunchKernel,128,38,0
cudaLaunchKernel,216,40,0
cudaLaunchKernel,164,40,0
cudaLaunchKernel,252,41,0
cudaOccupancyMaxActiveBlocksPerMultiprocessorWithFlags,36,39,0
cudaLaunchKernel,264,40,0
cudaLaunchKernel,84,43,0
cudaLaunchKernel,128,40,0
cudaLaunchKernel,216,40,0
cudaLaunchKernel,272,40,0
cudaLaunchKernel,128,42,0
cudaLaunchKernel,216,39,0
cudaLaunchKernel,128,41,0
cudaLaunchKernel,216,40,0
cudaLaunchKernel,272,40,0
cudaLaunchKernel,128,41,0
cudaLaunchKernel,216,40,0
cudaLaunchKernel,164,40,0
cudaLaunchKernel,128,39,0
cudaLaunchKernel,216,41,0
cudaLaunchKernel,128,40,0
cudaLaunchKernel,216,40,0
cudaLaunchKernel,164,40,0
cudaLaunchKernel,252,41,0
cudaOccupancyMaxActiveBlocksPerMultiprocessorWithFlags,36,38,0
cudaLaunchKernel,264,43,0
cudaLaunchKernel,84,40,0
cudaLaunchKernel,128,38,0
cudaLaunchKernel,216,41,0
cudaLaunchKernel,272,40,0
cudaLaunchKernel,128,40,0
cudaLaunchKernel,216,39,0
cudaLaunchKernel,128,39,0
cudaLaunchKernel,216,41,0
cudaLaunchKernel,272,40,0
cudaLaunchKernel,128,42,0
cudaLaunchKernel,216,38,0
cudaLaunchKernel,164,39,0
cudaLaunchKernel,128,39,0
cudaLaunchKernel,216,39,0
cudaLaunchKernel,128,41,0
cudaLaunchKernel,216,42,0
cudaLaunchKernel,164,41,0
cudaLaunchKernel,252,42,0
cudaOccupancyMaxActiveBlocksPerMultiprocessorWithFlags,36,37,0
cudaLaunchKernel,264,42,0
cudaLaunchKernel,84,41,0
cudaLaunchKernel,128,41,0
cudaLaunchKernel,216,39,0
cudaLaunchKernel,272,40,0
cudaLaunchKernel,128,40,0
cudaLaunchKernel,216,40,0
cudaLaunchKernel,128,41,0
cudaLaunchKernel,216,39,0
cudaLaunchKernel,272,40,0
cudaLaunchKernel,128,43,0
cudaLaunchKernel,216,40,0
cudaLaunchKernel,164,40,0
cudaLaunchKernel,128,41,0
cudaLaunchKernel,216,41,0
cudaLaunchKernel,128,39,0
cudaLaunchKernel,216,41,0
cudaLaunchKernel,164,40,0
cudaLaunchKernel,252,39,0
cudaOccupancyMaxActiveBlocksPerMultiprocessorWithFlags,36,47,0
cudaLaunchKernel,264,39,0
cudaLaunchKernel,84,41,0
cudaLaunchKernel,128,41,0
cudaLaunchKernel,216,40,0
cudaLaunchKernel,272,40,0
cudaLaunchKernel,128,42,0
cudaLaunchKernel,216,41,0
cudaLaunchKernel,128,40,0
cudaLaunchKernel,216,43,0
cudaLaunchKernel,272,40,0
cudaLaunchKernel,128,40,0
cudaLaunchKernel,216,40,0
cudaLaunchKernel,164,42,0
cudaLaunchKernel,128,41,0
cudaLaunchKernel,216,41,0
cudaLaunchKernel,128,40,0
cudaLaunchKernel,216,41,0
cudaLaunchKernel,164,38,0
cudaLaunchKernel,252,44,0
cudaOccupancyMaxActiveBlocksPerMultiprocessorWithFlags,36,38,0
cudaLaunchKernel,264,41,0
cudaLaunchKernel,84,42,0
cudaLaunchKernel,128,40,0
cudaLaunchKernel,216,40,0
cudaLaunchKernel,272,39,0
cudaLaunchKernel,128,41,0
cudaLaunchKernel,216,41,0
cudaLaunchKernel,128,39,0
cudaLaunchKernel,216,43,0
cudaLaunchKernel,272,41,0
cudaLaunchKernel,128,40,0
cudaLaunchKernel,216,41,0
cudaLaunchKernel,164,42,0
cudaLaunchKernel,128,39,0
cudaLaunchKernel,216,41,0
cudaLaunchKernel,128,38,0
cudaLaunchKernel,216,41,0
cudaLaunchKernel,164,44,0
cudaLaunchKernel,252,87,0
cudaOccupancyMaxActiveBlocksPerMultiprocessorWithFlags,36,39,0
cudaLaunchKernel,264,41,0
cudaLaunchKernel,84,41,0
cudaLaunchKernel,128,40,0
cudaLaunchKernel,216,41,0
cudaLaunchKernel,272,39,0
cudaLaunchKernel,128,40,0
cudaLaunchKernel,216,40,0
cudaLaunchKernel,128,43,0
cudaLaunchKernel,216,42,0
cudaLaunchKernel,272,40,0
cudaLaunchKernel,128,41,0
cudaLaunchKernel,216,40,0
cudaLaunchKernel,164,42,0
cudaLaunchKernel,128,41,0
cudaLaunchKernel,216,40,0
cudaLaunchKernel,128,39,0
cudaLaunchKernel,216,43,0
cudaLaunchKernel,164,40,0
cudaLaunchKernel,252,40,0
cudaOccupancyMaxActiveBlocksPerMultiprocessorWithFlags,36,39,0
cudaLaunchKernel,264,41,0
cudaLaunchKernel,84,41,0
cudaLaunchKernel,128,39,0
cudaLaunchKernel,216,38,0
cudaLaunchKernel,272,40,0
cudaLaunchKernel,128,38,0
cudaLaunchKernel,216,44,0
cudaLaunchKernel,128,41,0
cudaLaunchKernel,216,40,0
cudaLaunchKernel,272,40,0
cudaLaunchKernel,128,41,0
cudaLaunchKernel,216,42,0
cudaLaunchKernel,164,40,0
cudaLaunchKernel,128,44,0
cudaLaunchKernel,216,43,0
cudaLaunchKernel,128,41,0
cudaLaunchKernel,216,41,0
cudaLaunchKernel,164,39,0
cudaLaunchKernel,252,40,0
cudaOccupancyMaxActiveBlocksPerMultiprocessorWithFlags,36,39,0
cudaLaunchKernel,264,41,0
cudaLaunchKernel,84,40,0
cudaLaunchKernel,128,38,0
cudaLaunchKernel,216,41,0
cudaLaunchKernel,272,40,0
cudaLaunchKernel,128,43,0
cudaLaunchKernel,216,39,0
cudaLaunchKernel,128,40,0
cudaLaunchKernel,216,41,0
cudaLaunchKernel,272,40,0
cudaLaunchKernel,128,39,0
cudaLaunchKernel,216,42,0
cudaLaunchKernel,164,42,0
cudaLaunchKernel,128,40,0
cudaLaunchKernel,216,40,0
cudaLaunchKernel,128,45,0
cudaLaunchKernel,216,39,0
cudaLaunchKernel,164,40,0
cudaLaunchKernel,252,40,0
cudaOccupancyMaxActiveBlocksPerMultiprocessorWithFlags,36,38,0
cudaLaunchKernel,264,41,0
cudaLaunchKernel,84,41,0
cudaLaunchKernel,128,41,0
cudaLaunchKernel,216,40,0
cudaLaunchKernel,184,40,0
cudaLaunchKernel,184,42,0
cudaLaunchKernel,208,39,0
cudaLaunchKernel,272,39,0
cudaLaunchKernel,128,41,0
cudaLaunchKernel,216,40,0
cudaLaunchKernel,128,41,0
cudaLaunchKernel,216,41,0
cudaLaunchKernel,272,39,0
cudaLaunchKernel,128,39,0
cudaLaunchKernel,216,41,0
cudaMemcpyAsync,37,117,0
cudaStreamSynchronize,8,28,0
cudaStreamSynchronize,8,23,0
cudaStreamSynchronize,8,42,0
cudaMemcpyAsync,8228,46,0
cudaStreamSynchronize,8,42,0
cudaStreamSynchronize,8,40,0
cudaMemcpyAsync,40,41,0
cudaStreamSynchronize,8,43,0
cudaStreamSynchronize,8,41,0
cudaMemcpyAsync,44,39,0
cudaStreamSynchronize,8,43,0
cudaStreamSynchronize,8,40,0
cudaMemcpyAsync,44,41,0
cudaStreamSynchronize,8,42,0
cudaStreamSynchronize,8,42,0
cudaMemcpyAsync,548,39,0
cudaStreamSynchronize,8,42,0
cudaStreamSynchronize,8,40,0
cudaMemcpyAsync,40,40,0
cudaStreamSynchronize,8,41,0
cudaLaunchKernel,272,43,0
cudaLaunchKernel,128,40,0
cudaLaunchKernel,216,41,0
cudaLaunchKernel,164,40,0
cudaLaunchKernel,128,42,0
cudaLaunchKernel,216,40,0
cudaLaunchKernel,128,39,0
cudaLaunchKernel,216,41,0
cudaLaunchKernel,164,40,0
cudaLaunchKernel,252,40,0
cudaOccupancyMaxActiveBlocksPerMultiprocessorWithFlags,36,39,0
cudaLaunchKernel,264,40,0
cudaLaunchKernel,84,41,0
cudaLaunchKernel,128,46,0
cudaLaunchKernel,216,40,0
cudaLaunchKernel,272,39,0
cudaLaunchKernel,128,39,0
cudaLaunchKernel,216,42,0
cudaLaunchKernel,128,39,0
cudaLaunchKernel,216,40,0
cudaLaunchKernel,272,41,0
cudaLaunchKernel,128,41,0
cudaLaunchKernel,216,40,0
cudaLaunchKernel,164,43,0
cudaLaunchKernel,128,41,0
cudaLaunchKernel,216,41,0
cudaLaunchKernel,128,39,0
cudaLaunchKernel,216,39,0
cudaLaunchKernel,164,41,0
cudaLaunchKernel,252,40,0
cudaOccupancyMaxActiveBlocksPerMultiprocessorWithFlags,36,38,0
cudaLaunchKernel,264,41,0
cudaLaunchKernel,84,42,0
cudaLaunchKernel,128,43,0
cudaLaunchKernel,216,42,0
cudaLaunchKernel,272,39,0
cudaLaunchKernel,128,39,0
cudaLaunchKernel,216,41,0
cudaLaunchKernel,128,39,0
cudaLaunchKernel,216,40,0
cudaLaunchKernel,272,41,0
cudaLaunchKernel,128,42,0
cudaLaunchKernel,216,43,0
cudaLaunchKernel,164,39,0
cudaLaunchKernel,128,41,0
cudaLaunchKernel,216,41,0
cudaLaunchKernel,128,40,0
cudaLaunchKernel,216,41,0
cudaLaunchKernel,164,40,0
cudaLaunchKernel,252,40,0
cudaOccupancyMaxActiveBlocksPerMultiprocessorWithFlags,36,39,0
cudaLaunchKernel,264,41,0
cudaLaunchKernel,84,46,0
cudaLaunchKernel,128,41,0
cudaLaunchKernel,216,43,0
cudaLaunchKernel,272,39,0
cudaLaunchKernel,128,40,0
cudaLaunchKernel,216,42,0
cudaLaunchKernel,128,41,0
cudaLaunchKernel,216,39,0
cudaLaunchKernel,272,39,0
cudaLaunchKernel,128,39,0
cudaLaunchKernel,216,41,0
cudaLaunchKernel,164,39,0
cudaLaunchKernel,128,40,0
cudaLaunchKernel,216,39,0
cudaLaunchKernel,128,39,0
cudaLaunchKernel,216,40,0
cudaLaunchKernel,164,39,0
cudaLaunchKernel,252,40,0
cudaOccupancyMaxActiveBlocksPerMultiprocessorWithFlags,36,37,0
cudaLaunchKernel,264,42,0
cudaLaunchKernel,84,43,0
cudaLaunchKernel,128,40,0
cudaLaunchKernel,216,40,0
cudaLaunchKernel,272,39,0
cudaLaunchKernel,128,39,0
cudaLaunchKernel,216,40,0
cudaLaunchKernel,128,41,0
cudaLaunchKernel,216,40,0
cudaLaunchKernel,272,40,0
cudaLaunchKernel,128,41,0
cudaLaunchKernel,216,41,0
cudaLaunchKernel,164,39,0
cudaLaunchKernel,128,41,0
cudaLaunchKernel,216,43,0
cudaLaunchKernel,128,40,0
cudaLaunchKernel,216,39,0
cudaLaunchKernel,164,40,0
cudaLaunchKernel,252,49,0
cudaOccupancyMaxActiveBlocksPerMultiprocessorWithFlags,36,38,0
cudaLaunchKernel,264,42,0
cudaLaunchKernel,84,40,0
cudaLaunchKernel,128,40,0
cudaLaunchKernel,216,41,0
cudaLaunchKernel,272,38,0
cudaLaunchKernel,128,41,0
cudaLaunchKernel,216,39,0
cudaLaunchKernel,128,38,0
cudaLaunchKernel,216,39,0
cudaLaunchKernel,272,42,0
cudaLaunchKernel,128,40,0
cudaLaunchKernel,216,41,0
cudaLaunchKernel,164,40,0
cudaLaunchKernel,128,40,0
cudaLaunchKernel,216,41,0
cudaLaunchKernel,128,40,0
cudaLaunchKernel,216,41,0
cudaLaunchKernel,164,39,0
cudaLaunchKernel,252,40,0
cudaOccupancyMaxActiveBlocksPerMultiprocessorWithFlags,36,41,0
cudaLaunchKernel,264,40,0
cudaLaunchKernel,84,41,0
cudaLaunchKernel,128,39,0
cudaLaunchKernel,216,40,0
cudaLaunchKernel,272,39,0
cudaLaunchKernel,128,40,0
cudaLaunchKernel,216,40,0
cudaLaunchKernel,128,40,0
cudaLaunchKernel,216,41,0
cudaLaunchKernel,272,40,0
cudaLaunchKernel,128,39,0
cudaLaunchKernel,216,40,0
cudaLaunchKernel,164,43,0
cudaLaunchKernel,128,40,0
cudaLaunchKernel,216,39,0
cudaLaunchKernel,128,41,0
cudaLaunchKernel,216,43,0
cudaLaunchKernel,164,39,0
cudaLaunchKernel,252,44,0
cudaOccupancyMaxActiveBlocksPerMultiprocessorWithFlags,36,39,0
cudaLaunchKernel,264,40,0
cudaLaunchKernel,84,42,0
cudaLaunchKernel,128,40,0
cudaLaunchKernel,216,40,0
cudaLaunchKernel,272,40,0
cudaLaunchKernel,128,39,0
cudaLaunchKernel,216,41,0
cudaLaunchKernel,128,39,0
cudaLaunchKernel,216,42,0
cudaLaunchKernel,272,42,0
cudaLaunchKernel,128,40,0
cudaLaunchKernel,216,41,0
cudaLaunchKernel,164,40,0
cudaLaunchKernel,128,40,0
cudaLaunchKernel,216,41,0
cudaLaunchKernel,128,39,0
cudaLaunchKernel,216,41,0
cudaLaunchKernel,164,41,0
cudaLaunchKernel,252,42,0
cudaOccupancyMaxActiveBlocksPerMultiprocessorWithFlags,36,40,0
cudaLaunchKernel,264,41,0
cudaLaunchKernel,84,41,0
cudaLaunchKernel,128,41,0
cudaLaunchKernel,216,43,0
cudaLaunchKernel,272,41,0
cudaLaunchKernel,128,39,0
cudaLaunchKernel,216,39,0
cudaLaunchKernel,128,42,0
cudaLaunchKernel,216,40,0
cudaLaunchKernel,272,39,0
cudaLaunchKernel,128,39,0
cudaLaunchKernel,216,43,0
cudaLaunchKernel,164,39,0
cudaLaunchKernel,128,39,0
cudaLaunchKernel,216,47,0
cudaLaunchKernel,128,40,0
cudaLaunchKernel,216,39,0
cudaLaunchKernel,164,43,0
cudaLaunchKernel,252,40,0
cudaOccupancyMaxActiveBlocksPerMultiprocessorWithFlags,36,38,0
cudaLaunchKernel,264,40,0
cudaLaunchKernel,84,40,0
cudaLaunchKernel,128,41,0
cudaLaunchKernel,216,42,0
cudaLaunchKernel,272,40,0
cudaLaunchKernel,128,40,0
cudaLaunchKernel,216,41,0
cudaLaunchKernel,128,41,0
cudaLaunchKernel,216,40,0
cudaLaunchKernel,272,39,0
cudaLaunchKernel,128,39,0
cudaLaunchKernel,216,39,0
cudaLaunchKernel,164,38,0
cudaLaunchKernel,128,40,0
cudaLaunchKernel,216,40,0
cudaLaunchKernel,128,40,0
cudaLaunchKernel,216,43,0
cudaLaunchKernel,164,40,0
cudaLaunchKernel,252,39,0
cudaOccupancyMaxActiveBlocksPerMultiprocessorWithFlags,36,38,0
cudaLaunchKernel,264,40,0
cudaLaunchKernel,84,40,0
cudaLaunchKernel,128,40,0
cudaLaunchKernel,216,40,0
cudaLaunchKernel,272,40,0
cudaLaunchKernel,128,41,0
cudaLaunchKernel,216,42,0
cudaLaunchKernel,128,38,0
cudaLaunchKernel,216,40,0
cudaLaunchKernel,272,40,0
cudaLaunchKernel,128,40,0
cudaLaunchKernel,216,41,0
cudaLaunchKernel,164,40,0
cudaLaunchKernel,128,39,0
cudaLaunchKernel,216,39,0
cudaLaunchKernel,128,45,0
cudaLaunchKernel,216,39,0
cudaLaunchKernel,164,40,0
cudaLaunchKernel,252,43,0
cudaOccupancyMaxActiveBlocksPerMultiprocessorWithFlags,36,37,0
cudaLaunchKernel,264,41,0
cudaLaunchKernel,84,40,0
cudaLaunchKernel,128,40,0
cudaLaunchKernel,216,41,0
cudaLaunchKernel,272,39,0
cudaLaunchKernel,128,42,0
cudaLaunchKernel,216,39,0
cudaLaunchKernel,128,41,0
cudaLaunchKernel,216,42,0
cudaLaunchKernel,272,39,0
cudaLaunchKernel,128,40,0
cudaLaunchKernel,216,41,0
cudaLaunchKernel,164,40,0
cudaLaunchKernel,128,41,0
cudaLaunchKernel,216,44,0
cudaLaunchKernel,128,43,0
cudaLaunchKernel,216,39,0
cudaLaunchKernel,164,41,0
cudaLaunchKernel,252,39,0
cudaOccupancyMaxActiveBlocksPerMultiprocessorWithFlags,36,37,0
cudaLaunchKernel,264,42,0
cudaLaunchKernel,84,41,0
cudaLaunchKernel,128,40,0
cudaLaunchKernel,216,42,0
cudaLaunchKernel,272,43,0
cudaLaunchKernel,128,41,0
cudaLaunchKernel,216,40,0
cudaLaunchKernel,128,40,0
cudaLaunchKernel,216,41,0
cudaLaunchKernel,272,40,0
cudaLaunchKernel,128,47,0
cudaLaunchKernel,216,40,0
cudaLaunchKernel,164,38,0
cudaLaunchKernel,128,39,0
cudaLaunchKernel,216,44,0
cudaLaunchKernel,128,41,0
cudaLaunchKernel,216,41,0
cudaLaunchKernel,164,41,0
cudaLaunchKernel,252,40,0
cudaOccupancyMaxActiveBlocksPerMultiprocessorWithFlags,36,38,0
cudaLaunchKernel,264,41,0
cudaLaunchKernel,84,40,0
cudaLaunchKernel,128,39,0
cudaLaunchKernel,216,42,0
cudaLaunchKernel,272,41,0
cudaLaunchKernel,128,39,0
cudaLaunchKernel,216,41,0
cudaLaunchKernel,128,39,0
cudaLaunchKernel,216,39,0
cudaLaunchKernel,272,40,0
cudaLaunchKernel,128,39,0
cudaLaunchKernel,216,43,0
cudaLaunchKernel,164,39,0
cudaLaunchKernel,128,43,0
cudaLaunchKernel,216,42,0
cudaLaunchKernel,128,40,0
cudaLaunchKernel,216,40,0
cudaLaunchKernel,164,41,0
cudaLaunchKernel,252,40,0
cudaOccupancyMaxActiveBlocksPerMultiprocessorWithFlags,36,39,0
cudaLaunchKernel,264,40,0
cudaLaunchKernel,84,40,0
cudaLaunchKernel,128,41,0
cudaLaunchKernel,216,43,0
cudaLaunchKernel,272,39,0
cudaLaunchKernel,128,39,0
cudaLaunchKernel,216,39,0
cudaLaunchKernel,128,39,0
cudaLaunchKernel,216,41,0
cudaLaunchKernel,272,40,0
cudaLaunchKernel,128,39,0
cudaLaunchKernel,216,41,0
cudaLaunchKernel,164,42,0
cudaLaunchKernel,128,39,0
cudaLaunchKernel,216,41,0
cudaLaunchKernel,128,40,0
cudaLaunchKernel,216,41,0
cudaLaunchKernel,164,40,0
cudaLaunchKernel,252,40,0
cudaOccupancyMaxActiveBlocksPerMultiprocessorWithFlags,36,39,0
cudaLaunchKernel,264,41,0
cudaLaunchKernel,84,41,0
cudaLaunchKernel,128,42,0
cudaLaunchKernel,216,40,0
cudaLaunchKernel,272,40,0
cudaLaunchKernel,128,40,0
cudaLaunchKernel,216,40,0
cudaLaunchKernel,128,39,0
cudaLaunchKernel,216,41,0
cudaLaunchKernel,272,40,0
cudaLaunchKernel,128,42,0
cudaLaunchKernel,216,41,0
cudaLaunchKernel,164,41,0
cudaLaunchKernel,128,39,0
cudaLaunchKernel,216,40,0
cudaLaunchKernel,128,39,0
cudaLaunchKernel,216,40,0
cudaLaunchKernel,164,40,0
cudaLaunchKernel,252,38,0
cudaOccupancyMaxActiveBlocksPerMultiprocessorWithFlags,36,40,0
cudaLaunchKernel,264,37,0
cudaLaunchKernel,84,43,0
cudaLaunchKernel,128,41,0
cudaLaunchKernel,216,40,0
cudaLaunchKernel,272,38,0
cudaLaunchKernel,128,41,0
cudaLaunchKernel,216,45,0
cudaLaunchKernel,128,40,0
cudaLaunchKernel,216,41,0
cudaLaunchKernel,272,41,0
cudaLaunchKernel,128,40,0
cudaLaunchKernel,216,45,0
cudaLaunchKernel,164,39,0
cudaLaunchKernel,128,39,0
cudaLaunchKernel,216,43,0
cudaLaunchKernel,128,39,0
cudaLaunchKernel,216,42,0
cudaLaunchKernel,164,40,0
cudaLaunchKernel,252,40,0
cudaOccupancyMaxActiveBlocksPerMultiprocessorWithFlags,36,38,0
cudaLaunchKernel,264,41,0
cudaLaunchKernel,84,44,0
cudaLaunchKernel,128,39,0
cudaLaunchKernel,216,41,0
cudaLaunchKernel,272,42,0
cudaLaunchKernel,128,39,0
cudaLaunchKernel,216,41,0
cudaLaunchKernel,128,40,0
cudaLaunchKernel,216,40,0
cudaLaunchKernel,272,40,0
cudaLaunchKernel,128,44,0
cudaLaunchKernel,216,41,0
cudaLaunchKernel,164,39,0
cudaLaunchKernel,128,38,0
cudaLaunchKernel,216,41,0
cudaLaunchKernel,128,40,0
cudaLaunchKernel,216,39,0
cudaLaunchKernel,164,40,0
cudaLaunchKernel,252,40,0
cudaOccupancyMaxActiveBlocksPerMultiprocessorWithFlags,36,40,0
cudaLaunchKernel,264,43,0
cudaLaunchKernel,84,40,0
cudaLaunchKernel,128,40,0
cudaLaunchKernel,216,42,0
cudaLaunchKernel,272,41,0
cudaLaunchKernel,128,41,0
cudaLaunchKernel,216,39,0
cudaLaunchKernel,128,41,0
cudaLaunchKernel,216,41,0
cudaLaunchKernel,272,43,0
cudaLaunchKernel,128,40,0
cudaLaunchKernel,216,36,0
cudaLaunchKernel,164,37,0
cudaLaunchKernel,128,36,0
cudaLaunchKernel,216,35,0
cudaLaunchKernel,128,35,0
cudaLaunchKernel,216,36,0
cudaLaunchKernel,164,37,0
cudaLaunchKernel,252,34,0
cudaOccupancyMaxActiveBlocksPerMultiprocessorWithFlags,36,36,0
cudaLaunchKernel,264,36,0
cudaLaunchKernel,84,38,0
cudaLaunchKernel,128,35,0
cudaLaunchKernel,216,39,0
cudaLaunchKernel,272,40,0
cudaLaunchKernel,128,51,0
cudaLaunchKernel,216,48,0
cudaLaunchKernel,128,46,0
cudaLaunchKernel,216,38,0
cudaLaunchKernel,272,37,0
cudaLaunchKernel,128,45,0
cudaLaunchKernel,216,47,0
cudaLaunchKernel,164,39,0
cudaLaunchKernel,128,38,0
cudaLaunchKernel,216,50,0
cudaLaunchKernel,128,40,0
cudaLaunchKernel,216,45,0
cudaLaunchKernel,164,38,0
cudaLaunchKernel,252,38,0
cudaOccupancyMaxActiveBlocksPerMultiprocessorWithFlags,36,40,0
cudaLaunchKernel,264,51,0
cudaLaunchKernel,84,57,0
cudaLaunchKernel,128,52,0
cudaLaunchKernel,216,52,0
cudaLaunchKernel,272,50,0
cudaLaunchKernel,128,49,0
cudaLaunchKernel,216,46,0
cudaLaunchKernel,128,38,0
cudaLaunchKernel,216,43,0
cudaLaunchKernel,272,48,0
cudaLaunchKernel,128,50,0
cudaLaunchKernel,216,50,0
cudaLaunchKernel,164,47,0
cudaLaunchKernel,128,44,0
cudaLaunchKernel,216,53,0
cudaLaunchKernel,128,45,0
cudaLaunchKernel,216,44,0
cudaLaunchKernel,164,35,0
cudaLaunchKernel,252,39,0
cudaOccupancyMaxActiveBlocksPerMultiprocessorWithFlags,36,37,0
cudaLaunchKernel,264,38,0
cudaLaunchKernel,84,36,0
cudaLaunchKernel,128,35,0
cudaLaunchKernel,216,36,0
cudaLaunchKernel,272,35,0
cudaLaunchKernel,128,35,0
cudaLaunchKernel,216,36,0
cudaLaunchKernel,128,38,0
cudaLaunchKernel,216,35,0
cudaLaunchKernel,272,36,0
cudaLaunchKernel,128,35,0
cudaLaunchKernel,216,37,0
cudaLaunchKernel,164,34,0
cudaLaunchKernel,128,37,0
cudaLaunchKernel,216,35,0
cudaLaunchKernel,128,34,0
cudaLaunchKernel,216,37,0
cudaLaunchKernel,164,38,0
cudaLaunchKernel,252,37,0
cudaOccupancyMaxActiveBlocksPerMultiprocessorWithFlags,36,33,0
cudaLaunchKernel,264,35,0
cudaLaunchKernel,84,36,0
cudaLaunchKernel,128,35,0
cudaLaunchKernel,216,36,0
cudaLaunchKernel,184,34,0
cudaLaunchKernel,184,37,0
cudaLaunchKernel,208,35,0
cudaLaunchKernel,272,36,0
cudaLaunchKernel,128,33,0
cudaLaunchKernel,216,36,0
cudaLaunchKernel,128,34,0
cudaLaunchKernel,216,36,0
cudaLaunchKernel,272,35,0
cudaLaunchKernel,128,34,0
cudaLaunchKernel,216,35,0
cudaMemcpyAsync,37,122,0
cudaStreamSynchronize,8,33,0
cudaStreamSynchronize,8,21,0
cudaStreamSynchronize,8,37,0
cudaMemcpyAsync,8228,41,0
cudaStreamSynchronize,8,37,0
cudaStreamSynchronize,8,39,0
cudaMemcpyAsync,40,36,0
cudaStreamSynchronize,8,37,0
cudaStreamSynchronize,8,36,0
cudaMemcpyAsync,44,35,0
cudaStreamSynchronize,8,37,0
cudaStreamSynchronize,8,37,0
cudaMemcpyAsync,44,34,0
cudaStreamSynchronize,8,37,0
cudaStreamSynchronize,8,38,0
cudaMemcpyAsync,548,35,0
cudaStreamSynchronize,8,37,0
cudaStreamSynchronize,8,37,0
cudaMemcpyAsync,40,34,0
cudaStreamSynchronize,8,37,0
cudaLaunchKernel,272,37,0
cudaLaunchKernel,128,34,0
cudaLaunchKernel,216,30,0
cudaLaunchKernel,164,36,0
cudaLaunchKernel,128,41,0
cudaLaunchKernel,216,38,0
cudaLaunchKernel,128,37,0
cudaLaunchKernel,216,45,0
cudaLaunchKernel,164,43,0
cudaLaunchKernel,252,44,0
cudaOccupancyMaxActiveBlocksPerMultiprocessorWithFlags,36,51,0
cudaLaunchKernel,264,45,0
cudaLaunchKernel,84,41,0
cudaLaunchKernel,128,40,0
cudaLaunchKernel,216,41,0
cudaLaunchKernel,272,43,0
cudaLaunchKernel,128,39,0
cudaLaunchKernel,216,41,0
cudaLaunchKernel,128,39,0
cudaLaunchKernel,216,40,0
cudaLaunchKernel,272,39,0
cudaLaunchKernel,128,40,0
cudaLaunchKernel,216,41,0
cudaLaunchKernel,164,41,0
cudaLaunchKernel,128,39,0
cudaLaunchKernel,216,41,0
cudaLaunchKernel,128,40,0
cudaLaunchKernel,216,42,0
cudaLaunchKernel,164,41,0
cudaLaunchKernel,252,40,0
cudaOccupancyMaxActiveBlocksPerMultiprocessorWithFlags,36,38,0
cudaLaunchKernel,264,41,0
cudaLaunchKernel,84,41,0
cudaLaunchKernel,128,39,0
cudaLaunchKernel,216,40,0
cudaLaunchKernel,272,44,0
cudaLaunchKernel,128,40,0
cudaLaunchKernel,216,42,0
cudaLaunchKernel,128,41,0
cudaLaunchKernel,216,41,0
cudaLaunchKernel,272,40,0
cudaLaunchKernel,128,39,0
cudaLaunchKernel,216,40,0
cudaLaunchKernel,164,39,0
cudaLaunchKernel,128,43,0
cudaLaunchKernel,216,42,0
cudaLaunchKernel,128,41,0
cudaLaunchKernel,216,41,0
cudaLaunchKernel,164,41,0
cudaLaunchKernel,252,42,0
cudaOccupancyMaxActiveBlocksPerMultiprocessorWithFlags,36,39,0
cudaLaunchKernel,264,40,0
cudaLaunchKernel,84,40,0
cudaLaunchKernel,128,39,0
cudaLaunchKernel,216,42,0
cudaLaunchKernel,272,39,0
cudaLaunchKernel,128,40,0
cudaLaunchKernel,216,41,0
cudaLaunchKernel,128,40,0
cudaLaunchKernel,216,41,0
cudaLaunchKernel,272,41,0
cudaLaunchKernel,128,39,0
cudaLaunchKernel,216,39,0
cudaLaunchKernel,164,42,0
cudaLaunchKernel,128,41,0
cudaLaunchKernel,216,41,0
cudaLaunchKernel,128,39,0
cudaLaunchKernel,216,40,0
cudaLaunchKernel,164,40,0
cudaLaunchKernel,252,39,0
cudaOccupancyMaxActiveBlocksPerMultiprocessorWithFlags,36,37,0
cudaLaunchKernel,264,40,0
cudaLaunchKernel,84,43,0
cudaLaunchKernel,128,43,0
cudaLaunchKernel,216,41,0
cudaLaunchKernel,272,40,0
cudaLaunchKernel,128,41,0
cudaLaunchKernel,216,40,0
cudaLaunchKernel,128,43,0
cudaLaunchKernel,216,39,0
cudaLaunchKernel,272,47,0
cudaLaunchKernel,128,40,0
cudaLaunchKernel,216,39,0
cudaLaunchKernel,164,42,0
cudaLaunchKernel,128,39,0
cudaLaunchKernel,216,42,0
cudaLaunchKernel,128,40,0
cudaLaunchKernel,216,39,0
cudaLaunchKernel,164,41,0
cudaLaunchKernel,252,39,0
cudaOccupancyMaxActiveBlocksPerMultiprocessorWithFlags,36,38,0
cudaLaunchKernel,264,40,0
cudaLaunchKernel,84,46,0
cudaLaunchKernel,128,39,0
cudaLaunchKernel,216,41,0
cudaLaunchKernel,272,41,0
cudaLaunchKernel,128,39,0
cudaLaunchKernel,216,40,0
cudaLaunchKernel,128,40,0
cudaLaunchKernel,216,40,0
cudaLaunchKernel,272,37,0
cudaLaunchKernel,128,39,0
cudaLaunchKernel,216,43,0
cudaLaunchKernel,164,41,0
cudaLaunchKernel,128,39,0
cudaLaunchKernel,216,41,0
cudaLaunchKernel,128,39,0
cudaLaunchKernel,216,42,0
cudaLaunchKernel,164,42,0
cudaLaunchKernel,252,40,0
cudaOccupancyMaxActiveBlocksPerMultiprocessorWithFlags,36,39,0
cudaLaunchKernel,264,41,0
cudaLaunchKernel,84,44,0
cudaLaunchKernel,128,38,0
cudaLaunchKernel,216,41,0
cudaLaunchKernel,272,39,0
cudaLaunchKernel,128,41,0
cudaLaunchKernel,216,40,0
cudaLaunchKernel,128,39,0
cudaLaunchKernel,216,41,0
cudaLaunchKernel,272,42,0
cudaLaunchKernel,128,41,0
cudaLaunchKernel,216,41,0
cudaLaunchKernel,164,40,0
cudaLaunchKernel,128,41,0
cudaLaunchKernel,216,40,0
cudaLaunchKernel,128,41,0
cudaLaunchKernel,216,40,0
cudaLaunchKernel,164,41,0
cudaLaunchKernel,252,41,0
cudaOccupancyMaxActiveBlocksPerMultiprocessorWithFlags,36,36,0
cudaLaunchKernel,264,43,0
cudaLaunchKernel,84,75,0
cudaLaunchKernel,128,40,0
cudaLaunchKernel,216,41,0
cudaLaunchKernel,272,39,0
cudaLaunchKernel,128,40,0
cudaLaunchKernel,216,40,0
cudaLaunchKernel,128,39,0
cudaLaunchKernel,216,41,0
cudaLaunchKernel,272,39,0
cudaLaunchKernel,128,43,0
cudaLaunchKernel,216,41,0
cudaLaunchKernel,164,41,0
cudaLaunchKernel,128,39,0
cudaLaunchKernel,216,40,0
cudaLaunchKernel,128,40,0
cudaLaunchKernel,216,41,0
cudaLaunchKernel,164,40,0
cudaLaunchKernel,252,41,0
cudaOccupancyMaxActiveBlocksPerMultiprocessorWithFlags,36,40,0
cudaLaunchKernel,264,41,0
cudaLaunchKernel,84,40,0
cudaLaunchKernel,128,39,0
cudaLaunchKernel,216,42,0
cudaLaunchKernel,272,48,0
cudaLaunchKernel,128,40,0
cudaLaunchKernel,216,42,0
cudaLaunchKernel,128,39,0
cudaLaunchKernel,216,40,0
cudaLaunchKernel,272,44,0
cudaLaunchKernel,128,39,0
cudaLaunchKernel,216,41,0
cudaLaunchKernel,164,40,0
cudaLaunchKernel,128,40,0
cudaLaunchKernel,216,41,0
cudaLaunchKernel,128,40,0
cudaLaunchKernel,216,41,0
cudaLaunchKernel,164,41,0
cudaLaunchKernel,252,45,0
cudaOccupancyMaxActiveBlocksPerMultiprocessorWithFlags,36,41,0
cudaLaunchKernel,264,35,0
cudaLaunchKernel,84,36,0
cudaLaunchKernel,128,40,0
cudaLaunchKernel,216,39,0
cudaLaunchKernel,272,51,0
cudaLaunchKernel,128,50,0
cudaLaunchKernel,216,50,0
cudaLaunchKernel,128,51,0
cudaLaunchKernel,216,53,0
cudaLaunchKernel,272,47,0
cudaLaunchKernel,128,41,0
cudaLaunchKernel,216,40,0
cudaLaunchKernel,164,38,0
cudaLaunchKernel,128,43,0
cudaLaunchKernel,216,47,0
cudaLaunchKernel,128,45,0
cudaLaunchKernel,216,47,0
cudaLaunchKernel,164,45,0
cudaLaunchKernel,252,39,0
cudaOccupancyMaxActiveBlocksPerMultiprocessorWithFlags,36,48,0
cudaLaunchKernel,264,55,0
cudaLaunchKernel,84,50,0
cudaLaunchKernel,128,40,0
cudaLaunchKernel,216,50,0
cudaLaunchKernel,272,41,0
cudaLaunchKernel,128,43,0
cudaLaunchKernel,216,37,0
cudaLaunchKernel,128,37,0
cudaLaunchKernel,216,42,0
cudaLaunchKernel,272,41,0
cudaLaunchKernel,128,51,0
cudaLaunchKernel,216,51,0
cudaLaunchKernel,164,51,0
cudaLaunchKernel,128,49,0
cudaLaunchKernel,216,50,0
cudaLaunchKernel,128,46,0
cudaLaunchKernel,216,36,0
cudaLaunchKernel,164,41,0
cudaLaunchKernel,252,51,0
cudaOccupancyMaxActiveBlocksPerMultiprocessorWithFlags,36,46,0
cudaLaunchKernel,264,52,0
cudaLaunchKernel,84,52,0
cudaLaunchKernel,128,50,0
cudaLaunchKernel,216,50,0
cudaLaunchKernel,272,51,0
cudaLaunchKernel,128,48,0
cudaLaunchKernel,216,46,0
cudaLaunchKernel,128,40,0
cudaLaunchKernel,216,48,0
cudaLaunchKernel,272,41,0
cudaLaunchKernel,128,35,0
cudaLaunchKernel,216,37,0
cudaLaunchKernel,164,37,0
cudaLaunchKernel,128,33,0
cudaLaunchKernel,216,36,0
cudaLaunchKernel,128,41,0
cudaLaunchKernel,216,39,0
cudaLaunchKernel,164,33,0
cudaLaunchKernel,252,36,0
cudaOccupancyMaxActiveBlocksPerMultiprocessorWithFlags,36,35,0
cudaLaunchKernel,264,38,0
cudaLaunchKernel,84,37,0
cudaLaunchKernel,128,35,0
cudaLaunchKernel,216,35,0
cudaLaunchKernel,272,36,0
cudaLaunchKernel,128,35,0
cudaLaunchKernel,216,37,0
cudaLaunchKernel,128,45,0
cudaLaunchKernel,216,57,0
cudaLaunchKernel,272,50,0
cudaLaunchKernel,128,52,0
cudaLaunchKernel,216,50,0
cudaLaunchKernel,164,50,0
cudaLaunchKernel,128,46,0
cudaLaunchKernel,216,53,0
cudaLaunchKernel,128,47,0
cudaLaunchKernel,216,47,0
cudaLaunchKernel,164,51,0
cudaLaunchKernel,252,49,0
cudaOccupancyMaxActiveBlocksPerMultiprocessorWithFlags,36,36,0
cudaLaunchKernel,264,52,0
cudaLaunchKernel,84,51,0
cudaLaunchKernel,128,49,0
cudaLaunchKernel,216,51,0
cudaLaunchKernel,272,47,0
cudaLaunchKernel,128,45,0
cudaLaunchKernel,216,49,0
cudaLaunchKernel,128,48,0
cudaLaunchKernel,216,40,0
cudaLaunchKernel,272,37,0
cudaLaunchKernel,128,50,0
cudaLaunchKernel,216,51,0
cudaLaunchKernel,164,50,0
cudaLaunchKernel,128,44,0
cudaLaunchKernel,216,38,0
cudaLaunchKernel,128,39,0
cudaLaunchKernel,216,52,0
cudaLaunchKernel,164,39,0
cudaLaunchKernel,252,44,0
cudaOccupancyMaxActiveBlocksPerMultiprocessorWithFlags,36,47,0
cudaLaunchKernel,264,41,0
cudaLaunchKernel,84,36,0
cudaLaunchKernel,128,35,0
cudaLaunchKernel,216,35,0
cudaLaunchKernel,272,37,0
cudaLaunchKernel,128,41,0
cudaLaunchKernel,216,52,0
cudaLaunchKernel,128,49,0
cudaLaunchKernel,216,50,0
cudaLaunchKernel,272,49,0
cudaLaunchKernel,128,50,0
cudaLaunchKernel,216,49,0
cudaLaunchKernel,164,44,0
cudaLaunchKernel,128,35,0
cudaLaunchKernel,216,38,0
cudaLaunchKernel,128,48,0
cudaLaunchKernel,216,51,0
cudaLaunchKernel,164,50,0
cudaLaunchKernel,252,52,0
cudaOccupancyMaxActiveBlocksPerMultiprocessorWithFlags,36,47,0
cudaLaunchKernel,264,50,0
cudaLaunchKernel,84,49,0
cudaLaunchKernel,128,44,0
cudaLaunchKernel,216,38,0
cudaLaunchKernel,272,48,0
cudaLaunchKernel,128,57,0
cudaLaunchKernel,216,53,0
cudaLaunchKernel,128,50,0
cudaLaunchKernel,216,52,0
cudaLaunchKernel,272,50,0
cudaLaunchKernel,128,48,0
cudaLaunchKernel,216,48,0
cudaLaunchKernel,164,52,0
cudaLaunchKernel,128,47,0
cudaLaunchKernel,216,50,0
cudaLaunchKernel,128,52,0
cudaLaunchKernel,216,47,0
cudaLaunchKernel,164,39,0
cudaLaunchKernel,252,39,0
cudaOccupancyMaxActiveBlocksPerMultiprocessorWithFlags,36,33,0
cudaLaunchKernel,264,36,0
cudaLaunchKernel,84,35,0
cudaLaunchKernel,128,36,0
cudaLaunchKernel,216,39,0
cudaLaunchKernel,272,44,0
cudaLaunchKernel,128,39,0
cudaLaunchKernel,216,43,0
cudaLaunchKernel,128,39,0
cudaLaunchKernel,216,38,0
cudaLaunchKernel,272,35,0
cudaLaunchKernel,128,35,0
cudaLaunchKernel,216,36,0
cudaLaunchKernel,164,36,0
cudaLaunchKernel,128,37,0
cudaLaunchKernel,216,53,0
cudaLaunchKernel,128,49,0
cudaLaunchKernel,216,49,0
cudaLaunchKernel,164,40,0
cudaLaunchKernel,252,52,0
cudaOccupancyMaxActiveBlocksPerMultiprocessorWithFlags,36,47,0
cudaLaunchKernel,264,51,0
cudaLaunchKernel,84,46,0
cudaLaunchKernel,128,45,0
cudaLaunchKernel,216,49,0
cudaLaunchKernel,272,51,0
cudaLaunchKernel,128,51,0
cudaLaunchKernel,216,51,0
cudaLaunchKernel,128,50,0
cudaLaunchKernel,216,51,0
cudaLaunchKernel,272,48,0
cudaLaunchKernel,128,36,0
cudaLaunchKernel,216,36,0
cudaLaunchKernel,164,40,0
cudaLaunchKernel,128,50,0
cudaLaunchKernel,216,52,0
cudaLaunchKernel,128,49,0
cudaLaunchKernel,216,52,0
cudaLaunchKernel,164,49,0
cudaLaunchKernel,252,48,0
cudaOccupancyMaxActiveBlocksPerMultiprocessorWithFlags,36,43,0
cudaLaunchKernel,264,40,0
cudaLaunchKernel,84,43,0
cudaLaunchKernel,128,47,0
cudaLaunchKernel,216,45,0
cudaLaunchKernel,272,46,0
cudaLaunchKernel,128,35,0
cudaLaunchKernel,216,46,0
cudaLaunchKernel,128,42,0
cudaLaunchKernel,216,36,0
cudaLaunchKernel,272,39,0
cudaLaunchKernel,128,36,0
cudaLaunchKernel,216,38,0
cudaLaunchKernel,164,42,0
cudaLaunchKernel,128,36,0
cudaLaunchKernel,216,36,0
cudaLaunchKernel,128,40,0
cudaLaunchKernel,216,43,0
cudaLaunchKernel,164,37,0
cudaLaunchKernel,252,39,0
cudaOccupancyMaxActiveBlocksPerMultiprocessorWithFlags,36,35,0
cudaLaunchKernel,264,38,0
cudaLaunchKernel,84,41,0
cudaLaunchKernel,128,49,0
cudaLaunchKernel,216,50,0
cudaLaunchKernel,272,40,0
cudaLaunchKernel,128,47,0
cudaLaunchKernel,216,42,0
cudaLaunchKernel,128,36,0
cudaLaunchKernel,216,36,0
cudaLaunchKernel,272,35,0
cudaLaunchKernel,128,36,0
cudaLaunchKernel,216,38,0
cudaLaunchKernel,164,39,0
cudaLaunchKernel,128,36,0
cudaLaunchKernel,216,38,0
cudaLaunchKernel,128,38,0
cudaLaunchKernel,216,37,0
cudaLaunchKernel,164,34,0
cudaLaunchKernel,252,38,0
cudaOccupancyMaxActiveBlocksPerMultiprocessorWithFlags,36,34,0
cudaLaunchKernel,264,38,0
cudaLaunchKernel,84,45,0
cudaLaunchKernel,128,44,0
cudaLaunchKernel,216,36,0
cudaLaunchKernel,272,50,0
cudaLaunchKernel,128,47,0
cudaLaunchKernel,216,44,0
cudaLaunchKernel,128,35,0
cudaLaunchKernel,216,36,0
cudaLaunchKernel,272,34,0
cudaLaunchKernel,128,39,0
cudaLaunchKernel,216,53,0
cudaLaunchKernel,164,49,0
cudaLaunchKernel,128,38,0
cudaLaunchKernel,216,36,0
cudaLaunchKernel,128,36,0
cudaLaunchKernel,216,38,0
cudaLaunchKernel,164,37,0
cudaLaunchKernel,252,37,0
cudaOccupancyMaxActiveBlocksPerMultiprocessorWithFlags,36,34,0
cudaLaunchKernel,264,37,0
cudaLaunchKernel,84,37,0
cudaLaunchKernel,128,34,0
cudaLaunchKernel,216,36,0
cudaLaunchKernel,272,35,0
cudaLaunchKernel,128,36,0
cudaLaunchKernel,216,35,0
cudaLaunchKernel,128,36,0
cudaLaunchKernel,216,39,0
cudaLaunchKernel,272,38,0
cudaLaunchKernel,128,37,0
cudaLaunchKernel,216,37,0
cudaLaunchKernel,164,36,0
cudaLaunchKernel,128,36,0
cudaLaunchKernel,216,35,0
cudaLaunchKernel,128,35,0
cudaLaunchKernel,216,35,0
cudaLaunchKernel,164,36,0
cudaLaunchKernel,252,36,0
cudaOccupancyMaxActiveBlocksPerMultiprocessorWithFlags,36,34,0
cudaLaunchKernel,264,38,0
cudaLaunchKernel,84,37,0
cudaLaunchKernel,128,35,0
cudaLaunchKernel,216,37,0
cudaLaunchKernel,184,36,0
cudaLaunchKernel,184,35,0
cudaLaunchKernel,208,35,0
cudaLaunchKernel,272,35,0
cudaLaunchKernel,128,35,0
cudaLaunchKernel,216,37,0
cudaLaunchKernel,128,35,0
cudaLaunchKernel,216,37,0
cudaLaunchKernel,272,35,0
cudaLaunchKernel,128,35,0
cudaLaunchKernel,216,37,0
cudaMemcpyAsync,37,129,0
cudaStreamSynchronize,8,29,0
cudaStreamSynchronize,8,21,0
cudaStreamSynchronize,8,37,0
cudaMemcpyAsync,8228,43,0
cudaStreamSynchronize,8,37,0
cudaStreamSynchronize,8,37,0
cudaMemcpyAsync,40,35,0
cudaStreamSynchronize,8,37,0
cudaStreamSynchronize,8,39,0
cudaMemcpyAsync,44,34,0
cudaStreamSynchronize,8,37,0
cudaStreamSynchronize,8,37,0
cudaMemcpyAsync,44,34,0
cudaStreamSynchronize,8,36,0
cudaStreamSynchronize,8,37,0
cudaMemcpyAsync,548,34,0
cudaStreamSynchronize,8,37,0
cudaStreamSynchronize,8,39,0
cudaMemcpyAsync,40,34,0
cudaStreamSynchronize,8,37,0
cudaLaunchKernel,272,41,0
cudaLaunchKernel,128,41,0
cudaLaunchKernel,216,38,0
cudaLaunchKernel,164,37,0
cudaLaunchKernel,128,38,0
cudaLaunchKernel,216,35,0
cudaLaunchKernel,128,36,0
cudaLaunchKernel,216,40,0
cudaLaunchKernel,164,41,0
cudaLaunchKernel,252,45,0
cudaOccupancyMaxActiveBlocksPerMultiprocessorWithFlags,36,47,0
cudaLaunchKernel,264,40,0
cudaLaunchKernel,84,41,0
cudaLaunchKernel,128,34,0
cudaLaunchKernel,216,36,0
cudaLaunchKernel,272,36,0
cudaLaunchKernel,128,35,0
cudaLaunchKernel,216,37,0
cudaLaunchKernel,128,50,0
cudaLaunchKernel,216,51,0
cudaLaunchKernel,272,49,0
cudaLaunchKernel,128,41,0
cudaLaunchKernel,216,43,0
cudaLaunchKernel,164,42,0
cudaLaunchKernel,128,45,0
cudaLaunchKernel,216,36,0
cudaLaunchKernel,128,36,0
cudaLaunchKernel,216,48,0
cudaLaunchKernel,164,44,0
cudaLaunchKernel,252,45,0
cudaOccupancyMaxActiveBlocksPerMultiprocessorWithFlags,36,44,0
cudaLaunchKernel,264,48,0
cudaLaunchKernel,84,47,0
cudaLaunchKernel,128,48,0
cudaLaunchKernel,216,48,0
cudaLaunchKernel,272,42,0
cudaLaunchKernel,128,40,0
cudaLaunchKernel,216,46,0
cudaLaunchKernel,128,52,0
cudaLaunchKernel,216,49,0
cudaLaunchKernel,272,45,0
cudaLaunchKernel,128,38,0
cudaLaunchKernel,216,36,0
cudaLaunchKernel,164,35,0
cudaLaunchKernel,128,37,0
cudaLaunchKernel,216,37,0
cudaLaunchKernel,128,37,0
cudaLaunchKernel,216,50,0
cudaLaunchKernel,164,52,0
cudaLaunchKernel,252,49,0
cudaOccupancyMaxActiveBlocksPerMultiprocessorWithFlags,36,46,0
cudaLaunchKernel,264,51,0
cudaLaunchKernel,84,51,0
cudaLaunchKernel,128,48,0
cudaLaunchKernel,216,49,0
cudaLaunchKernel,272,54,0
cudaLaunchKernel,128,49,0
cudaLaunchKernel,216,46,0
cudaLaunchKernel,128,38,0
cudaLaunchKernel,216,44,0
cudaLaunchKernel,272,49,0
cudaLaunchKernel,128,46,0
cudaLaunchKernel,216,48,0
cudaLaunchKernel,164,45,0
cudaLaunchKernel,128,37,0
cudaLaunchKernel,216,38,0
cudaLaunchKernel,128,46,0
cudaLaunchKernel,216,52,0
cudaLaunchKernel,164,51,0
cudaLaunchKernel,252,50,0
cudaOccupancyMaxActiveBlocksPerMultiprocessorWithFlags,36,48,0
cudaLaunchKernel,264,47,0
cudaLaunchKernel,84,48,0
cudaLaunchKernel,128,43,0
cudaLaunchKernel,216,36,0
cudaLaunchKernel,272,38,0
cudaLaunchKernel,128,50,0
cudaLaunchKernel,216,47,0
cudaLaunchKernel,128,46,0
cudaLaunchKernel,216,37,0
cudaLaunchKernel,272,36,0
cudaLaunchKernel,128,35,0
cudaLaunchKernel,216,36,0
cudaLaunchKernel,164,36,0
cudaLaunchKernel,128,36,0
cudaLaunchKernel,216,40,0
cudaLaunchKernel,128,38,0
cudaLaunchKernel,216,47,0
cudaLaunchKernel,164,47,0
cudaLaunchKernel,252,47,0
cudaOccupancyMaxActiveBlocksPerMultiprocessorWithFlags,36,44,0
cudaLaunchKernel,264,44,0
cudaLaunchKernel,84,44,0
cudaLaunchKernel,128,44,0
cudaLaunchKernel,216,38,0
cudaLaunchKernel,272,44,0
cudaLaunchKernel,128,49,0
cudaLaunchKernel,216,37,0
cudaLaunchKernel,128,37,0
cudaLaunchKernel,216,36,0
cudaLaunchKernel,272,36,0
cudaLaunchKernel,128,36,0
cudaLaunchKernel,216,36,0
cudaLaunchKernel,164,42,0
cudaLaunchKernel,128,49,0
cudaLaunchKernel,216,51,0
cudaLaunchKernel,128,49,0
cudaLaunchKernel,216,39,0
cudaLaunchKernel,164,40,0
cudaLaunchKernel,252,36,0
cudaOccupancyMaxActiveBlocksPerMultiprocessorWithFlags,36,34,0
cudaLaunchKernel,264,36,0
cudaLaunchKernel,84,36,0
cudaLaunchKernel,128,35,0
cudaLaunchKernel,216,40,0
cudaLaunchKernel,272,51,0
cudaLaunchKernel,128,51,0
cudaLaunchKernel,216,49,0
cudaLaunchKernel,128,50,0
cudaLaunchKernel,216,51,0
cudaLaunchKernel,272,49,0
cudaLaunchKernel,128,45,0
cudaLaunchKernel,216,39,0
cudaLaunchKernel,164,40,0
cudaLaunchKernel,128,46,0
cudaLaunchKernel,216,48,0
cudaLaunchKernel,128,52,0
cudaLaunchKernel,216,74,0
cudaLaunchKernel,164,50,0
cudaLaunchKernel,252,46,0
cudaOccupancyMaxActiveBlocksPerMultiprocessorWithFlags,36,34,0
cudaLaunchKernel,264,47,0
cudaLaunchKernel,84,50,0
cudaLaunchKernel,128,56,0
cudaLaunchKernel,216,46,0
cudaLaunchKernel,272,45,0
cudaLaunchKernel,128,51,0
cudaLaunchKernel,216,43,0
cudaLaunchKernel,128,47,0
cudaLaunchKernel,216,53,0
cudaLaunchKernel,272,44,0
cudaLaunchKernel,128,36,0
cudaLaunchKernel,216,38,0
cudaLaunchKernel,164,46,0
cudaLaunchKernel,128,43,0
cudaLaunchKernel,216,36,0
cudaLaunchKernel,128,52,0
cudaLaunchKernel,216,52,0
cudaLaunchKernel,164,49,0
cudaLaunchKernel,252,46,0
cudaOccupancyMaxActiveBlocksPerMultiprocessorWithFlags,36,35,0
cudaLaunchKernel,264,46,0
cudaLaunchKernel,84,49,0
cudaLaunchKernel,128,48,0
cudaLaunchKernel,216,54,0
cudaLaunchKernel,272,51,0
cudaLaunchKernel,128,51,0
cudaLaunchKernel,216,51,0
cudaLaunchKernel,128,49,0
cudaLaunchKernel,216,48,0
cudaLaunchKernel,272,36,0
cudaLaunchKernel,128,38,0
cudaLaunchKernel,216,40,0
cudaLaunchKernel,164,42,0
cudaLaunchKernel,128,49,0
cudaLaunchKernel,216,49,0
cudaLaunchKernel,128,40,0
cudaLaunchKernel,216,48,0
cudaLaunchKernel,164,55,0
cudaLaunchKernel,252,49,0
cudaOccupancyMaxActiveBlocksPerMultiprocessorWithFlags,36,49,0
cudaLaunchKernel,264,52,0
cudaLaunchKernel,84,54,0
cudaLaunchKernel,128,50,0
cudaLaunchKernel,216,50,0
cudaLaunchKernel,272,49,0
cudaLaunchKernel,128,47,0
cudaLaunchKernel,216,44,0
cudaLaunchKernel,128,36,0
cudaLaunchKernel,216,35,0
cudaLaunchKernel,272,38,0
cudaLaunchKernel,128,37,0
cudaLaunchKernel,216,45,0
cudaLaunchKernel,164,43,0
cudaLaunchKernel,128,49,0
cudaLaunchKernel,216,42,0
cudaLaunchKernel,128,50,0
cudaLaunchKernel,216,50,0
cudaLaunchKernel,164,51,0
cudaLaunchKernel,252,48,0
cudaOccupancyMaxActiveBlocksPerMultiprocessorWithFlags,36,44,0
cudaLaunchKernel,264,44,0
cudaLaunchKernel,84,53,0
cudaLaunchKernel,128,38,0
cudaLaunchKernel,216,51,0
cudaLaunchKernel,272,58,0
cudaLaunchKernel,128,50,0
cudaLaunchKernel,216,47,0
cudaLaunchKernel,128,43,0
cudaLaunchKernel,216,51,0
cudaLaunchKernel,272,50,0
cudaLaunchKernel,128,54,0
cudaLaunchKernel,216,50,0
cudaLaunchKernel,164,42,0
cudaLaunchKernel,128,51,0
cudaLaunchKernel,216,51,0
cudaLaunchKernel,128,50,0
cudaLaunchKernel,216,52,0
cudaLaunchKernel,164,51,0
cudaLaunchKernel,252,44,0
cudaOccupancyMaxActiveBlocksPerMultiprocessorWithFlags,36,43,0
cudaLaunchKernel,264,53,0
cudaLaunchKernel,84,53,0
cudaLaunchKernel,128,49,0
cudaLaunchKernel,216,51,0
cudaLaunchKernel,272,49,0
cudaLaunchKernel,128,49,0
cudaLaunchKernel,216,48,0
cudaLaunchKernel,128,37,0
cudaLaunchKernel,216,43,0
cudaLaunchKernel,272,47,0
cudaLaunchKernel,128,38,0
cudaLaunchKernel,216,37,0
cudaLaunchKernel,164,35,0
cudaLaunchKernel,128,35,0
cudaLaunchKernel,216,36,0
cudaLaunchKernel,128,36,0
cudaLaunchKernel,216,35,0
cudaLaunchKernel,164,36,0
cudaLaunchKernel,252,39,0
cudaOccupancyMaxActiveBlocksPerMultiprocessorWithFlags,36,34,0
cudaLaunchKernel,264,36,0
cudaLaunchKernel,84,36,0
cudaLaunchKernel,128,34,0
cudaLaunchKernel,216,48,0
cudaLaunchKernel,272,49,0
cudaLaunchKernel,128,50,0
cudaLaunchKernel,216,50,0
cudaLaunchKernel,128,51,0
cudaLaunchKernel,216,52,0
cudaLaunchKernel,272,48,0
cudaLaunchKernel,128,47,0
cudaLaunchKernel,216,52,0
cudaLaunchKernel,164,50,0
cudaLaunchKernel,128,50,0
cudaLaunchKernel,216,50,0
cudaLaunchKernel,128,47,0
cudaLaunchKernel,216,46,0
cudaLaunchKernel,164,37,0
cudaLaunchKernel,252,47,0
cudaOccupancyMaxActiveBlocksPerMultiprocessorWithFlags,36,47,0
cudaLaunchKernel,264,52,0
cudaLaunchKernel,84,55,0
cudaLaunchKernel,128,50,0
cudaLaunchKernel,216,51,0
cudaLaunchKernel,272,49,0
cudaLaunchKernel,128,44,0
cudaLaunchKernel,216,37,0
cudaLaunchKernel,128,38,0
cudaLaunchKernel,216,44,0
cudaLaunchKernel,272,34,0
cudaLaunchKernel,128,43,0
cudaLaunchKernel,216,30,0
cudaLaunchKernel,164,37,0
cudaLaunchKernel,128,43,0
cudaLaunchKernel,216,37,0
cudaLaunchKernel,128,36,0
cudaLaunchKernel,216,35,0
cudaLaunchKernel,164,38,0
cudaLaunchKernel,252,46,0
cudaOccupancyMaxActiveBlocksPerMultiprocessorWithFlags,36,37,0
cudaLaunchKernel,264,50,0
cudaLaunchKernel,84,48,0
cudaLaunchKernel,128,44,0
cudaLaunchKernel,216,48,0
cudaLaunchKernel,272,48,0
cudaLaunchKernel,128,44,0
cudaLaunchKernel,216,37,0
cudaLaunchKernel,128,40,0
cudaLaunchKernel,216,53,0
cudaLaunchKernel,272,49,0
cudaLaunchKernel,128,44,0
cudaLaunchKernel,216,36,0
cudaLaunchKernel,164,36,0
cudaLaunchKernel,128,35,0
cudaLaunchKernel,216,35,0
cudaLaunchKernel,128,35,0
cudaLaunchKernel,216,38,0
cudaLaunchKernel,164,39,0
cudaLaunchKernel,252,35,0
cudaOccupancyMaxActiveBlocksPerMultiprocessorWithFlags,36,39,0
cudaLaunchKernel,264,41,0
cudaLaunchKernel,84,53,0
cudaLaunchKernel,128,43,0
cudaLaunchKernel,216,49,0
cudaLaunchKernel,272,48,0
cudaLaunchKernel,128,44,0
cudaLaunchKernel,216,41,0
cudaLaunchKernel,128,40,0
cudaLaunchKernel,216,37,0
cudaLaunchKernel,272,38,0
cudaLaunchKernel,128,34,0
cudaLaunchKernel,216,38,0
cudaLaunchKernel,164,37,0
cudaLaunchKernel,128,35,0
cudaLaunchKernel,216,36,0
cudaLaunchKernel,128,39,0
cudaLaunchKernel,216,36,0
cudaLaunchKernel,164,37,0
cudaLaunchKernel,252,35,0
cudaOccupancyMaxActiveBlocksPerMultiprocessorWithFlags,36,34,0
cudaLaunchKernel,264,35,0
cudaLaunchKernel,84,40,0
cudaLaunchKernel,128,37,0
cudaLaunchKernel,216,38,0
cudaLaunchKernel,272,36,0
cudaLaunchKernel,128,38,0
cudaLaunchKernel,216,40,0
cudaLaunchKernel,128,37,0
cudaLaunchKernel,216,36,0
cudaLaunchKernel,272,36,0
cudaLaunchKernel,128,36,0
cudaLaunchKernel,216,36,0
cudaLaunchKernel,164,37,0
cudaLaunchKernel,128,36,0
cudaLaunchKernel,216,35,0
cudaLaunchKernel,128,36,0
cudaLaunchKernel,216,37,0
cudaLaunchKernel,164,37,0
cudaLaunchKernel,252,37,0
cudaOccupancyMaxActiveBlocksPerMultiprocessorWithFlags,36,35,0
cudaLaunchKernel,264,35,0
cudaLaunchKernel,84,38,0
cudaLaunchKernel,128,35,0
cudaLaunchKernel,216,38,0
cudaLaunchKernel,272,37,0
cudaLaunchKernel,128,35,0
cudaLaunchKernel,216,37,0
cudaLaunchKernel,128,34,0
cudaLaunchKernel,216,41,0
cudaLaunchKernel,272,30,0
cudaLaunchKernel,128,35,0
cudaLaunchKernel,216,43,0
cudaLaunchKernel,164,37,0
cudaLaunchKernel,128,35,0
cudaLaunchKernel,216,38,0
cudaLaunchKernel,128,35,0
cudaLaunchKernel,216,35,0
cudaLaunchKernel,164,36,0
cudaLaunchKernel,252,36,0
cudaOccupancyMaxActiveBlocksPerMultiprocessorWithFlags,36,33,0
cudaLaunchKernel,264,36,0
cudaLaunchKernel,84,38,0
cudaLaunchKernel,128,35,0
cudaLaunchKernel,216,35,0
cudaLaunchKernel,272,37,0
cudaLaunchKernel,128,35,0
cudaLaunchKernel,216,36,0
cudaLaunchKernel,128,35,0
cudaLaunchKernel,216,40,0
cudaLaunchKernel,272,38,0
cudaLaunchKernel,128,35,0
cudaLaunchKernel,216,38,0
cudaLaunchKernel,164,35,0
cudaLaunchKernel,128,37,0
cudaLaunchKernel,216,36,0
cudaLaunchKernel,128,35,0
cudaLaunchKernel,216,36,0
cudaLaunchKernel,164,37,0
cudaLaunchKernel,252,37,0
cudaOccupancyMaxActiveBlocksPerMultiprocessorWithFlags,36,34,0
cudaLaunchKernel,264,37,0
cudaLaunchKernel,84,37,0
cudaLaunchKernel,128,35,0
cudaLaunchKernel,216,37,0
cudaLaunchKernel,272,37,0
cudaLaunchKernel,128,37,0
cudaLaunchKernel,216,38,0
cudaLaunchKernel,128,34,0
cudaLaunchKernel,216,37,0
cudaLaunchKernel,272,35,0
cudaLaunchKernel,128,37,0
cudaLaunchKernel,216,36,0
cudaLaunchKernel,164,35,0
cudaLaunchKernel,128,37,0
cudaLaunchKernel,216,35,0
cudaLaunchKernel,128,35,0
cudaLaunchKernel,216,37,0
cudaLaunchKernel,164,37,0
cudaLaunchKernel,252,35,0
cudaOccupancyMaxActiveBlocksPerMultiprocessorWithFlags,36,33,0
cudaLaunchKernel,264,35,0
cudaLaunchKernel,84,38,0
cudaLaunchKernel,128,37,0
cudaLaunchKernel,216,37,0
cudaLaunchKernel,272,35,0
cudaLaunchKernel,128,39,0
cudaLaunchKernel,216,38,0
cudaLaunchKernel,128,38,0
cudaLaunchKernel,216,39,0
cudaLaunchKernel,272,35,0
cudaLaunchKernel,128,31,0
cudaLaunchKernel,216,35,0
cudaLaunchKernel,164,39,0
cudaLaunchKernel,128,35,0
cudaLaunchKernel,216,36,0
cudaLaunchKernel,128,36,0
cudaLaunchKernel,216,36,0
cudaLaunchKernel,164,36,0
cudaLaunchKernel,252,35,0
cudaOccupancyMaxActiveBlocksPerMultiprocessorWithFlags,36,32,0
cudaLaunchKernel,264,36,0
cudaLaunchKernel,84,36,0
cudaLaunchKernel,128,36,0
cudaLaunchKernel,216,35,0
cudaLaunchKernel,272,36,0
cudaLaunchKernel,128,33,0
cudaLaunchKernel,216,36,0
cudaLaunchKernel,128,35,0
cudaLaunchKernel,216,35,0
cudaLaunchKernel,272,36,0
cudaLaunchKernel,128,34,0
cudaLaunchKernel,216,38,0
cudaLaunchKernel,164,35,0
cudaLaunchKernel,128,34,0
cudaLaunchKernel,216,43,0
cudaLaunchKernel,128,36,0
cudaLaunchKernel,216,37,0
cudaLaunchKernel,164,35,0
cudaLaunchKernel,252,35,0
cudaOccupancyMaxActiveBlocksPerMultiprocessorWithFlags,36,33,0
cudaLaunchKernel,264,37,0
cudaLaunchKernel,84,40,0
cudaLaunchKernel,128,39,0
cudaLaunchKernel,216,36,0
cudaLaunchKernel,184,36,0
cudaLaunchKernel,184,35,0
cudaLaunchKernel,208,36,0
cudaLaunchKernel,272,35,0
cudaLaunchKernel,128,35,0
cudaLaunchKernel,216,36,0
cudaLaunchKernel,128,38,0
cudaLaunchKernel,216,36,0
cudaLaunchKernel,272,36,0
cudaLaunchKernel,128,39,0
cudaLaunchKernel,216,35,0
cudaMemcpyAsync,37,122,0
cudaStreamSynchronize,8,26,0
cudaStreamSynchronize,8,21,0
cudaStreamSynchronize,8,37,0
cudaMemcpyAsync,8228,41,0
cudaStreamSynchronize,8,37,0
cudaStreamSynchronize,8,37,0
cudaMemcpyAsync,40,37,0
cudaStreamSynchronize,8,37,0
cudaStreamSynchronize,8,36,0
cudaMemcpyAsync,44,35,0
cudaStreamSynchronize,8,36,0
cudaStreamSynchronize,8,37,0
cudaMemcpyAsync,44,34,0
cudaStreamSynchronize,8,37,0
cudaStreamSynchronize,8,36,0
cudaMemcpyAsync,548,34,0
cudaStreamSynchronize,8,38,0
cudaStreamSynchronize,8,37,0
cudaMemcpyAsync,40,33,0
cudaStreamSynchronize,8,37,0
cudaLaunchKernel,272,40,0
cudaLaunchKernel,128,36,0
cudaLaunchKernel,216,37,0
cudaLaunchKernel,164,36,0
cudaLaunchKernel,128,36,0
cudaLaunchKernel,216,36,0
cudaLaunchKernel,128,35,0
cudaLaunchKernel,216,38,0
cudaLaunchKernel,164,36,0
cudaLaunchKernel,252,37,0
cudaOccupancyMaxActiveBlocksPerMultiprocessorWithFlags,36,34,0
cudaLaunchKernel,264,33,0
cudaLaunchKernel,84,36,0
cudaLaunchKernel,128,35,0
cudaLaunchKernel,216,36,0
cudaLaunchKernel,272,35,0
cudaLaunchKernel,128,36,0
cudaLaunchKernel,216,35,0
cudaLaunchKernel,128,35,0
cudaLaunchKernel,216,36,0
cudaLaunchKernel,272,35,0
cudaLaunchKernel,128,37,0
cudaLaunchKernel,216,36,0
cudaLaunchKernel,164,34,0
cudaLaunchKernel,128,37,0
cudaLaunchKernel,216,37,0
cudaLaunchKernel,128,37,0
cudaLaunchKernel,216,36,0
cudaLaunchKernel,164,35,0
cudaLaunchKernel,252,37,0
cudaOccupancyMaxActiveBlocksPerMultiprocessorWithFlags,36,32,0
cudaLaunchKernel,264,36,0
cudaLaunchKernel,84,36,0
cudaLaunchKernel,128,35,0
cudaLaunchKernel,216,36,0
cudaLaunchKernel,272,35,0
cudaLaunchKernel,128,35,0
cudaLaunchKernel,216,37,0
cudaLaunchKernel,128,37,0
cudaLaunchKernel,216,35,0
cudaLaunchKernel,272,37,0
cudaLaunchKernel,128,43,0
cudaLaunchKernel,216,37,0
cudaLaunchKernel,164,35,0
cudaLaunchKernel,128,35,0
cudaLaunchKernel,216,37,0
cudaLaunchKernel,128,35,0
cudaLaunchKernel,216,37,0
cudaLaunchKernel,164,37,0
cudaLaunchKernel,252,35,0
cudaOccupancyMaxActiveBlocksPerMultiprocessorWithFlags,36,34,0
cudaLaunchKernel,264,37,0
cudaLaunchKernel,84,59,0
cudaLaunchKernel,128,37,0
cudaLaunchKernel,216,35,0
cudaLaunchKernel,272,37,0
cudaLaunchKernel,128,35,0
cudaLaunchKernel,216,37,0
cudaLaunchKernel,128,39,0
cudaLaunchKernel,216,37,0
cudaLaunchKernel,272,36,0
cudaLaunchKernel,128,36,0
cudaLaunchKernel,216,45,0
cudaLaunchKernel,164,43,0
cudaLaunchKernel,128,39,0
cudaLaunchKernel,216,39,0
cudaLaunchKernel,128,42,0
cudaLaunchKernel,216,57,0
cudaLaunchKernel,164,52,0
cudaLaunchKernel,252,50,0
cudaOccupancyMaxActiveBlocksPerMultiprocessorWithFlags,36,46,0
cudaLaunchKernel,264,52,0
cudaLaunchKernel,84,51,0
cudaLaunchKernel,128,51,0
cudaLaunchKernel,216,49,0
cudaLaunchKernel,272,51,0
cudaLaunchKernel,128,49,0
cudaLaunchKernel,216,52,0
cudaLaunchKernel,128,53,0
cudaLaunchKernel,216,48,0
cudaLaunchKernel,272,39,0
cudaLaunchKernel,128,38,0
cudaLaunchKernel,216,37,0
cudaLaunchKernel,164,37,0
cudaLaunchKernel,128,36,0
cudaLaunchKernel,216,38,0
cudaLaunchKernel,128,35,0
cudaLaunchKernel,216,38,0
cudaLaunchKernel,164,49,0
cudaLaunchKernel,252,42,0
cudaOccupancyMaxActiveBlocksPerMultiprocessorWithFlags,36,35,0
cudaLaunchKernel,264,36,0
cudaLaunchKernel,84,37,0
cudaLaunchKernel,128,35,0
cudaLaunchKernel,216,36,0
cudaLaunchKernel,272,36,0
cudaLaunchKernel,128,38,0
cudaLaunchKernel,216,37,0
cudaLaunchKernel,128,35,0
cudaLaunchKernel,216,36,0
cudaLaunchKernel,272,36,0
cudaLaunchKernel,128,36,0
cudaLaunchKernel,216,36,0
cudaLaunchKernel,164,34,0
cudaLaunchKernel,128,36,0
cudaLaunchKernel,216,36,0
cudaLaunchKernel,128,37,0
cudaLaunchKernel,216,35,0
cudaLaunchKernel,164,35,0
cudaLaunchKernel,252,37,0
cudaOccupancyMaxActiveBlocksPerMultiprocessorWithFlags,36,34,0
cudaLaunchKernel,264,36,0
cudaLaunchKernel,84,36,0
cudaLaunchKernel,128,35,0
cudaLaunchKernel,216,37,0
cudaLaunchKernel,272,36,0
cudaLaunchKernel,128,36,0
cudaLaunchKernel,216,37,0
cudaLaunchKernel,128,43,0
cudaLaunchKernel,216,36,0
cudaLaunchKernel,272,36,0
cudaLaunchKernel,128,37,0
cudaLaunchKernel,216,36,0
cudaLaunchKernel,164,36,0
cudaLaunchKernel,128,35,0
cudaLaunchKernel,216,40,0
cudaLaunchKernel,128,36,0
cudaLaunchKernel,216,36,0
cudaLaunchKernel,164,36,0
cudaLaunchKernel,252,37,0
cudaOccupancyMaxActiveBlocksPerMultiprocessorWithFlags,36,33,0
cudaLaunchKernel,264,34,0
cudaLaunchKernel,84,35,0
cudaLaunchKernel,128,35,0
cudaLaunchKernel,216,36,0
cudaLaunchKernel,272,36,0
cudaLaunchKernel,128,35,0
cudaLaunchKernel,216,36,0
cudaLaunchKernel,128,35,0
cudaLaunchKernel,216,38,0
cudaLaunchKernel,272,35,0
cudaLaunchKernel,128,36,0
cudaLaunchKernel,216,36,0
cudaLaunchKernel,164,37,0
cudaLaunchKernel,128,37,0
cudaLaunchKernel,216,37,0
cudaLaunchKernel,128,35,0
cudaLaunchKernel,216,39,0
cudaLaunchKernel,164,37,0
cudaLaunchKernel,252,37,0
cudaOccupancyMaxActiveBlocksPerMultiprocessorWithFlags,36,34,0
cudaLaunchKernel,264,36,0
cudaLaunchKernel,84,39,0
cudaLaunchKernel,128,35,0
cudaLaunchKernel,216,37,0
cudaLaunchKernel,272,35,0
cudaLaunchKernel,128,35,0
cudaLaunchKernel,216,37,0
cudaLaunchKernel,128,35,0
cudaLaunchKernel,216,36,0
cudaLaunchKernel,272,36,0
cudaLaunchKernel,128,35,0
cudaLaunchKernel,216,36,0
cudaLaunchKernel,164,36,0
cudaLaunchKernel,128,36,0
cudaLaunchKernel,216,35,0
cudaLaunchKernel,128,35,0
cudaLaunchKernel,216,36,0
cudaLaunchKernel,164,37,0
cudaLaunchKernel,252,35,0
cudaOccupancyMaxActiveBlocksPerMultiprocessorWithFlags,36,34,0
cudaLaunchKernel,264,35,0
cudaLaunchKernel,84,36,0
cudaLaunchKernel,128,37,0
cudaLaunchKernel,216,36,0
cudaLaunchKernel,272,36,0
cudaLaunchKernel,128,35,0
cudaLaunchKernel,216,36,0
cudaLaunchKernel,128,36,0
cudaLaunchKernel,216,36,0
cudaLaunchKernel,272,36,0
cudaLaunchKernel,128,36,0
cudaLaunchKernel,216,37,0
cudaLaunchKernel,164,39,0
cudaLaunchKernel,128,35,0
cudaLaunchKernel,216,36,0
cudaLaunchKernel,128,40,0
cudaLaunchKernel,216,36,0
cudaLaunchKernel,164,35,0
cudaLaunchKernel,252,35,0
cudaOccupancyMaxActiveBlocksPerMultiprocessorWithFlags,36,31,0
cudaLaunchKernel,264,36,0
cudaLaunchKernel,84,35,0
cudaLaunchKernel,128,35,0
cudaLaunchKernel,216,35,0
cudaLaunchKernel,272,34,0
cudaLaunchKernel,128,37,0
cudaLaunchKernel,216,45,0
cudaLaunchKernel,128,45,0
cudaLaunchKernel,216,48,0
cudaLaunchKernel,272,54,0
cudaLaunchKernel,128,47,0
cudaLaunchKernel,216,50,0
cudaLaunchKernel,164,41,0
cudaLaunchKernel,128,49,0
cudaLaunchKernel,216,53,0
cudaLaunchKernel,128,52,0
cudaLaunchKernel,216,50,0
cudaLaunchKernel,164,50,0
cudaLaunchKernel,252,44,0
cudaOccupancyMaxActiveBlocksPerMultiprocessorWithFlags,36,34,0
cudaLaunchKernel,264,47,0
cudaLaunchKernel,84,50,0
cudaLaunchKernel,128,45,0
cudaLaunchKernel,216,46,0
cudaLaunchKernel,272,38,0
cudaLaunchKernel,128,35,0
cudaLaunchKernel,216,41,0
cudaLaunchKernel,128,38,0
cudaLaunchKernel,216,36,0
cudaLaunchKernel,272,35,0
cudaLaunchKernel,128,37,0
cudaLaunchKernel,216,47,0
cudaLaunchKernel,164,48,0
cudaLaunchKernel,128,43,0
cudaLaunchKernel,216,51,0
cudaLaunchKernel,128,39,0
cudaLaunchKernel,216,38,0
cudaLaunchKernel,164,46,0
cudaLaunchKernel,252,47,0
cudaOccupancyMaxActiveBlocksPerMultiprocessorWithFlags,36,42,0
cudaLaunchKernel,264,40,0
cudaLaunchKernel,84,47,0
cudaLaunchKernel,128,52,0
cudaLaunchKernel,216,49,0
cudaLaunchKernel,272,37,0
cudaLaunchKernel,128,39,0
cudaLaunchKernel,216,39,0
cudaLaunchKernel,128,36,0
cudaLaunchKernel,216,36,0
cudaLaunchKernel,272,36,0
cudaLaunchKernel,128,39,0
cudaLaunchKernel,216,46,0
cudaLaunchKernel,164,39,0
cudaLaunchKernel,128,38,0
cudaLaunchKernel,216,47,0
cudaLaunchKernel,128,46,0
cudaLaunchKernel,216,48,0
cudaLaunchKernel,164,47,0
cudaLaunchKernel,252,45,0
cudaOccupancyMaxActiveBlocksPerMultiprocessorWithFlags,36,35,0
cudaLaunchKernel,264,50,0
cudaLaunchKernel,84,49,0
cudaLaunchKernel,128,44,0
cudaLaunchKernel,216,36,0
cudaLaunchKernel,272,36,0
cudaLaunchKernel,128,35,0
cudaLaunchKernel,216,36,0
cudaLaunchKernel,128,37,0
cudaLaunchKernel,216,37,0
cudaLaunchKernel,272,37,0
cudaLaunchKernel,128,36,0
cudaLaunchKernel,216,36,0
cudaLaunchKernel,164,37,0
cudaLaunchKernel,128,36,0
cudaLaunchKernel,216,38,0
cudaLaunchKernel,128,35,0
cudaLaunchKernel,216,36,0
cudaLaunchKernel,164,36,0
cudaLaunchKernel,252,36,0
cudaOccupancyMaxActiveBlocksPerMultiprocessorWithFlags,36,35,0
cudaLaunchKernel,264,36,0
cudaLaunchKernel,84,38,0
cudaLaunchKernel,128,36,0
cudaLaunchKernel,216,43,0
cudaLaunchKernel,272,36,0
cudaLaunchKernel,128,34,0
cudaLaunchKernel,216,37,0
cudaLaunchKernel,128,34,0
cudaLaunchKernel,216,38,0
cudaLaunchKernel,272,35,0
cudaLaunchKernel,128,36,0
cudaLaunchKernel,216,36,0
cudaLaunchKernel,164,35,0
cudaLaunchKernel,128,35,0
cudaLaunchKernel,216,36,0
cudaLaunchKernel,128,35,0
cudaLaunchKernel,216,34,0
cudaLaunchKernel,164,35,0
cudaLaunchKernel,252,38,0
cudaOccupancyMaxActiveBlocksPerMultiprocessorWithFlags,36,34,0
cudaLaunchKernel,264,37,0
cudaLaunchKernel,84,37,0
cudaLaunchKernel,128,36,0
cudaLaunchKernel,216,35,0
cudaLaunchKernel,272,36,0
cudaLaunchKernel,128,37,0
cudaLaunchKernel,216,37,0
cudaLaunchKernel,128,35,0
cudaLaunchKernel,216,37,0
cudaLaunchKernel,272,35,0
cudaLaunchKernel,128,38,0
cudaLaunchKernel,216,36,0
cudaLaunchKernel,164,35,0
cudaLaunchKernel,128,37,0
cudaLaunchKernel,216,35,0
cudaLaunchKernel,128,36,0
cudaLaunchKernel,216,36,0
cudaLaunchKernel,164,37,0
cudaLaunchKernel,252,37,0
cudaOccupancyMaxActiveBlocksPerMultiprocessorWithFlags,36,33,0
cudaLaunchKernel,264,38,0
cudaLaunchKernel,84,35,0
cudaLaunchKernel,128,36,0
cudaLaunchKernel,216,37,0
cudaLaunchKernel,272,36,0
cudaLaunchKernel,128,36,0
cudaLaunchKernel,216,35,0
cudaLaunchKernel,128,36,0
cudaLaunchKernel,216,36,0
cudaLaunchKernel,272,36,0
cudaLaunchKernel,128,36,0
cudaLaunchKernel,216,36,0
cudaLaunchKernel,164,36,0
cudaLaunchKernel,128,35,0
cudaLaunchKernel,216,37,0
cudaLaunchKernel,128,35,0
cudaLaunchKernel,216,36,0
cudaLaunchKernel,164,36,0
cudaLaunchKernel,252,37,0
cudaOccupancyMaxActiveBlocksPerMultiprocessorWithFlags,36,32,0
cudaLaunchKernel,264,36,0
cudaLaunchKernel,84,36,0
cudaLaunchKernel,128,34,0
cudaLaunchKernel,216,36,0
cudaLaunchKernel,272,35,0
cudaLaunchKernel,128,36,0
cudaLaunchKernel,216,38,0
cudaLaunchKernel,128,48,0
cudaLaunchKernel,216,33,0
cudaLaunchKernel,272,49,0
cudaLaunchKernel,128,39,0
cudaLaunchKernel,216,54,0
cudaLaunchKernel,164,51,0
cudaLaunchKernel,128,48,0
cudaLaunchKernel,216,45,0
cudaLaunchKernel,128,36,0
cudaLaunchKernel,216,41,0
cudaLaunchKernel,164,54,0
cudaLaunchKernel,252,49,0
cudaOccupancyMaxActiveBlocksPerMultiprocessorWithFlags,36,38,0
cudaLaunchKernel,264,37,0
cudaLaunchKernel,84,37,0
cudaLaunchKernel,128,36,0
cudaLaunchKernel,216,42,0
cudaLaunchKernel,272,35,0
cudaLaunchKernel,128,35,0
cudaLaunchKernel,216,40,0
cudaLaunchKernel,128,44,0
cudaLaunchKernel,216,51,0
cudaLaunchKernel,272,51,0
cudaLaunchKernel,128,51,0
cudaLaunchKernel,216,50,0
cudaLaunchKernel,164,49,0
cudaLaunchKernel,128,47,0
cudaLaunchKernel,216,47,0
cudaLaunchKernel,128,39,0
cudaLaunchKernel,216,43,0
cudaLaunchKernel,164,53,0
cudaLaunchKernel,252,49,0
cudaOccupancyMaxActiveBlocksPerMultiprocessorWithFlags,36,45,0
cudaLaunchKernel,264,50,0
cudaLaunchKernel,84,52,0
cudaLaunchKernel,128,42,0
cudaLaunchKernel,216,46,0
cudaLaunchKernel,272,38,0
cudaLaunchKernel,128,41,0
cudaLaunchKernel,216,45,0
cudaLaunchKernel,128,50,0
cudaLaunchKernel,216,50,0
cudaLaunchKernel,272,49,0
cudaLaunchKernel,128,49,0
cudaLaunchKernel,216,50,0
cudaLaunchKernel,164,42,0
cudaLaunchKernel,128,36,0
cudaLaunchKernel,216,45,0
cudaLaunchKernel,128,55,0
cudaLaunchKernel,216,49,0
cudaLaunchKernel,164,50,0
cudaLaunchKernel,252,50,0
cudaOccupancyMaxActiveBlocksPerMultiprocessorWithFlags,36,46,0
cudaLaunchKernel,264,50,0
cudaLaunchKernel,84,43,0
cudaLaunchKernel,128,49,0
cudaLaunchKernel,216,52,0
cudaLaunchKernel,272,56,0
cudaLaunchKernel,128,48,0
cudaLaunchKernel,216,54,0
cudaLaunchKernel,128,49,0
cudaLaunchKernel,216,48,0
cudaLaunchKernel,272,47,0
cudaLaunchKernel,128,44,0
cudaLaunchKernel,216,44,0
cudaLaunchKernel,164,47,0
cudaLaunchKernel,128,45,0
cudaLaunchKernel,216,49,0
cudaLaunchKernel,128,44,0
cudaLaunchKernel,216,53,0
cudaLaunchKernel,164,49,0
cudaLaunchKernel,252,54,0
cudaOccupancyMaxActiveBlocksPerMultiprocessorWithFlags,36,47,0
cudaLaunchKernel,264,49,0
cudaLaunchKernel,84,47,0
cudaLaunchKernel,128,51,0
cudaLaunchKernel,216,44,0
cudaLaunchKernel,272,41,0
cudaLaunchKernel,128,41,0
cudaLaunchKernel,216,39,0
cudaLaunchKernel,128,37,0
cudaLaunchKernel,216,38,0
cudaLaunchKernel,272,34,0
cudaLaunchKernel,128,37,0
cudaLaunchKernel,216,60,0
cudaLaunchKernel,164,39,0
cudaLaunchKernel,128,38,0
cudaLaunchKernel,216,39,0
cudaLaunchKernel,128,40,0
cudaLaunchKernel,216,42,0
cudaLaunchKernel,164,51,0
cudaLaunchKernel,252,43,0
cudaOccupancyMaxActiveBlocksPerMultiprocessorWithFlags,36,44,0
cudaLaunchKernel,264,49,0
cudaLaunchKernel,84,45,0
cudaLaunchKernel,128,50,0
cudaLaunchKernel,216,44,0
cudaLaunchKernel,184,38,0
cudaLaunchKernel,184,46,0
cudaLaunchKernel,208,44,0
cudaLaunchKernel,272,48,0
cudaLaunchKernel,128,47,0
cudaLaunchKernel,216,48,0
cudaLaunchKernel,128,48,0
cudaLaunchKernel,216,44,0
cudaLaunchKernel,272,38,0
cudaLaunchKernel,128,45,0
cudaLaunchKernel,216,39,0
cudaMemcpyAsync,37,124,0
cudaStreamSynchronize,8,29,0
cudaStreamSynchronize,8,22,0
cudaStreamSynchronize,8,38,0
cudaMemcpyAsync,8228,42,0
cudaStreamSynchronize,8,37,0
cudaStreamSynchronize,8,37,0
cudaMemcpyAsync,40,35,0
cudaStreamSynchronize,8,37,0
cudaStreamSynchronize,8,37,0
cudaMemcpyAsync,44,36,0
cudaStreamSynchronize,8,49,0
cudaStreamSynchronize,8,46,0
cudaMemcpyAsync,44,47,0
cudaStreamSynchronize,8,49,0
cudaStreamSynchronize,8,48,0
cudaMemcpyAsync,548,47,0
cudaStreamSynchronize,8,48,0
cudaStreamSynchronize,8,47,0
cudaMemcpyAsync,40,46,0
cudaStreamSynchronize,8,49,0
cudaLaunchKernel,272,51,0
cudaLaunchKernel,128,46,0
cudaLaunchKernel,216,41,0
cudaLaunchKernel,164,47,0
cudaLaunchKernel,128,49,0
cudaLaunchKernel,216,50,0
cudaLaunchKernel,128,50,0
cudaLaunchKernel,216,49,0
cudaLaunchKernel,164,53,0
cudaLaunchKernel,252,51,0
cudaOccupancyMaxActiveBlocksPerMultiprocessorWithFlags,36,45,0
cudaLaunchKernel,264,55,0
cudaLaunchKernel,84,43,0
cudaLaunchKernel,128,46,0
cudaLaunchKernel,216,49,0
cudaLaunchKernel,272,51,0
cudaLaunchKernel,128,51,0
cudaLaunchKernel,216,42,0
cudaLaunchKernel,128,45,0
cudaLaunchKernel,216,37,0
cudaLaunchKernel,272,38,0
cudaLaunchKernel,128,44,0
cudaLaunchKernel,216,53,0
cudaLaunchKernel,164,50,0
cudaLaunchKernel,128,47,0
cudaLaunchKernel,216,56,0
cudaLaunchKernel,128,40,0
cudaLaunchKernel,216,38,0
cudaLaunchKernel,164,37,0
cudaLaunchKernel,252,39,0
cudaOccupancyMaxActiveBlocksPerMultiprocessorWithFlags,36,35,0
cudaLaunchKernel,264,37,0
cudaLaunchKernel,84,36,0
cudaLaunchKernel,128,34,0
cudaLaunchKernel,216,36,0
cudaLaunchKernel,272,38,0
cudaLaunchKernel,128,33,0
cudaLaunchKernel,216,36,0
cudaLaunchKernel,128,37,0
cudaLaunchKernel,216,35,0
cudaLaunchKernel,272,37,0
cudaLaunchKernel,128,42,0
cudaLaunchKernel,216,37,0
cudaLaunchKernel,164,35,0
cudaLaunchKernel,128,37,0
cudaLaunchKernel,216,37,0
cudaLaunchKernel,128,36,0
cudaLaunchKernel,216,36,0
cudaLaunchKernel,164,36,0
cudaLaunchKernel,252,37,0
cudaOccupancyMaxActiveBlocksPerMultiprocessorWithFlags,36,36,0
cudaLaunchKernel,264,41,0
cudaLaunchKernel,84,47,0
cudaLaunchKernel,128,46,0
cudaLaunchKernel,216,39,0
cudaLaunchKernel,272,38,0
cudaLaunchKernel,128,37,0
cudaLaunchKernel,216,36,0
cudaLaunchKernel,128,36,0
cudaLaunchKernel,216,36,0
cudaLaunchKernel,272,41,0
cudaLaunchKernel,128,41,0
cudaLaunchKernel,216,44,0
cudaLaunchKernel,164,39,0
cudaLaunchKernel,128,38,0
cudaLaunchKernel,216,36,0
cudaLaunchKernel,128,35,0
cudaLaunchKernel,216,35,0
cudaLaunchKernel,164,36,0
cudaLaunchKernel,252,37,0
cudaOccupancyMaxActiveBlocksPerMultiprocessorWithFlags,36,48,0
cudaLaunchKernel,264,54,0
cudaLaunchKernel,84,51,0
cudaLaunchKernel,128,50,0
cudaLaunchKernel,216,51,0
cudaLaunchKernel,272,50,0
cudaLaunchKernel,128,49,0
cudaLaunchKernel,216,54,0
cudaLaunchKernel,128,48,0
cudaLaunchKernel,216,56,0
cudaLaunchKernel,272,50,0
cudaLaunchKernel,128,39,0
cudaLaunchKernel,216,52,0
cudaLaunchKernel,164,47,0
cudaLaunchKernel,128,47,0
cudaLaunchKernel,216,45,0
cudaLaunchKernel,128,44,0
cudaLaunchKernel,216,36,0
cudaLaunchKernel,164,50,0
cudaLaunchKernel,252,54,0
cudaOccupancyMaxActiveBlocksPerMultiprocessorWithFlags,36,46,0
cudaLaunchKernel,264,51,0
cudaLaunchKernel,84,52,0
cudaLaunchKernel,128,50,0
cudaLaunchKernel,216,49,0
cudaLaunchKernel,272,49,0
cudaLaunchKernel,128,47,0
cudaLaunchKernel,216,45,0
cudaLaunchKernel,128,49,0
cudaLaunchKernel,216,57,0
cudaLaunchKernel,272,47,0
cudaLaunchKernel,128,53,0
cudaLaunchKernel,216,52,0
cudaLaunchKernel,164,51,0
cudaLaunchKernel,128,45,0
cudaLaunchKernel,216,37,0
cudaLaunchKernel,128,46,0
cudaLaunchKernel,216,43,0
cudaLaunchKernel,164,42,0
cudaLaunchKernel,252,41,0
cudaOccupancyMaxActiveBlocksPerMultiprocessorWithFlags,36,42,0
cudaLaunchKernel,264,47,0
cudaLaunchKernel,84,47,0
cudaLaunchKernel,128,46,0
cudaLaunchKernel,216,47,0
cudaLaunchKernel,272,43,0
cudaLaunchKernel,128,47,0
cudaLaunchKernel,216,47,0
cudaLaunchKernel,128,55,0
cudaLaunchKernel,216,52,0
cudaLaunchKernel,272,49,0
cudaLaunchKernel,128,51,0
cudaLaunchKernel,216,54,0
cudaLaunchKernel,164,50,0
cudaLaunchKernel,128,51,0
cudaLaunchKernel,216,49,0
cudaLaunchKernel,128,47,0
cudaLaunchKernel,216,41,0
cudaLaunchKernel,164,52,0
cudaLaunchKernel,252,48,0
cudaOccupancyMaxActiveBlocksPerMultiprocessorWithFlags,36,45,0
cudaLaunchKernel,264,42,0
cudaLaunchKernel,84,38,0
cudaLaunchKernel,128,38,0
cudaLaunchKernel,216,38,0
cudaLaunchKernel,272,38,0
cudaLaunchKernel,128,36,0
cudaLaunchKernel,216,40,0
cudaLaunchKernel,128,40,0
cudaLaunchKernel,216,43,0
cudaLaunchKernel,272,53,0
cudaLaunchKernel,128,49,0
cudaLaunchKernel,216,41,0
cudaLaunchKernel,164,38,0
cudaLaunchKernel,128,45,0
cudaLaunchKernel,216,49,0
cudaLaunchKernel,128,48,0
cudaLaunchKernel,216,50,0
cudaLaunchKernel,164,52,0
cudaLaunchKernel,252,51,0
cudaOccupancyMaxActiveBlocksPerMultiprocessorWithFlags,36,48,0
cudaLaunchKernel,264,51,0
cudaLaunchKernel,84,50,0
cudaLaunchKernel,128,50,0
cudaLaunchKernel,216,47,0
cudaLaunchKernel,272,53,0
cudaLaunchKernel,128,46,0
cudaLaunchKernel,216,43,0
cudaLaunchKernel,128,43,0
cudaLaunchKernel,216,40,0
cudaLaunchKernel,272,38,0
cudaLaunchKernel,128,39,0
cudaLaunchKernel,216,38,0
cudaLaunchKernel,164,38,0
cudaLaunchKernel,128,34,0
cudaLaunchKernel,216,44,0
cudaLaunchKernel,128,52,0
cudaLaunchKernel,216,51,0
cudaLaunchKernel,164,53,0
cudaLaunchKernel,252,51,0
cudaOccupancyMaxActiveBlocksPerMultiprocessorWithFlags,36,48,0
cudaLaunchKernel,264,52,0
cudaLaunchKernel,84,50,0
cudaLaunchKernel,128,53,0
cudaLaunchKernel,216,46,0
cudaLaunchKernel,272,39,0
cudaLaunchKernel,128,46,0
cudaLaunchKernel,216,56,0
cudaLaunchKernel,128,51,0
cudaLaunchKernel,216,48,0
cudaLaunchKernel,272,40,0
cudaLaunchKernel,128,44,0
cudaLaunchKernel,216,46,0
cudaLaunchKernel,164,46,0
cudaLaunchKernel,128,47,0
cudaLaunchKernel,216,50,0
cudaLaunchKernel,128,41,0
cudaLaunchKernel,216,47,0
cudaLaunchKernel,164,52,0
cudaLaunchKernel,252,52,0
cudaOccupancyMaxActiveBlocksPerMultiprocessorWithFlags,36,47,0
cudaLaunchKernel,264,51,0
cudaLaunchKernel,84,51,0
cudaLaunchKernel,128,44,0
cudaLaunchKernel,216,38,0
cudaLaunchKernel,272,45,0
cudaLaunchKernel,128,41,0
cudaLaunchKernel,216,46,0
cudaLaunchKernel,128,53,0
cudaLaunchKernel,216,51,0
cudaLaunchKernel,272,50,0
cudaLaunchKernel,128,38,0
cudaLaunchKernel,216,36,0
cudaLaunchKernel,164,38,0
cudaLaunchKernel,128,38,0
cudaLaunchKernel,216,45,0
cudaLaunchKernel,128,42,0
cudaLaunchKernel,216,53,0
cudaLaunchKernel,164,50,0
cudaLaunchKernel,252,49,0
cudaOccupancyMaxActiveBlocksPerMultiprocessorWithFlags,36,36,0
cudaLaunchKernel,264,50,0
cudaLaunchKernel,84,50,0
cudaLaunchKernel,128,45,0
cudaLaunchKernel,216,41,0
cudaLaunchKernel,272,44,0
cudaLaunchKernel,128,44,0
cudaLaunchKernel,216,53,0
cudaLaunchKernel,128,51,0
cudaLaunchKernel,216,53,0
cudaLaunchKernel,272,48,0
cudaLaunchKernel,128,46,0
cudaLaunchKernel,216,54,0
cudaLaunchKernel,164,47,0
cudaLaunchKernel,128,44,0
cudaLaunchKernel,216,42,0
cudaLaunchKernel,128,48,0
cudaLaunchKernel,216,51,0
cudaLaunchKernel,164,50,0
cudaLaunchKernel,252,49,0
cudaOccupancyMaxActiveBlocksPerMultiprocessorWithFlags,36,40,0
cudaLaunchKernel,264,45,0
cudaLaunchKernel,84,46,0
cudaLaunchKernel,128,37,0
cudaLaunchKernel,216,45,0
cudaLaunchKernel,272,54,0
cudaLaunchKernel,128,52,0
cudaLaunchKernel,216,52,0
cudaLaunchKernel,128,51,0
cudaLaunchKernel,216,49,0
cudaLaunchKernel,272,44,0
cudaLaunchKernel,128,37,0
cudaLaunchKernel,216,46,0
cudaLaunchKernel,164,52,0
cudaLaunchKernel,128,50,0
cudaLaunchKernel,216,48,0
cudaLaunchKernel,128,39,0
cudaLaunchKernel,216,39,0
cudaLaunchKernel,164,36,0
cudaLaunchKernel,252,36,0
cudaOccupancyMaxActiveBlocksPerMultiprocessorWithFlags,36,35,0
cudaLaunchKernel,264,37,0
cudaLaunchKernel,84,40,0
cudaLaunchKernel,128,35,0
cudaLaunchKernel,216,38,0
cudaLaunchKernel,272,35,0
cudaLaunchKernel,128,35,0
cudaLaunchKernel,216,36,0
cudaLaunchKernel,128,42,0
cudaLaunchKernel,216,47,0
cudaLaunchKernel,272,51,0
cudaLaunchKernel,128,47,0
cudaLaunchKernel,216,47,0
cudaLaunchKernel,164,55,0
cudaLaunchKernel,128,45,0
cudaLaunchKernel,216,42,0
cudaLaunchKernel,128,39,0
cudaLaunchKernel,216,35,0
cudaLaunchKernel,164,38,0
cudaLaunchKernel,252,34,0
cudaOccupancyMaxActiveBlocksPerMultiprocessorWithFlags,36,34,0
cudaLaunchKernel,264,37,0
cudaLaunchKernel,84,39,0
cudaLaunchKernel,128,37,0
cudaLaunchKernel,216,40,0
cudaLaunchKernel,272,38,0
cudaLaunchKernel,128,36,0
cudaLaunchKernel,216,36,0
cudaLaunchKernel,128,37,0
cudaLaunchKernel,216,35,0
cudaLaunchKernel,272,36,0
cudaLaunchKernel,128,38,0
cudaLaunchKernel,216,44,0
cudaLaunchKernel,164,40,0
cudaLaunchKernel,128,49,0
cudaLaunchKernel,216,52,0
cudaLaunchKernel,128,50,0
cudaLaunchKernel,216,51,0
cudaLaunchKernel,164,48,0
cudaLaunchKernel,252,50,0
cudaOccupancyMaxActiveBlocksPerMultiprocessorWithFlags,36,49,0
cudaLaunchKernel,264,52,0
cudaLaunchKernel,84,51,0
cudaLaunchKernel,128,50,0
cudaLaunchKernel,216,50,0
cudaLaunchKernel,272,51,0
cudaLaunchKernel,128,49,0
cudaLaunchKernel,216,51,0
cudaLaunchKernel,128,48,0
cudaLaunchKernel,216,52,0
cudaLaunchKernel,272,51,0
cudaLaunchKernel,128,46,0
cudaLaunchKernel,216,43,0
cudaLaunchKernel,164,36,0
cudaLaunchKernel,128,37,0
cudaLaunchKernel,216,32,0
cudaLaunchKernel,128,35,0
cudaLaunchKernel,216,43,0
cudaLaunchKernel,164,37,0
cudaLaunchKernel,252,38,0
cudaOccupancyMaxActiveBlocksPerMultiprocessorWithFlags,36,37,0
cudaLaunchKernel,264,38,0
cudaLaunchKernel,84,39,0
cudaLaunchKernel,128,36,0
cudaLaunchKernel,216,37,0
cudaLaunchKernel,272,36,0
cudaLaunchKernel,128,34,0
cudaLaunchKernel,216,36,0
cudaLaunchKernel,128,35,0
cudaLaunchKernel,216,36,0
cudaLaunchKernel,272,37,0
cudaLaunchKernel,128,34,0
cudaLaunchKernel,216,36,0
cudaLaunchKernel,164,38,0
cudaLaunchKernel,128,35,0
cudaLaunchKernel,216,35,0
cudaLaunchKernel,128,36,0
cudaLaunchKernel,216,36,0
cudaLaunchKernel,164,36,0
cudaLaunchKernel,252,35,0
cudaOccupancyMaxActiveBlocksPerMultiprocessorWithFlags,36,35,0
cudaLaunchKernel,264,40,0
cudaLaunchKernel,84,37,0
cudaLaunchKernel,128,36,0
cudaLaunchKernel,216,35,0
cudaLaunchKernel,272,35,0
cudaLaunchKernel,128,36,0
cudaLaunchKernel,216,36,0
cudaLaunchKernel,128,37,0
cudaLaunchKernel,216,38,0
cudaLaunchKernel,272,37,0
cudaLaunchKernel,128,37,0
cudaLaunchKernel,216,36,0
cudaLaunchKernel,164,35,0
cudaLaunchKernel,128,35,0
cudaLaunchKernel,216,35,0
cudaLaunchKernel,128,35,0
cudaLaunchKernel,216,36,0
cudaLaunchKernel,164,36,0
cudaLaunchKernel,252,37,0
cudaOccupancyMaxActiveBlocksPerMultiprocessorWithFlags,36,34,0
cudaLaunchKernel,264,36,0
cudaLaunchKernel,84,35,0
cudaLaunchKernel,128,35,0
cudaLaunchKernel,216,35,0
cudaLaunchKernel,272,37,0
cudaLaunchKernel,128,35,0
cudaLaunchKernel,216,36,0
cudaLaunchKernel,128,36,0
cudaLaunchKernel,216,37,0
cudaLaunchKernel,272,37,0
cudaLaunchKernel,128,37,0
cudaLaunchKernel,216,54,0
cudaLaunchKernel,164,49,0
cudaLaunchKernel,128,49,0
cudaLaunchKernel,216,50,0
cudaLaunchKernel,128,51,0
cudaLaunchKernel,216,45,0
cudaLaunchKernel,164,39,0
cudaLaunchKernel,252,47,0
cudaOccupancyMaxActiveBlocksPerMultiprocessorWithFlags,36,48,0
cudaLaunchKernel,264,49,0
cudaLaunchKernel,84,51,0
cudaLaunchKernel,128,38,0
cudaLaunchKernel,216,40,0
cudaLaunchKernel,272,37,0
cudaLaunchKernel,128,36,0
cudaLaunchKernel,216,37,0
cudaLaunchKernel,128,39,0
cudaLaunchKernel,216,38,0
cudaLaunchKernel,272,35,0
cudaLaunchKernel,128,45,0
cudaLaunchKernel,216,51,0
cudaLaunchKernel,164,50,0
cudaLaunchKernel,128,49,0
cudaLaunchKernel,216,57,0
cudaLaunchKernel,128,53,0
cudaLaunchKernel,216,50,0
cudaLaunchKernel,164,47,0
cudaLaunchKernel,252,46,0
cudaOccupancyMaxActiveBlocksPerMultiprocessorWithFlags,36,46,0
cudaLaunchKernel,264,52,0
cudaLaunchKernel,84,51,0
cudaLaunchKernel,128,49,0
cudaLaunchKernel,216,49,0
cudaLaunchKernel,272,46,0
cudaLaunchKernel,128,36,0
cudaLaunchKernel,216,41,0
cudaLaunchKernel,128,54,0
cudaLaunchKernel,216,51,0
cudaLaunchKernel,272,50,0
cudaLaunchKernel,128,49,0
cudaLaunchKernel,216,48,0
cudaLaunchKernel,164,49,0
cudaLaunchKernel,128,44,0
cudaLaunchKernel,216,37,0
cudaLaunchKernel,128,35,0
cudaLaunchKernel,216,48,0
cudaLaunchKernel,164,51,0
cudaLaunchKernel,252,51,0
cudaOccupancyMaxActiveBlocksPerMultiprocessorWithFlags,36,47,0
cudaLaunchKernel,264,51,0
cudaLaunchKernel,84,52,0
cudaLaunchKernel,128,51,0
cudaLaunchKernel,216,52,0
cudaLaunchKernel,272,46,0
cudaLaunchKernel,128,38,0
cudaLaunchKernel,216,48,0
cudaLaunchKernel,128,48,0
cudaLaunchKernel,216,42,0
cudaLaunchKernel,272,51,0
cudaLaunchKernel,128,39,0
cudaLaunchKernel,216,38,0
cudaLaunchKernel,164,35,0
cudaLaunchKernel,128,37,0
cudaLaunchKernel,216,39,0
cudaLaunchKernel,128,39,0
cudaLaunchKernel,216,46,0
cudaLaunchKernel,164,43,0
cudaLaunchKernel,252,46,0
cudaOccupancyMaxActiveBlocksPerMultiprocessorWithFlags,36,48,0
cudaLaunchKernel,264,40,0
cudaLaunchKernel,84,37,0
cudaLaunchKernel,128,43,0
cudaLaunchKernel,216,37,0
cudaLaunchKernel,184,36,0
cudaLaunchKernel,184,48,0
cudaLaunchKernel,208,52,0
cudaLaunchKernel,272,45,0
cudaLaunchKernel,128,45,0
cudaLaunchKernel,216,50,0
cudaLaunchKernel,128,50,0
cudaLaunchKernel,216,51,0
cudaLaunchKernel,272,45,0
cudaLaunchKernel,128,45,0
cudaLaunchKernel,216,47,0
cudaMemcpyAsync,37,130,0
cudaStreamSynchronize,8,41,0
cudaStreamSynchronize,8,21,0
cudaStreamSynchronize,8,37,0
cudaMemcpyAsync,8228,41,0
cudaStreamSynchronize,8,37,0
cudaStreamSynchronize,8,36,0
cudaMemcpyAsync,40,36,0
cudaStreamSynchronize,8,43,0
cudaStreamSynchronize,8,37,0
cudaMemcpyAsync,44,35,0
cudaStreamSynchronize,8,37,0
cudaStreamSynchronize,8,39,0
cudaMemcpyAsync,44,34,0
cudaStreamSynchronize,8,37,0
cudaStreamSynchronize,8,36,0
cudaMemcpyAsync,548,34,0
cudaStreamSynchronize,8,36,0
cudaStreamSynchronize,8,37,0
cudaMemcpyAsync,40,34,0
cudaStreamSynchronize,8,37,0
cudaLaunchKernel,272,41,0
cudaLaunchKernel,128,34,0
cudaLaunchKernel,216,36,0
cudaLaunchKernel,164,38,0
cudaLaunchKernel,128,36,0
cudaLaunchKernel,216,38,0
cudaLaunchKernel,128,35,0
cudaLaunchKernel,216,36,0
cudaLaunchKernel,164,35,0
cudaLaunchKernel,252,39,0
cudaOccupancyMaxActiveBlocksPerMultiprocessorWithFlags,36,34,0
cudaLaunchKernel,264,36,0
cudaLaunchKernel,84,37,0
cudaLaunchKernel,128,37,0
cudaLaunchKernel,216,45,0
cudaLaunchKernel,272,54,0
cudaLaunchKernel,128,49,0
cudaLaunchKernel,216,47,0
cudaLaunchKernel,128,47,0
cudaLaunchKernel,216,48,0
cudaLaunchKernel,272,53,0
cudaLaunchKernel,128,48,0
cudaLaunchKernel,216,49,0
cudaLaunchKernel,164,50,0
cudaLaunchKernel,128,49,0
cudaLaunchKernel,216,51,0
cudaLaunchKernel,128,46,0
cudaLaunchKernel,216,38,0
cudaLaunchKernel,164,37,0
cudaLaunchKernel,252,36,0
cudaOccupancyMaxActiveBlocksPerMultiprocessorWithFlags,36,36,0
cudaLaunchKernel,264,37,0
cudaLaunchKernel,84,39,0
cudaLaunchKernel,128,39,0
cudaLaunchKernel,216,40,0
cudaLaunchKernel,272,45,0
cudaLaunchKernel,128,41,0
cudaLaunchKernel,216,41,0
cudaLaunchKernel,128,35,0
cudaLaunchKernel,216,37,0
cudaLaunchKernel,272,35,0
cudaLaunchKernel,128,35,0
cudaLaunchKernel,216,40,0
cudaLaunchKernel,164,51,0
cudaLaunchKernel,128,49,0
cudaLaunchKernel,216,48,0
cudaLaunchKernel,128,37,0
cudaLaunchKernel,216,37,0
cudaLaunchKernel,164,36,0
cudaLaunchKernel,252,40,0
cudaOccupancyMaxActiveBlocksPerMultiprocessorWithFlags,36,35,0
cudaLaunchKernel,264,48,0
cudaLaunchKernel,84,49,0
cudaLaunchKernel,128,46,0
cudaLaunchKernel,216,49,0
cudaLaunchKernel,272,40,0
cudaLaunchKernel,128,52,0
cudaLaunchKernel,216,50,0
cudaLaunchKernel,128,50,0
cudaLaunchKernel,216,49,0
cudaLaunchKernel,272,54,0
cudaLaunchKernel,128,45,0
cudaLaunchKernel,216,51,0
cudaLaunchKernel,164,58,0
cudaLaunchKernel,128,49,0
cudaLaunchKernel,216,51,0
cudaLaunchKernel,128,51,0
cudaLaunchKernel,216,47,0
cudaLaunchKernel,164,48,0
cudaLaunchKernel,252,48,0
cudaOccupancyMaxActiveBlocksPerMultiprocessorWithFlags,36,49,0
cudaLaunchKernel,264,54,0
cudaLaunchKernel,84,54,0
cudaLaunchKernel,128,50,0
cudaLaunchKernel,216,50,0
cudaLaunchKernel,272,51,0
cudaLaunchKernel,128,50,0
cudaLaunchKernel,216,51,0
cudaLaunchKernel,128,46,0
cudaLaunchKernel,216,38,0
cudaLaunchKernel,272,36,0
cudaLaunchKernel,128,39,0
cudaLaunchKernel,216,52,0
cudaLaunchKernel,164,48,0
cudaLaunchKernel,128,39,0
cudaLaunchKernel,216,53,0
cudaLaunchKernel,128,50,0
cudaLaunchKernel,216,50,0
cudaLaunchKernel,164,44,0
cudaLaunchKernel,252,38,0
cudaOccupancyMaxActiveBlocksPerMultiprocessorWithFlags,36,35,0
cudaLaunchKernel,264,50,0
cudaLaunchKernel,84,53,0
cudaLaunchKernel,128,41,0
cudaLaunchKernel,216,39,0
cudaLaunchKernel,272,45,0
cudaLaunchKernel,128,47,0
cudaLaunchKernel,216,48,0
cudaLaunchKernel,128,46,0
cudaLaunchKernel,216,47,0
cudaLaunchKernel,272,44,0
cudaLaunchKernel,128,47,0
cudaLaunchKernel,216,48,0
cudaLaunchKernel,164,39,0
cudaLaunchKernel,128,48,0
cudaLaunchKernel,216,48,0
cudaLaunchKernel,128,44,0
cudaLaunchKernel,216,37,0
cudaLaunchKernel,164,37,0
cudaLaunchKernel,252,39,0
cudaOccupancyMaxActiveBlocksPerMultiprocessorWithFlags,36,42,0
cudaLaunchKernel,264,53,0
cudaLaunchKernel,84,53,0
cudaLaunchKernel,128,48,0
cudaLaunchKernel,216,52,0
cudaLaunchKernel,272,49,0
cudaLaunchKernel,128,50,0
cudaLaunchKernel,216,46,0
cudaLaunchKernel,128,42,0
cudaLaunchKernel,216,40,0
cudaLaunchKernel,272,43,0
cudaLaunchKernel,128,43,0
cudaLaunchKernel,216,53,0
cudaLaunchKernel,164,50,0
cudaLaunchKernel,128,52,0
cudaLaunchKernel,216,49,0
cudaLaunchKernel,128,50,0
cudaLaunchKernel,216,47,0
cudaLaunchKernel,164,44,0
cudaLaunchKernel,252,41,0
cudaOccupancyMaxActiveBlocksPerMultiprocessorWithFlags,36,46,0
cudaLaunchKernel,264,54,0
cudaLaunchKernel,84,46,0
cudaLaunchKernel,128,51,0
cudaLaunchKernel,216,48,0
cudaLaunchKernel,272,56,0
cudaLaunchKernel,128,51,0
cudaLaunchKernel,216,47,0
cudaLaunchKernel,128,47,0
cudaLaunchKernel,216,48,0
cudaLaunchKernel,272,45,0
cudaLaunchKernel,128,44,0
cudaLaunchKernel,216,43,0
cudaLaunchKernel,164,52,0
cudaLaunchKernel,128,38,0
cudaLaunchKernel,216,39,0
cudaLaunchKernel,128,43,0
cudaLaunchKernel,216,40,0
cudaLaunchKernel,164,37,0
cudaLaunchKernel,252,49,0
cudaOccupancyMaxActiveBlocksPerMultiprocessorWithFlags,36,38,0
cudaLaunchKernel,264,52,0
cudaLaunchKernel,84,46,0
cudaLaunchKernel,128,39,0
cudaLaunchKernel,216,54,0
cudaLaunchKernel,272,51,0
cudaLaunchKernel,128,52,0
cudaLaunchKernel,216,47,0
cudaLaunchKernel,128,54,0
cudaLaunchKernel,216,56,0
cudaLaunchKernel,272,48,0
cudaLaunchKernel,128,50,0
cudaLaunchKernel,216,42,0
cudaLaunchKernel,164,48,0
cudaLaunchKernel,128,47,0
cudaLaunchKernel,216,45,0
cudaLaunchKernel,128,37,0
cudaLaunchKernel,216,45,0
cudaLaunchKernel,164,49,0
cudaLaunchKernel,252,52,0
cudaOccupancyMaxActiveBlocksPerMultiprocessorWithFlags,36,48,0
cudaLaunchKernel,264,51,0
cudaLaunchKernel,84,51,0
cudaLaunchKernel,128,49,0
cudaLaunchKernel,216,50,0
cudaLaunchKernel,272,48,0
cudaLaunchKernel,128,45,0
cudaLaunchKernel,216,40,0
cudaLaunchKernel,128,47,0
cudaLaunchKernel,216,51,0
cudaLaunchKernel,272,49,0
cudaLaunchKernel,128,50,0
cudaLaunchKernel,216,50,0
cudaLaunchKernel,164,52,0
cudaLaunchKernel,128,48,0
cudaLaunchKernel,216,45,0
cudaLaunchKernel,128,45,0
cudaLaunchKernel,216,56,0
cudaLaunchKernel,164,52,0
cudaLaunchKernel,252,48,0
cudaOccupancyMaxActiveBlocksPerMultiprocessorWithFlags,36,40,0
cudaLaunchKernel,264,51,0
cudaLaunchKernel,84,53,0
cudaLaunchKernel,128,48,0
cudaLaunchKernel,216,44,0
cudaLaunchKernel,272,39,0
cudaLaunchKernel,128,44,0
cudaLaunchKernel,216,54,0
cudaLaunchKernel,128,61,0
cudaLaunchKernel,216,52,0
cudaLaunchKernel,272,52,0
cudaLaunchKernel,128,50,0
cudaLaunchKernel,216,51,0
cudaLaunchKernel,164,50,0
cudaLaunchKernel,128,49,0
cudaLaunchKernel,216,51,0
cudaLaunchKernel,128,47,0
cudaLaunchKernel,216,50,0
cudaLaunchKernel,164,39,0
cudaLaunchKernel,252,46,0
cudaOccupancyMaxActiveBlocksPerMultiprocessorWithFlags,36,45,0
cudaLaunchKernel,264,49,0
cudaLaunchKernel,84,44,0
cudaLaunchKernel,128,37,0
cudaLaunchKernel,216,38,0
cudaLaunchKernel,272,35,0
cudaLaunchKernel,128,39,0
cudaLaunchKernel,216,52,0
cudaLaunchKernel,128,50,0
cudaLaunchKernel,216,51,0
cudaLaunchKernel,272,50,0
cudaLaunchKernel,128,49,0
cudaLaunchKernel,216,49,0
cudaLaunchKernel,164,49,0
cudaLaunchKernel,128,44,0
cudaLaunchKernel,216,39,0
cudaLaunchKernel,128,42,0
cudaLaunchKernel,216,50,0
cudaLaunchKernel,164,40,0
cudaLaunchKernel,252,46,0
cudaOccupancyMaxActiveBlocksPerMultiprocessorWithFlags,36,43,0
cudaLaunchKernel,264,52,0
cudaLaunchKernel,84,45,0
cudaLaunchKernel,128,36,0
cudaLaunchKernel,216,36,0
cudaLaunchKernel,272,50,0
cudaLaunchKernel,128,53,0
cudaLaunchKernel,216,51,0
cudaLaunchKernel,128,47,0
cudaLaunchKernel,216,38,0
cudaLaunchKernel,272,36,0
cudaLaunchKernel,128,44,0
cudaLaunchKernel,216,46,0
cudaLaunchKernel,164,46,0
cudaLaunchKernel,128,35,0
cudaLaunchKernel,216,42,0
cudaLaunchKernel,128,51,0
cudaLaunchKernel,216,50,0
cudaLaunchKernel,164,50,0
cudaLaunchKernel,252,49,0
cudaOccupancyMaxActiveBlocksPerMultiprocessorWithFlags,36,46,0
cudaLaunchKernel,264,50,0
cudaLaunchKernel,84,52,0
cudaLaunchKernel,128,47,0
cudaLaunchKernel,216,49,0
cudaLaunchKernel,272,48,0
cudaLaunchKernel,128,36,0
cudaLaunchKernel,216,42,0
cudaLaunchKernel,128,36,0
cudaLaunchKernel,216,36,0
cudaLaunchKernel,272,34,0
cudaLaunchKernel,128,35,0
cudaLaunchKernel,216,38,0
cudaLaunchKernel,164,37,0
cudaLaunchKernel,128,40,0
cudaLaunchKernel,216,35,0
cudaLaunchKernel,128,36,0
cudaLaunchKernel,216,37,0
cudaLaunchKernel,164,43,0
cudaLaunchKernel,252,37,0
cudaOccupancyMaxActiveBlocksPerMultiprocessorWithFlags,36,35,0
cudaLaunchKernel,264,37,0
cudaLaunchKernel,84,37,0
cudaLaunchKernel,128,35,0
cudaLaunchKernel,216,38,0
cudaLaunchKernel,272,35,0
cudaLaunchKernel,128,35,0
cudaLaunchKernel,216,37,0
cudaLaunchKernel,128,37,0
cudaLaunchKernel,216,37,0
cudaLaunchKernel,272,33,0
cudaLaunchKernel,128,35,0
cudaLaunchKernel,216,35,0
cudaLaunchKernel,164,38,0
cudaLaunchKernel,128,37,0
cudaLaunchKernel,216,37,0
cudaLaunchKernel,128,35,0
cudaLaunchKernel,216,36,0
cudaLaunchKernel,164,37,0
cudaLaunchKernel,252,36,0
cudaOccupancyMaxActiveBlocksPerMultiprocessorWithFlags,36,33,0
cudaLaunchKernel,264,37,0
cudaLaunchKernel,84,36,0
cudaLaunchKernel,128,40,0
cudaLaunchKernel,216,37,0
cudaLaunchKernel,272,37,0
cudaLaunchKernel,128,35,0
cudaLaunchKernel,216,38,0
cudaLaunchKernel,128,36,0
cudaLaunchKernel,216,37,0
cudaLaunchKernel,272,37,0
cudaLaunchKernel,128,35,0
cudaLaunchKernel,216,37,0
cudaLaunchKernel,164,38,0
cudaLaunchKernel,128,35,0
cudaLaunchKernel,216,36,0
cudaLaunchKernel,128,35,0
cudaLaunchKernel,216,36,0
cudaLaunchKernel,164,36,0
cudaLaunchKernel,252,35,0
cudaOccupancyMaxActiveBlocksPerMultiprocessorWithFlags,36,32,0
cudaLaunchKernel,264,36,0
cudaLaunchKernel,84,37,0
cudaLaunchKernel,128,34,0
cudaLaunchKernel,216,35,0
cudaLaunchKernel,272,36,0
cudaLaunchKernel,128,35,0
cudaLaunchKernel,216,35,0
cudaLaunchKernel,128,36,0
cudaLaunchKernel,216,35,0
cudaLaunchKernel,272,36,0
cudaLaunchKernel,128,34,0
cudaLaunchKernel,216,36,0
cudaLaunchKernel,164,35,0
cudaLaunchKernel,128,35,0
cudaLaunchKernel,216,36,0
cudaLaunchKernel,128,36,0
cudaLaunchKernel,216,36,0
cudaLaunchKernel,164,38,0
cudaLaunchKernel,252,35,0
cudaOccupancyMaxActiveBlocksPerMultiprocessorWithFlags,36,34,0
cudaLaunchKernel,264,36,0
cudaLaunchKernel,84,38,0
cudaLaunchKernel,128,48,0
cudaLaunchKernel,216,52,0
cudaLaunchKernel,272,49,0
cudaLaunchKernel,128,47,0
cudaLaunchKernel,216,49,0
cudaLaunchKernel,128,52,0
cudaLaunchKernel,216,50,0
cudaLaunchKernel,272,46,0
cudaLaunchKernel,128,52,0
cudaLaunchKernel,216,44,0
cudaLaunchKernel,164,47,0
cudaLaunchKernel,128,50,0
cudaLaunchKernel,216,45,0
cudaLaunchKernel,128,49,0
cudaLaunchKernel,216,55,0
cudaLaunchKernel,164,46,0
cudaLaunchKernel,252,36,0
cudaOccupancyMaxActiveBlocksPerMultiprocessorWithFlags,36,34,0
cudaLaunchKernel,264,41,0
cudaLaunchKernel,84,52,0
cudaLaunchKernel,128,48,0
cudaLaunchKernel,216,39,0
cudaLaunchKernel,272,39,0
cudaLaunchKernel,128,38,0
cudaLaunchKernel,216,35,0
cudaLaunchKernel,128,43,0
cudaLaunchKernel,216,45,0
cudaLaunchKernel,272,38,0
cudaLaunchKernel,128,44,0
cudaLaunchKernel,216,48,0
cudaLaunchKernel,164,40,0
cudaLaunchKernel,128,36,0
cudaLaunchKernel,216,36,0
cudaLaunchKernel,128,34,0
cudaLaunchKernel,216,35,0
cudaLaunchKernel,164,36,0
cudaLaunchKernel,252,34,0
cudaOccupancyMaxActiveBlocksPerMultiprocessorWithFlags,36,36,0
cudaLaunchKernel,264,49,0
cudaLaunchKernel,84,50,0
cudaLaunchKernel,128,49,0
cudaLaunchKernel,216,51,0
cudaLaunchKernel,272,52,0
cudaLaunchKernel,128,49,0
cudaLaunchKernel,216,50,0
cudaLaunchKernel,128,47,0
cudaLaunchKernel,216,53,0
cudaLaunchKernel,272,54,0
cudaLaunchKernel,128,51,0
cudaLaunchKernel,216,45,0
cudaLaunchKernel,164,43,0
cudaLaunchKernel,128,47,0
cudaLaunchKernel,216,46,0
cudaLaunchKernel,128,47,0
cudaLaunchKernel,216,45,0
cudaLaunchKernel,164,35,0
cudaLaunchKernel,252,45,0
cudaOccupancyMaxActiveBlocksPerMultiprocessorWithFlags,36,40,0
cudaLaunchKernel,264,38,0
cudaLaunchKernel,84,38,0
cudaLaunchKernel,128,37,0
cudaLaunchKernel,216,47,0
cudaLaunchKernel,272,46,0
cudaLaunchKernel,128,45,0
cudaLaunchKernel,216,48,0
cudaLaunchKernel,128,44,0
cudaLaunchKernel,216,39,0
cudaLaunchKernel,272,50,0
cudaLaunchKernel,128,40,0
cudaLaunchKernel,216,49,0
cudaLaunchKernel,164,49,0
cudaLaunchKernel,128,47,0
cudaLaunchKernel,216,48,0
cudaLaunchKernel,128,47,0
cudaLaunchKernel,216,47,0
cudaLaunchKernel,164,38,0
cudaLaunchKernel,252,50,0
cudaOccupancyMaxActiveBlocksPerMultiprocessorWithFlags,36,46,0
cudaLaunchKernel,264,50,0
cudaLaunchKernel,84,48,0
cudaLaunchKernel,128,36,0
cudaLaunchKernel,216,36,0
cudaLaunchKernel,272,35,0
cudaLaunchKernel,128,32,0
cudaLaunchKernel,216,37,0
cudaLaunchKernel,128,44,0
cudaLaunchKernel,216,45,0
cudaLaunchKernel,272,46,0
cudaLaunchKernel,128,36,0
cudaLaunchKernel,216,35,0
cudaLaunchKernel,164,36,0
cudaLaunchKernel,128,35,0
cudaLaunchKernel,216,36,0
cudaLaunchKernel,128,36,0
cudaLaunchKernel,216,35,0
cudaLaunchKernel,164,37,0
cudaLaunchKernel,252,39,0
cudaOccupancyMaxActiveBlocksPerMultiprocessorWithFlags,36,35,0
cudaLaunchKernel,264,51,0
cudaLaunchKernel,84,52,0
cudaLaunchKernel,128,49,0
cudaLaunchKernel,216,50,0
cudaLaunchKernel,184,52,0
cudaLaunchKernel,184,45,0
cudaLaunchKernel,208,38,0
cudaLaunchKernel,272,40,0
cudaLaunchKernel,128,37,0
cudaLaunchKernel,216,36,0
cudaLaunchKernel,128,35,0
cudaLaunchKernel,216,35,0
cudaLaunchKernel,272,34,0
cudaLaunchKernel,128,36,0
cudaLaunchKernel,216,36,0
cudaMemcpyAsync,37,118,0
cudaStreamSynchronize,8,31,0
cudaStreamSynchronize,8,21,0
cudaStreamSynchronize,8,37,0
cudaMemcpyAsync,8228,42,0
cudaStreamSynchronize,8,37,0
cudaStreamSynchronize,8,36,0
cudaMemcpyAsync,40,35,0
cudaStreamSynchronize,8,37,0
cudaStreamSynchronize,8,36,0
cudaMemcpyAsync,44,35,0
cudaStreamSynchronize,8,37,0
cudaStreamSynchronize,8,37,0
cudaMemcpyAsync,44,35,0
cudaStreamSynchronize,8,36,0
cudaStreamSynchronize,8,39,0
cudaMemcpyAsync,548,34,0
cudaStreamSynchronize,8,37,0
cudaStreamSynchronize,8,36,0
cudaMemcpyAsync,40,36,0
cudaStreamSynchronize,8,36,0
cudaLaunchKernel,272,38,0
cudaLaunchKernel,128,36,0
cudaLaunchKernel,216,37,0
cudaLaunchKernel,164,36,0
cudaLaunchKernel,128,38,0
cudaLaunchKernel,216,40,0
cudaLaunchKernel,128,34,0
cudaLaunchKernel,216,37,0
cudaLaunchKernel,164,51,0
cudaLaunchKernel,252,48,0
cudaOccupancyMaxActiveBlocksPerMultiprocessorWithFlags,36,45,0
cudaLaunchKernel,264,47,0
cudaLaunchKernel,84,44,0
cudaLaunchKernel,128,52,0
cudaLaunchKernel,216,50,0
cudaLaunchKernel,272,55,0
cudaLaunchKernel,128,48,0
cudaLaunchKernel,216,39,0
cudaLaunchKernel,128,37,0
cudaLaunchKernel,216,37,0
cudaLaunchKernel,272,35,0
cudaLaunchKernel,128,36,0
cudaLaunchKernel,216,35,0
cudaLaunchKernel,164,35,0
cudaLaunchKernel,128,35,0
cudaLaunchKernel,216,36,0
cudaLaunchKernel,128,46,0
cudaLaunchKernel,216,39,0
cudaLaunchKernel,164,53,0
cudaLaunchKernel,252,58,0
cudaOccupancyMaxActiveBlocksPerMultiprocessorWithFlags,36,46,0
cudaLaunchKernel,264,50,0
cudaLaunchKernel,84,45,0
cudaLaunchKernel,128,44,0
cudaLaunchKernel,216,50,0
cudaLaunchKernel,272,49,0
cudaLaunchKernel,128,40,0
cudaLaunchKernel,216,40,0
cudaLaunchKernel,128,40,0
cudaLaunchKernel,216,39,0
cudaLaunchKernel,272,36,0
cudaLaunchKernel,128,35,0
cudaLaunchKernel,216,37,0
cudaLaunchKernel,164,35,0
cudaLaunchKernel,128,39,0
cudaLaunchKernel,216,41,0
cudaLaunchKernel,128,48,0
cudaLaunchKernel,216,51,0
cudaLaunchKernel,164,46,0
cudaLaunchKernel,252,42,0
cudaOccupancyMaxActiveBlocksPerMultiprocessorWithFlags,36,45,0
cudaLaunchKernel,264,51,0
cudaLaunchKernel,84,43,0
cudaLaunchKernel,128,45,0
cudaLaunchKernel,216,54,0
cudaLaunchKernel,272,51,0
cudaLaunchKernel,128,50,0
cudaLaunchKernel,216,51,0
cudaLaunchKernel,128,51,0
cudaLaunchKernel,216,50,0
cudaLaunchKernel,272,46,0
cudaLaunchKernel,128,37,0
cudaLaunchKernel,216,36,0
cudaLaunchKernel,164,37,0
cudaLaunchKernel,128,44,0
cudaLaunchKernel,216,40,0
cudaLaunchKernel,128,36,0
cudaLaunchKernel,216,37,0
cudaLaunchKernel,164,36,0
cudaLaunchKernel,252,29,0
cudaOccupancyMaxActiveBlocksPerMultiprocessorWithFlags,36,34,0
cudaLaunchKernel,264,37,0
cudaLaunchKernel,84,36,0
cudaLaunchKernel,128,41,0
cudaLaunchKernel,216,43,0
cudaLaunchKernel,272,38,0
cudaLaunchKernel,128,48,0
cudaLaunchKernel,216,38,0
cudaLaunchKernel,128,37,0
cudaLaunchKernel,216,36,0
cudaLaunchKernel,272,35,0
cudaLaunchKernel,128,36,0
cudaLaunchKernel,216,41,0
cudaLaunchKernel,164,40,0
cudaLaunchKernel,128,51,0
cudaLaunchKernel,216,40,0
cudaLaunchKernel,128,47,0
cudaLaunchKernel,216,35,0
cudaLaunchKernel,164,36,0
cudaLaunchKernel,252,35,0
cudaOccupancyMaxActiveBlocksPerMultiprocessorWithFlags,36,34,0
cudaLaunchKernel,264,38,0
cudaLaunchKernel,84,47,0
cudaLaunchKernel,128,48,0
cudaLaunchKernel,216,50,0
cudaLaunchKernel,272,47,0
cudaLaunchKernel,128,39,0
cudaLaunchKernel,216,48,0
cudaLaunchKernel,128,47,0
cudaLaunchKernel,216,35,0
cudaLaunchKernel,272,36,0
cudaLaunchKernel,128,35,0
cudaLaunchKernel,216,45,0
cudaLaunchKernel,164,53,0
cudaLaunchKernel,128,51,0
cudaLaunchKernel,216,49,0
cudaLaunchKernel,128,38,0
cudaLaunchKernel,216,36,0
cudaLaunchKernel,164,35,0
cudaLaunchKernel,252,37,0
cudaOccupancyMaxActiveBlocksPerMultiprocessorWithFlags,36,35,0
cudaLaunchKernel,264,38,0
cudaLaunchKernel,84,39,0
cudaLaunchKernel,128,35,0
cudaLaunchKernel,216,37,0
cudaLaunchKernel,272,35,0
cudaLaunchKernel,128,36,0
cudaLaunchKernel,216,35,0
cudaLaunchKernel,128,35,0
cudaLaunchKernel,216,36,0
cudaLaunchKernel,272,34,0
cudaLaunchKernel,128,38,0
cudaLaunchKernel,216,36,0
cudaLaunchKernel,164,37,0
cudaLaunchKernel,128,36,0
cudaLaunchKernel,216,35,0
cudaLaunchKernel,128,36,0
cudaLaunchKernel,216,35,0
cudaLaunchKernel,164,36,0
cudaLaunchKernel,252,34,0
cudaOccupancyMaxActiveBlocksPerMultiprocessorWithFlags,36,34,0
cudaLaunchKernel,264,37,0
cudaLaunchKernel,84,37,0
cudaLaunchKernel,128,35,0
cudaLaunchKernel,216,36,0
cudaLaunchKernel,272,36,0
cudaLaunchKernel,128,35,0
cudaLaunchKernel,216,36,0
cudaLaunchKernel,128,36,0
cudaLaunchKernel,216,35,0
cudaLaunchKernel,272,34,0
cudaLaunchKernel,128,36,0
cudaLaunchKernel,216,37,0
cudaLaunchKernel,164,35,0
cudaLaunchKernel,128,36,0
cudaLaunchKernel,216,38,0
cudaLaunchKernel,128,37,0
cudaLaunchKernel,216,36,0
cudaLaunchKernel,164,36,0
cudaLaunchKernel,252,35,0
cudaOccupancyMaxActiveBlocksPerMultiprocessorWithFlags,36,34,0
cudaLaunchKernel,264,35,0
cudaLaunchKernel,84,37,0
cudaLaunchKernel,128,36,0
cudaLaunchKernel,216,35,0
cudaLaunchKernel,272,34,0
cudaLaunchKernel,128,34,0
cudaLaunchKernel,216,36,0
cudaLaunchKernel,128,35,0
cudaLaunchKernel,216,36,0
cudaLaunchKernel,272,38,0
cudaLaunchKernel,128,35,0
cudaLaunchKernel,216,35,0
cudaLaunchKernel,164,35,0
cudaLaunchKernel,128,35,0
cudaLaunchKernel,216,35,0
cudaLaunchKernel,128,36,0
cudaLaunchKernel,216,35,0
cudaLaunchKernel,164,35,0
cudaLaunchKernel,252,36,0
cudaOccupancyMaxActiveBlocksPerMultiprocessorWithFlags,36,33,0
cudaLaunchKernel,264,35,0
cudaLaunchKernel,84,37,0
cudaLaunchKernel,128,35,0
cudaLaunchKernel,216,35,0
cudaLaunchKernel,272,35,0
cudaLaunchKernel,128,35,0
cudaLaunchKernel,216,37,0
cudaLaunchKernel,128,35,0
cudaLaunchKernel,216,38,0
cudaLaunchKernel,272,36,0
cudaLaunchKernel,128,38,0
cudaLaunchKernel,216,32,0
cudaLaunchKernel,164,35,0
cudaLaunchKernel,128,44,0
cudaLaunchKernel,216,36,0
cudaLaunchKernel,128,35,0
cudaLaunchKernel,216,37,0
cudaLaunchKernel,164,35,0
cudaLaunchKernel,252,36,0
cudaOccupancyMaxActiveBlocksPerMultiprocessorWithFlags,36,33,0
cudaLaunchKernel,264,38,0
cudaLaunchKernel,84,36,0
cudaLaunchKernel,128,36,0
cudaLaunchKernel,216,36,0
cudaLaunchKernel,272,35,0
cudaLaunchKernel,128,36,0
cudaLaunchKernel,216,31,0
cudaLaunchKernel,128,37,0
cudaLaunchKernel,216,36,0
cudaLaunchKernel,272,37,0
cudaLaunchKernel,128,36,0
cudaLaunchKernel,216,36,0
cudaLaunchKernel,164,37,0
cudaLaunchKernel,128,35,0
cudaLaunchKernel,216,35,0
cudaLaunchKernel,128,34,0
cudaLaunchKernel,216,35,0
cudaLaunchKernel,164,39,0
cudaLaunchKernel,252,37,0
cudaOccupancyMaxActiveBlocksPerMultiprocessorWithFlags,36,34,0
cudaLaunchKernel,264,35,0
cudaLaunchKernel,84,36,0
cudaLaunchKernel,128,35,0
cudaLaunchKernel,216,36,0
cudaLaunchKernel,272,35,0
cudaLaunchKernel,128,37,0
cudaLaunchKernel,216,35,0
cudaLaunchKernel,128,36,0
cudaLaunchKernel,216,36,0
cudaLaunchKernel,272,36,0
cudaLaunchKernel,128,35,0
cudaLaunchKernel,216,36,0
cudaLaunchKernel,164,35,0
cudaLaunchKernel,128,35,0
cudaLaunchKernel,216,36,0
cudaLaunchKernel,128,36,0
cudaLaunchKernel,216,36,0
cudaLaunchKernel,164,35,0
cudaLaunchKernel,252,36,0
cudaOccupancyMaxActiveBlocksPerMultiprocessorWithFlags,36,33,0
cudaLaunchKernel,264,36,0
cudaLaunchKernel,84,35,0
cudaLaunchKernel,128,36,0
cudaLaunchKernel,216,35,0
cudaLaunchKernel,272,33,0
cudaLaunchKernel,128,38,0
cudaLaunchKernel,216,39,0
cudaLaunchKernel,128,34,0
cudaLaunchKernel,216,36,0
cudaLaunchKernel,272,35,0
cudaLaunchKernel,128,35,0
cudaLaunchKernel,216,37,0
cudaLaunchKernel,164,35,0
cudaLaunchKernel,128,36,0
cudaLaunchKernel,216,35,0
cudaLaunchKernel,128,36,0
cudaLaunchKernel,216,37,0
cudaLaunchKernel,164,35,0
cudaLaunchKernel,252,35,0
cudaOccupancyMaxActiveBlocksPerMultiprocessorWithFlags,36,33,0
cudaLaunchKernel,264,34,0
cudaLaunchKernel,84,36,0
cudaLaunchKernel,128,35,0
cudaLaunchKernel,216,35,0
cudaLaunchKernel,272,35,0
cudaLaunchKernel,128,38,0
cudaLaunchKernel,216,35,0
cudaLaunchKernel,128,34,0
cudaLaunchKernel,216,37,0
cudaLaunchKernel,272,34,0
cudaLaunchKernel,128,34,0
cudaLaunchKernel,216,36,0
cudaLaunchKernel,164,36,0
cudaLaunchKernel,128,35,0
cudaLaunchKernel,216,32,0
cudaLaunchKernel,128,36,0
cudaLaunchKernel,216,40,0
cudaLaunchKernel,164,38,0
cudaLaunchKernel,252,36,0
cudaOccupancyMaxActiveBlocksPerMultiprocessorWithFlags,36,33,0
cudaLaunchKernel,264,35,0
cudaLaunchKernel,84,36,0
cudaLaunchKernel,128,35,0
cudaLaunchKernel,216,35,0
cudaLaunchKernel,272,35,0
cudaLaunchKernel,128,37,0
cudaLaunchKernel,216,36,0
cudaLaunchKernel,128,37,0
cudaLaunchKernel,216,35,0
cudaLaunchKernel,272,36,0
cudaLaunchKernel,128,35,0
cudaLaunchKernel,216,35,0
cudaLaunchKernel,164,36,0
cudaLaunchKernel,128,35,0
cudaLaunchKernel,216,38,0
cudaLaunchKernel,128,37,0
cudaLaunchKernel,216,36,0
cudaLaunchKernel,164,36,0
cudaLaunchKernel,252,38,0
cudaOccupancyMaxActiveBlocksPerMultiprocessorWithFlags,36,32,0
cudaLaunchKernel,264,35,0
cudaLaunchKernel,84,36,0
cudaLaunchKernel,128,35,0
cudaLaunchKernel,216,37,0
cudaLaunchKernel,272,37,0
cudaLaunchKernel,128,35,0
cudaLaunchKernel,216,37,0
cudaLaunchKernel,128,37,0
cudaLaunchKernel,216,37,0
cudaLaunchKernel,272,35,0
cudaLaunchKernel,128,35,0
cudaLaunchKernel,216,35,0
cudaLaunchKernel,164,38,0
cudaLaunchKernel,128,38,0
cudaLaunchKernel,216,35,0
cudaLaunchKernel,128,35,0
cudaLaunchKernel,216,37,0
cudaLaunchKernel,164,35,0
cudaLaunchKernel,252,35,0
cudaOccupancyMaxActiveBlocksPerMultiprocessorWithFlags,36,34,0
cudaLaunchKernel,264,35,0
cudaLaunchKernel,84,36,0
cudaLaunchKernel,128,35,0
cudaLaunchKernel,216,37,0
cudaLaunchKernel,272,47,0
cudaLaunchKernel,128,50,0
cudaLaunchKernel,216,40,0
cudaLaunchKernel,128,52,0
cudaLaunchKernel,216,49,0
cudaLaunchKernel,272,42,0
cudaLaunchKernel,128,36,0
cudaLaunchKernel,216,36,0
cudaLaunchKernel,164,37,0
cudaLaunchKernel,128,37,0
cudaLaunchKernel,216,44,0
cudaLaunchKernel,128,51,0
cudaLaunchKernel,216,50,0
cudaLaunchKernel,164,49,0
cudaLaunchKernel,252,42,0
cudaOccupancyMaxActiveBlocksPerMultiprocessorWithFlags,36,48,0
cudaLaunchKernel,264,48,0
cudaLaunchKernel,84,48,0
cudaLaunchKernel,128,49,0
cudaLaunchKernel,216,50,0
cudaLaunchKernel,272,49,0
cudaLaunchKernel,128,46,0
cudaLaunchKernel,216,46,0
cudaLaunchKernel,128,39,0
cudaLaunchKernel,216,37,0
cudaLaunchKernel,272,37,0
cudaLaunchKernel,128,35,0
cudaLaunchKernel,216,36,0
cudaLaunchKernel,164,37,0
cudaLaunchKernel,128,46,0
cudaLaunchKernel,216,55,0
cudaLaunchKernel,128,38,0
cudaLaunchKernel,216,35,0
cudaLaunchKernel,164,35,0
cudaLaunchKernel,252,35,0
cudaOccupancyMaxActiveBlocksPerMultiprocessorWithFlags,36,35,0
cudaLaunchKernel,264,38,0
cudaLaunchKernel,84,38,0
cudaLaunchKernel,128,36,0
cudaLaunchKernel,216,36,0
cudaLaunchKernel,272,35,0
cudaLaunchKernel,128,38,0
cudaLaunchKernel,216,37,0
cudaLaunchKernel,128,35,0
cudaLaunchKernel,216,36,0
cudaLaunchKernel,272,35,0
cudaLaunchKernel,128,35,0
cudaLaunchKernel,216,39,0
cudaLaunchKernel,164,46,0
cudaLaunchKernel,128,51,0
cudaLaunchKernel,216,48,0
cudaLaunchKernel,128,47,0
cudaLaunchKernel,216,46,0
cudaLaunchKernel,164,46,0
cudaLaunchKernel,252,46,0
cudaOccupancyMaxActiveBlocksPerMultiprocessorWithFlags,36,45,0
cudaLaunchKernel,264,48,0
cudaLaunchKernel,84,51,0
cudaLaunchKernel,128,54,0
cudaLaunchKernel,216,47,0
cudaLaunchKernel,272,46,0
cudaLaunchKernel,128,46,0
cudaLaunchKernel,216,47,0
cudaLaunchKernel,128,45,0
cudaLaunchKernel,216,49,0
cudaLaunchKernel,272,43,0
cudaLaunchKernel,128,48,0
cudaLaunchKernel,216,51,0
cudaLaunchKernel,164,47,0
cudaLaunchKernel,128,43,0
cudaLaunchKernel,216,46,0
cudaLaunchKernel,128,47,0
cudaLaunchKernel,216,39,0
cudaLaunchKernel,164,39,0
cudaLaunchKernel,252,35,0
cudaOccupancyMaxActiveBlocksPerMultiprocessorWithFlags,36,34,0
cudaLaunchKernel,264,39,0
cudaLaunchKernel,84,38,0
cudaLaunchKernel,128,42,0
cudaLaunchKernel,216,51,0
cudaLaunchKernel,272,51,0
cudaLaunchKernel,128,49,0
cudaLaunchKernel,216,51,0
cudaLaunchKernel,128,50,0
cudaLaunchKernel,216,48,0
cudaLaunchKernel,272,47,0
cudaLaunchKernel,128,46,0
cudaLaunchKernel,216,47,0
cudaLaunchKernel,164,52,0
cudaLaunchKernel,128,44,0
cudaLaunchKernel,216,43,0
cudaLaunchKernel,128,48,0
cudaLaunchKernel,216,47,0
cudaLaunchKernel,164,52,0
cudaLaunchKernel,252,45,0
cudaOccupancyMaxActiveBlocksPerMultiprocessorWithFlags,36,34,0
cudaLaunchKernel,264,40,0
cudaLaunchKernel,84,54,0
cudaLaunchKernel,128,39,0
cudaLaunchKernel,216,52,0
cudaLaunchKernel,272,47,0
cudaLaunchKernel,128,50,0
cudaLaunchKernel,216,58,0
cudaLaunchKernel,128,45,0
cudaLaunchKernel,216,39,0
cudaLaunchKernel,272,37,0
cudaLaunchKernel,128,49,0
cudaLaunchKernel,216,51,0
cudaLaunchKernel,164,41,0
cudaLaunchKernel,128,53,0
cudaLaunchKernel,216,39,0
cudaLaunchKernel,128,47,0
cudaLaunchKernel,216,47,0
cudaLaunchKernel,164,38,0
cudaLaunchKernel,252,35,0
cudaOccupancyMaxActiveBlocksPerMultiprocessorWithFlags,36,37,0
cudaLaunchKernel,264,53,0
cudaLaunchKernel,84,51,0
cudaLaunchKernel,128,50,0
cudaLaunchKernel,216,50,0
cudaLaunchKernel,184,51,0
cudaLaunchKernel,184,51,0
cudaLaunchKernel,208,42,0
cudaLaunchKernel,272,35,0
cudaLaunchKernel,128,42,0
cudaLaunchKernel,216,46,0
cudaLaunchKernel,128,48,0
cudaLaunchKernel,216,50,0
cudaLaunchKernel,272,50,0
cudaLaunchKernel,128,49,0
cudaLaunchKernel,216,51,0
cudaMemcpyAsync,37,128,0
cudaStreamSynchronize,8,38,0
cudaStreamSynchronize,8,24,0
cudaStreamSynchronize,8,36,0
cudaMemcpyAsync,8228,45,0
cudaStreamSynchronize,8,41,0
cudaStreamSynchronize,8,36,0
cudaMemcpyAsync,40,29,0
cudaStreamSynchronize,8,37,0
cudaStreamSynchronize,8,37,0
cudaMemcpyAsync,44,35,0
cudaStreamSynchronize,8,38,0
cudaStreamSynchronize,8,36,0
cudaMemcpyAsync,44,34,0
cudaStreamSynchronize,8,37,0
cudaStreamSynchronize,8,36,0
cudaMemcpyAsync,548,34,0
cudaStreamSynchronize,8,37,0
cudaStreamSynchronize,8,38,0
cudaMemcpyAsync,40,34,0
cudaStreamSynchronize,8,37,0
cudaLaunchKernel,272,40,0
cudaLaunchKernel,128,36,0
cudaLaunchKernel,216,37,0
cudaLaunchKernel,164,34,0
cudaLaunchKernel,128,35,0
cudaLaunchKernel,216,36,0
cudaLaunchKernel,128,34,0
cudaLaunchKernel,216,37,0
cudaLaunchKernel,164,36,0
cudaLaunchKernel,252,40,0
cudaOccupancyMaxActiveBlocksPerMultiprocessorWithFlags,36,48,0
cudaLaunchKernel,264,52,0
cudaLaunchKernel,84,38,0
cudaLaunchKernel,128,36,0
cudaLaunchKernel,216,36,0
cudaLaunchKernel,272,36,0
cudaLaunchKernel,128,35,0
cudaLaunchKernel,216,39,0
cudaLaunchKernel,128,45,0
cudaLaunchKernel,216,46,0
cudaLaunchKernel,272,52,0
cudaLaunchKernel,128,50,0
cudaLaunchKernel,216,51,0
cudaLaunchKernel,164,58,0
cudaLaunchKernel,128,51,0
cudaLaunchKernel,216,46,0
cudaLaunchKernel,128,44,0
cudaLaunchKernel,216,42,0
cudaLaunchKernel,164,45,0
cudaLaunchKernel,252,42,0
cudaOccupancyMaxActiveBlocksPerMultiprocessorWithFlags,36,37,0
cudaLaunchKernel,264,51,0
cudaLaunchKernel,84,52,0
cudaLaunchKernel,128,48,0
cudaLaunchKernel,216,50,0
cudaLaunchKernel,272,47,0
cudaLaunchKernel,128,46,0
cudaLaunchKernel,216,39,0
cudaLaunchKernel,128,44,0
cudaLaunchKernel,216,49,0
cudaLaunchKernel,272,50,0
cudaLaunchKernel,128,51,0
cudaLaunchKernel,216,50,0
cudaLaunchKernel,164,47,0
cudaLaunchKernel,128,44,0
cudaLaunchKernel,216,44,0
cudaLaunchKernel,128,39,0
cudaLaunchKernel,216,46,0
cudaLaunchKernel,164,47,0
cudaLaunchKernel,252,45,0
cudaOccupancyMaxActiveBlocksPerMultiprocessorWithFlags,36,47,0
cudaLaunchKernel,264,49,0
cudaLaunchKernel,84,46,0
cudaLaunchKernel,128,35,0
cudaLaunchKernel,216,37,0
cudaLaunchKernel,272,38,0
cudaLaunchKernel,128,49,0
cudaLaunchKernel,216,47,0
cudaLaunchKernel,128,38,0
cudaLaunchKernel,216,36,0
cudaLaunchKernel,272,35,0
cudaLaunchKernel,128,35,0
cudaLaunchKernel,216,36,0
cudaLaunchKernel,164,35,0
cudaLaunchKernel,128,35,0
cudaLaunchKernel,216,38,0
cudaLaunchKernel,128,39,0
cudaLaunchKernel,216,39,0
cudaLaunchKernel,164,37,0
cudaLaunchKernel,252,44,0
cudaOccupancyMaxActiveBlocksPerMultiprocessorWithFlags,36,46,0
cudaLaunchKernel,264,42,0
cudaLaunchKernel,84,50,0
cudaLaunchKernel,128,52,0
cudaLaunchKernel,216,46,0
cudaLaunchKernel,272,42,0
cudaLaunchKernel,128,36,0
cudaLaunchKernel,216,51,0
cudaLaunchKernel,128,51,0
cudaLaunchKernel,216,48,0
cudaLaunchKernel,272,43,0
cudaLaunchKernel,128,51,0
cudaLaunchKernel,216,51,0
cudaLaunchKernel,164,43,0
cudaLaunchKernel,128,36,0
cudaLaunchKernel,216,42,0
cudaLaunchKernel,128,38,0
cudaLaunchKernel,216,45,0
cudaLaunchKernel,164,45,0
cudaLaunchKernel,252,42,0
cudaOccupancyMaxActiveBlocksPerMultiprocessorWithFlags,36,36,0
cudaLaunchKernel,264,37,0
cudaLaunchKernel,84,38,0
cudaLaunchKernel,128,32,0
cudaLaunchKernel,216,46,0
cudaLaunchKernel,272,62,0
cudaLaunchKernel,128,51,0
cudaLaunchKernel,216,39,0
cudaLaunchKernel,128,46,0
cudaLaunchKernel,216,41,0
cudaLaunchKernel,272,40,0
cudaLaunchKernel,128,38,0
cudaLaunchKernel,216,44,0
cudaLaunchKernel,164,41,0
cudaLaunchKernel,128,41,0
cudaLaunchKernel,216,40,0
cudaLaunchKernel,128,34,0
cudaLaunchKernel,216,36,0
cudaLaunchKernel,164,35,0
cudaLaunchKernel,252,35,0
cudaOccupancyMaxActiveBlocksPerMultiprocessorWithFlags,36,34,0
cudaLaunchKernel,264,36,0
cudaLaunchKernel,84,35,0
cudaLaunchKernel,128,36,0
cudaLaunchKernel,216,35,0
cudaLaunchKernel,272,36,0
cudaLaunchKernel,128,35,0
cudaLaunchKernel,216,37,0
cudaLaunchKernel,128,36,0
cudaLaunchKernel,216,36,0
cudaLaunchKernel,272,35,0
cudaLaunchKernel,128,37,0
cudaLaunchKernel,216,36,0
cudaLaunchKernel,164,36,0
cudaLaunchKernel,128,35,0
cudaLaunchKernel,216,37,0
cudaLaunchKernel,128,36,0
cudaLaunchKernel,216,35,0
cudaLaunchKernel,164,38,0
cudaLaunchKernel,252,35,0
cudaOccupancyMaxActiveBlocksPerMultiprocessorWithFlags,36,32,0
cudaLaunchKernel,264,37,0
cudaLaunchKernel,84,37,0
cudaLaunchKernel,128,36,0
cudaLaunchKernel,216,36,0
cudaLaunchKernel,272,35,0
cudaLaunchKernel,128,35,0
cudaLaunchKernel,216,40,0
cudaLaunchKernel,128,35,0
cudaLaunchKernel,216,40,0
cudaLaunchKernel,272,44,0
cudaLaunchKernel,128,35,0
cudaLaunchKernel,216,39,0
cudaLaunchKernel,164,42,0
cudaLaunchKernel,128,44,0
cudaLaunchKernel,216,52,0
cudaLaunchKernel,128,51,0
cudaLaunchKernel,216,52,0
cudaLaunchKernel,164,50,0
cudaLaunchKernel,252,51,0
cudaOccupancyMaxActiveBlocksPerMultiprocessorWithFlags,36,47,0
cudaLaunchKernel,264,40,0
cudaLaunchKernel,84,39,0
cudaLaunchKernel,128,50,0
cudaLaunchKernel,216,52,0
cudaLaunchKernel,272,51,0
cudaLaunchKernel,128,48,0
cudaLaunchKernel,216,49,0
cudaLaunchKernel,128,50,0
cudaLaunchKernel,216,50,0
cudaLaunchKernel,272,49,0
cudaLaunchKernel,128,46,0
cudaLaunchKernel,216,41,0
cudaLaunchKernel,164,50,0
cudaLaunchKernel,128,47,0
cudaLaunchKernel,216,43,0
cudaLaunchKernel,128,51,0
cudaLaunchKernel,216,51,0
cudaLaunchKernel,164,40,0
cudaLaunchKernel,252,55,0
cudaOccupancyMaxActiveBlocksPerMultiprocessorWithFlags,36,47,0
cudaLaunchKernel,264,40,0
cudaLaunchKernel,84,48,0
cudaLaunchKernel,128,53,0
cudaLaunchKernel,216,48,0
cudaLaunchKernel,272,49,0
cudaLaunchKernel,128,49,0
cudaLaunchKernel,216,51,0
cudaLaunchKernel,128,51,0
cudaLaunchKernel,216,44,0
cudaLaunchKernel,272,36,0
cudaLaunchKernel,128,38,0
cudaLaunchKernel,216,44,0
cudaLaunchKernel,164,36,0
cudaLaunchKernel,128,38,0
cudaLaunchKernel,216,46,0
cudaLaunchKernel,128,43,0
cudaLaunchKernel,216,36,0
cudaLaunchKernel,164,36,0
cudaLaunchKernel,252,36,0
cudaOccupancyMaxActiveBlocksPerMultiprocessorWithFlags,36,35,0
cudaLaunchKernel,264,39,0
cudaLaunchKernel,84,49,0
cudaLaunchKernel,128,43,0
cudaLaunchKernel,216,50,0
cudaLaunchKernel,272,46,0
cudaLaunchKernel,128,46,0
cudaLaunchKernel,216,54,0
cudaLaunchKernel,128,48,0
cudaLaunchKernel,216,49,0
cudaLaunchKernel,272,45,0
cudaLaunchKernel,128,44,0
cudaLaunchKernel,216,51,0
cudaLaunchKernel,164,46,0
cudaLaunchKernel,128,38,0
cudaLaunchKernel,216,39,0
cudaLaunchKernel,128,45,0
cudaLaunchKernel,216,47,0
cudaLaunchKernel,164,44,0
cudaLaunchKernel,252,46,0
cudaOccupancyMaxActiveBlocksPerMultiprocessorWithFlags,36,38,0
cudaLaunchKernel,264,43,0
cudaLaunchKernel,84,45,0
cudaLaunchKernel,128,51,0
cudaLaunchKernel,216,41,0
cudaLaunchKernel,272,36,0
cudaLaunchKernel,128,35,0
cudaLaunchKernel,216,36,0
cudaLaunchKernel,128,36,0
cudaLaunchKernel,216,36,0
cudaLaunchKernel,272,42,0
cudaLaunchKernel,128,48,0
cudaLaunchKernel,216,46,0
cudaLaunchKernel,164,37,0
cudaLaunchKernel,128,51,0
cudaLaunchKernel,216,38,0
cudaLaunchKernel,128,38,0
cudaLaunchKernel,216,45,0
cudaLaunchKernel,164,47,0
cudaLaunchKernel,252,38,0
cudaOccupancyMaxActiveBlocksPerMultiprocessorWithFlags,36,42,0
cudaLaunchKernel,264,37,0
cudaLaunchKernel,84,36,0
cudaLaunchKernel,128,51,0
cudaLaunchKernel,216,49,0
cudaLaunchKernel,272,37,0
cudaLaunchKernel,128,35,0
cudaLaunchKernel,216,36,0
cudaLaunchKernel,128,35,0
cudaLaunchKernel,216,38,0
cudaLaunchKernel,272,36,0
cudaLaunchKernel,128,34,0
cudaLaunchKernel,216,62,0
cudaLaunchKernel,164,44,0
cudaLaunchKernel,128,47,0
cudaLaunchKernel,216,39,0
cudaLaunchKernel,128,45,0
cudaLaunchKernel,216,44,0
cudaLaunchKernel,164,46,0
cudaLaunchKernel,252,55,0
cudaOccupancyMaxActiveBlocksPerMultiprocessorWithFlags,36,47,0
cudaLaunchKernel,264,51,0
cudaLaunchKernel,84,52,0
cudaLaunchKernel,128,48,0
cudaLaunchKernel,216,50,0
cudaLaunchKernel,272,49,0
cudaLaunchKernel,128,46,0
cudaLaunchKernel,216,38,0
cudaLaunchKernel,128,37,0
cudaLaunchKernel,216,46,0
cudaLaunchKernel,272,55,0
cudaLaunchKernel,128,47,0
cudaLaunchKernel,216,41,0
cudaLaunchKernel,164,49,0
cudaLaunchKernel,128,37,0
cudaLaunchKernel,216,36,0
cudaLaunchKernel,128,36,0
cudaLaunchKernel,216,36,0
cudaLaunchKernel,164,39,0
cudaLaunchKernel,252,51,0
cudaOccupancyMaxActiveBlocksPerMultiprocessorWithFlags,36,45,0
cudaLaunchKernel,264,45,0
cudaLaunchKernel,84,51,0
cudaLaunchKernel,128,38,0
cudaLaunchKernel,216,47,0
cudaLaunchKernel,272,52,0
cudaLaunchKernel,128,46,0
cudaLaunchKernel,216,48,0
cudaLaunchKernel,128,48,0
cudaLaunchKernel,216,53,0
cudaLaunchKernel,272,50,0
cudaLaunchKernel,128,49,0
cudaLaunchKernel,216,39,0
cudaLaunchKernel,164,39,0
cudaLaunchKernel,128,33,0
cudaLaunchKernel,216,37,0
cudaLaunchKernel,128,35,0
cudaLaunchKernel,216,40,0
cudaLaunchKernel,164,50,0
cudaLaunchKernel,252,48,0
cudaOccupancyMaxActiveBlocksPerMultiprocessorWithFlags,36,37,0
cudaLaunchKernel,264,39,0
cudaLaunchKernel,84,40,0
cudaLaunchKernel,128,38,0
cudaLaunchKernel,216,36,0
cudaLaunchKernel,272,38,0
cudaLaunchKernel,128,36,0
cudaLaunchKernel,216,39,0
cudaLaunchKernel,128,43,0
cudaLaunchKernel,216,36,0
cudaLaunchKernel,272,36,0
cudaLaunchKernel,128,35,0
cudaLaunchKernel,216,36,0
cudaLaunchKernel,164,36,0
cudaLaunchKernel,128,35,0
cudaLaunchKernel,216,36,0
cudaLaunchKernel,128,37,0
cudaLaunchKernel,216,35,0
cudaLaunchKernel,164,37,0
cudaLaunchKernel,252,39,0
cudaOccupancyMaxActiveBlocksPerMultiprocessorWithFlags,36,34,0
cudaLaunchKernel,264,36,0
cudaLaunchKernel,84,36,0
cudaLaunchKernel,128,35,0
cudaLaunchKernel,216,36,0
cudaLaunchKernel,272,44,0
cudaLaunchKernel,128,40,0
cudaLaunchKernel,216,47,0
cudaLaunchKernel,128,50,0
cudaLaunchKernel,216,40,0
cudaLaunchKernel,272,51,0
cudaLaunchKernel,128,52,0
cudaLaunchKernel,216,51,0
cudaLaunchKernel,164,48,0
cudaLaunchKernel,128,38,0
cudaLaunchKernel,216,36,0
cudaLaunchKernel,128,40,0
cudaLaunchKernel,216,47,0
cudaLaunchKernel,164,40,0
cudaLaunchKernel,252,39,0
cudaOccupancyMaxActiveBlocksPerMultiprocessorWithFlags,36,35,0
cudaLaunchKernel,264,38,0
cudaLaunchKernel,84,36,0
cudaLaunchKernel,128,35,0
cudaLaunchKernel,216,36,0
cudaLaunchKernel,272,37,0
cudaLaunchKernel,128,48,0
cudaLaunchKernel,216,50,0
cudaLaunchKernel,128,51,0
cudaLaunchKernel,216,48,0
cudaLaunchKernel,272,46,0
cudaLaunchKernel,128,44,0
cudaLaunchKernel,216,45,0
cudaLaunchKernel,164,44,0
cudaLaunchKernel,128,37,0
cudaLaunchKernel,216,46,0
cudaLaunchKernel,128,53,0
cudaLaunchKernel,216,51,0
cudaLaunchKernel,164,53,0
cudaLaunchKernel,252,51,0
cudaOccupancyMaxActiveBlocksPerMultiprocessorWithFlags,36,46,0
cudaLaunchKernel,264,52,0
cudaLaunchKernel,84,50,0
cudaLaunchKernel,128,55,0
cudaLaunchKernel,216,47,0
cudaLaunchKernel,272,50,0
cudaLaunchKernel,128,40,0
cudaLaunchKernel,216,39,0
cudaLaunchKernel,128,50,0
cudaLaunchKernel,216,46,0
cudaLaunchKernel,272,40,0
cudaLaunchKernel,128,50,0
cudaLaunchKernel,216,46,0
cudaLaunchKernel,164,35,0
cudaLaunchKernel,128,37,0
cudaLaunchKernel,216,38,0
cudaLaunchKernel,128,35,0
cudaLaunchKernel,216,45,0
cudaLaunchKernel,164,49,0
cudaLaunchKernel,252,47,0
cudaOccupancyMaxActiveBlocksPerMultiprocessorWithFlags,36,35,0
cudaLaunchKernel,264,38,0
cudaLaunchKernel,84,42,0
cudaLaunchKernel,128,34,0
cudaLaunchKernel,216,39,0
cudaLaunchKernel,272,46,0
cudaLaunchKernel,128,46,0
cudaLaunchKernel,216,44,0
cudaLaunchKernel,128,43,0
cudaLaunchKernel,216,36,0
cudaLaunchKernel,272,44,0
cudaLaunchKernel,128,46,0
cudaLaunchKernel,216,49,0
cudaLaunchKernel,164,44,0
cudaLaunchKernel,128,41,0
cudaLaunchKernel,216,48,0
cudaLaunchKernel,128,62,0
cudaLaunchKernel,216,53,0
cudaLaunchKernel,164,50,0
cudaLaunchKernel,252,51,0
cudaOccupancyMaxActiveBlocksPerMultiprocessorWithFlags,36,46,0
cudaLaunchKernel,264,45,0
cudaLaunchKernel,84,38,0
cudaLaunchKernel,128,39,0
cudaLaunchKernel,216,45,0
cudaLaunchKernel,272,52,0
cudaLaunchKernel,128,39,0
cudaLaunchKernel,216,52,0
cudaLaunchKernel,128,49,0
cudaLaunchKernel,216,49,0
cudaLaunchKernel,272,41,0
cudaLaunchKernel,128,45,0
cudaLaunchKernel,216,36,0
cudaLaunchKernel,164,41,0
cudaLaunchKernel,128,39,0
cudaLaunchKernel,216,49,0
cudaLaunchKernel,128,49,0
cudaLaunchKernel,216,47,0
cudaLaunchKernel,164,48,0
cudaLaunchKernel,252,47,0
cudaOccupancyMaxActiveBlocksPerMultiprocessorWithFlags,36,46,0
cudaLaunchKernel,264,48,0
cudaLaunchKernel,84,49,0
cudaLaunchKernel,128,44,0
cudaLaunchKernel,216,45,0
cudaLaunchKernel,272,39,0
cudaLaunchKernel,128,47,0
cudaLaunchKernel,216,40,0
cudaLaunchKernel,128,38,0
cudaLaunchKernel,216,36,0
cudaLaunchKernel,272,36,0
cudaLaunchKernel,128,35,0
cudaLaunchKernel,216,40,0
cudaLaunchKernel,164,47,0
cudaLaunchKernel,128,49,0
cudaLaunchKernel,216,52,0
cudaLaunchKernel,128,50,0
cudaLaunchKernel,216,50,0
cudaLaunchKernel,164,49,0
cudaLaunchKernel,252,51,0
cudaOccupancyMaxActiveBlocksPerMultiprocessorWithFlags,36,46,0
cudaLaunchKernel,264,48,0
cudaLaunchKernel,84,47,0
cudaLaunchKernel,128,45,0
cudaLaunchKernel,216,44,0
cudaLaunchKernel,184,54,0
cudaLaunchKernel,184,49,0
cudaLaunchKernel,208,52,0
cudaLaunchKernel,272,47,0
cudaLaunchKernel,128,37,0
cudaLaunchKernel,216,38,0
cudaLaunchKernel,128,37,0
cudaLaunchKernel,216,44,0
cudaLaunchKernel,272,39,0
cudaLaunchKernel,128,52,0
cudaLaunchKernel,216,49,0
cudaMemcpyAsync,37,125,0
cudaStreamSynchronize,8,44,0
cudaStreamSynchronize,8,24,0
cudaStreamSynchronize,8,38,0
cudaMemcpyAsync,8228,49,0
cudaStreamSynchronize,8,44,0
cudaStreamSynchronize,8,42,0
cudaMemcpyAsync,40,43,0
cudaStreamSynchronize,8,47,0
cudaStreamSynchronize,8,45,0
cudaMemcpyAsync,44,47,0
cudaStreamSynchronize,8,47,0
cudaStreamSynchronize,8,46,0
cudaMemcpyAsync,44,44,0
cudaStreamSynchronize,8,46,0
cudaStreamSynchronize,8,45,0
cudaMemcpyAsync,548,40,0
cudaStreamSynchronize,8,43,0
cudaStreamSynchronize,8,42,0
cudaMemcpyAsync,40,41,0
cudaStreamSynchronize,8,37,0
cudaLaunchKernel,272,52,0
cudaLaunchKernel,128,51,0
cudaLaunchKernel,216,49,0
cudaLaunchKernel,164,43,0
cudaLaunchKernel,128,53,0
cudaLaunchKernel,216,50,0
cudaLaunchKernel,128,48,0
cudaLaunchKernel,216,46,0
cudaLaunchKernel,164,36,0
cudaLaunchKernel,252,38,0
cudaOccupancyMaxActiveBlocksPerMultiprocessorWithFlags,36,41,0
cudaLaunchKernel,264,53,0
cudaLaunchKernel,84,53,0
cudaLaunchKernel,128,52,0
cudaLaunchKernel,216,51,0
cudaLaunchKernel,272,50,0
cudaLaunchKernel,128,44,0
cudaLaunchKernel,216,36,0
cudaLaunchKernel,128,38,0
cudaLaunchKernel,216,38,0
cudaLaunchKernel,272,50,0
cudaLaunchKernel,128,51,0
cudaLaunchKernel,216,52,0
cudaLaunchKernel,164,51,0
cudaLaunchKernel,128,50,0
cudaLaunchKernel,216,52,0
cudaLaunchKernel,128,44,0
cudaLaunchKernel,216,36,0
cudaLaunchKernel,164,36,0
cudaLaunchKernel,252,40,0
cudaOccupancyMaxActiveBlocksPerMultiprocessorWithFlags,36,40,0
cudaLaunchKernel,264,37,0
cudaLaunchKernel,84,47,0
cudaLaunchKernel,128,46,0
cudaLaunchKernel,216,47,0
cudaLaunchKernel,272,44,0
cudaLaunchKernel,128,45,0
cudaLaunchKernel,216,44,0
cudaLaunchKernel,128,39,0
cudaLaunchKernel,216,45,0
cudaLaunchKernel,272,47,0
cudaLaunchKernel,128,38,0
cudaLaunchKernel,216,38,0
cudaLaunchKernel,164,35,0
cudaLaunchKernel,128,37,0
cudaLaunchKernel,216,37,0
cudaLaunchKernel,128,36,0
cudaLaunchKernel,216,35,0
cudaLaunchKernel,164,39,0
cudaLaunchKernel,252,38,0
cudaOccupancyMaxActiveBlocksPerMultiprocessorWithFlags,36,37,0
cudaLaunchKernel,264,37,0
cudaLaunchKernel,84,37,0
cudaLaunchKernel,128,44,0
cudaLaunchKernel,216,44,0
cudaLaunchKernel,272,37,0
cudaLaunchKernel,128,36,0
cudaLaunchKernel,216,35,0
cudaLaunchKernel,128,37,0
cudaLaunchKernel,216,53,0
cudaLaunchKernel,272,44,0
cudaLaunchKernel,128,47,0
cudaLaunchKernel,216,38,0
cudaLaunchKernel,164,35,0
cudaLaunchKernel,128,37,0
cudaLaunchKernel,216,35,0
cudaLaunchKernel,128,36,0
cudaLaunchKernel,216,38,0
cudaLaunchKernel,164,34,0
cudaLaunchKernel,252,34,0
cudaOccupancyMaxActiveBlocksPerMultiprocessorWithFlags,36,35,0
cudaLaunchKernel,264,38,0
cudaLaunchKernel,84,37,0
cudaLaunchKernel,128,34,0
cudaLaunchKernel,216,36,0
cudaLaunchKernel,272,35,0
cudaLaunchKernel,128,35,0
cudaLaunchKernel,216,38,0
cudaLaunchKernel,128,41,0
cudaLaunchKernel,216,40,0
cudaLaunchKernel,272,36,0
cudaLaunchKernel,128,36,0
cudaLaunchKernel,216,36,0
cudaLaunchKernel,164,36,0
cudaLaunchKernel,128,35,0
cudaLaunchKernel,216,36,0
cudaLaunchKernel,128,37,0
cudaLaunchKernel,216,41,0
cudaLaunchKernel,164,37,0
cudaLaunchKernel,252,41,0
cudaOccupancyMaxActiveBlocksPerMultiprocessorWithFlags,36,48,0
cudaLaunchKernel,264,50,0
cudaLaunchKernel,84,51,0
cudaLaunchKernel,128,50,0
cudaLaunchKernel,216,46,0
cudaLaunchKernel,272,37,0
cudaLaunchKernel,128,37,0
cudaLaunchKernel,216,48,0
cudaLaunchKernel,128,49,0
cudaLaunchKernel,216,52,0
cudaLaunchKernel,272,51,0
cudaLaunchKernel,128,49,0
cudaLaunchKernel,216,52,0
cudaLaunchKernel,164,47,0
cudaLaunchKernel,128,36,0
cudaLaunchKernel,216,39,0
cudaLaunchKernel,128,39,0
cudaLaunchKernel,216,50,0
cudaLaunchKernel,164,51,0
cudaLaunchKernel,252,46,0
cudaOccupancyMaxActiveBlocksPerMultiprocessorWithFlags,36,38,0
cudaLaunchKernel,264,51,0
cudaLaunchKernel,84,52,0
cudaLaunchKernel,128,41,0
cudaLaunchKernel,216,48,0
cudaLaunchKernel,272,55,0
cudaLaunchKernel,128,49,0
cudaLaunchKernel,216,42,0
cudaLaunchKernel,128,48,0
cudaLaunchKernel,216,46,0
cudaLaunchKernel,272,46,0
cudaLaunchKernel,128,47,0
cudaLaunchKernel,216,47,0
cudaLaunchKernel,164,47,0
cudaLaunchKernel,128,44,0
cudaLaunchKernel,216,38,0
cudaLaunchKernel,128,44,0
cudaLaunchKernel,216,45,0
cudaLaunchKernel,164,49,0
cudaLaunchKernel,252,43,0
cudaOccupancyMaxActiveBlocksPerMultiprocessorWithFlags,36,46,0
cudaLaunchKernel,264,49,0
cudaLaunchKernel,84,40,0
cudaLaunchKernel,128,37,0
cudaLaunchKernel,216,46,0
cudaLaunchKernel,272,41,0
cudaLaunchKernel,128,55,0
cudaLaunchKernel,216,49,0
cudaLaunchKernel,128,52,0
cudaLaunchKernel,216,50,0
cudaLaunchKernel,272,50,0
cudaLaunchKernel,128,47,0
cudaLaunchKernel,216,44,0
cudaLaunchKernel,164,37,0
cudaLaunchKernel,128,37,0
cudaLaunchKernel,216,47,0
cudaLaunchKernel,128,49,0
cudaLaunchKernel,216,41,0
cudaLaunchKernel,164,51,0
cudaLaunchKernel,252,52,0
cudaOccupancyMaxActiveBlocksPerMultiprocessorWithFlags,36,48,0
cudaLaunchKernel,264,50,0
cudaLaunchKernel,84,49,0
cudaLaunchKernel,128,44,0
cudaLaunchKernel,216,51,0
cudaLaunchKernel,272,52,0
cudaLaunchKernel,128,40,0
cudaLaunchKernel,216,51,0
cudaLaunchKernel,128,42,0
cudaLaunchKernel,216,47,0
cudaLaunchKernel,272,46,0
cudaLaunchKernel,128,43,0
cudaLaunchKernel,216,45,0
cudaLaunchKernel,164,51,0
cudaLaunchKernel,128,48,0
cudaLaunchKernel,216,53,0
cudaLaunchKernel,128,48,0
cudaLaunchKernel,216,40,0
cudaLaunchKernel,164,46,0
cudaLaunchKernel,252,46,0
cudaOccupancyMaxActiveBlocksPerMultiprocessorWithFlags,36,46,0
cudaLaunchKernel,264,48,0
cudaLaunchKernel,84,47,0
cudaLaunchKernel,128,38,0
cudaLaunchKernel,216,50,0
cudaLaunchKernel,272,51,0
cudaLaunchKernel,128,52,0
cudaLaunchKernel,216,47,0
cudaLaunchKernel,128,45,0
cudaLaunchKernel,216,37,0
cudaLaunchKernel,272,35,0
cudaLaunchKernel,128,35,0
cudaLaunchKernel,216,36,0
cudaLaunchKernel,164,37,0
cudaLaunchKernel,128,44,0
cudaLaunchKernel,216,52,0
cudaLaunchKernel,128,49,0
cudaLaunchKernel,216,45,0
cudaLaunchKernel,164,40,0
cudaLaunchKernel,252,47,0
cudaOccupancyMaxActiveBlocksPerMultiprocessorWithFlags,36,44,0
cudaLaunchKernel,264,46,0
cudaLaunchKernel,84,47,0
cudaLaunchKernel,128,48,0
cudaLaunchKernel,216,49,0
cudaLaunchKernel,272,42,0
cudaLaunchKernel,128,48,0
cudaLaunchKernel,216,51,0
cudaLaunchKernel,128,48,0
cudaLaunchKernel,216,48,0
cudaLaunchKernel,272,47,0
cudaLaunchKernel,128,44,0
cudaLaunchKernel,216,55,0
cudaLaunchKernel,164,54,0
cudaLaunchKernel,128,40,0
cudaLaunchKernel,216,40,0
cudaLaunchKernel,128,39,0
cudaLaunchKernel,216,36,0
cudaLaunchKernel,164,36,0
cudaLaunchKernel,252,38,0
cudaOccupancyMaxActiveBlocksPerMultiprocessorWithFlags,36,36,0
cudaLaunchKernel,264,36,0
cudaLaunchKernel,84,38,0
cudaLaunchKernel,128,44,0
cudaLaunchKernel,216,51,0
cudaLaunchKernel,272,49,0
cudaLaunchKernel,128,49,0
cudaLaunchKernel,216,50,0
cudaLaunchKernel,128,49,0
cudaLaunchKernel,216,50,0
cudaLaunchKernel,272,37,0
cudaLaunchKernel,128,35,0
cudaLaunchKernel,216,43,0
cudaLaunchKernel,164,38,0
cudaLaunchKernel,128,37,0
cudaLaunchKernel,216,35,0
cudaLaunchKernel,128,34,0
cudaLaunchKernel,216,36,0
cudaLaunchKernel,164,36,0
cudaLaunchKernel,252,35,0
cudaOccupancyMaxActiveBlocksPerMultiprocessorWithFlags,36,34,0
cudaLaunchKernel,264,39,0
cudaLaunchKernel,84,41,0
cudaLaunchKernel,128,36,0
cudaLaunchKernel,216,46,0
cudaLaunchKernel,272,50,0
cudaLaunchKernel,128,49,0
cudaLaunchKernel,216,53,0
cudaLaunchKernel,128,50,0
cudaLaunchKernel,216,45,0
cudaLaunchKernel,272,36,0
cudaLaunchKernel,128,44,0
cudaLaunchKernel,216,39,0
cudaLaunchKernel,164,46,0
cudaLaunchKernel,128,40,0
cudaLaunchKernel,216,47,0
cudaLaunchKernel,128,44,0
cudaLaunchKernel,216,36,0
cudaLaunchKernel,164,37,0
cudaLaunchKernel,252,37,0
cudaOccupancyMaxActiveBlocksPerMultiprocessorWithFlags,36,41,0
cudaLaunchKernel,264,51,0
cudaLaunchKernel,84,54,0
cudaLaunchKernel,128,48,0
cudaLaunchKernel,216,48,0
cudaLaunchKernel,272,50,0
cudaLaunchKernel,128,51,0
cudaLaunchKernel,216,51,0
cudaLaunchKernel,128,48,0
cudaLaunchKernel,216,46,0
cudaLaunchKernel,272,46,0
cudaLaunchKernel,128,50,0
cudaLaunchKernel,216,50,0
cudaLaunchKernel,164,49,0
cudaLaunchKernel,128,39,0
cudaLaunchKernel,216,39,0
cudaLaunchKernel,128,35,0
cudaLaunchKernel,216,37,0
cudaLaunchKernel,164,36,0
cudaLaunchKernel,252,36,0
cudaOccupancyMaxActiveBlocksPerMultiprocessorWithFlags,36,46,0
cudaLaunchKernel,264,53,0
cudaLaunchKernel,84,50,0
cudaLaunchKernel,128,50,0
cudaLaunchKernel,216,38,0
cudaLaunchKernel,272,88,0
cudaLaunchKernel,128,39,0
cudaLaunchKernel,216,37,0
cudaLaunchKernel,128,37,0
cudaLaunchKernel,216,38,0
cudaLaunchKernel,272,45,0
cudaLaunchKernel,128,52,0
cudaLaunchKernel,216,41,0
cudaLaunchKernel,164,39,0
cudaLaunchKernel,128,52,0
cudaLaunchKernel,216,51,0
cudaLaunchKernel,128,48,0
cudaLaunchKernel,216,45,0
cudaLaunchKernel,164,49,0
cudaLaunchKernel,252,54,0
cudaOccupancyMaxActiveBlocksPerMultiprocessorWithFlags,36,48,0
cudaLaunchKernel,264,50,0
cudaLaunchKernel,84,50,0
cudaLaunchKernel,128,41,0
cudaLaunchKernel,216,55,0
cudaLaunchKernel,272,49,0
cudaLaunchKernel,128,45,0
cudaLaunchKernel,216,38,0
cudaLaunchKernel,128,44,0
cudaLaunchKernel,216,54,0
cudaLaunchKernel,272,47,0
cudaLaunchKernel,128,39,0
cudaLaunchKernel,216,44,0
cudaLaunchKernel,164,50,0
cudaLaunchKernel,128,52,0
cudaLaunchKernel,216,50,0
cudaLaunchKernel,128,52,0
cudaLaunchKernel,216,44,0
cudaLaunchKernel,164,39,0
cudaLaunchKernel,252,49,0
cudaOccupancyMaxActiveBlocksPerMultiprocessorWithFlags,36,48,0
cudaLaunchKernel,264,49,0
cudaLaunchKernel,84,54,0
cudaLaunchKernel,128,51,0
cudaLaunchKernel,216,49,0
cudaLaunchKernel,272,46,0
cudaLaunchKernel,128,44,0
cudaLaunchKernel,216,45,0
cudaLaunchKernel,128,49,0
cudaLaunchKernel,216,51,0
cudaLaunchKernel,272,50,0
cudaLaunchKernel,128,48,0
cudaLaunchKernel,216,47,0
cudaLaunchKernel,164,48,0
cudaLaunchKernel,128,45,0
cudaLaunchKernel,216,43,0
cudaLaunchKernel,128,43,0
cudaLaunchKernel,216,45,0
cudaLaunchKernel,164,53,0
cudaLaunchKernel,252,51,0
cudaOccupancyMaxActiveBlocksPerMultiprocessorWithFlags,36,47,0
cudaLaunchKernel,264,39,0
cudaLaunchKernel,84,52,0
cudaLaunchKernel,128,52,0
cudaLaunchKernel,216,51,0
cudaLaunchKernel,272,49,0
cudaLaunchKernel,128,53,0
cudaLaunchKernel,216,53,0
cudaLaunchKernel,128,56,0
cudaLaunchKernel,216,51,0
cudaLaunchKernel,272,49,0
cudaLaunchKernel,128,57,0
cudaLaunchKernel,216,52,0
cudaLaunchKernel,164,50,0
cudaLaunchKernel,128,48,0
cudaLaunchKernel,216,52,0
cudaLaunchKernel,128,48,0
cudaLaunchKernel,216,49,0
cudaLaunchKernel,164,42,0
cudaLaunchKernel,252,36,0
cudaOccupancyMaxActiveBlocksPerMultiprocessorWithFlags,36,36,0
cudaLaunchKernel,264,36,0
cudaLaunchKernel,84,37,0
cudaLaunchKernel,128,34,0
cudaLaunchKernel,216,37,0
cudaLaunchKernel,272,35,0
cudaLaunchKernel,128,37,0
cudaLaunchKernel,216,38,0
cudaLaunchKernel,128,36,0
cudaLaunchKernel,216,38,0
cudaLaunchKernel,272,35,0
cudaLaunchKernel,128,34,0
cudaLaunchKernel,216,36,0
cudaLaunchKernel,164,35,0
cudaLaunchKernel,128,36,0
cudaLaunchKernel,216,36,0
cudaLaunchKernel,128,37,0
cudaLaunchKernel,216,36,0
cudaLaunchKernel,164,37,0
cudaLaunchKernel,252,38,0
cudaOccupancyMaxActiveBlocksPerMultiprocessorWithFlags,36,48,0
cudaLaunchKernel,264,50,0
cudaLaunchKernel,84,51,0
cudaLaunchKernel,128,49,0
cudaLaunchKernel,216,49,0
cudaLaunchKernel,272,54,0
cudaLaunchKernel,128,55,0
cudaLaunchKernel,216,52,0
cudaLaunchKernel,128,49,0
cudaLaunchKernel,216,51,0
cudaLaunchKernel,272,50,0
cudaLaunchKernel,128,49,0
cudaLaunchKernel,216,50,0
cudaLaunchKernel,164,45,0
cudaLaunchKernel,128,47,0
cudaLaunchKernel,216,49,0
cudaLaunchKernel,128,44,0
cudaLaunchKernel,216,52,0
cudaLaunchKernel,164,40,0
cudaLaunchKernel,252,37,0
cudaOccupancyMaxActiveBlocksPerMultiprocessorWithFlags,36,39,0
cudaLaunchKernel,264,39,0
cudaLaunchKernel,84,36,0
cudaLaunchKernel,128,34,0
cudaLaunchKernel,216,43,0
cudaLaunchKernel,272,46,0
cudaLaunchKernel,128,40,0
cudaLaunchKernel,216,48,0
cudaLaunchKernel,128,48,0
cudaLaunchKernel,216,38,0
cudaLaunchKernel,272,34,0
cudaLaunchKernel,128,35,0
cudaLaunchKernel,216,37,0
cudaLaunchKernel,164,35,0
cudaLaunchKernel,128,35,0
cudaLaunchKernel,216,38,0
cudaLaunchKernel,128,37,0
cudaLaunchKernel,216,41,0
cudaLaunchKernel,164,40,0
cudaLaunchKernel,252,37,0
cudaOccupancyMaxActiveBlocksPerMultiprocessorWithFlags,36,35,0
cudaLaunchKernel,264,38,0
cudaLaunchKernel,84,36,0
cudaLaunchKernel,128,38,0
cudaLaunchKernel,216,49,0
cudaLaunchKernel,272,59,0
cudaLaunchKernel,128,51,0
cudaLaunchKernel,216,50,0
cudaLaunchKernel,128,37,0
cudaLaunchKernel,216,35,0
cudaLaunchKernel,272,36,0
cudaLaunchKernel,128,36,0
cudaLaunchKernel,216,36,0
cudaLaunchKernel,164,37,0
cudaLaunchKernel,128,51,0
cudaLaunchKernel,216,46,0
cudaLaunchKernel,128,43,0
cudaLaunchKernel,216,40,0
cudaLaunchKernel,164,40,0
cudaLaunchKernel,252,36,0
cudaOccupancyMaxActiveBlocksPerMultiprocessorWithFlags,36,34,0
cudaLaunchKernel,264,36,0
cudaLaunchKernel,84,38,0
cudaLaunchKernel,128,35,0
cudaLaunchKernel,216,38,0
cudaLaunchKernel,184,38,0
cudaLaunchKernel,184,39,0
cudaLaunchKernel,208,48,0
cudaLaunchKernel,272,52,0
cudaLaunchKernel,128,50,0
cudaLaunchKernel,216,50,0
cudaLaunchKernel,128,41,0
cudaLaunchKernel,216,47,0
cudaLaunchKernel,272,49,0
cudaLaunchKernel,128,52,0
cudaLaunchKernel,216,50,0
cudaMemcpyAsync,37,130,0
cudaStreamSynchronize,8,41,0
cudaStreamSynchronize,8,27,0
cudaStreamSynchronize,8,48,0
cudaMemcpyAsync,8228,50,0
cudaStreamSynchronize,8,37,0
cudaStreamSynchronize,8,37,0
cudaMemcpyAsync,40,42,0
cudaStreamSynchronize,8,42,0
cudaStreamSynchronize,8,37,0
cudaMemcpyAsync,44,45,0
cudaStreamSynchronize,8,39,0
cudaStreamSynchronize,8,45,0
cudaMemcpyAsync,44,45,0
cudaStreamSynchronize,8,49,0
cudaStreamSynchronize,8,47,0
cudaMemcpyAsync,548,48,0
cudaStreamSynchronize,8,48,0
cudaStreamSynchronize,8,47,0
cudaMemcpyAsync,40,46,0
cudaStreamSynchronize,8,49,0
cudaLaunchKernel,272,48,0
cudaLaunchKernel,128,46,0
cudaLaunchKernel,216,47,0
cudaLaunchKernel,164,51,0
cudaLaunchKernel,128,49,0
cudaLaunchKernel,216,40,0
cudaLaunchKernel,128,46,0
cudaLaunchKernel,216,39,0
cudaLaunchKernel,164,46,0
cudaLaunchKernel,252,48,0
cudaOccupancyMaxActiveBlocksPerMultiprocessorWithFlags,36,41,0
cudaLaunchKernel,264,50,0
cudaLaunchKernel,84,54,0
cudaLaunchKernel,128,49,0
cudaLaunchKernel,216,49,0
cudaLaunchKernel,272,37,0
cudaLaunchKernel,128,39,0
cudaLaunchKernel,216,32,0
cudaLaunchKernel,128,35,0
cudaLaunchKernel,216,45,0
cudaLaunchKernel,272,37,0
cudaLaunchKernel,128,36,0
cudaLaunchKernel,216,48,0
cudaLaunchKernel,164,46,0
cudaLaunchKernel,128,38,0
cudaLaunchKernel,216,38,0
cudaLaunchKernel,128,35,0
cudaLaunchKernel,216,37,0
cudaLaunchKernel,164,36,0
cudaLaunchKernel,252,36,0
cudaOccupancyMaxActiveBlocksPerMultiprocessorWithFlags,36,34,0
cudaLaunchKernel,264,40,0
cudaLaunchKernel,84,39,0
cudaLaunchKernel,128,36,0
cudaLaunchKernel,216,38,0
cudaLaunchKernel,272,37,0
cudaLaunchKernel,128,39,0
cudaLaunchKernel,216,45,0
cudaLaunchKernel,128,45,0
cudaLaunchKernel,216,38,0
cudaLaunchKernel,272,45,0
cudaLaunchKernel,128,46,0
cudaLaunchKernel,216,40,0
cudaLaunchKernel,164,47,0
cudaLaunchKernel,128,49,0
cudaLaunchKernel,216,52,0
cudaLaunchKernel,128,48,0
cudaLaunchKernel,216,48,0
cudaLaunchKernel,164,36,0
cudaLaunchKernel,252,44,0
cudaOccupancyMaxActiveBlocksPerMultiprocessorWithFlags,36,36,0
cudaLaunchKernel,264,42,0
cudaLaunchKernel,84,44,0
cudaLaunchKernel,128,49,0
cudaLaunchKernel,216,49,0
cudaLaunchKernel,272,55,0
cudaLaunchKernel,128,50,0
cudaLaunchKernel,216,50,0
cudaLaunchKernel,128,45,0
cudaLaunchKernel,216,37,0
cudaLaunchKernel,272,42,0
cudaLaunchKernel,128,44,0
cudaLaunchKernel,216,50,0
cudaLaunchKernel,164,49,0
cudaLaunchKernel,128,51,0
cudaLaunchKernel,216,50,0
cudaLaunchKernel,128,50,0
cudaLaunchKernel,216,46,0
cudaLaunchKernel,164,45,0
cudaLaunchKernel,252,47,0
cudaOccupancyMaxActiveBlocksPerMultiprocessorWithFlags,36,47,0
cudaLaunchKernel,264,52,0
cudaLaunchKernel,84,51,0
cudaLaunchKernel,128,50,0
cudaLaunchKernel,216,50,0
cudaLaunchKernel,272,49,0
cudaLaunchKernel,128,43,0
cudaLaunchKernel,216,38,0
cudaLaunchKernel,128,35,0
cudaLaunchKernel,216,39,0
cudaLaunchKernel,272,51,0
cudaLaunchKernel,128,47,0
cudaLaunchKernel,216,42,0
cudaLaunchKernel,164,47,0
cudaLaunchKernel,128,45,0
cudaLaunchKernel,216,48,0
cudaLaunchKernel,128,48,0
cudaLaunchKernel,216,37,0
cudaLaunchKernel,164,39,0
cudaLaunchKernel,252,46,0
cudaOccupancyMaxActiveBlocksPerMultiprocessorWithFlags,36,55,0
cudaLaunchKernel,264,56,0
cudaLaunchKernel,84,51,0
cudaLaunchKernel,128,51,0
cudaLaunchKernel,216,51,0
cudaLaunchKernel,272,48,0
cudaLaunchKernel,128,35,0
cudaLaunchKernel,216,36,0
cudaLaunchKernel,128,39,0
cudaLaunchKernel,216,53,0
cudaLaunchKernel,272,51,0
cudaLaunchKernel,128,50,0
cudaLaunchKernel,216,52,0
cudaLaunchKernel,164,51,0
cudaLaunchKernel,128,49,0
cudaLaunchKernel,216,44,0
cudaLaunchKernel,128,36,0
cudaLaunchKernel,216,36,0
cudaLaunchKernel,164,42,0
cudaLaunchKernel,252,55,0
cudaOccupancyMaxActiveBlocksPerMultiprocessorWithFlags,36,46,0
cudaLaunchKernel,264,50,0
cudaLaunchKernel,84,41,0
cudaLaunchKernel,128,48,0
cudaLaunchKernel,216,48,0
cudaLaunchKernel,272,48,0
cudaLaunchKernel,128,38,0
cudaLaunchKernel,216,46,0
cudaLaunchKernel,128,49,0
cudaLaunchKernel,216,43,0
cudaLaunchKernel,272,48,0
cudaLaunchKernel,128,47,0
cudaLaunchKernel,216,46,0
cudaLaunchKernel,164,46,0
cudaLaunchKernel,128,48,0
cudaLaunchKernel,216,49,0
cudaLaunchKernel,128,44,0
cudaLaunchKernel,216,45,0
cudaLaunchKernel,164,44,0
cudaLaunchKernel,252,42,0
cudaOccupancyMaxActiveBlocksPerMultiprocessorWithFlags,36,36,0
cudaLaunchKernel,264,44,0
cudaLaunchKernel,84,44,0
cudaLaunchKernel,128,51,0
cudaLaunchKernel,216,44,0
cudaLaunchKernel,272,47,0
cudaLaunchKernel,128,44,0
cudaLaunchKernel,216,47,0
cudaLaunchKernel,128,38,0
cudaLaunchKernel,216,38,0
cudaLaunchKernel,272,50,0
cudaLaunchKernel,128,50,0
cudaLaunchKernel,216,50,0
cudaLaunchKernel,164,50,0
cudaLaunchKernel,128,48,0
cudaLaunchKernel,216,48,0
cudaLaunchKernel,128,45,0
cudaLaunchKernel,216,50,0
cudaLaunchKernel,164,50,0
cudaLaunchKernel,252,52,0
cudaOccupancyMaxActiveBlocksPerMultiprocessorWithFlags,36,37,0
cudaLaunchKernel,264,54,0
cudaLaunchKernel,84,49,0
cudaLaunchKernel,128,53,0
cudaLaunchKernel,216,50,0
cudaLaunchKernel,272,36,0
cudaLaunchKernel,128,44,0
cudaLaunchKernel,216,52,0
cudaLaunchKernel,128,57,0
cudaLaunchKernel,216,54,0
cudaLaunchKernel,272,49,0
cudaLaunchKernel,128,51,0
cudaLaunchKernel,216,49,0
cudaLaunchKernel,164,45,0
cudaLaunchKernel,128,38,0
cudaLaunchKernel,216,44,0
cudaLaunchKernel,128,48,0
cudaLaunchKernel,216,44,0
cudaLaunchKernel,164,35,0
cudaLaunchKernel,252,36,0
cudaOccupancyMaxActiveBlocksPerMultiprocessorWithFlags,36,35,0
cudaLaunchKernel,264,38,0
cudaLaunchKernel,84,37,0
cudaLaunchKernel,128,37,0
cudaLaunchKernel,216,37,0
cudaLaunchKernel,272,39,0
cudaLaunchKernel,128,38,0
cudaLaunchKernel,216,37,0
cudaLaunchKernel,128,53,0
cudaLaunchKernel,216,52,0
cudaLaunchKernel,272,50,0
cudaLaunchKernel,128,49,0
cudaLaunchKernel,216,51,0
cudaLaunchKernel,164,45,0
cudaLaunchKernel,128,37,0
cudaLaunchKernel,216,43,0
cudaLaunchKernel,128,52,0
cudaLaunchKernel,216,52,0
cudaLaunchKernel,164,50,0
cudaLaunchKernel,252,50,0
cudaOccupancyMaxActiveBlocksPerMultiprocessorWithFlags,36,47,0
cudaLaunchKernel,264,50,0
cudaLaunchKernel,84,48,0
cudaLaunchKernel,128,45,0
cudaLaunchKernel,216,49,0
cudaLaunchKernel,272,41,0
cudaLaunchKernel,128,38,0
cudaLaunchKernel,216,36,0
cudaLaunchKernel,128,36,0
cudaLaunchKernel,216,47,0
cudaLaunchKernel,272,39,0
cudaLaunchKernel,128,39,0
cudaLaunchKernel,216,39,0
cudaLaunchKernel,164,41,0
cudaLaunchKernel,128,34,0
cudaLaunchKernel,216,44,0
cudaLaunchKernel,128,39,0
cudaLaunchKernel,216,50,0
cudaLaunchKernel,164,54,0
cudaLaunchKernel,252,50,0
cudaOccupancyMaxActiveBlocksPerMultiprocessorWithFlags,36,46,0
cudaLaunchKernel,264,54,0
cudaLaunchKernel,84,45,0
cudaLaunchKernel,128,38,0
cudaLaunchKernel,216,50,0
cudaLaunchKernel,272,51,0
cudaLaunchKernel,128,49,0
cudaLaunchKernel,216,51,0
cudaLaunchKernel,128,49,0
cudaLaunchKernel,216,50,0
cudaLaunchKernel,272,50,0
cudaLaunchKernel,128,39,0
cudaLaunchKernel,216,40,0
cudaLaunchKernel,164,40,0
cudaLaunchKernel,128,41,0
cudaLaunchKernel,216,42,0
cudaLaunchKernel,128,48,0
cudaLaunchKernel,216,51,0
cudaLaunchKernel,164,59,0
cudaLaunchKernel,252,53,0
cudaOccupancyMaxActiveBlocksPerMultiprocessorWithFlags,36,43,0
cudaLaunchKernel,264,39,0
cudaLaunchKernel,84,36,0
cudaLaunchKernel,128,51,0
cudaLaunchKernel,216,52,0
cudaLaunchKernel,272,48,0
cudaLaunchKernel,128,41,0
cudaLaunchKernel,216,38,0
cudaLaunchKernel,128,35,0
cudaLaunchKernel,216,36,0
cudaLaunchKernel,272,37,0
cudaLaunchKernel,128,37,0
cudaLaunchKernel,216,36,0
cudaLaunchKernel,164,39,0
cudaLaunchKernel,128,49,0
cudaLaunchKernel,216,50,0
cudaLaunchKernel,128,48,0
cudaLaunchKernel,216,42,0
cudaLaunchKernel,164,38,0
cudaLaunchKernel,252,44,0
cudaOccupancyMaxActiveBlocksPerMultiprocessorWithFlags,36,39,0
cudaLaunchKernel,264,43,0
cudaLaunchKernel,84,38,0
cudaLaunchKernel,128,44,0
cudaLaunchKernel,216,44,0
cudaLaunchKernel,272,50,0
cudaLaunchKernel,128,53,0
cudaLaunchKernel,216,51,0
cudaLaunchKernel,128,39,0
cudaLaunchKernel,216,39,0
cudaLaunchKernel,272,37,0
cudaLaunchKernel,128,37,0
cudaLaunchKernel,216,39,0
cudaLaunchKernel,164,47,0
cudaLaunchKernel,128,50,0
cudaLaunchKernel,216,49,0
cudaLaunchKernel,128,40,0
cudaLaunchKernel,216,48,0
cudaLaunchKernel,164,47,0
cudaLaunchKernel,252,52,0
cudaOccupancyMaxActiveBlocksPerMultiprocessorWithFlags,36,42,0
cudaLaunchKernel,264,46,0
cudaLaunchKernel,84,54,0
cudaLaunchKernel,128,51,0
cudaLaunchKernel,216,46,0
cudaLaunchKernel,272,40,0
cudaLaunchKernel,128,51,0
cudaLaunchKernel,216,50,0
cudaLaunchKernel,128,41,0
cudaLaunchKernel,216,36,0
cudaLaunchKernel,272,43,0
cudaLaunchKernel,128,45,0
cudaLaunchKernel,216,47,0
cudaLaunchKernel,164,52,0
cudaLaunchKernel,128,49,0
cudaLaunchKernel,216,41,0
cudaLaunchKernel,128,39,0
cudaLaunchKernel,216,39,0
cudaLaunchKernel,164,36,0
cudaLaunchKernel,252,36,0
cudaOccupancyMaxActiveBlocksPerMultiprocessorWithFlags,36,35,0
cudaLaunchKernel,264,39,0
cudaLaunchKernel,84,39,0
cudaLaunchKernel,128,38,0
cudaLaunchKernel,216,43,0
cudaLaunchKernel,272,48,0
cudaLaunchKernel,128,46,0
cudaLaunchKernel,216,47,0
cudaLaunchKernel,128,48,0
cudaLaunchKernel,216,48,0
cudaLaunchKernel,272,57,0
cudaLaunchKernel,128,51,0
cudaLaunchKernel,216,55,0
cudaLaunchKernel,164,46,0
cudaLaunchKernel,128,43,0
cudaLaunchKernel,216,52,0
cudaLaunchKernel,128,47,0
cudaLaunchKernel,216,55,0
cudaLaunchKernel,164,45,0
cudaLaunchKernel,252,36,0
cudaOccupancyMaxActiveBlocksPerMultiprocessorWithFlags,36,35,0
cudaLaunchKernel,264,51,0
cudaLaunchKernel,84,51,0
cudaLaunchKernel,128,41,0
cudaLaunchKernel,216,43,0
cudaLaunchKernel,272,36,0
cudaLaunchKernel,128,35,0
cudaLaunchKernel,216,36,0
cudaLaunchKernel,128,34,0
cudaLaunchKernel,216,37,0
cudaLaunchKernel,272,37,0
cudaLaunchKernel,128,37,0
cudaLaunchKernel,216,36,0
cudaLaunchKernel,164,35,0
cudaLaunchKernel,128,36,0
cudaLaunchKernel,216,36,0
cudaLaunchKernel,128,37,0
cudaLaunchKernel,216,37,0
cudaLaunchKernel,164,36,0
cudaLaunchKernel,252,36,0
cudaOccupancyMaxActiveBlocksPerMultiprocessorWithFlags,36,37,0
cudaLaunchKernel,264,38,0
cudaLaunchKernel,84,37,0
cudaLaunchKernel,128,42,0
cudaLaunchKernel,216,46,0
cudaLaunchKernel,272,37,0
cudaLaunchKernel,128,35,0
cudaLaunchKernel,216,36,0
cudaLaunchKernel,128,35,0
cudaLaunchKernel,216,38,0
cudaLaunchKernel,272,37,0
cudaLaunchKernel,128,34,0
cudaLaunchKernel,216,37,0
cudaLaunchKernel,164,37,0
cudaLaunchKernel,128,35,0
cudaLaunchKernel,216,36,0
cudaLaunchKernel,128,35,0
cudaLaunchKernel,216,36,0
cudaLaunchKernel,164,35,0
cudaLaunchKernel,252,37,0
cudaOccupancyMaxActiveBlocksPerMultiprocessorWithFlags,36,38,0
cudaLaunchKernel,264,51,0
cudaLaunchKernel,84,40,0
cudaLaunchKernel,128,48,0
cudaLaunchKernel,216,48,0
cudaLaunchKernel,272,53,0
cudaLaunchKernel,128,45,0
cudaLaunchKernel,216,37,0
cudaLaunchKernel,128,37,0
cudaLaunchKernel,216,50,0
cudaLaunchKernel,272,50,0
cudaLaunchKernel,128,40,0
cudaLaunchKernel,216,53,0
cudaLaunchKernel,164,49,0
cudaLaunchKernel,128,50,0
cudaLaunchKernel,216,50,0
cudaLaunchKernel,128,48,0
cudaLaunchKernel,216,46,0
cudaLaunchKernel,164,40,0
cudaLaunchKernel,252,45,0
cudaOccupancyMaxActiveBlocksPerMultiprocessorWithFlags,36,37,0
cudaLaunchKernel,264,39,0
cudaLaunchKernel,84,32,0
cudaLaunchKernel,128,49,0
cudaLaunchKernel,216,60,0
cudaLaunchKernel,272,49,0
cudaLaunchKernel,128,48,0
cudaLaunchKernel,216,47,0
cudaLaunchKernel,128,47,0
cudaLaunchKernel,216,48,0
cudaLaunchKernel,272,39,0
cudaLaunchKernel,128,46,0
cudaLaunchKernel,216,47,0
cudaLaunchKernel,164,47,0
cudaLaunchKernel,128,48,0
cudaLaunchKernel,216,44,0
cudaLaunchKernel,128,38,0
cudaLaunchKernel,216,38,0
cudaLaunchKernel,164,42,0
cudaLaunchKernel,252,36,0
cudaOccupancyMaxActiveBlocksPerMultiprocessorWithFlags,36,34,0
cudaLaunchKernel,264,38,0
cudaLaunchKernel,84,36,0
cudaLaunchKernel,128,36,0
cudaLaunchKernel,216,36,0
cudaLaunchKernel,272,35,0
cudaLaunchKernel,128,35,0
cudaLaunchKernel,216,38,0
cudaLaunchKernel,128,35,0
cudaLaunchKernel,216,37,0
cudaLaunchKernel,272,35,0
cudaLaunchKernel,128,36,0
cudaLaunchKernel,216,38,0
cudaLaunchKernel,164,36,0
cudaLaunchKernel,128,36,0
cudaLaunchKernel,216,37,0
cudaLaunchKernel,128,35,0
cudaLaunchKernel,216,37,0
cudaLaunchKernel,164,35,0
cudaLaunchKernel,252,35,0
cudaOccupancyMaxActiveBlocksPerMultiprocessorWithFlags,36,34,0
cudaLaunchKernel,264,37,0
cudaLaunchKernel,84,37,0
cudaLaunchKernel,128,34,0
cudaLaunchKernel,216,36,0
cudaLaunchKernel,272,37,0
cudaLaunchKernel,128,36,0
cudaLaunchKernel,216,36,0
cudaLaunchKernel,128,35,0
cudaLaunchKernel,216,36,0
cudaLaunchKernel,272,35,0
cudaLaunchKernel,128,36,0
cudaLaunchKernel,216,36,0
cudaLaunchKernel,164,37,0
cudaLaunchKernel,128,35,0
cudaLaunchKernel,216,37,0
cudaLaunchKernel,128,36,0
cudaLaunchKernel,216,36,0
cudaLaunchKernel,164,37,0
cudaLaunchKernel,252,37,0
cudaOccupancyMaxActiveBlocksPerMultiprocessorWithFlags,36,33,0
cudaLaunchKernel,264,34,0
cudaLaunchKernel,84,37,0
cudaLaunchKernel,128,35,0
cudaLaunchKernel,216,36,0
cudaLaunchKernel,184,36,0
cudaLaunchKernel,184,39,0
cudaLaunchKernel,208,33,0
cudaLaunchKernel,272,35,0
cudaLaunchKernel,128,35,0
cudaLaunchKernel,216,38,0
cudaLaunchKernel,128,36,0
cudaLaunchKernel,216,37,0
cudaLaunchKernel,272,35,0
cudaLaunchKernel,128,36,0
cudaLaunchKernel,216,39,0
cudaMemcpyAsync,37,125,0
cudaStreamSynchronize,8,25,0
cudaStreamSynchronize,8,21,0
cudaStreamSynchronize,8,37,0
cudaMemcpyAsync,8228,41,0
cudaStreamSynchronize,8,38,0
cudaStreamSynchronize,8,43,0
cudaMemcpyAsync,40,35,0
cudaStreamSynchronize,8,37,0
cudaStreamSynchronize,8,37,0
cudaMemcpyAsync,44,35,0
cudaStreamSynchronize,8,37,0
cudaStreamSynchronize,8,38,0
cudaMemcpyAsync,44,34,0
cudaStreamSynchronize,8,33,0
cudaStreamSynchronize,8,38,0
cudaMemcpyAsync,548,34,0
cudaStreamSynchronize,8,38,0
cudaStreamSynchronize,8,36,0
cudaMemcpyAsync,40,34,0
cudaStreamSynchronize,8,36,0
cudaLaunchKernel,272,39,0
cudaLaunchKernel,128,37,0
cudaLaunchKernel,216,36,0
cudaLaunchKernel,164,35,0
cudaLaunchKernel,128,38,0
cudaLaunchKernel,216,35,0
cudaLaunchKernel,128,36,0
cudaLaunchKernel,216,36,0
cudaLaunchKernel,164,36,0
cudaLaunchKernel,252,35,0
cudaOccupancyMaxActiveBlocksPerMultiprocessorWithFlags,36,33,0
cudaLaunchKernel,264,38,0
cudaLaunchKernel,84,38,0
cudaLaunchKernel,128,36,0
cudaLaunchKernel,216,36,0
cudaLaunchKernel,272,35,0
cudaLaunchKernel,128,34,0
cudaLaunchKernel,216,36,0
cudaLaunchKernel,128,35,0
cudaLaunchKernel,216,36,0
cudaLaunchKernel,272,37,0
cudaLaunchKernel,128,35,0
cudaLaunchKernel,216,36,0
cudaLaunchKernel,164,36,0
cudaLaunchKernel,128,35,0
cudaLaunchKernel,216,38,0
cudaLaunchKernel,128,35,0
cudaLaunchKernel,216,36,0
cudaLaunchKernel,164,36,0
cudaLaunchKernel,252,37,0
cudaOccupancyMaxActiveBlocksPerMultiprocessorWithFlags,36,34,0
cudaLaunchKernel,264,38,0
cudaLaunchKernel,84,38,0
cudaLaunchKernel,128,35,0
cudaLaunchKernel,216,36,0
cudaLaunchKernel,272,46,0
cudaLaunchKernel,128,51,0
cudaLaunchKernel,216,48,0
cudaLaunchKernel,128,47,0
cudaLaunchKernel,216,48,0
cudaLaunchKernel,272,36,0
cudaLaunchKernel,128,36,0
cudaLaunchKernel,216,38,0
cudaLaunchKernel,164,46,0
cudaLaunchKernel,128,41,0
cudaLaunchKernel,216,50,0
cudaLaunchKernel,128,50,0
cudaLaunchKernel,216,40,0
cudaLaunchKernel,164,38,0
cudaLaunchKernel,252,36,0
cudaOccupancyMaxActiveBlocksPerMultiprocessorWithFlags,36,41,0
cudaLaunchKernel,264,52,0
cudaLaunchKernel,84,49,0
cudaLaunchKernel,128,51,0
cudaLaunchKernel,216,51,0
cudaLaunchKernel,272,40,0
cudaLaunchKernel,128,41,0
cudaLaunchKernel,216,50,0
cudaLaunchKernel,128,51,0
cudaLaunchKernel,216,44,0
cudaLaunchKernel,272,36,0
cudaLaunchKernel,128,43,0
cudaLaunchKernel,216,46,0
cudaLaunchKernel,164,49,0
cudaLaunchKernel,128,58,0
cudaLaunchKernel,216,53,0
cudaLaunchKernel,128,49,0
cudaLaunchKernel,216,50,0
cudaLaunchKernel,164,52,0
cudaLaunchKernel,252,47,0
cudaOccupancyMaxActiveBlocksPerMultiprocessorWithFlags,36,42,0
cudaLaunchKernel,264,46,0
cudaLaunchKernel,84,47,0
cudaLaunchKernel,128,45,0
cudaLaunchKernel,216,36,0
cudaLaunchKernel,272,36,0
cudaLaunchKernel,128,35,0
cudaLaunchKernel,216,36,0
cudaLaunchKernel,128,36,0
cudaLaunchKernel,216,36,0
cudaLaunchKernel,272,38,0
cudaLaunchKernel,128,39,0
cudaLaunchKernel,216,41,0
cudaLaunchKernel,164,44,0
cudaLaunchKernel,128,52,0
cudaLaunchKernel,216,50,0
cudaLaunchKernel,128,50,0
cudaLaunchKernel,216,50,0
cudaLaunchKernel,164,50,0
cudaLaunchKernel,252,46,0
cudaOccupancyMaxActiveBlocksPerMultiprocessorWithFlags,36,37,0
cudaLaunchKernel,264,49,0
cudaLaunchKernel,84,44,0
cudaLaunchKernel,128,48,0
cudaLaunchKernel,216,48,0
cudaLaunchKernel,272,40,0
cudaLaunchKernel,128,45,0
cudaLaunchKernel,216,50,0
cudaLaunchKernel,128,44,0
cudaLaunchKernel,216,44,0
cudaLaunchKernel,272,48,0
cudaLaunchKernel,128,46,0
cudaLaunchKernel,216,40,0
cudaLaunchKernel,164,38,0
cudaLaunchKernel,128,49,0
cudaLaunchKernel,216,37,0
cudaLaunchKernel,128,36,0
cudaLaunchKernel,216,47,0
cudaLaunchKernel,164,45,0
cudaLaunchKernel,252,36,0
cudaOccupancyMaxActiveBlocksPerMultiprocessorWithFlags,36,44,0
cudaLaunchKernel,264,54,0
cudaLaunchKernel,84,51,0
cudaLaunchKernel,128,46,0
cudaLaunchKernel,216,47,0
cudaLaunchKernel,272,47,0
cudaLaunchKernel,128,54,0
cudaLaunchKernel,216,46,0
cudaLaunchKernel,128,43,0
cudaLaunchKernel,216,50,0
cudaLaunchKernel,272,47,0
cudaLaunchKernel,128,45,0
cudaLaunchKernel,216,50,0
cudaLaunchKernel,164,39,0
cudaLaunchKernel,128,47,0
cudaLaunchKernel,216,41,0
cudaLaunchKernel,128,44,0
cudaLaunchKernel,216,44,0
cudaLaunchKernel,164,37,0
cudaLaunchKernel,252,48,0
cudaOccupancyMaxActiveBlocksPerMultiprocessorWithFlags,36,41,0
cudaLaunchKernel,264,41,0
cudaLaunchKernel,84,38,0
cudaLaunchKernel,128,35,0
cudaLaunchKernel,216,35,0
cudaLaunchKernel,272,41,0
cudaLaunchKernel,128,36,0
cudaLaunchKernel,216,36,0
cudaLaunchKernel,128,35,0
cudaLaunchKernel,216,37,0
cudaLaunchKernel,272,36,0
cudaLaunchKernel,128,38,0
cudaLaunchKernel,216,41,0
cudaLaunchKernel,164,38,0
cudaLaunchKernel,128,36,0
cudaLaunchKernel,216,35,0
cudaLaunchKernel,128,36,0
cudaLaunchKernel,216,36,0
cudaLaunchKernel,164,37,0
cudaLaunchKernel,252,43,0
cudaOccupancyMaxActiveBlocksPerMultiprocessorWithFlags,36,39,0
cudaLaunchKernel,264,53,0
cudaLaunchKernel,84,51,0
cudaLaunchKernel,128,35,0
cudaLaunchKernel,216,36,0
cudaLaunchKernel,272,36,0
cudaLaunchKernel,128,34,0
cudaLaunchKernel,216,37,0
cudaLaunchKernel,128,38,0
cudaLaunchKernel,216,47,0
cudaLaunchKernel,272,53,0
cudaLaunchKernel,128,49,0
cudaLaunchKernel,216,48,0
cudaLaunchKernel,164,48,0
cudaLaunchKernel,128,41,0
cudaLaunchKernel,216,46,0
cudaLaunchKernel,128,53,0
cudaLaunchKernel,216,54,0
cudaLaunchKernel,164,50,0
cudaLaunchKernel,252,49,0
cudaOccupancyMaxActiveBlocksPerMultiprocessorWithFlags,36,39,0
cudaLaunchKernel,264,48,0
cudaLaunchKernel,84,52,0
cudaLaunchKernel,128,49,0
cudaLaunchKernel,216,51,0
cudaLaunchKernel,272,47,0
cudaLaunchKernel,128,37,0
cudaLaunchKernel,216,48,0
cudaLaunchKernel,128,52,0
cudaLaunchKernel,216,49,0
cudaLaunchKernel,272,50,0
cudaLaunchKernel,128,50,0
cudaLaunchKernel,216,50,0
cudaLaunchKernel,164,49,0
cudaLaunchKernel,128,44,0
cudaLaunchKernel,216,39,0
cudaLaunchKernel,128,43,0
cudaLaunchKernel,216,57,0
cudaLaunchKernel,164,48,0
cudaLaunchKernel,252,40,0
cudaOccupancyMaxActiveBlocksPerMultiprocessorWithFlags,36,39,0
cudaLaunchKernel,264,46,0
cudaLaunchKernel,84,48,0
cudaLaunchKernel,128,47,0
cudaLaunchKernel,216,46,0
cudaLaunchKernel,272,44,0
cudaLaunchKernel,128,37,0
cudaLaunchKernel,216,48,0
cudaLaunchKernel,128,50,0
cudaLaunchKernel,216,44,0
cudaLaunchKernel,272,44,0
cudaLaunchKernel,128,38,0
cudaLaunchKernel,216,37,0
cudaLaunchKernel,164,35,0
cudaLaunchKernel,128,27,0
cudaLaunchKernel,216,44,0
cudaLaunchKernel,128,56,0
cudaLaunchKernel,216,48,0
cudaLaunchKernel,164,38,0
cudaLaunchKernel,252,39,0
cudaOccupancyMaxActiveBlocksPerMultiprocessorWithFlags,36,34,0
cudaLaunchKernel,264,37,0
cudaLaunchKernel,84,38,0
cudaLaunchKernel,128,34,0
cudaLaunchKernel,216,38,0
cudaLaunchKernel,272,36,0
cudaLaunchKernel,128,36,0
cudaLaunchKernel,216,40,0
cudaLaunchKernel,128,40,0
cudaLaunchKernel,216,47,0
cudaLaunchKernel,272,46,0
cudaLaunchKernel,128,46,0
cudaLaunchKernel,216,45,0
cudaLaunchKernel,164,35,0
cudaLaunchKernel,128,43,0
cudaLaunchKernel,216,46,0
cudaLaunchKernel,128,45,0
cudaLaunchKernel,216,53,0
cudaLaunchKernel,164,48,0
cudaLaunchKernel,252,38,0
cudaOccupancyMaxActiveBlocksPerMultiprocessorWithFlags,36,36,0
cudaLaunchKernel,264,38,0
cudaLaunchKernel,84,36,0
cudaLaunchKernel,128,36,0
cudaLaunchKernel,216,37,0
cudaLaunchKernel,272,36,0
cudaLaunchKernel,128,37,0
cudaLaunchKernel,216,34,0
cudaLaunchKernel,128,37,0
cudaLaunchKernel,216,36,0
cudaLaunchKernel,272,35,0
cudaLaunchKernel,128,35,0
cudaLaunchKernel,216,36,0
cudaLaunchKernel,164,36,0
cudaLaunchKernel,128,35,0
cudaLaunchKernel,216,37,0
cudaLaunchKernel,128,35,0
cudaLaunchKernel,216,36,0
cudaLaunchKernel,164,35,0
cudaLaunchKernel,252,35,0
cudaOccupancyMaxActiveBlocksPerMultiprocessorWithFlags,36,33,0
cudaLaunchKernel,264,35,0
cudaLaunchKernel,84,35,0
cudaLaunchKernel,128,35,0
cudaLaunchKernel,216,38,0
cudaLaunchKernel,272,35,0
cudaLaunchKernel,128,35,0
cudaLaunchKernel,216,35,0
cudaLaunchKernel,128,35,0
cudaLaunchKernel,216,37,0
cudaLaunchKernel,272,36,0
cudaLaunchKernel,128,34,0
cudaLaunchKernel,216,36,0
cudaLaunchKernel,164,35,0
cudaLaunchKernel,128,39,0
cudaLaunchKernel,216,35,0
cudaLaunchKernel,128,36,0
cudaLaunchKernel,216,36,0
cudaLaunchKernel,164,35,0
cudaLaunchKernel,252,35,0
cudaOccupancyMaxActiveBlocksPerMultiprocessorWithFlags,36,34,0
cudaLaunchKernel,264,35,0
cudaLaunchKernel,84,36,0
cudaLaunchKernel,128,35,0
cudaLaunchKernel,216,37,0
cudaLaunchKernel,272,36,0
cudaLaunchKernel,128,35,0
cudaLaunchKernel,216,37,0
cudaLaunchKernel,128,36,0
cudaLaunchKernel,216,35,0
cudaLaunchKernel,272,37,0
cudaLaunchKernel,128,37,0
cudaLaunchKernel,216,36,0
cudaLaunchKernel,164,36,0
cudaLaunchKernel,128,36,0
cudaLaunchKernel,216,35,0
cudaLaunchKernel,128,43,0
cudaLaunchKernel,216,38,0
cudaLaunchKernel,164,36,0
cudaLaunchKernel,252,35,0
cudaOccupancyMaxActiveBlocksPerMultiprocessorWithFlags,36,35,0
cudaLaunchKernel,264,35,0
cudaLaunchKernel,84,36,0
cudaLaunchKernel,128,37,0
cudaLaunchKernel,216,35,0
cudaLaunchKernel,272,36,0
cudaLaunchKernel,128,36,0
cudaLaunchKernel,216,33,0
cudaLaunchKernel,128,35,0
cudaLaunchKernel,216,36,0
cudaLaunchKernel,272,35,0
cudaLaunchKernel,128,35,0
cudaLaunchKernel,216,37,0
cudaLaunchKernel,164,36,0
cudaLaunchKernel,128,35,0
cudaLaunchKernel,216,37,0
cudaLaunchKernel,128,37,0
cudaLaunchKernel,216,36,0
cudaLaunchKernel,164,37,0
cudaLaunchKernel,252,35,0
cudaOccupancyMaxActiveBlocksPerMultiprocessorWithFlags,36,33,0
cudaLaunchKernel,264,35,0
cudaLaunchKernel,84,37,0
cudaLaunchKernel,128,37,0
cudaLaunchKernel,216,37,0
cudaLaunchKernel,272,34,0
cudaLaunchKernel,128,35,0
cudaLaunchKernel,216,37,0
cudaLaunchKernel,128,35,0
cudaLaunchKernel,216,36,0
cudaLaunchKernel,272,34,0
cudaLaunchKernel,128,34,0
cudaLaunchKernel,216,36,0
cudaLaunchKernel,164,35,0
cudaLaunchKernel,128,36,0
cudaLaunchKernel,216,35,0
cudaLaunchKernel,128,37,0
cudaLaunchKernel,216,36,0
cudaLaunchKernel,164,35,0
cudaLaunchKernel,252,35,0
cudaOccupancyMaxActiveBlocksPerMultiprocessorWithFlags,36,33,0
cudaLaunchKernel,264,36,0
cudaLaunchKernel,84,37,0
cudaLaunchKernel,128,38,0
cudaLaunchKernel,216,35,0
cudaLaunchKernel,272,35,0
cudaLaunchKernel,128,35,0
cudaLaunchKernel,216,35,0
cudaLaunchKernel,128,36,0
cudaLaunchKernel,216,35,0
cudaLaunchKernel,272,34,0
cudaLaunchKernel,128,38,0
cudaLaunchKernel,216,36,0
cudaLaunchKernel,164,36,0
cudaLaunchKernel,128,36,0
cudaLaunchKernel,216,36,0
cudaLaunchKernel,128,38,0
cudaLaunchKernel,216,36,0
cudaLaunchKernel,164,36,0
cudaLaunchKernel,252,36,0
cudaOccupancyMaxActiveBlocksPerMultiprocessorWithFlags,36,33,0
cudaLaunchKernel,264,36,0
cudaLaunchKernel,84,38,0
cudaLaunchKernel,128,38,0
cudaLaunchKernel,216,44,0
cudaLaunchKernel,272,49,0
cudaLaunchKernel,128,48,0
cudaLaunchKernel,216,48,0
cudaLaunchKernel,128,52,0
cudaLaunchKernel,216,55,0
cudaLaunchKernel,272,48,0
cudaLaunchKernel,128,44,0
cudaLaunchKernel,216,53,0
cudaLaunchKernel,164,45,0
cudaLaunchKernel,128,86,0
cudaLaunchKernel,216,191,0
cudaLaunchKernel,128,55,0
cudaLaunchKernel,216,43,0
cudaLaunchKernel,164,43,0
cudaLaunchKernel,252,38,0
cudaOccupancyMaxActiveBlocksPerMultiprocessorWithFlags,36,48,0
cudaLaunchKernel,264,39,0
cudaLaunchKernel,84,40,0
cudaLaunchKernel,128,40,0
cudaLaunchKernel,216,41,0
cudaLaunchKernel,272,39,0
cudaLaunchKernel,128,37,0
cudaLaunchKernel,216,32,0
cudaLaunchKernel,128,44,0
cudaLaunchKernel,216,40,0
cudaLaunchKernel,272,41,0
cudaLaunchKernel,128,39,0
cudaLaunchKernel,216,41,0
cudaLaunchKernel,164,41,0
cudaLaunchKernel,128,39,0
cudaLaunchKernel,216,40,0
cudaLaunchKernel,128,39,0
cudaLaunchKernel,216,40,0
cudaLaunchKernel,164,39,0
cudaLaunchKernel,252,42,0
cudaOccupancyMaxActiveBlocksPerMultiprocessorWithFlags,36,41,0
cudaLaunchKernel,264,42,0
cudaLaunchKernel,84,42,0
cudaLaunchKernel,128,39,0
cudaLaunchKernel,216,41,0
cudaLaunchKernel,272,38,0
cudaLaunchKernel,128,40,0
cudaLaunchKernel,216,41,0
cudaLaunchKernel,128,40,0
cudaLaunchKernel,216,44,0
cudaLaunchKernel,272,42,0
cudaLaunchKernel,128,39,0
cudaLaunchKernel,216,42,0
cudaLaunchKernel,164,38,0
cudaLaunchKernel,128,41,0
cudaLaunchKernel,216,39,0
cudaLaunchKernel,128,38,0
cudaLaunchKernel,216,39,0
cudaLaunchKernel,164,38,0
cudaLaunchKernel,252,42,0
cudaOccupancyMaxActiveBlocksPerMultiprocessorWithFlags,36,38,0
cudaLaunchKernel,264,40,0
cudaLaunchKernel,84,40,0
cudaLaunchKernel,128,41,0
cudaLaunchKernel,216,43,0
cudaLaunchKernel,272,40,0
cudaLaunchKernel,128,40,0
cudaLaunchKernel,216,41,0
cudaLaunchKernel,128,42,0
cudaLaunchKernel,216,38,0
cudaLaunchKernel,272,39,0
cudaLaunchKernel,128,40,0
cudaLaunchKernel,216,42,0
cudaLaunchKernel,164,39,0
cudaLaunchKernel,128,39,0
cudaLaunchKernel,216,39,0
cudaLaunchKernel,128,41,0
cudaLaunchKernel,216,40,0
cudaLaunchKernel,164,42,0
cudaLaunchKernel,252,41,0
cudaOccupancyMaxActiveBlocksPerMultiprocessorWithFlags,36,37,0
cudaLaunchKernel,264,41,0
cudaLaunchKernel,84,39,0
cudaLaunchKernel,128,41,0
cudaLaunchKernel,216,41,0
cudaLaunchKernel,184,49,0
cudaLaunchKernel,184,41,0
cudaLaunchKernel,208,37,0
cudaLaunchKernel,272,41,0
cudaLaunchKernel,128,39,0
cudaLaunchKernel,216,41,0
cudaLaunchKernel,128,40,0
cudaLaunchKernel,216,41,0
cudaLaunchKernel,272,41,0
cudaLaunchKernel,128,39,0
cudaLaunchKernel,216,42,0
cudaMemcpyAsync,37,142,0
cudaStreamSynchronize,8,35,0
cudaStreamSynchronize,8,24,0
cudaStreamSynchronize,8,43,0
cudaMemcpyAsync,8228,51,0
cudaStreamSynchronize,8,42,0
cudaStreamSynchronize,8,44,0
cudaMemcpyAsync,40,41,0
cudaStreamSynchronize,8,41,0
cudaStreamSynchronize,8,42,0
cudaMemcpyAsync,44,40,0
cudaStreamSynchronize,8,41,0
cudaStreamSynchronize,8,41,0
cudaMemcpyAsync,44,38,0
cudaStreamSynchronize,8,41,0
cudaStreamSynchronize,8,44,0
cudaMemcpyAsync,548,40,0
cudaStreamSynchronize,8,41,0
cudaStreamSynchronize,8,44,0
cudaMemcpyAsync,40,41,0
cudaStreamSynchronize,8,43,0
cudaLaunchKernel,272,43,0
cudaLaunchKernel,128,40,0
cudaLaunchKernel,216,40,0
cudaLaunchKernel,164,39,0
cudaLaunchKernel,128,39,0
cudaLaunchKernel,216,42,0
cudaLaunchKernel,128,39,0
cudaLaunchKernel,216,39,0
cudaLaunchKernel,164,39,0
cudaLaunchKernel,252,39,0
cudaOccupancyMaxActiveBlocksPerMultiprocessorWithFlags,36,38,0
cudaLaunchKernel,264,43,0
cudaLaunchKernel,84,40,0
cudaLaunchKernel,128,38,0
cudaLaunchKernel,216,41,0
cudaLaunchKernel,272,44,0
cudaLaunchKernel,128,39,0
cudaLaunchKernel,216,42,0
cudaLaunchKernel,128,39,0
cudaLaunchKernel,216,43,0
cudaLaunchKernel,272,42,0
cudaLaunchKernel,128,39,0
cudaLaunchKernel,216,41,0
cudaLaunchKernel,164,38,0
cudaLaunchKernel,128,41,0
cudaLaunchKernel,216,43,0
cudaLaunchKernel,128,40,0
cudaLaunchKernel,216,39,0
cudaLaunchKernel,164,41,0
cudaLaunchKernel,252,41,0
cudaOccupancyMaxActiveBlocksPerMultiprocessorWithFlags,36,37,0
cudaLaunchKernel,264,40,0
cudaLaunchKernel,84,40,0
cudaLaunchKernel,128,40,0
cudaLaunchKernel,216,42,0
cudaLaunchKernel,272,39,0
cudaLaunchKernel,128,40,0
cudaLaunchKernel,216,40,0
cudaLaunchKernel,128,36,0
cudaLaunchKernel,216,40,0
cudaLaunchKernel,272,40,0
cudaLaunchKernel,128,47,0
cudaLaunchKernel,216,41,0
cudaLaunchKernel,164,39,0
cudaLaunchKernel,128,42,0
cudaLaunchKernel,216,42,0
cudaLaunchKernel,128,41,0
cudaLaunchKernel,216,41,0
cudaLaunchKernel,164,42,0
cudaLaunchKernel,252,39,0
cudaOccupancyMaxActiveBlocksPerMultiprocessorWithFlags,36,38,0
cudaLaunchKernel,264,40,0
cudaLaunchKernel,84,40,0
cudaLaunchKernel,128,39,0
cudaLaunchKernel,216,43,0
cudaLaunchKernel,272,39,0
cudaLaunchKernel,128,39,0
cudaLaunchKernel,216,42,0
cudaLaunchKernel,128,42,0
cudaLaunchKernel,216,41,0
cudaLaunchKernel,272,40,0
cudaLaunchKernel,128,39,0
cudaLaunchKernel,216,40,0
cudaLaunchKernel,164,44,0
cudaLaunchKernel,128,38,0
cudaLaunchKernel,216,42,0
cudaLaunchKernel,128,41,0
cudaLaunchKernel,216,42,0
cudaLaunchKernel,164,42,0
cudaLaunchKernel,252,42,0
cudaOccupancyMaxActiveBlocksPerMultiprocessorWithFlags,36,37,0
cudaLaunchKernel,264,41,0
cudaLaunchKernel,84,41,0
cudaLaunchKernel,128,43,0
cudaLaunchKernel,216,41,0
cudaLaunchKernel,272,39,0
cudaLaunchKernel,128,40,0
cudaLaunchKernel,216,41,0
cudaLaunchKernel,128,41,0
cudaLaunchKernel,216,39,0
cudaLaunchKernel,272,39,0
cudaLaunchKernel,128,42,0
cudaLaunchKernel,216,41,0
cudaLaunchKernel,164,40,0
cudaLaunchKernel,128,41,0
cudaLaunchKernel,216,41,0
cudaLaunchKernel,128,39,0
cudaLaunchKernel,216,43,0
cudaLaunchKernel,164,40,0
cudaLaunchKernel,252,41,0
cudaOccupancyMaxActiveBlocksPerMultiprocessorWithFlags,36,37,0
cudaLaunchKernel,264,40,0
cudaLaunchKernel,84,43,0
cudaLaunchKernel,128,40,0
cudaLaunchKernel,216,42,0
cudaLaunchKernel,272,40,0
cudaLaunchKernel,128,41,0
cudaLaunchKernel,216,39,0
cudaLaunchKernel,128,39,0
cudaLaunchKernel,216,41,0
cudaLaunchKernel,272,41,0
cudaLaunchKernel,128,38,0
cudaLaunchKernel,216,42,0
cudaLaunchKernel,164,41,0
cudaLaunchKernel,128,39,0
cudaLaunchKernel,216,40,0
cudaLaunchKernel,128,40,0
cudaLaunchKernel,216,41,0
cudaLaunchKernel,164,39,0
cudaLaunchKernel,252,40,0
cudaOccupancyMaxActiveBlocksPerMultiprocessorWithFlags,36,36,0
cudaLaunchKernel,264,40,0
cudaLaunchKernel,84,43,0
cudaLaunchKernel,128,38,0
cudaLaunchKernel,216,41,0
cudaLaunchKernel,272,42,0
cudaLaunchKernel,128,40,0
cudaLaunchKernel,216,47,0
cudaLaunchKernel,128,38,0
cudaLaunchKernel,216,41,0
cudaLaunchKernel,272,41,0
cudaLaunchKernel,128,43,0
cudaLaunchKernel,216,41,0
cudaLaunchKernel,164,38,0
cudaLaunchKernel,128,40,0
cudaLaunchKernel,216,40,0
cudaLaunchKernel,128,39,0
cudaLaunchKernel,216,42,0
cudaLaunchKernel,164,40,0
cudaLaunchKernel,252,41,0
cudaOccupancyMaxActiveBlocksPerMultiprocessorWithFlags,36,38,0
cudaLaunchKernel,264,43,0
cudaLaunchKernel,84,40,0
cudaLaunchKernel,128,39,0
cudaLaunchKernel,216,41,0
cudaLaunchKernel,272,40,0
cudaLaunchKernel,128,41,0
cudaLaunchKernel,216,42,0
cudaLaunchKernel,128,39,0
cudaLaunchKernel,216,40,0
cudaLaunchKernel,272,42,0
cudaLaunchKernel,128,40,0
cudaLaunchKernel,216,41,0
cudaLaunchKernel,164,40,0
cudaLaunchKernel,128,39,0
cudaLaunchKernel,216,41,0
cudaLaunchKernel,128,40,0
cudaLaunchKernel,216,41,0
cudaLaunchKernel,164,39,0
cudaLaunchKernel,252,42,0
cudaOccupancyMaxActiveBlocksPerMultiprocessorWithFlags,36,38,0
cudaLaunchKernel,264,41,0
cudaLaunchKernel,84,40,0
cudaLaunchKernel,128,40,0
cudaLaunchKernel,216,41,0
cudaLaunchKernel,272,39,0
cudaLaunchKernel,128,39,0
cudaLaunchKernel,216,41,0
cudaLaunchKernel,128,40,0
cudaLaunchKernel,216,41,0
cudaLaunchKernel,272,44,0
cudaLaunchKernel,128,42,0
cudaLaunchKernel,216,41,0
cudaLaunchKernel,164,42,0
cudaLaunchKernel,128,40,0
cudaLaunchKernel,216,40,0
cudaLaunchKernel,128,38,0
cudaLaunchKernel,216,40,0
cudaLaunchKernel,164,42,0
cudaLaunchKernel,252,42,0
cudaOccupancyMaxActiveBlocksPerMultiprocessorWithFlags,36,39,0
cudaLaunchKernel,264,41,0
cudaLaunchKernel,84,41,0
cudaLaunchKernel,128,42,0
cudaLaunchKernel,216,40,0
cudaLaunchKernel,272,40,0
cudaLaunchKernel,128,41,0
cudaLaunchKernel,216,42,0
cudaLaunchKernel,128,38,0
cudaLaunchKernel,216,44,0
cudaLaunchKernel,272,40,0
cudaLaunchKernel,128,39,0
cudaLaunchKernel,216,41,0
cudaLaunchKernel,164,40,0
cudaLaunchKernel,128,40,0
cudaLaunchKernel,216,40,0
cudaLaunchKernel,128,40,0
cudaLaunchKernel,216,43,0
cudaLaunchKernel,164,39,0
cudaLaunchKernel,252,44,0
cudaOccupancyMaxActiveBlocksPerMultiprocessorWithFlags,36,38,0
cudaLaunchKernel,264,41,0
cudaLaunchKernel,84,45,0
cudaLaunchKernel,128,44,0
cudaLaunchKernel,216,39,0
cudaLaunchKernel,272,38,0
cudaLaunchKernel,128,39,0
cudaLaunchKernel,216,42,0
cudaLaunchKernel,128,44,0
cudaLaunchKernel,216,41,0
cudaLaunchKernel,272,38,0
cudaLaunchKernel,128,40,0
cudaLaunchKernel,216,40,0
cudaLaunchKernel,164,40,0
cudaLaunchKernel,128,39,0
cudaLaunchKernel,216,40,0
cudaLaunchKernel,128,40,0
cudaLaunchKernel,216,40,0
cudaLaunchKernel,164,43,0
cudaLaunchKernel,252,41,0
cudaOccupancyMaxActiveBlocksPerMultiprocessorWithFlags,36,38,0
cudaLaunchKernel,264,40,0
cudaLaunchKernel,84,40,0
cudaLaunchKernel,128,40,0
cudaLaunchKernel,216,39,0
cudaLaunchKernel,272,40,0
cudaLaunchKernel,128,39,0
cudaLaunchKernel,216,40,0
cudaLaunchKernel,128,41,0
cudaLaunchKernel,216,40,0
cudaLaunchKernel,272,39,0
cudaLaunchKernel,128,43,0
cudaLaunchKernel,216,41,0
cudaLaunchKernel,164,42,0
cudaLaunchKernel,128,40,0
cudaLaunchKernel,216,40,0
cudaLaunchKernel,128,42,0
cudaLaunchKernel,216,42,0
cudaLaunchKernel,164,40,0
cudaLaunchKernel,252,39,0
cudaOccupancyMaxActiveBlocksPerMultiprocessorWithFlags,36,39,0
cudaLaunchKernel,264,40,0
cudaLaunchKernel,84,39,0
cudaLaunchKernel,128,40,0
cudaLaunchKernel,216,40,0
cudaLaunchKernel,272,42,0
cudaLaunchKernel,128,40,0
cudaLaunchKernel,216,44,0
cudaLaunchKernel,128,39,0
cudaLaunchKernel,216,42,0
cudaLaunchKernel,272,40,0
cudaLaunchKernel,128,40,0
cudaLaunchKernel,216,40,0
cudaLaunchKernel,164,38,0
cudaLaunchKernel,128,40,0
cudaLaunchKernel,216,41,0
cudaLaunchKernel,128,39,0
cudaLaunchKernel,216,42,0
cudaLaunchKernel,164,39,0
cudaLaunchKernel,252,40,0
cudaOccupancyMaxActiveBlocksPerMultiprocessorWithFlags,36,38,0
cudaLaunchKernel,264,41,0
cudaLaunchKernel,84,41,0
cudaLaunchKernel,128,40,0
cudaLaunchKernel,216,40,0
cudaLaunchKernel,272,40,0
cudaLaunchKernel,128,41,0
cudaLaunchKernel,216,40,0
cudaLaunchKernel,128,39,0
cudaLaunchKernel,216,40,0
cudaLaunchKernel,272,40,0
cudaLaunchKernel,128,41,0
cudaLaunchKernel,216,41,0
cudaLaunchKernel,164,40,0
cudaLaunchKernel,128,39,0
cudaLaunchKernel,216,42,0
cudaLaunchKernel,128,38,0
cudaLaunchKernel,216,41,0
cudaLaunchKernel,164,50,0
cudaLaunchKernel,252,42,0
cudaOccupancyMaxActiveBlocksPerMultiprocessorWithFlags,36,38,0
cudaLaunchKernel,264,39,0
cudaLaunchKernel,84,40,0
cudaLaunchKernel,128,41,0
cudaLaunchKernel,216,42,0
cudaLaunchKernel,272,38,0
cudaLaunchKernel,128,40,0
cudaLaunchKernel,216,40,0
cudaLaunchKernel,128,40,0
cudaLaunchKernel,216,40,0
cudaLaunchKernel,272,39,0
cudaLaunchKernel,128,39,0
cudaLaunchKernel,216,40,0
cudaLaunchKernel,164,42,0
cudaLaunchKernel,128,38,0
cudaLaunchKernel,216,44,0
cudaLaunchKernel,128,38,0
cudaLaunchKernel,216,40,0
cudaLaunchKernel,164,40,0
cudaLaunchKernel,252,39,0
cudaOccupancyMaxActiveBlocksPerMultiprocessorWithFlags,36,38,0
cudaLaunchKernel,264,40,0
cudaLaunchKernel,84,40,0
cudaLaunchKernel,128,40,0
cudaLaunchKernel,216,39,0
cudaLaunchKernel,272,41,0
cudaLaunchKernel,128,38,0
cudaLaunchKernel,216,40,0
cudaLaunchKernel,128,41,0
cudaLaunchKernel,216,38,0
cudaLaunchKernel,272,41,0
cudaLaunchKernel,128,38,0
cudaLaunchKernel,216,39,0
cudaLaunchKernel,164,40,0
cudaLaunchKernel,128,41,0
cudaLaunchKernel,216,41,0
cudaLaunchKernel,128,39,0
cudaLaunchKernel,216,42,0
cudaLaunchKernel,164,41,0
cudaLaunchKernel,252,41,0
cudaOccupancyMaxActiveBlocksPerMultiprocessorWithFlags,36,38,0
cudaLaunchKernel,264,39,0
cudaLaunchKernel,84,40,0
cudaLaunchKernel,128,41,0
cudaLaunchKernel,216,42,0
cudaLaunchKernel,272,40,0
cudaLaunchKernel,128,40,0
cudaLaunchKernel,216,40,0
cudaLaunchKernel,128,41,0
cudaLaunchKernel,216,40,0
cudaLaunchKernel,272,40,0
cudaLaunchKernel,128,41,0
cudaLaunchKernel,216,38,0
cudaLaunchKernel,164,39,0
cudaLaunchKernel,128,41,0
cudaLaunchKernel,216,40,0
cudaLaunchKernel,128,41,0
cudaLaunchKernel,216,40,0
cudaLaunchKernel,164,41,0
cudaLaunchKernel,252,40,0
cudaOccupancyMaxActiveBlocksPerMultiprocessorWithFlags,36,38,0
cudaLaunchKernel,264,39,0
cudaLaunchKernel,84,41,0
cudaLaunchKernel,128,43,0
cudaLaunchKernel,216,39,0
cudaLaunchKernel,272,40,0
cudaLaunchKernel,128,39,0
cudaLaunchKernel,216,39,0
cudaLaunchKernel,128,41,0
cudaLaunchKernel,216,41,0
cudaLaunchKernel,272,40,0
cudaLaunchKernel,128,41,0
cudaLaunchKernel,216,35,0
cudaLaunchKernel,164,43,0
cudaLaunchKernel,128,48,0
cudaLaunchKernel,216,42,0
cudaLaunchKernel,128,41,0
cudaLaunchKernel,216,42,0
cudaLaunchKernel,164,40,0
cudaLaunchKernel,252,40,0
cudaOccupancyMaxActiveBlocksPerMultiprocessorWithFlags,36,39,0
cudaLaunchKernel,264,40,0
cudaLaunchKernel,84,41,0
cudaLaunchKernel,128,41,0
cudaLaunchKernel,216,40,0
cudaLaunchKernel,272,40,0
cudaLaunchKernel,128,43,0
cudaLaunchKernel,216,42,0
cudaLaunchKernel,128,38,0
cudaLaunchKernel,216,42,0
cudaLaunchKernel,272,41,0
cudaLaunchKernel,128,39,0
cudaLaunchKernel,216,44,0
cudaLaunchKernel,164,42,0
cudaLaunchKernel,128,40,0
cudaLaunchKernel,216,41,0
cudaLaunchKernel,128,41,0
cudaLaunchKernel,216,41,0
cudaLaunchKernel,164,42,0
cudaLaunchKernel,252,40,0
cudaOccupancyMaxActiveBlocksPerMultiprocessorWithFlags,36,37,0
cudaLaunchKernel,264,39,0
cudaLaunchKernel,84,43,0
cudaLaunchKernel,128,39,0
cudaLaunchKernel,216,43,0
cudaLaunchKernel,272,41,0
cudaLaunchKernel,128,40,0
cudaLaunchKernel,216,40,0
cudaLaunchKernel,128,40,0
cudaLaunchKernel,216,40,0
cudaLaunchKernel,272,39,0
cudaLaunchKernel,128,40,0
cudaLaunchKernel,216,43,0
cudaLaunchKernel,164,42,0
cudaLaunchKernel,128,41,0
cudaLaunchKernel,216,39,0
cudaLaunchKernel,128,39,0
cudaLaunchKernel,216,39,0
cudaLaunchKernel,164,38,0
cudaLaunchKernel,252,40,0
cudaOccupancyMaxActiveBlocksPerMultiprocessorWithFlags,36,38,0
cudaLaunchKernel,264,43,0
cudaLaunchKernel,84,41,0
cudaLaunchKernel,128,40,0
cudaLaunchKernel,216,41,0
cudaLaunchKernel,272,40,0
cudaLaunchKernel,128,40,0
cudaLaunchKernel,216,41,0
cudaLaunchKernel,128,40,0
cudaLaunchKernel,216,42,0
cudaLaunchKernel,272,38,0
cudaLaunchKernel,128,42,0
cudaLaunchKernel,216,40,0
cudaLaunchKernel,164,40,0
cudaLaunchKernel,128,41,0
cudaLaunchKernel,216,42,0
cudaLaunchKernel,128,40,0
cudaLaunchKernel,216,41,0
cudaLaunchKernel,164,39,0
cudaLaunchKernel,252,40,0
cudaOccupancyMaxActiveBlocksPerMultiprocessorWithFlags,36,38,0
cudaLaunchKernel,264,42,0
cudaLaunchKernel,84,40,0
cudaLaunchKernel,128,41,0
cudaLaunchKernel,216,42,0
cudaLaunchKernel,272,40,0
cudaLaunchKernel,128,40,0
cudaLaunchKernel,216,40,0
cudaLaunchKernel,128,42,0
cudaLaunchKernel,216,40,0
cudaLaunchKernel,272,50,0
cudaLaunchKernel,128,40,0
cudaLaunchKernel,216,38,0
cudaLaunchKernel,164,40,0
cudaLaunchKernel,128,40,0
cudaLaunchKernel,216,38,0
cudaLaunchKernel,128,41,0
cudaLaunchKernel,216,41,0
cudaLaunchKernel,164,42,0
cudaLaunchKernel,252,40,0
cudaOccupancyMaxActiveBlocksPerMultiprocessorWithFlags,36,41,0
cudaLaunchKernel,264,40,0
cudaLaunchKernel,84,40,0
cudaLaunchKernel,128,42,0
cudaLaunchKernel,216,41,0
cudaLaunchKernel,184,41,0
cudaLaunchKernel,184,40,0
cudaLaunchKernel,208,40,0
cudaLaunchKernel,272,39,0
cudaLaunchKernel,128,42,0
cudaLaunchKernel,216,38,0
cudaLaunchKernel,128,40,0
cudaLaunchKernel,216,40,0
cudaLaunchKernel,272,39,0
cudaLaunchKernel,128,39,0
cudaLaunchKernel,216,39,0
cudaMemcpyAsync,37,127,0
cudaStreamSynchronize,8,33,0
cudaStreamSynchronize,8,23,0
cudaStreamSynchronize,8,41,0
cudaMemcpyAsync,8228,48,0
cudaStreamSynchronize,8,41,0
cudaStreamSynchronize,8,44,0
cudaMemcpyAsync,40,39,0
cudaStreamSynchronize,8,41,0
cudaStreamSynchronize,8,42,0
cudaMemcpyAsync,44,38,0
cudaStreamSynchronize,8,44,0
cudaStreamSynchronize,8,43,0
cudaMemcpyAsync,44,39,0
cudaStreamSynchronize,8,42,0
cudaStreamSynchronize,8,41,0
cudaMemcpyAsync,548,38,0
cudaStreamSynchronize,8,42,0
cudaStreamSynchronize,8,44,0
cudaMemcpyAsync,40,42,0
cudaStreamSynchronize,8,41,0
cudaLaunchKernel,272,43,0
cudaLaunchKernel,128,40,0
cudaLaunchKernel,216,41,0
cudaLaunchKernel,164,41,0
cudaLaunchKernel,128,40,0
cudaLaunchKernel,216,41,0
cudaLaunchKernel,128,39,0
cudaLaunchKernel,216,43,0
cudaLaunchKernel,164,40,0
cudaLaunchKernel,252,41,0
cudaOccupancyMaxActiveBlocksPerMultiprocessorWithFlags,36,39,0
cudaLaunchKernel,264,39,0
cudaLaunchKernel,84,40,0
cudaLaunchKernel,128,40,0
cudaLaunchKernel,216,41,0
cudaLaunchKernel,272,40,0
cudaLaunchKernel,128,38,0
cudaLaunchKernel,216,44,0
cudaLaunchKernel,128,40,0
cudaLaunchKernel,216,42,0
cudaLaunchKernel,272,40,0
cudaLaunchKernel,128,40,0
cudaLaunchKernel,216,41,0
cudaLaunchKernel,164,38,0
cudaLaunchKernel,128,42,0
cudaLaunchKernel,216,40,0
cudaLaunchKernel,128,39,0
cudaLaunchKernel,216,41,0
cudaLaunchKernel,164,46,0
cudaLaunchKernel,252,41,0
cudaOccupancyMaxActiveBlocksPerMultiprocessorWithFlags,36,38,0
cudaLaunchKernel,264,41,0
cudaLaunchKernel,84,40,0
cudaLaunchKernel,128,40,0
cudaLaunchKernel,216,41,0
cudaLaunchKernel,272,39,0
cudaLaunchKernel,128,44,0
cudaLaunchKernel,216,41,0
cudaLaunchKernel,128,41,0
cudaLaunchKernel,216,40,0
cudaLaunchKernel,272,39,0
cudaLaunchKernel,128,40,0
cudaLaunchKernel,216,41,0
cudaLaunchKernel,164,42,0
cudaLaunchKernel,128,39,0
cudaLaunchKernel,216,43,0
cudaLaunchKernel,128,47,0
cudaLaunchKernel,216,42,0
cudaLaunchKernel,164,39,0
cudaLaunchKernel,252,38,0
cudaOccupancyMaxActiveBlocksPerMultiprocessorWithFlags,36,39,0
cudaLaunchKernel,264,39,0
cudaLaunchKernel,84,41,0
cudaLaunchKernel,128,40,0
cudaLaunchKernel,216,38,0
cudaLaunchKernel,272,39,0
cudaLaunchKernel,128,40,0
cudaLaunchKernel,216,42,0
cudaLaunchKernel,128,40,0
cudaLaunchKernel,216,40,0
cudaLaunchKernel,272,40,0
cudaLaunchKernel,128,39,0
cudaLaunchKernel,216,40,0
cudaLaunchKernel,164,40,0
cudaLaunchKernel,128,39,0
cudaLaunchKernel,216,41,0
cudaLaunchKernel,128,42,0
cudaLaunchKernel,216,41,0
cudaLaunchKernel,164,41,0
cudaLaunchKernel,252,40,0
cudaOccupancyMaxActiveBlocksPerMultiprocessorWithFlags,36,38,0
cudaLaunchKernel,264,41,0
cudaLaunchKernel,84,41,0
cudaLaunchKernel,128,40,0
cudaLaunchKernel,216,41,0
cudaLaunchKernel,272,43,0
cudaLaunchKernel,128,41,0
cudaLaunchKernel,216,42,0
cudaLaunchKernel,128,40,0
cudaLaunchKernel,216,41,0
cudaLaunchKernel,272,40,0
cudaLaunchKernel,128,42,0
cudaLaunchKernel,216,41,0
cudaLaunchKernel,164,38,0
cudaLaunchKernel,128,42,0
cudaLaunchKernel,216,39,0
cudaLaunchKernel,128,41,0
cudaLaunchKernel,216,40,0
cudaLaunchKernel,164,39,0
cudaLaunchKernel,252,39,0
cudaOccupancyMaxActiveBlocksPerMultiprocessorWithFlags,36,37,0
cudaLaunchKernel,264,41,0
cudaLaunchKernel,84,40,0
cudaLaunchKernel,128,40,0
cudaLaunchKernel,216,43,0
cudaLaunchKernel,272,39,0
cudaLaunchKernel,128,39,0
cudaLaunchKernel,216,43,0
cudaLaunchKernel,128,38,0
cudaLaunchKernel,216,39,0
cudaLaunchKernel,272,40,0
cudaLaunchKernel,128,41,0
cudaLaunchKernel,216,37,0
cudaLaunchKernel,164,39,0
cudaLaunchKernel,128,48,0
cudaLaunchKernel,216,43,0
cudaLaunchKernel,128,39,0
cudaLaunchKernel,216,41,0
cudaLaunchKernel,164,40,0
cudaLaunchKernel,252,39,0
cudaOccupancyMaxActiveBlocksPerMultiprocessorWithFlags,36,40,0
cudaLaunchKernel,264,41,0
cudaLaunchKernel,84,41,0
cudaLaunchKernel,128,39,0
cudaLaunchKernel,216,43,0
cudaLaunchKernel,272,40,0
cudaLaunchKernel,128,41,0
cudaLaunchKernel,216,41,0
cudaLaunchKernel,128,39,0
cudaLaunchKernel,216,41,0
cudaLaunchKernel,272,41,0
cudaLaunchKernel,128,41,0
cudaLaunchKernel,216,40,0
cudaLaunchKernel,164,42,0
cudaLaunchKernel,128,40,0
cudaLaunchKernel,216,42,0
cudaLaunchKernel,128,41,0
cudaLaunchKernel,216,40,0
cudaLaunchKernel,164,40,0
cudaLaunchKernel,252,40,0
cudaOccupancyMaxActiveBlocksPerMultiprocessorWithFlags,36,39,0
cudaLaunchKernel,264,39,0
cudaLaunchKernel,84,42,0
cudaLaunchKernel,128,42,0
cudaLaunchKernel,216,41,0
cudaLaunchKernel,272,40,0
cudaLaunchKernel,128,39,0
cudaLaunchKernel,216,40,0
cudaLaunchKernel,128,39,0
cudaLaunchKernel,216,42,0
cudaLaunchKernel,272,40,0
cudaLaunchKernel,128,39,0
cudaLaunchKernel,216,44,0
cudaLaunchKernel,164,40,0
cudaLaunchKernel,128,40,0
cudaLaunchKernel,216,41,0
cudaLaunchKernel,128,39,0
cudaLaunchKernel,216,41,0
cudaLaunchKernel,164,39,0
cudaLaunchKernel,252,41,0
cudaOccupancyMaxActiveBlocksPerMultiprocessorWithFlags,36,38,0
cudaLaunchKernel,264,40,0
cudaLaunchKernel,84,42,0
cudaLaunchKernel,128,39,0
cudaLaunchKernel,216,41,0
cudaLaunchKernel,272,39,0
cudaLaunchKernel,128,42,0
cudaLaunchKernel,216,41,0
cudaLaunchKernel,128,41,0
cudaLaunchKernel,216,40,0
cudaLaunchKernel,272,41,0
cudaLaunchKernel,128,38,0
cudaLaunchKernel,216,43,0
cudaLaunchKernel,164,39,0
cudaLaunchKernel,128,40,0
cudaLaunchKernel,216,40,0
cudaLaunchKernel,128,39,0
cudaLaunchKernel,216,40,0
cudaLaunchKernel,164,41,0
cudaLaunchKernel,252,40,0
cudaOccupancyMaxActiveBlocksPerMultiprocessorWithFlags,36,38,0
cudaLaunchKernel,264,41,0
cudaLaunchKernel,84,41,0
cudaLaunchKernel,128,40,0
cudaLaunchKernel,216,40,0
cudaLaunchKernel,272,41,0
cudaLaunchKernel,128,39,0
cudaLaunchKernel,216,41,0
cudaLaunchKernel,128,39,0
cudaLaunchKernel,216,40,0
cudaLaunchKernel,272,45,0
cudaLaunchKernel,128,42,0
cudaLaunchKernel,216,40,0
cudaLaunchKernel,164,39,0
cudaLaunchKernel,128,40,0
cudaLaunchKernel,216,41,0
cudaLaunchKernel,128,39,0
cudaLaunchKernel,216,41,0
cudaLaunchKernel,164,39,0
cudaLaunchKernel,252,39,0
cudaOccupancyMaxActiveBlocksPerMultiprocessorWithFlags,36,38,0
cudaLaunchKernel,264,41,0
cudaLaunchKernel,84,40,0
cudaLaunchKernel,128,40,0
cudaLaunchKernel,216,41,0
cudaLaunchKernel,272,41,0
cudaLaunchKernel,128,41,0
cudaLaunchKernel,216,43,0
cudaLaunchKernel,128,41,0
cudaLaunchKernel,216,40,0
cudaLaunchKernel,272,42,0
cudaLaunchKernel,128,39,0
cudaLaunchKernel,216,41,0
cudaLaunchKernel,164,38,0
cudaLaunchKernel,128,41,0
cudaLaunchKernel,216,39,0
cudaLaunchKernel,128,38,0
cudaLaunchKernel,216,41,0
cudaLaunchKernel,164,39,0
cudaLaunchKernel,252,40,0
cudaOccupancyMaxActiveBlocksPerMultiprocessorWithFlags,36,40,0
cudaLaunchKernel,264,36,0
cudaLaunchKernel,84,41,0
cudaLaunchKernel,128,40,0
cudaLaunchKernel,216,43,0
cudaLaunchKernel,272,40,0
cudaLaunchKernel,128,41,0
cudaLaunchKernel,216,42,0
cudaLaunchKernel,128,39,0
cudaLaunchKernel,216,39,0
cudaLaunchKernel,272,42,0
cudaLaunchKernel,128,40,0
cudaLaunchKernel,216,40,0
cudaLaunchKernel,164,41,0
cudaLaunchKernel,128,40,0
cudaLaunchKernel,216,40,0
cudaLaunchKernel,128,42,0
cudaLaunchKernel,216,41,0
cudaLaunchKernel,164,41,0
cudaLaunchKernel,252,42,0
cudaOccupancyMaxActiveBlocksPerMultiprocessorWithFlags,36,38,0
cudaLaunchKernel,264,40,0
cudaLaunchKernel,84,42,0
cudaLaunchKernel,128,41,0
cudaLaunchKernel,216,41,0
cudaLaunchKernel,272,40,0
cudaLaunchKernel,128,40,0
cudaLaunchKernel,216,41,0
cudaLaunchKernel,128,41,0
cudaLaunchKernel,216,44,0
cudaLaunchKernel,272,40,0
cudaLaunchKernel,128,40,0
cudaLaunchKernel,216,40,0
cudaLaunchKernel,164,40,0
cudaLaunchKernel,128,41,0
cudaLaunchKernel,216,44,0
cudaLaunchKernel,128,38,0
cudaLaunchKernel,216,39,0
cudaLaunchKernel,164,41,0
cudaLaunchKernel,252,41,0
cudaOccupancyMaxActiveBlocksPerMultiprocessorWithFlags,36,39,0
cudaLaunchKernel,264,39,0
cudaLaunchKernel,84,40,0
cudaLaunchKernel,128,39,0
cudaLaunchKernel,216,40,0
cudaLaunchKernel,272,39,0
cudaLaunchKernel,128,46,0
cudaLaunchKernel,216,39,0
cudaLaunchKernel,128,42,0
cudaLaunchKernel,216,40,0
cudaLaunchKernel,272,40,0
cudaLaunchKernel,128,39,0
cudaLaunchKernel,216,40,0
cudaLaunchKernel,164,41,0
cudaLaunchKernel,128,40,0
cudaLaunchKernel,216,38,0
cudaLaunchKernel,128,41,0
cudaLaunchKernel,216,40,0
cudaLaunchKernel,164,40,0
cudaLaunchKernel,252,40,0
cudaOccupancyMaxActiveBlocksPerMultiprocessorWithFlags,36,38,0
cudaLaunchKernel,264,41,0
cudaLaunchKernel,84,42,0
cudaLaunchKernel,128,40,0
cudaLaunchKernel,216,42,0
cudaLaunchKernel,272,39,0
cudaLaunchKernel,128,39,0
cudaLaunchKernel,216,43,0
cudaLaunchKernel,128,41,0
cudaLaunchKernel,216,42,0
cudaLaunchKernel,272,41,0
cudaLaunchKernel,128,42,0
cudaLaunchKernel,216,39,0
cudaLaunchKernel,164,41,0
cudaLaunchKernel,128,38,0
cudaLaunchKernel,216,40,0
cudaLaunchKernel,128,41,0
cudaLaunchKernel,216,44,0
cudaLaunchKernel,164,40,0
cudaLaunchKernel,252,40,0
cudaOccupancyMaxActiveBlocksPerMultiprocessorWithFlags,36,38,0
cudaLaunchKernel,264,39,0
cudaLaunchKernel,84,39,0
cudaLaunchKernel,128,41,0
cudaLaunchKernel,216,41,0
cudaLaunchKernel,272,40,0
cudaLaunchKernel,128,40,0
cudaLaunchKernel,216,42,0
cudaLaunchKernel,128,39,0
cudaLaunchKernel,216,40,0
cudaLaunchKernel,272,41,0
cudaLaunchKernel,128,41,0
cudaLaunchKernel,216,39,0
cudaLaunchKernel,164,40,0
cudaLaunchKernel,128,40,0
cudaLaunchKernel,216,42,0
cudaLaunchKernel,128,43,0
cudaLaunchKernel,216,41,0
cudaLaunchKernel,164,42,0
cudaLaunchKernel,252,41,0
cudaOccupancyMaxActiveBlocksPerMultiprocessorWithFlags,36,39,0
cudaLaunchKernel,264,38,0
cudaLaunchKernel,84,41,0
cudaLaunchKernel,128,40,0
cudaLaunchKernel,216,39,0
cudaLaunchKernel,272,40,0
cudaLaunchKernel,128,44,0
cudaLaunchKernel,216,39,0
cudaLaunchKernel,128,40,0
cudaLaunchKernel,216,39,0
cudaLaunchKernel,272,40,0
cudaLaunchKernel,128,41,0
cudaLaunchKernel,216,42,0
cudaLaunchKernel,164,41,0
cudaLaunchKernel,128,39,0
cudaLaunchKernel,216,42,0
cudaLaunchKernel,128,41,0
cudaLaunchKernel,216,41,0
cudaLaunchKernel,164,39,0
cudaLaunchKernel,252,39,0
cudaOccupancyMaxActiveBlocksPerMultiprocessorWithFlags,36,37,0
cudaLaunchKernel,264,40,0
cudaLaunchKernel,84,49,0
cudaLaunchKernel,128,37,0
cudaLaunchKernel,216,42,0
cudaLaunchKernel,272,41,0
cudaLaunchKernel,128,39,0
cudaLaunchKernel,216,41,0
cudaLaunchKernel,128,39,0
cudaLaunchKernel,216,37,0
cudaLaunchKernel,272,41,0
cudaLaunchKernel,128,40,0
cudaLaunchKernel,216,40,0
cudaLaunchKernel,164,39,0
cudaLaunchKernel,128,40,0
cudaLaunchKernel,216,42,0
cudaLaunchKernel,128,41,0
cudaLaunchKernel,216,40,0
cudaLaunchKernel,164,40,0
cudaLaunchKernel,252,40,0
cudaOccupancyMaxActiveBlocksPerMultiprocessorWithFlags,36,40,0
cudaLaunchKernel,264,41,0
cudaLaunchKernel,84,41,0
cudaLaunchKernel,128,39,0
cudaLaunchKernel,216,40,0
cudaLaunchKernel,272,42,0
cudaLaunchKernel,128,41,0
cudaLaunchKernel,216,40,0
cudaLaunchKernel,128,39,0
cudaLaunchKernel,216,41,0
cudaLaunchKernel,272,40,0
cudaLaunchKernel,128,41,0
cudaLaunchKernel,216,39,0
cudaLaunchKernel,164,41,0
cudaLaunchKernel,128,42,0
cudaLaunchKernel,216,39,0
cudaLaunchKernel,128,41,0
cudaLaunchKernel,216,41,0
cudaLaunchKernel,164,40,0
cudaLaunchKernel,252,39,0
cudaOccupancyMaxActiveBlocksPerMultiprocessorWithFlags,36,38,0
cudaLaunchKernel,264,38,0
cudaLaunchKernel,84,40,0
cudaLaunchKernel,128,40,0
cudaLaunchKernel,216,43,0
cudaLaunchKernel,272,40,0
cudaLaunchKernel,128,40,0
cudaLaunchKernel,216,40,0
cudaLaunchKernel,128,43,0
cudaLaunchKernel,216,40,0
cudaLaunchKernel,272,40,0
cudaLaunchKernel,128,39,0
cudaLaunchKernel,216,41,0
cudaLaunchKernel,164,41,0
cudaLaunchKernel,128,40,0
cudaLaunchKernel,216,41,0
cudaLaunchKernel,128,40,0
cudaLaunchKernel,216,40,0
cudaLaunchKernel,164,40,0
cudaLaunchKernel,252,39,0
cudaOccupancyMaxActiveBlocksPerMultiprocessorWithFlags,36,37,0
cudaLaunchKernel,264,40,0
cudaLaunchKernel,84,39,0
cudaLaunchKernel,128,40,0
cudaLaunchKernel,216,41,0
cudaLaunchKernel,272,40,0
cudaLaunchKernel,128,39,0
cudaLaunchKernel,216,42,0
cudaLaunchKernel,128,40,0
cudaLaunchKernel,216,38,0
cudaLaunchKernel,272,41,0
cudaLaunchKernel,128,39,0
cudaLaunchKernel,216,40,0
cudaLaunchKernel,164,41,0
cudaLaunchKernel,128,40,0
cudaLaunchKernel,216,40,0
cudaLaunchKernel,128,42,0
cudaLaunchKernel,216,38,0
cudaLaunchKernel,164,46,0
cudaLaunchKernel,252,40,0
cudaOccupancyMaxActiveBlocksPerMultiprocessorWithFlags,36,37,0
cudaLaunchKernel,264,38,0
cudaLaunchKernel,84,42,0
cudaLaunchKernel,128,40,0
cudaLaunchKernel,216,39,0
cudaLaunchKernel,272,41,0
cudaLaunchKernel,128,39,0
cudaLaunchKernel,216,41,0
cudaLaunchKernel,128,40,0
cudaLaunchKernel,216,39,0
cudaLaunchKernel,272,40,0
cudaLaunchKernel,128,38,0
cudaLaunchKernel,216,43,0
cudaLaunchKernel,164,39,0
cudaLaunchKernel,128,39,0
cudaLaunchKernel,216,41,0
cudaLaunchKernel,128,40,0
cudaLaunchKernel,216,39,0
cudaLaunchKernel,164,39,0
cudaLaunchKernel,252,40,0
cudaOccupancyMaxActiveBlocksPerMultiprocessorWithFlags,36,38,0
cudaLaunchKernel,264,39,0
cudaLaunchKernel,84,43,0
cudaLaunchKernel,128,39,0
cudaLaunchKernel,216,41,0
cudaLaunchKernel,184,42,0
cudaLaunchKernel,184,41,0
cudaLaunchKernel,208,40,0
cudaLaunchKernel,272,40,0
cudaLaunchKernel,128,39,0
cudaLaunchKernel,216,39,0
cudaLaunchKernel,128,42,0
cudaLaunchKernel,216,41,0
cudaLaunchKernel,272,41,0
cudaLaunchKernel,128,40,0
cudaLaunchKernel,216,40,0
cudaMemcpyAsync,37,126,0
cudaStreamSynchronize,8,29,0
cudaStreamSynchronize,8,22,0
cudaStreamSynchronize,8,43,0
cudaMemcpyAsync,8228,45,0
cudaStreamSynchronize,8,41,0
cudaStreamSynchronize,8,40,0
cudaMemcpyAsync,40,41,0
cudaStreamSynchronize,8,42,0
cudaStreamSynchronize,8,41,0
cudaMemcpyAsync,44,39,0
cudaStreamSynchronize,8,43,0
cudaStreamSynchronize,8,41,0
cudaMemcpyAsync,44,38,0
cudaStreamSynchronize,8,42,0
cudaStreamSynchronize,8,42,0
cudaMemcpyAsync,548,40,0
cudaStreamSynchronize,8,42,0
cudaStreamSynchronize,8,41,0
cudaMemcpyAsync,40,40,0
cudaStreamSynchronize,8,42,0
cudaLaunchKernel,272,40,0
cudaLaunchKernel,128,41,0
cudaLaunchKernel,216,40,0
cudaLaunchKernel,164,38,0
cudaLaunchKernel,128,39,0
cudaLaunchKernel,216,40,0
cudaLaunchKernel,128,41,0
cudaLaunchKernel,216,40,0
cudaLaunchKernel,164,39,0
cudaLaunchKernel,252,42,0
cudaOccupancyMaxActiveBlocksPerMultiprocessorWithFlags,36,36,0
cudaLaunchKernel,264,39,0
cudaLaunchKernel,84,41,0
cudaLaunchKernel,128,39,0
cudaLaunchKernel,216,44,0
cudaLaunchKernel,272,36,0
cudaLaunchKernel,128,38,0
cudaLaunchKernel,216,46,0
cudaLaunchKernel,128,40,0
cudaLaunchKernel,216,43,0
cudaLaunchKernel,272,43,0
cudaLaunchKernel,128,41,0
cudaLaunchKernel,216,41,0
cudaLaunchKernel,164,40,0
cudaLaunchKernel,128,41,0
cudaLaunchKernel,216,40,0
cudaLaunchKernel,128,41,0
cudaLaunchKernel,216,40,0
cudaLaunchKernel,164,41,0
cudaLaunchKernel,252,41,0
cudaOccupancyMaxActiveBlocksPerMultiprocessorWithFlags,36,38,0
cudaLaunchKernel,264,42,0
cudaLaunchKernel,84,40,0
cudaLaunchKernel,128,40,0
cudaLaunchKernel,216,42,0
cudaLaunchKernel,272,43,0
cudaLaunchKernel,128,39,0
cudaLaunchKernel,216,40,0
cudaLaunchKernel,128,41,0
cudaLaunchKernel,216,40,0
cudaLaunchKernel,272,41,0
cudaLaunchKernel,128,40,0
cudaLaunchKernel,216,40,0
cudaLaunchKernel,164,40,0
cudaLaunchKernel,128,39,0
cudaLaunchKernel,216,42,0
cudaLaunchKernel,128,40,0
cudaLaunchKernel,216,40,0
cudaLaunchKernel,164,41,0
cudaLaunchKernel,252,39,0
cudaOccupancyMaxActiveBlocksPerMultiprocessorWithFlags,36,39,0
cudaLaunchKernel,264,42,0
cudaLaunchKernel,84,39,0
cudaLaunchKernel,128,39,0
cudaLaunchKernel,216,42,0
cudaLaunchKernel,272,39,0
cudaLaunchKernel,128,38,0
cudaLaunchKernel,216,41,0
cudaLaunchKernel,128,42,0
cudaLaunchKernel,216,42,0
cudaLaunchKernel,272,40,0
cudaLaunchKernel,128,41,0
cudaLaunchKernel,216,42,0
cudaLaunchKernel,164,39,0
cudaLaunchKernel,128,39,0
cudaLaunchKernel,216,39,0
cudaLaunchKernel,128,40,0
cudaLaunchKernel,216,44,0
cudaLaunchKernel,164,40,0
cudaLaunchKernel,252,39,0
cudaOccupancyMaxActiveBlocksPerMultiprocessorWithFlags,36,38,0
cudaLaunchKernel,264,41,0
cudaLaunchKernel,84,41,0
cudaLaunchKernel,128,40,0
cudaLaunchKernel,216,39,0
cudaLaunchKernel,272,40,0
cudaLaunchKernel,128,39,0
cudaLaunchKernel,216,42,0
cudaLaunchKernel,128,39,0
cudaLaunchKernel,216,40,0
cudaLaunchKernel,272,40,0
cudaLaunchKernel,128,42,0
cudaLaunchKernel,216,42,0
cudaLaunchKernel,164,40,0
cudaLaunchKernel,128,40,0
cudaLaunchKernel,216,40,0
cudaLaunchKernel,128,41,0
cudaLaunchKernel,216,42,0
cudaLaunchKernel,164,40,0
cudaLaunchKernel,252,40,0
cudaOccupancyMaxActiveBlocksPerMultiprocessorWithFlags,36,42,0
cudaLaunchKernel,264,35,0
cudaLaunchKernel,84,41,0
cudaLaunchKernel,128,48,0
cudaLaunchKernel,216,41,0
cudaLaunchKernel,272,39,0
cudaLaunchKernel,128,42,0
cudaLaunchKernel,216,42,0
cudaLaunchKernel,128,39,0
cudaLaunchKernel,216,38,0
cudaLaunchKernel,272,39,0
cudaLaunchKernel,128,40,0
cudaLaunchKernel,216,43,0
cudaLaunchKernel,164,40,0
cudaLaunchKernel,128,38,0
cudaLaunchKernel,216,41,0
cudaLaunchKernel,128,42,0
cudaLaunchKernel,216,39,0
cudaLaunchKernel,164,40,0
cudaLaunchKernel,252,40,0
cudaOccupancyMaxActiveBlocksPerMultiprocessorWithFlags,36,38,0
cudaLaunchKernel,264,39,0
cudaLaunchKernel,84,40,0
cudaLaunchKernel,128,41,0
cudaLaunchKernel,216,40,0
cudaLaunchKernel,272,42,0
cudaLaunchKernel,128,40,0
cudaLaunchKernel,216,40,0
cudaLaunchKernel,128,40,0
cudaLaunchKernel,216,41,0
cudaLaunchKernel,272,38,0
cudaLaunchKernel,128,41,0
cudaLaunchKernel,216,40,0
cudaLaunchKernel,164,40,0
cudaLaunchKernel,128,38,0
cudaLaunchKernel,216,42,0
cudaLaunchKernel,128,41,0
cudaLaunchKernel,216,40,0
cudaLaunchKernel,164,37,0
cudaLaunchKernel,252,40,0
cudaOccupancyMaxActiveBlocksPerMultiprocessorWithFlags,36,39,0
cudaLaunchKernel,264,40,0
cudaLaunchKernel,84,40,0
cudaLaunchKernel,128,40,0
cudaLaunchKernel,216,40,0
cudaLaunchKernel,272,41,0
cudaLaunchKernel,128,41,0
cudaLaunchKernel,216,41,0
cudaLaunchKernel,128,39,0
cudaLaunchKernel,216,40,0
cudaLaunchKernel,272,41,0
cudaLaunchKernel,128,41,0
cudaLaunchKernel,216,40,0
cudaLaunchKernel,164,39,0
cudaLaunchKernel,128,41,0
cudaLaunchKernel,216,41,0
cudaLaunchKernel,128,39,0
cudaLaunchKernel,216,39,0
cudaLaunchKernel,164,39,0
cudaLaunchKernel,252,39,0
cudaOccupancyMaxActiveBlocksPerMultiprocessorWithFlags,36,39,0
cudaLaunchKernel,264,40,0
cudaLaunchKernel,84,42,0
cudaLaunchKernel,128,42,0
cudaLaunchKernel,216,42,0
cudaLaunchKernel,272,42,0
cudaLaunchKernel,128,38,0
cudaLaunchKernel,216,40,0
cudaLaunchKernel,128,39,0
cudaLaunchKernel,216,39,0
cudaLaunchKernel,272,40,0
cudaLaunchKernel,128,37,0
cudaLaunchKernel,216,42,0
cudaLaunchKernel,164,38,0
cudaLaunchKernel,128,42,0
cudaLaunchKernel,216,40,0
cudaLaunchKernel,128,39,0
cudaLaunchKernel,216,38,0
cudaLaunchKernel,164,41,0
cudaLaunchKernel,252,46,0
cudaOccupancyMaxActiveBlocksPerMultiprocessorWithFlags,36,39,0
cudaLaunchKernel,264,40,0
cudaLaunchKernel,84,42,0
cudaLaunchKernel,128,43,0
cudaLaunchKernel,216,41,0
cudaLaunchKernel,272,39,0
cudaLaunchKernel,128,40,0
cudaLaunchKernel,216,41,0
cudaLaunchKernel,128,39,0
cudaLaunchKernel,216,41,0
cudaLaunchKernel,272,39,0
cudaLaunchKernel,128,39,0
cudaLaunchKernel,216,40,0
cudaLaunchKernel,164,42,0
cudaLaunchKernel,128,40,0
cudaLaunchKernel,216,39,0
cudaLaunchKernel,128,40,0
cudaLaunchKernel,216,41,0
cudaLaunchKernel,164,40,0
cudaLaunchKernel,252,38,0
cudaOccupancyMaxActiveBlocksPerMultiprocessorWithFlags,36,38,0
cudaLaunchKernel,264,40,0
cudaLaunchKernel,84,40,0
cudaLaunchKernel,128,43,0
cudaLaunchKernel,216,40,0
cudaLaunchKernel,272,39,0
cudaLaunchKernel,128,38,0
cudaLaunchKernel,216,40,0
cudaLaunchKernel,128,40,0
cudaLaunchKernel,216,39,0
cudaLaunchKernel,272,39,0
cudaLaunchKernel,128,40,0
cudaLaunchKernel,216,44,0
cudaLaunchKernel,164,41,0
cudaLaunchKernel,128,39,0
cudaLaunchKernel,216,39,0
cudaLaunchKernel,128,41,0
cudaLaunchKernel,216,40,0
cudaLaunchKernel,164,42,0
cudaLaunchKernel,252,39,0
cudaOccupancyMaxActiveBlocksPerMultiprocessorWithFlags,36,40,0
cudaLaunchKernel,264,40,0
cudaLaunchKernel,84,43,0
cudaLaunchKernel,128,40,0
cudaLaunchKernel,216,41,0
cudaLaunchKernel,272,40,0
cudaLaunchKernel,128,39,0
cudaLaunchKernel,216,40,0
cudaLaunchKernel,128,40,0
cudaLaunchKernel,216,40,0
cudaLaunchKernel,272,39,0
cudaLaunchKernel,128,43,0
cudaLaunchKernel,216,41,0
cudaLaunchKernel,164,41,0
cudaLaunchKernel,128,40,0
cudaLaunchKernel,216,39,0
cudaLaunchKernel,128,40,0
cudaLaunchKernel,216,40,0
cudaLaunchKernel,164,40,0
cudaLaunchKernel,252,39,0
cudaOccupancyMaxActiveBlocksPerMultiprocessorWithFlags,36,38,0
cudaLaunchKernel,264,42,0
cudaLaunchKernel,84,42,0
cudaLaunchKernel,128,39,0
cudaLaunchKernel,216,40,0
cudaLaunchKernel,272,38,0
cudaLaunchKernel,128,42,0
cudaLaunchKernel,216,39,0
cudaLaunchKernel,128,40,0
cudaLaunchKernel,216,42,0
cudaLaunchKernel,272,40,0
cudaLaunchKernel,128,42,0
cudaLaunchKernel,216,42,0
cudaLaunchKernel,164,35,0
cudaLaunchKernel,128,40,0
cudaLaunchKernel,216,49,0
cudaLaunchKernel,128,40,0
cudaLaunchKernel,216,40,0
cudaLaunchKernel,164,41,0
cudaLaunchKernel,252,39,0
cudaOccupancyMaxActiveBlocksPerMultiprocessorWithFlags,36,37,0
cudaLaunchKernel,264,42,0
cudaLaunchKernel,84,40,0
cudaLaunchKernel,128,38,0
cudaLaunchKernel,216,41,0
cudaLaunchKernel,272,40,0
cudaLaunchKernel,128,37,0
cudaLaunchKernel,216,40,0
cudaLaunchKernel,128,38,0
cudaLaunchKernel,216,39,0
cudaLaunchKernel,272,43,0
cudaLaunchKernel,128,41,0
cudaLaunchKernel,216,40,0
cudaLaunchKernel,164,41,0
cudaLaunchKernel,128,40,0
cudaLaunchKernel,216,38,0
cudaLaunchKernel,128,41,0
cudaLaunchKernel,216,41,0
cudaLaunchKernel,164,41,0
cudaLaunchKernel,252,41,0
cudaOccupancyMaxActiveBlocksPerMultiprocessorWithFlags,36,38,0
cudaLaunchKernel,264,42,0
cudaLaunchKernel,84,41,0
cudaLaunchKernel,128,41,0
cudaLaunchKernel,216,40,0
cudaLaunchKernel,272,40,0
cudaLaunchKernel,128,40,0
cudaLaunchKernel,216,42,0
cudaLaunchKernel,128,39,0
cudaLaunchKernel,216,45,0
cudaLaunchKernel,272,41,0
cudaLaunchKernel,128,41,0
cudaLaunchKernel,216,40,0
cudaLaunchKernel,164,39,0
cudaLaunchKernel,128,40,0
cudaLaunchKernel,216,39,0
cudaLaunchKernel,128,42,0
cudaLaunchKernel,216,40,0
cudaLaunchKernel,164,41,0
cudaLaunchKernel,252,42,0
cudaOccupancyMaxActiveBlocksPerMultiprocessorWithFlags,36,36,0
cudaLaunchKernel,264,40,0
cudaLaunchKernel,84,40,0
cudaLaunchKernel,128,40,0
cudaLaunchKernel,216,39,0
cudaLaunchKernel,272,40,0
cudaLaunchKernel,128,40,0
cudaLaunchKernel,216,42,0
cudaLaunchKernel,128,39,0
cudaLaunchKernel,216,44,0
cudaLaunchKernel,272,39,0
cudaLaunchKernel,128,40,0
cudaLaunchKernel,216,39,0
cudaLaunchKernel,164,40,0
cudaLaunchKernel,128,39,0
cudaLaunchKernel,216,40,0
cudaLaunchKernel,128,41,0
cudaLaunchKernel,216,40,0
cudaLaunchKernel,164,41,0
cudaLaunchKernel,252,39,0
cudaOccupancyMaxActiveBlocksPerMultiprocessorWithFlags,36,39,0
cudaLaunchKernel,264,40,0
cudaLaunchKernel,84,41,0
cudaLaunchKernel,128,41,0
cudaLaunchKernel,216,40,0
cudaLaunchKernel,272,42,0
cudaLaunchKernel,128,41,0
cudaLaunchKernel,216,40,0
cudaLaunchKernel,128,43,0
cudaLaunchKernel,216,39,0
cudaLaunchKernel,272,40,0
cudaLaunchKernel,128,46,0
cudaLaunchKernel,216,40,0
cudaLaunchKernel,164,40,0
cudaLaunchKernel,128,41,0
cudaLaunchKernel,216,40,0
cudaLaunchKernel,128,41,0
cudaLaunchKernel,216,42,0
cudaLaunchKernel,164,40,0
cudaLaunchKernel,252,40,0
cudaOccupancyMaxActiveBlocksPerMultiprocessorWithFlags,36,39,0
cudaLaunchKernel,264,40,0
cudaLaunchKernel,84,40,0
cudaLaunchKernel,128,40,0
cudaLaunchKernel,216,40,0
cudaLaunchKernel,272,40,0
cudaLaunchKernel,128,40,0
cudaLaunchKernel,216,43,0
cudaLaunchKernel,128,39,0
cudaLaunchKernel,216,38,0
cudaLaunchKernel,272,40,0
cudaLaunchKernel,128,40,0
cudaLaunchKernel,216,40,0
cudaLaunchKernel,164,39,0
cudaLaunchKernel,128,40,0
cudaLaunchKernel,216,40,0
cudaLaunchKernel,128,40,0
cudaLaunchKernel,216,41,0
cudaLaunchKernel,164,39,0
cudaLaunchKernel,252,39,0
cudaOccupancyMaxActiveBlocksPerMultiprocessorWithFlags,36,38,0
cudaLaunchKernel,264,40,0
cudaLaunchKernel,84,40,0
cudaLaunchKernel,128,43,0
cudaLaunchKernel,216,41,0
cudaLaunchKernel,272,39,0
cudaLaunchKernel,128,40,0
cudaLaunchKernel,216,42,0
cudaLaunchKernel,128,39,0
cudaLaunchKernel,216,41,0
cudaLaunchKernel,272,39,0
cudaLaunchKernel,128,38,0
cudaLaunchKernel,216,41,0
cudaLaunchKernel,164,41,0
cudaLaunchKernel,128,38,0
cudaLaunchKernel,216,40,0
cudaLaunchKernel,128,43,0
cudaLaunchKernel,216,43,0
cudaLaunchKernel,164,39,0
cudaLaunchKernel,252,40,0
cudaOccupancyMaxActiveBlocksPerMultiprocessorWithFlags,36,38,0
cudaLaunchKernel,264,40,0
cudaLaunchKernel,84,40,0
cudaLaunchKernel,128,41,0
cudaLaunchKernel,216,40,0
cudaLaunchKernel,272,40,0
cudaLaunchKernel,128,43,0
cudaLaunchKernel,216,39,0
cudaLaunchKernel,128,40,0
cudaLaunchKernel,216,41,0
cudaLaunchKernel,272,40,0
cudaLaunchKernel,128,40,0
cudaLaunchKernel,216,41,0
cudaLaunchKernel,164,40,0
cudaLaunchKernel,128,40,0
cudaLaunchKernel,216,43,0
cudaLaunchKernel,128,40,0
cudaLaunchKernel,216,40,0
cudaLaunchKernel,164,42,0
cudaLaunchKernel,252,40,0
cudaOccupancyMaxActiveBlocksPerMultiprocessorWithFlags,36,38,0
cudaLaunchKernel,264,42,0
cudaLaunchKernel,84,41,0
cudaLaunchKernel,128,39,0
cudaLaunchKernel,216,45,0
cudaLaunchKernel,272,42,0
cudaLaunchKernel,128,38,0
cudaLaunchKernel,216,47,0
cudaLaunchKernel,128,38,0
cudaLaunchKernel,216,39,0
cudaLaunchKernel,272,39,0
cudaLaunchKernel,128,39,0
cudaLaunchKernel,216,40,0
cudaLaunchKernel,164,42,0
cudaLaunchKernel,128,42,0
cudaLaunchKernel,216,43,0
cudaLaunchKernel,128,42,0
cudaLaunchKernel,216,41,0
cudaLaunchKernel,164,39,0
cudaLaunchKernel,252,41,0
cudaOccupancyMaxActiveBlocksPerMultiprocessorWithFlags,36,37,0
cudaLaunchKernel,264,38,0
cudaLaunchKernel,84,42,0
cudaLaunchKernel,128,41,0
cudaLaunchKernel,216,42,0
cudaLaunchKernel,272,38,0
cudaLaunchKernel,128,42,0
cudaLaunchKernel,216,40,0
cudaLaunchKernel,128,40,0
cudaLaunchKernel,216,40,0
cudaLaunchKernel,272,40,0
cudaLaunchKernel,128,41,0
cudaLaunchKernel,216,41,0
cudaLaunchKernel,164,39,0
cudaLaunchKernel,128,42,0
cudaLaunchKernel,216,42,0
cudaLaunchKernel,128,38,0
cudaLaunchKernel,216,42,0
cudaLaunchKernel,164,39,0
cudaLaunchKernel,252,40,0
cudaOccupancyMaxActiveBlocksPerMultiprocessorWithFlags,36,36,0
cudaLaunchKernel,264,39,0
cudaLaunchKernel,84,41,0
cudaLaunchKernel,128,40,0
cudaLaunchKernel,216,42,0
cudaLaunchKernel,184,41,0
cudaLaunchKernel,184,40,0
cudaLaunchKernel,208,40,0
cudaLaunchKernel,272,40,0
cudaLaunchKernel,128,40,0
cudaLaunchKernel,216,41,0
cudaLaunchKernel,128,40,0
cudaLaunchKernel,216,41,0
cudaLaunchKernel,272,45,0
cudaLaunchKernel,128,39,0
cudaLaunchKernel,216,42,0
cudaMemcpyAsync,37,122,0
cudaStreamSynchronize,8,31,0
cudaStreamSynchronize,8,23,0
cudaStreamSynchronize,8,43,0
cudaMemcpyAsync,8228,45,0
cudaStreamSynchronize,8,41,0
cudaStreamSynchronize,8,41,0
cudaMemcpyAsync,40,39,0
cudaStreamSynchronize,8,42,0
cudaStreamSynchronize,8,44,0
cudaMemcpyAsync,44,40,0
cudaStreamSynchronize,8,41,0
cudaStreamSynchronize,8,42,0
cudaMemcpyAsync,44,39,0
cudaStreamSynchronize,8,42,0
cudaStreamSynchronize,8,43,0
cudaMemcpyAsync,548,40,0
cudaStreamSynchronize,8,40,0
cudaStreamSynchronize,8,42,0
cudaMemcpyAsync,40,40,0
cudaStreamSynchronize,8,41,0
cudaLaunchKernel,272,43,0
cudaLaunchKernel,128,40,0
cudaLaunchKernel,216,43,0
cudaLaunchKernel,164,39,0
cudaLaunchKernel,128,41,0
cudaLaunchKernel,216,38,0
cudaLaunchKernel,128,45,0
cudaLaunchKernel,216,41,0
cudaLaunchKernel,164,39,0
cudaLaunchKernel,252,40,0
cudaOccupancyMaxActiveBlocksPerMultiprocessorWithFlags,36,41,0
cudaLaunchKernel,264,41,0
cudaLaunchKernel,84,41,0
cudaLaunchKernel,128,38,0
cudaLaunchKernel,216,42,0
cudaLaunchKernel,272,41,0
cudaLaunchKernel,128,38,0
cudaLaunchKernel,216,39,0
cudaLaunchKernel,128,41,0
cudaLaunchKernel,216,41,0
cudaLaunchKernel,272,39,0
cudaLaunchKernel,128,42,0
cudaLaunchKernel,216,42,0
cudaLaunchKernel,164,40,0
cudaLaunchKernel,128,42,0
cudaLaunchKernel,216,40,0
cudaLaunchKernel,128,40,0
cudaLaunchKernel,216,43,0
cudaLaunchKernel,164,40,0
cudaLaunchKernel,252,39,0
cudaOccupancyMaxActiveBlocksPerMultiprocessorWithFlags,36,38,0
cudaLaunchKernel,264,44,0
cudaLaunchKernel,84,40,0
cudaLaunchKernel,128,39,0
cudaLaunchKernel,216,40,0
cudaLaunchKernel,272,40,0
cudaLaunchKernel,128,40,0
cudaLaunchKernel,216,38,0
cudaLaunchKernel,128,39,0
cudaLaunchKernel,216,38,0
cudaLaunchKernel,272,43,0
cudaLaunchKernel,128,41,0
cudaLaunchKernel,216,40,0
cudaLaunchKernel,164,40,0
cudaLaunchKernel,128,38,0
cudaLaunchKernel,216,38,0
cudaLaunchKernel,128,39,0
cudaLaunchKernel,216,40,0
cudaLaunchKernel,164,40,0
cudaLaunchKernel,252,40,0
cudaOccupancyMaxActiveBlocksPerMultiprocessorWithFlags,36,41,0
cudaLaunchKernel,264,40,0
cudaLaunchKernel,84,43,0
cudaLaunchKernel,128,39,0
cudaLaunchKernel,216,41,0
cudaLaunchKernel,272,40,0
cudaLaunchKernel,128,38,0
cudaLaunchKernel,216,41,0
cudaLaunchKernel,128,43,0
cudaLaunchKernel,216,41,0
cudaLaunchKernel,272,40,0
cudaLaunchKernel,128,39,0
cudaLaunchKernel,216,39,0
cudaLaunchKernel,164,39,0
cudaLaunchKernel,128,40,0
cudaLaunchKernel,216,42,0
cudaLaunchKernel,128,39,0
cudaLaunchKernel,216,39,0
cudaLaunchKernel,164,39,0
cudaLaunchKernel,252,43,0
cudaOccupancyMaxActiveBlocksPerMultiprocessorWithFlags,36,40,0
cudaLaunchKernel,264,38,0
cudaLaunchKernel,84,40,0
cudaLaunchKernel,128,39,0
cudaLaunchKernel,216,40,0
cudaLaunchKernel,272,39,0
cudaLaunchKernel,128,40,0
cudaLaunchKernel,216,41,0
cudaLaunchKernel,128,39,0
cudaLaunchKernel,216,42,0
cudaLaunchKernel,272,41,0
cudaLaunchKernel,128,39,0
cudaLaunchKernel,216,45,0
cudaLaunchKernel,164,39,0
cudaLaunchKernel,128,40,0
cudaLaunchKernel,216,40,0
cudaLaunchKernel,128,40,0
cudaLaunchKernel,216,40,0
cudaLaunchKernel,164,45,0
cudaLaunchKernel,252,40,0
cudaOccupancyMaxActiveBlocksPerMultiprocessorWithFlags,36,38,0
cudaLaunchKernel,264,38,0
cudaLaunchKernel,84,40,0
cudaLaunchKernel,128,42,0
cudaLaunchKernel,216,43,0
cudaLaunchKernel,272,40,0
cudaLaunchKernel,128,41,0
cudaLaunchKernel,216,40,0
cudaLaunchKernel,128,41,0
cudaLaunchKernel,216,39,0
cudaLaunchKernel,272,40,0
cudaLaunchKernel,128,38,0
cudaLaunchKernel,216,40,0
cudaLaunchKernel,164,40,0
cudaLaunchKernel,128,39,0
cudaLaunchKernel,216,40,0
cudaLaunchKernel,128,39,0
cudaLaunchKernel,216,41,0
cudaLaunchKernel,164,42,0
cudaLaunchKernel,252,41,0
cudaOccupancyMaxActiveBlocksPerMultiprocessorWithFlags,36,39,0
cudaLaunchKernel,264,40,0
cudaLaunchKernel,84,42,0
cudaLaunchKernel,128,42,0
cudaLaunchKernel,216,41,0
cudaLaunchKernel,272,38,0
cudaLaunchKernel,128,39,0
cudaLaunchKernel,216,42,0
cudaLaunchKernel,128,39,0
cudaLaunchKernel,216,40,0
cudaLaunchKernel,272,40,0
cudaLaunchKernel,128,40,0
cudaLaunchKernel,216,40,0
cudaLaunchKernel,164,41,0
cudaLaunchKernel,128,39,0
cudaLaunchKernel,216,40,0
cudaLaunchKernel,128,41,0
cudaLaunchKernel,216,42,0
cudaLaunchKernel,164,41,0
cudaLaunchKernel,252,38,0
cudaOccupancyMaxActiveBlocksPerMultiprocessorWithFlags,36,39,0
cudaLaunchKernel,264,40,0
cudaLaunchKernel,84,41,0
cudaLaunchKernel,128,38,0
cudaLaunchKernel,216,39,0
cudaLaunchKernel,272,39,0
cudaLaunchKernel,128,40,0
cudaLaunchKernel,216,42,0
cudaLaunchKernel,128,38,0
cudaLaunchKernel,216,39,0
cudaLaunchKernel,272,40,0
cudaLaunchKernel,128,40,0
cudaLaunchKernel,216,40,0
cudaLaunchKernel,164,40,0
cudaLaunchKernel,128,39,0
cudaLaunchKernel,216,41,0
cudaLaunchKernel,128,40,0
cudaLaunchKernel,216,41,0
cudaLaunchKernel,164,38,0
cudaLaunchKernel,252,39,0
cudaOccupancyMaxActiveBlocksPerMultiprocessorWithFlags,36,38,0
cudaLaunchKernel,264,39,0
cudaLaunchKernel,84,41,0
cudaLaunchKernel,128,39,0
cudaLaunchKernel,216,41,0
cudaLaunchKernel,272,39,0
cudaLaunchKernel,128,40,0
cudaLaunchKernel,216,39,0
cudaLaunchKernel,128,46,0
cudaLaunchKernel,216,40,0
cudaLaunchKernel,272,39,0
cudaLaunchKernel,128,38,0
cudaLaunchKernel,216,41,0
cudaLaunchKernel,164,39,0
cudaLaunchKernel,128,38,0
cudaLaunchKernel,216,41,0
cudaLaunchKernel,128,39,0
cudaLaunchKernel,216,41,0
cudaLaunchKernel,164,41,0
cudaLaunchKernel,252,40,0
cudaOccupancyMaxActiveBlocksPerMultiprocessorWithFlags,36,38,0
cudaLaunchKernel,264,41,0
cudaLaunchKernel,84,40,0
cudaLaunchKernel,128,38,0
cudaLaunchKernel,216,40,0
cudaLaunchKernel,272,42,0
cudaLaunchKernel,128,40,0
cudaLaunchKernel,216,41,0
cudaLaunchKernel,128,40,0
cudaLaunchKernel,216,39,0
cudaLaunchKernel,272,39,0
cudaLaunchKernel,128,40,0
cudaLaunchKernel,216,40,0
cudaLaunchKernel,164,39,0
cudaLaunchKernel,128,38,0
cudaLaunchKernel,216,41,0
cudaLaunchKernel,128,41,0
cudaLaunchKernel,216,40,0
cudaLaunchKernel,164,39,0
cudaLaunchKernel,252,40,0
cudaOccupancyMaxActiveBlocksPerMultiprocessorWithFlags,36,39,0
cudaLaunchKernel,264,40,0
cudaLaunchKernel,84,40,0
cudaLaunchKernel,128,40,0
cudaLaunchKernel,216,42,0
cudaLaunchKernel,272,39,0
cudaLaunchKernel,128,40,0
cudaLaunchKernel,216,39,0
cudaLaunchKernel,128,41,0
cudaLaunchKernel,216,41,0
cudaLaunchKernel,272,39,0
cudaLaunchKernel,128,41,0
cudaLaunchKernel,216,43,0
cudaLaunchKernel,164,38,0
cudaLaunchKernel,128,43,0
cudaLaunchKernel,216,40,0
cudaLaunchKernel,128,37,0
cudaLaunchKernel,216,38,0
cudaLaunchKernel,164,40,0
cudaLaunchKernel,252,40,0
cudaOccupancyMaxActiveBlocksPerMultiprocessorWithFlags,36,39,0
cudaLaunchKernel,264,40,0
cudaLaunchKernel,84,41,0
cudaLaunchKernel,128,40,0
cudaLaunchKernel,216,41,0
cudaLaunchKernel,272,40,0
cudaLaunchKernel,128,41,0
cudaLaunchKernel,216,40,0
cudaLaunchKernel,128,39,0
cudaLaunchKernel,216,42,0
cudaLaunchKernel,272,38,0
cudaLaunchKernel,128,40,0
cudaLaunchKernel,216,40,0
cudaLaunchKernel,164,41,0
cudaLaunchKernel,128,38,0
cudaLaunchKernel,216,41,0
cudaLaunchKernel,128,40,0
cudaLaunchKernel,216,39,0
cudaLaunchKernel,164,40,0
cudaLaunchKernel,252,39,0
cudaOccupancyMaxActiveBlocksPerMultiprocessorWithFlags,36,38,0
cudaLaunchKernel,264,41,0
cudaLaunchKernel,84,41,0
cudaLaunchKernel,128,42,0
cudaLaunchKernel,216,44,0
cudaLaunchKernel,272,41,0
cudaLaunchKernel,128,40,0
cudaLaunchKernel,216,41,0
cudaLaunchKernel,128,39,0
cudaLaunchKernel,216,39,0
cudaLaunchKernel,272,39,0
cudaLaunchKernel,128,39,0
cudaLaunchKernel,216,39,0
cudaLaunchKernel,164,42,0
cudaLaunchKernel,128,40,0
cudaLaunchKernel,216,40,0
cudaLaunchKernel,128,38,0
cudaLaunchKernel,216,38,0
cudaLaunchKernel,164,38,0
cudaLaunchKernel,252,38,0
cudaOccupancyMaxActiveBlocksPerMultiprocessorWithFlags,36,36,0
cudaLaunchKernel,264,38,0
cudaLaunchKernel,84,43,0
cudaLaunchKernel,128,37,0
cudaLaunchKernel,216,40,0
cudaLaunchKernel,272,39,0
cudaLaunchKernel,128,38,0
cudaLaunchKernel,216,39,0
cudaLaunchKernel,128,39,0
cudaLaunchKernel,216,40,0
cudaLaunchKernel,272,39,0
cudaLaunchKernel,128,39,0
cudaLaunchKernel,216,43,0
cudaLaunchKernel,164,39,0
cudaLaunchKernel,128,42,0
cudaLaunchKernel,216,39,0
cudaLaunchKernel,128,40,0
cudaLaunchKernel,216,41,0
cudaLaunchKernel,164,39,0
cudaLaunchKernel,252,40,0
cudaOccupancyMaxActiveBlocksPerMultiprocessorWithFlags,36,37,0
cudaLaunchKernel,264,40,0
cudaLaunchKernel,84,42,0
cudaLaunchKernel,128,38,0
cudaLaunchKernel,216,40,0
cudaLaunchKernel,272,39,0
cudaLaunchKernel,128,41,0
cudaLaunchKernel,216,39,0
cudaLaunchKernel,128,39,0
cudaLaunchKernel,216,42,0
cudaLaunchKernel,272,40,0
cudaLaunchKernel,128,41,0
cudaLaunchKernel,216,39,0
cudaLaunchKernel,164,39,0
cudaLaunchKernel,128,39,0
cudaLaunchKernel,216,41,0
cudaLaunchKernel,128,38,0
cudaLaunchKernel,216,38,0
cudaLaunchKernel,164,41,0
cudaLaunchKernel,252,39,0
cudaOccupancyMaxActiveBlocksPerMultiprocessorWithFlags,36,37,0
cudaLaunchKernel,264,41,0
cudaLaunchKernel,84,39,0
cudaLaunchKernel,128,39,0
cudaLaunchKernel,216,41,0
cudaLaunchKernel,272,39,0
cudaLaunchKernel,128,41,0
cudaLaunchKernel,216,39,0
cudaLaunchKernel,128,42,0
cudaLaunchKernel,216,39,0
cudaLaunchKernel,272,40,0
cudaLaunchKernel,128,37,0
cudaLaunchKernel,216,40,0
cudaLaunchKernel,164,40,0
cudaLaunchKernel,128,40,0
cudaLaunchKernel,216,40,0
cudaLaunchKernel,128,39,0
cudaLaunchKernel,216,39,0
cudaLaunchKernel,164,40,0
cudaLaunchKernel,252,35,0
cudaOccupancyMaxActiveBlocksPerMultiprocessorWithFlags,36,41,0
cudaLaunchKernel,264,47,0
cudaLaunchKernel,84,42,0
cudaLaunchKernel,128,39,0
cudaLaunchKernel,216,39,0
cudaLaunchKernel,272,39,0
cudaLaunchKernel,128,40,0
cudaLaunchKernel,216,40,0
cudaLaunchKernel,128,39,0
cudaLaunchKernel,216,41,0
cudaLaunchKernel,272,41,0
cudaLaunchKernel,128,40,0
cudaLaunchKernel,216,39,0
cudaLaunchKernel,164,38,0
cudaLaunchKernel,128,40,0
cudaLaunchKernel,216,39,0
cudaLaunchKernel,128,41,0
cudaLaunchKernel,216,40,0
cudaLaunchKernel,164,38,0
cudaLaunchKernel,252,41,0
cudaOccupancyMaxActiveBlocksPerMultiprocessorWithFlags,36,38,0
cudaLaunchKernel,264,41,0
cudaLaunchKernel,84,40,0
cudaLaunchKernel,128,39,0
cudaLaunchKernel,216,41,0
cudaLaunchKernel,272,39,0
cudaLaunchKernel,128,40,0
cudaLaunchKernel,216,39,0
cudaLaunchKernel,128,39,0
cudaLaunchKernel,216,42,0
cudaLaunchKernel,272,39,0
cudaLaunchKernel,128,40,0
cudaLaunchKernel,216,38,0
cudaLaunchKernel,164,38,0
cudaLaunchKernel,128,40,0
cudaLaunchKernel,216,40,0
cudaLaunchKernel,128,38,0
cudaLaunchKernel,216,41,0
cudaLaunchKernel,164,41,0
cudaLaunchKernel,252,41,0
cudaOccupancyMaxActiveBlocksPerMultiprocessorWithFlags,36,36,0
cudaLaunchKernel,264,40,0
cudaLaunchKernel,84,41,0
cudaLaunchKernel,128,38,0
cudaLaunchKernel,216,38,0
cudaLaunchKernel,272,38,0
cudaLaunchKernel,128,38,0
cudaLaunchKernel,216,39,0
cudaLaunchKernel,128,41,0
cudaLaunchKernel,216,40,0
cudaLaunchKernel,272,39,0
cudaLaunchKernel,128,38,0
cudaLaunchKernel,216,40,0
cudaLaunchKernel,164,41,0
cudaLaunchKernel,128,42,0
cudaLaunchKernel,216,43,0
cudaLaunchKernel,128,40,0
cudaLaunchKernel,216,39,0
cudaLaunchKernel,164,42,0
cudaLaunchKernel,252,40,0
cudaOccupancyMaxActiveBlocksPerMultiprocessorWithFlags,36,36,0
cudaLaunchKernel,264,41,0
cudaLaunchKernel,84,42,0
cudaLaunchKernel,128,40,0
cudaLaunchKernel,216,40,0
cudaLaunchKernel,272,41,0
cudaLaunchKernel,128,39,0
cudaLaunchKernel,216,40,0
cudaLaunchKernel,128,42,0
cudaLaunchKernel,216,40,0
cudaLaunchKernel,272,40,0
cudaLaunchKernel,128,39,0
cudaLaunchKernel,216,42,0
cudaLaunchKernel,164,41,0
cudaLaunchKernel,128,40,0
cudaLaunchKernel,216,40,0
cudaLaunchKernel,128,41,0
cudaLaunchKernel,216,43,0
cudaLaunchKernel,164,44,0
cudaLaunchKernel,252,41,0
cudaOccupancyMaxActiveBlocksPerMultiprocessorWithFlags,36,38,0
cudaLaunchKernel,264,42,0
cudaLaunchKernel,84,38,0
cudaLaunchKernel,128,38,0
cudaLaunchKernel,216,40,0
cudaLaunchKernel,272,40,0
cudaLaunchKernel,128,39,0
cudaLaunchKernel,216,45,0
cudaLaunchKernel,128,41,0
cudaLaunchKernel,216,37,0
cudaLaunchKernel,272,38,0
cudaLaunchKernel,128,41,0
cudaLaunchKernel,216,40,0
cudaLaunchKernel,164,39,0
cudaLaunchKernel,128,41,0
cudaLaunchKernel,216,40,0
cudaLaunchKernel,128,39,0
cudaLaunchKernel,216,44,0
cudaLaunchKernel,164,42,0
cudaLaunchKernel,252,38,0
cudaOccupancyMaxActiveBlocksPerMultiprocessorWithFlags,36,38,0
cudaLaunchKernel,264,39,0
cudaLaunchKernel,84,40,0
cudaLaunchKernel,128,39,0
cudaLaunchKernel,216,39,0
cudaLaunchKernel,272,39,0
cudaLaunchKernel,128,42,0
cudaLaunchKernel,216,41,0
cudaLaunchKernel,128,38,0
cudaLaunchKernel,216,42,0
cudaLaunchKernel,272,41,0
cudaLaunchKernel,128,40,0
cudaLaunchKernel,216,42,0
cudaLaunchKernel,164,41,0
cudaLaunchKernel,128,39,0
cudaLaunchKernel,216,40,0
cudaLaunchKernel,128,41,0
cudaLaunchKernel,216,41,0
cudaLaunchKernel,164,39,0
cudaLaunchKernel,252,39,0
cudaOccupancyMaxActiveBlocksPerMultiprocessorWithFlags,36,37,0
cudaLaunchKernel,264,41,0
cudaLaunchKernel,84,43,0
cudaLaunchKernel,128,43,0
cudaLaunchKernel,216,40,0
cudaLaunchKernel,184,39,0
cudaLaunchKernel,184,41,0
cudaLaunchKernel,208,39,0
cudaLaunchKernel,272,42,0
cudaLaunchKernel,128,38,0
cudaLaunchKernel,216,39,0
cudaLaunchKernel,128,40,0
cudaLaunchKernel,216,39,0
cudaLaunchKernel,272,39,0
cudaLaunchKernel,128,41,0
cudaLaunchKernel,216,42,0
cudaMemcpyAsync,37,126,0
cudaStreamSynchronize,8,36,0
cudaStreamSynchronize,8,23,0
cudaStreamSynchronize,8,39,0
cudaMemcpyAsync,8228,42,0
cudaStreamSynchronize,8,41,0
cudaStreamSynchronize,8,41,0
cudaMemcpyAsync,40,37,0
cudaStreamSynchronize,8,41,0
cudaStreamSynchronize,8,42,0
cudaMemcpyAsync,44,39,0
cudaStreamSynchronize,8,40,0
cudaStreamSynchronize,8,44,0
cudaMemcpyAsync,44,37,0
cudaStreamSynchronize,8,39,0
cudaStreamSynchronize,8,42,0
cudaMemcpyAsync,548,39,0
cudaStreamSynchronize,8,41,0
cudaStreamSynchronize,8,50,0
cudaMemcpyAsync,40,40,0
cudaStreamSynchronize,8,42,0
cudaLaunchKernel,272,43,0
cudaLaunchKernel,128,41,0
cudaLaunchKernel,216,40,0
cudaLaunchKernel,164,42,0
cudaLaunchKernel,128,40,0
cudaLaunchKernel,216,39,0
cudaLaunchKernel,128,39,0
cudaLaunchKernel,216,40,0
cudaLaunchKernel,164,41,0
cudaLaunchKernel,252,38,0
cudaOccupancyMaxActiveBlocksPerMultiprocessorWithFlags,36,37,0
cudaLaunchKernel,264,40,0
cudaLaunchKernel,84,40,0
cudaLaunchKernel,128,44,0
cudaLaunchKernel,216,42,0
cudaLaunchKernel,272,39,0
cudaLaunchKernel,128,37,0
cudaLaunchKernel,216,40,0
cudaLaunchKernel,128,39,0
cudaLaunchKernel,216,40,0
cudaLaunchKernel,272,39,0
cudaLaunchKernel,128,40,0
cudaLaunchKernel,216,39,0
cudaLaunchKernel,164,41,0
cudaLaunchKernel,128,40,0
cudaLaunchKernel,216,40,0
cudaLaunchKernel,128,40,0
cudaLaunchKernel,216,41,0
cudaLaunchKernel,164,41,0
cudaLaunchKernel,252,40,0
cudaOccupancyMaxActiveBlocksPerMultiprocessorWithFlags,36,40,0
cudaLaunchKernel,264,41,0
cudaLaunchKernel,84,43,0
cudaLaunchKernel,128,40,0
cudaLaunchKernel,216,42,0
cudaLaunchKernel,272,40,0
cudaLaunchKernel,128,39,0
cudaLaunchKernel,216,40,0
cudaLaunchKernel,128,39,0
cudaLaunchKernel,216,41,0
cudaLaunchKernel,272,39,0
cudaLaunchKernel,128,41,0
cudaLaunchKernel,216,43,0
cudaLaunchKernel,164,39,0
cudaLaunchKernel,128,40,0
cudaLaunchKernel,216,40,0
cudaLaunchKernel,128,39,0
cudaLaunchKernel,216,39,0
cudaLaunchKernel,164,39,0
cudaLaunchKernel,252,40,0
cudaOccupancyMaxActiveBlocksPerMultiprocessorWithFlags,36,38,0
cudaLaunchKernel,264,40,0
cudaLaunchKernel,84,41,0
cudaLaunchKernel,128,40,0
cudaLaunchKernel,216,38,0
cudaLaunchKernel,272,39,0
cudaLaunchKernel,128,41,0
cudaLaunchKernel,216,41,0
cudaLaunchKernel,128,41,0
cudaLaunchKernel,216,40,0
cudaLaunchKernel,272,40,0
cudaLaunchKernel,128,43,0
cudaLaunchKernel,216,42,0
cudaLaunchKernel,164,40,0
cudaLaunchKernel,128,40,0
cudaLaunchKernel,216,40,0
cudaLaunchKernel,128,39,0
cudaLaunchKernel,216,38,0
cudaLaunchKernel,164,38,0
cudaLaunchKernel,252,39,0
cudaOccupancyMaxActiveBlocksPerMultiprocessorWithFlags,36,37,0
cudaLaunchKernel,264,41,0
cudaLaunchKernel,84,39,0
cudaLaunchKernel,128,39,0
cudaLaunchKernel,216,46,0
cudaLaunchKernel,272,40,0
cudaLaunchKernel,128,40,0
cudaLaunchKernel,216,39,0
cudaLaunchKernel,128,40,0
cudaLaunchKernel,216,40,0
cudaLaunchKernel,272,38,0
cudaLaunchKernel,128,41,0
cudaLaunchKernel,216,39,0
cudaLaunchKernel,164,39,0
cudaLaunchKernel,128,39,0
cudaLaunchKernel,216,42,0
cudaLaunchKernel,128,39,0
cudaLaunchKernel,216,39,0
cudaLaunchKernel,164,41,0
cudaLaunchKernel,252,40,0
cudaOccupancyMaxActiveBlocksPerMultiprocessorWithFlags,36,36,0
cudaLaunchKernel,264,38,0
cudaLaunchKernel,84,40,0
cudaLaunchKernel,128,40,0
cudaLaunchKernel,216,42,0
cudaLaunchKernel,272,38,0
cudaLaunchKernel,128,39,0
cudaLaunchKernel,216,40,0
cudaLaunchKernel,128,39,0
cudaLaunchKernel,216,39,0
cudaLaunchKernel,272,43,0
cudaLaunchKernel,128,38,0
cudaLaunchKernel,216,39,0
cudaLaunchKernel,164,40,0
cudaLaunchKernel,128,39,0
cudaLaunchKernel,216,40,0
cudaLaunchKernel,128,41,0
cudaLaunchKernel,216,39,0
cudaLaunchKernel,164,39,0
cudaLaunchKernel,252,43,0
cudaOccupancyMaxActiveBlocksPerMultiprocessorWithFlags,36,41,0
cudaLaunchKernel,264,39,0
cudaLaunchKernel,84,40,0
cudaLaunchKernel,128,40,0
cudaLaunchKernel,216,41,0
cudaLaunchKernel,272,40,0
cudaLaunchKernel,128,40,0
cudaLaunchKernel,216,41,0
cudaLaunchKernel,128,39,0
cudaLaunchKernel,216,41,0
cudaLaunchKernel,272,39,0
cudaLaunchKernel,128,43,0
cudaLaunchKernel,216,40,0
cudaLaunchKernel,164,42,0
cudaLaunchKernel,128,39,0
cudaLaunchKernel,216,42,0
cudaLaunchKernel,128,42,0
cudaLaunchKernel,216,42,0
cudaLaunchKernel,164,39,0
cudaLaunchKernel,252,42,0
cudaOccupancyMaxActiveBlocksPerMultiprocessorWithFlags,36,36,0
cudaLaunchKernel,264,39,0
cudaLaunchKernel,84,38,0
cudaLaunchKernel,128,42,0
cudaLaunchKernel,216,39,0
cudaLaunchKernel,272,40,0
cudaLaunchKernel,128,39,0
cudaLaunchKernel,216,43,0
cudaLaunchKernel,128,39,0
cudaLaunchKernel,216,44,0
cudaLaunchKernel,272,40,0
cudaLaunchKernel,128,40,0
cudaLaunchKernel,216,39,0
cudaLaunchKernel,164,40,0
cudaLaunchKernel,128,39,0
cudaLaunchKernel,216,42,0
cudaLaunchKernel,128,38,0
cudaLaunchKernel,216,38,0
cudaLaunchKernel,164,43,0
cudaLaunchKernel,252,40,0
cudaOccupancyMaxActiveBlocksPerMultiprocessorWithFlags,36,42,0
cudaLaunchKernel,264,37,0
cudaLaunchKernel,84,44,0
cudaLaunchKernel,128,40,0
cudaLaunchKernel,216,41,0
cudaLaunchKernel,272,40,0
cudaLaunchKernel,128,39,0
cudaLaunchKernel,216,42,0
cudaLaunchKernel,128,42,0
cudaLaunchKernel,216,39,0
cudaLaunchKernel,272,41,0
cudaLaunchKernel,128,41,0
cudaLaunchKernel,216,42,0
cudaLaunchKernel,164,40,0
cudaLaunchKernel,128,40,0
cudaLaunchKernel,216,40,0
cudaLaunchKernel,128,38,0
cudaLaunchKernel,216,41,0
cudaLaunchKernel,164,40,0
cudaLaunchKernel,252,41,0
cudaOccupancyMaxActiveBlocksPerMultiprocessorWithFlags,36,41,0
cudaLaunchKernel,264,41,0
cudaLaunchKernel,84,40,0
cudaLaunchKernel,128,40,0
cudaLaunchKernel,216,42,0
cudaLaunchKernel,272,39,0
cudaLaunchKernel,128,40,0
cudaLaunchKernel,216,44,0
cudaLaunchKernel,128,40,0
cudaLaunchKernel,216,40,0
cudaLaunchKernel,272,41,0
cudaLaunchKernel,128,41,0
cudaLaunchKernel,216,41,0
cudaLaunchKernel,164,41,0
cudaLaunchKernel,128,41,0
cudaLaunchKernel,216,39,0
cudaLaunchKernel,128,40,0
cudaLaunchKernel,216,43,0
cudaLaunchKernel,164,41,0
cudaLaunchKernel,252,42,0
cudaOccupancyMaxActiveBlocksPerMultiprocessorWithFlags,36,40,0
cudaLaunchKernel,264,40,0
cudaLaunchKernel,84,40,0
cudaLaunchKernel,128,42,0
cudaLaunchKernel,216,41,0
cudaLaunchKernel,272,42,0
cudaLaunchKernel,128,42,0
cudaLaunchKernel,216,41,0
cudaLaunchKernel,128,40,0
cudaLaunchKernel,216,41,0
cudaLaunchKernel,272,41,0
cudaLaunchKernel,128,40,0
cudaLaunchKernel,216,41,0
cudaLaunchKernel,164,39,0
cudaLaunchKernel,128,39,0
cudaLaunchKernel,216,41,0
cudaLaunchKernel,128,44,0
cudaLaunchKernel,216,40,0
cudaLaunchKernel,164,40,0
cudaLaunchKernel,252,39,0
cudaOccupancyMaxActiveBlocksPerMultiprocessorWithFlags,36,38,0
cudaLaunchKernel,264,42,0
cudaLaunchKernel,84,42,0
cudaLaunchKernel,128,42,0
cudaLaunchKernel,216,40,0
cudaLaunchKernel,272,39,0
cudaLaunchKernel,128,41,0
cudaLaunchKernel,216,43,0
cudaLaunchKernel,128,39,0
cudaLaunchKernel,216,42,0
cudaLaunchKernel,272,39,0
cudaLaunchKernel,128,38,0
cudaLaunchKernel,216,42,0
cudaLaunchKernel,164,39,0
cudaLaunchKernel,128,41,0
cudaLaunchKernel,216,47,0
cudaLaunchKernel,128,39,0
cudaLaunchKernel,216,40,0
cudaLaunchKernel,164,41,0
cudaLaunchKernel,252,41,0
cudaOccupancyMaxActiveBlocksPerMultiprocessorWithFlags,36,39,0
cudaLaunchKernel,264,41,0
cudaLaunchKernel,84,39,0
cudaLaunchKernel,128,42,0
cudaLaunchKernel,216,41,0
cudaLaunchKernel,272,45,0
cudaLaunchKernel,128,41,0
cudaLaunchKernel,216,40,0
cudaLaunchKernel,128,39,0
cudaLaunchKernel,216,39,0
cudaLaunchKernel,272,42,0
cudaLaunchKernel,128,40,0
cudaLaunchKernel,216,40,0
cudaLaunchKernel,164,38,0
cudaLaunchKernel,128,40,0
cudaLaunchKernel,216,42,0
cudaLaunchKernel,128,39,0
cudaLaunchKernel,216,42,0
cudaLaunchKernel,164,40,0
cudaLaunchKernel,252,40,0
cudaOccupancyMaxActiveBlocksPerMultiprocessorWithFlags,36,37,0
cudaLaunchKernel,264,39,0
cudaLaunchKernel,84,40,0
cudaLaunchKernel,128,39,0
cudaLaunchKernel,216,41,0
cudaLaunchKernel,272,38,0
cudaLaunchKernel,128,38,0
cudaLaunchKernel,216,39,0
cudaLaunchKernel,128,39,0
cudaLaunchKernel,216,39,0
cudaLaunchKernel,272,39,0
cudaLaunchKernel,128,39,0
cudaLaunchKernel,216,38,0
cudaLaunchKernel,164,39,0
cudaLaunchKernel,128,41,0
cudaLaunchKernel,216,39,0
cudaLaunchKernel,128,41,0
cudaLaunchKernel,216,42,0
cudaLaunchKernel,164,41,0
cudaLaunchKernel,252,41,0
cudaOccupancyMaxActiveBlocksPerMultiprocessorWithFlags,36,38,0
cudaLaunchKernel,264,39,0
cudaLaunchKernel,84,42,0
cudaLaunchKernel,128,40,0
cudaLaunchKernel,216,41,0
cudaLaunchKernel,272,42,0
cudaLaunchKernel,128,39,0
cudaLaunchKernel,216,42,0
cudaLaunchKernel,128,38,0
cudaLaunchKernel,216,41,0
cudaLaunchKernel,272,40,0
cudaLaunchKernel,128,40,0
cudaLaunchKernel,216,42,0
cudaLaunchKernel,164,44,0
cudaLaunchKernel,128,41,0
cudaLaunchKernel,216,39,0
cudaLaunchKernel,128,39,0
cudaLaunchKernel,216,41,0
cudaLaunchKernel,164,39,0
cudaLaunchKernel,252,38,0
cudaOccupancyMaxActiveBlocksPerMultiprocessorWithFlags,36,36,0
cudaLaunchKernel,264,39,0
cudaLaunchKernel,84,40,0
cudaLaunchKernel,128,41,0
cudaLaunchKernel,216,40,0
cudaLaunchKernel,272,39,0
cudaLaunchKernel,128,41,0
cudaLaunchKernel,216,40,0
cudaLaunchKernel,128,40,0
cudaLaunchKernel,216,40,0
cudaLaunchKernel,272,40,0
cudaLaunchKernel,128,39,0
cudaLaunchKernel,216,49,0
cudaLaunchKernel,164,38,0
cudaLaunchKernel,128,45,0
cudaLaunchKernel,216,39,0
cudaLaunchKernel,128,40,0
cudaLaunchKernel,216,42,0
cudaLaunchKernel,164,41,0
cudaLaunchKernel,252,40,0
cudaOccupancyMaxActiveBlocksPerMultiprocessorWithFlags,36,38,0
cudaLaunchKernel,264,41,0
cudaLaunchKernel,84,43,0
cudaLaunchKernel,128,41,0
cudaLaunchKernel,216,41,0
cudaLaunchKernel,272,39,0
cudaLaunchKernel,128,39,0
cudaLaunchKernel,216,39,0
cudaLaunchKernel,128,41,0
cudaLaunchKernel,216,40,0
cudaLaunchKernel,272,40,0
cudaLaunchKernel,128,40,0
cudaLaunchKernel,216,43,0
cudaLaunchKernel,164,40,0
cudaLaunchKernel,128,40,0
cudaLaunchKernel,216,42,0
cudaLaunchKernel,128,40,0
cudaLaunchKernel,216,41,0
cudaLaunchKernel,164,41,0
cudaLaunchKernel,252,39,0
cudaOccupancyMaxActiveBlocksPerMultiprocessorWithFlags,36,39,0
cudaLaunchKernel,264,43,0
cudaLaunchKernel,84,40,0
cudaLaunchKernel,128,39,0
cudaLaunchKernel,216,41,0
cudaLaunchKernel,272,40,0
cudaLaunchKernel,128,39,0
cudaLaunchKernel,216,41,0
cudaLaunchKernel,128,41,0
cudaLaunchKernel,216,41,0
cudaLaunchKernel,272,40,0
cudaLaunchKernel,128,42,0
cudaLaunchKernel,216,39,0
cudaLaunchKernel,164,40,0
cudaLaunchKernel,128,40,0
cudaLaunchKernel,216,40,0
cudaLaunchKernel,128,37,0
cudaLaunchKernel,216,40,0
cudaLaunchKernel,164,41,0
cudaLaunchKernel,252,41,0
cudaOccupancyMaxActiveBlocksPerMultiprocessorWithFlags,36,37,0
cudaLaunchKernel,264,41,0
cudaLaunchKernel,84,39,0
cudaLaunchKernel,128,39,0
cudaLaunchKernel,216,40,0
cudaLaunchKernel,272,39,0
cudaLaunchKernel,128,40,0
cudaLaunchKernel,216,40,0
cudaLaunchKernel,128,39,0
cudaLaunchKernel,216,40,0
cudaLaunchKernel,272,42,0
cudaLaunchKernel,128,42,0
cudaLaunchKernel,216,40,0
cudaLaunchKernel,164,40,0
cudaLaunchKernel,128,42,0
cudaLaunchKernel,216,40,0
cudaLaunchKernel,128,39,0
cudaLaunchKernel,216,41,0
cudaLaunchKernel,164,41,0
cudaLaunchKernel,252,40,0
cudaOccupancyMaxActiveBlocksPerMultiprocessorWithFlags,36,41,0
cudaLaunchKernel,264,40,0
cudaLaunchKernel,84,41,0
cudaLaunchKernel,128,41,0
cudaLaunchKernel,216,40,0
cudaLaunchKernel,272,40,0
cudaLaunchKernel,128,40,0
cudaLaunchKernel,216,39,0
cudaLaunchKernel,128,47,0
cudaLaunchKernel,216,40,0
cudaLaunchKernel,272,41,0
cudaLaunchKernel,128,38,0
cudaLaunchKernel,216,40,0
cudaLaunchKernel,164,39,0
cudaLaunchKernel,128,38,0
cudaLaunchKernel,216,42,0
cudaLaunchKernel,128,40,0
cudaLaunchKernel,216,39,0
cudaLaunchKernel,164,41,0
cudaLaunchKernel,252,44,0
cudaOccupancyMaxActiveBlocksPerMultiprocessorWithFlags,36,36,0
cudaLaunchKernel,264,39,0
cudaLaunchKernel,84,41,0
cudaLaunchKernel,128,42,0
cudaLaunchKernel,216,43,0
cudaLaunchKernel,272,40,0
cudaLaunchKernel,128,41,0
cudaLaunchKernel,216,40,0
cudaLaunchKernel,128,39,0
cudaLaunchKernel,216,45,0
cudaLaunchKernel,272,40,0
cudaLaunchKernel,128,41,0
cudaLaunchKernel,216,40,0
cudaLaunchKernel,164,41,0
cudaLaunchKernel,128,39,0
cudaLaunchKernel,216,40,0
cudaLaunchKernel,128,39,0
cudaLaunchKernel,216,40,0
cudaLaunchKernel,164,43,0
cudaLaunchKernel,252,40,0
cudaOccupancyMaxActiveBlocksPerMultiprocessorWithFlags,36,37,0
cudaLaunchKernel,264,37,0
cudaLaunchKernel,84,42,0
cudaLaunchKernel,128,40,0
cudaLaunchKernel,216,40,0
cudaLaunchKernel,272,40,0
cudaLaunchKernel,128,38,0
cudaLaunchKernel,216,41,0
cudaLaunchKernel,128,40,0
cudaLaunchKernel,216,40,0
cudaLaunchKernel,272,40,0
cudaLaunchKernel,128,41,0
cudaLaunchKernel,216,40,0
cudaLaunchKernel,164,39,0
cudaLaunchKernel,128,40,0
cudaLaunchKernel,216,40,0
cudaLaunchKernel,128,39,0
cudaLaunchKernel,216,43,0
cudaLaunchKernel,164,41,0
cudaLaunchKernel,252,39,0
cudaOccupancyMaxActiveBlocksPerMultiprocessorWithFlags,36,40,0
cudaLaunchKernel,264,40,0
cudaLaunchKernel,84,41,0
cudaLaunchKernel,128,42,0
cudaLaunchKernel,216,41,0
cudaLaunchKernel,184,38,0
cudaLaunchKernel,184,40,0
cudaLaunchKernel,208,42,0
cudaLaunchKernel,272,40,0
cudaLaunchKernel,128,39,0
cudaLaunchKernel,216,41,0
cudaLaunchKernel,128,39,0
cudaLaunchKernel,216,42,0
cudaLaunchKernel,272,40,0
cudaLaunchKernel,128,39,0
cudaLaunchKernel,216,42,0
cudaMemcpyAsync,37,123,0
cudaStreamSynchronize,8,32,0
cudaStreamSynchronize,8,24,0
cudaStreamSynchronize,8,43,0
cudaMemcpyAsync,8228,41,0
cudaStreamSynchronize,8,41,0
cudaStreamSynchronize,8,46,0
cudaMemcpyAsync,40,42,0
cudaStreamSynchronize,8,42,0
cudaStreamSynchronize,8,42,0
cudaMemcpyAsync,44,41,0
cudaStreamSynchronize,8,43,0
cudaStreamSynchronize,8,42,0
cudaMemcpyAsync,44,38,0
cudaStreamSynchronize,8,43,0
cudaStreamSynchronize,8,44,0
cudaMemcpyAsync,548,40,0
cudaStreamSynchronize,8,43,0
cudaStreamSynchronize,8,40,0
cudaMemcpyAsync,40,40,0
cudaStreamSynchronize,8,43,0
cudaLaunchKernel,272,44,0
cudaLaunchKernel,128,40,0
cudaLaunchKernel,216,40,0
cudaLaunchKernel,164,39,0
cudaLaunchKernel,128,39,0
cudaLaunchKernel,216,43,0
cudaLaunchKernel,128,40,0
cudaLaunchKernel,216,34,0
cudaLaunchKernel,164,39,0
cudaLaunchKernel,252,40,0
cudaOccupancyMaxActiveBlocksPerMultiprocessorWithFlags,36,37,0
cudaLaunchKernel,264,40,0
cudaLaunchKernel,84,40,0
cudaLaunchKernel,128,39,0
cudaLaunchKernel,216,41,0
cudaLaunchKernel,272,42,0
cudaLaunchKernel,128,38,0
cudaLaunchKernel,216,39,0
cudaLaunchKernel,128,40,0
cudaLaunchKernel,216,40,0
cudaLaunchKernel,272,40,0
cudaLaunchKernel,128,38,0
cudaLaunchKernel,216,39,0
cudaLaunchKernel,164,39,0
cudaLaunchKernel,128,38,0
cudaLaunchKernel,216,41,0
cudaLaunchKernel,128,40,0
cudaLaunchKernel,216,38,0
cudaLaunchKernel,164,42,0
cudaLaunchKernel,252,39,0
cudaOccupancyMaxActiveBlocksPerMultiprocessorWithFlags,36,38,0
cudaLaunchKernel,264,40,0
cudaLaunchKernel,84,42,0
cudaLaunchKernel,128,41,0
cudaLaunchKernel,216,43,0
cudaLaunchKernel,272,41,0
cudaLaunchKernel,128,40,0
cudaLaunchKernel,216,40,0
cudaLaunchKernel,128,42,0
cudaLaunchKernel,216,41,0
cudaLaunchKernel,272,41,0
cudaLaunchKernel,128,40,0
cudaLaunchKernel,216,40,0
cudaLaunchKernel,164,40,0
cudaLaunchKernel,128,44,0
cudaLaunchKernel,216,38,0
cudaLaunchKernel,128,40,0
cudaLaunchKernel,216,40,0
cudaLaunchKernel,164,39,0
cudaLaunchKernel,252,40,0
cudaOccupancyMaxActiveBlocksPerMultiprocessorWithFlags,36,38,0
cudaLaunchKernel,264,40,0
cudaLaunchKernel,84,44,0
cudaLaunchKernel,128,41,0
cudaLaunchKernel,216,43,0
cudaLaunchKernel,272,40,0
cudaLaunchKernel,128,39,0
cudaLaunchKernel,216,40,0
cudaLaunchKernel,128,39,0
cudaLaunchKernel,216,40,0
cudaLaunchKernel,272,38,0
cudaLaunchKernel,128,39,0
cudaLaunchKernel,216,39,0
cudaLaunchKernel,164,48,0
cudaLaunchKernel,128,40,0
cudaLaunchKernel,216,41,0
cudaLaunchKernel,128,40,0
cudaLaunchKernel,216,39,0
cudaLaunchKernel,164,40,0
cudaLaunchKernel,252,40,0
cudaOccupancyMaxActiveBlocksPerMultiprocessorWithFlags,36,39,0
cudaLaunchKernel,264,40,0
cudaLaunchKernel,84,40,0
cudaLaunchKernel,128,44,0
cudaLaunchKernel,216,41,0
cudaLaunchKernel,272,41,0
cudaLaunchKernel,128,38,0
cudaLaunchKernel,216,41,0
cudaLaunchKernel,128,40,0
cudaLaunchKernel,216,40,0
cudaLaunchKernel,272,41,0
cudaLaunchKernel,128,39,0
cudaLaunchKernel,216,39,0
cudaLaunchKernel,164,40,0
cudaLaunchKernel,128,39,0
cudaLaunchKernel,216,41,0
cudaLaunchKernel,128,42,0
cudaLaunchKernel,216,39,0
cudaLaunchKernel,164,40,0
cudaLaunchKernel,252,39,0
cudaOccupancyMaxActiveBlocksPerMultiprocessorWithFlags,36,36,0
cudaLaunchKernel,264,41,0
cudaLaunchKernel,84,41,0
cudaLaunchKernel,128,38,0
cudaLaunchKernel,216,39,0
cudaLaunchKernel,272,40,0
cudaLaunchKernel,128,39,0
cudaLaunchKernel,216,38,0
cudaLaunchKernel,128,39,0
cudaLaunchKernel,216,38,0
cudaLaunchKernel,272,39,0
cudaLaunchKernel,128,39,0
cudaLaunchKernel,216,43,0
cudaLaunchKernel,164,38,0
cudaLaunchKernel,128,39,0
cudaLaunchKernel,216,39,0
cudaLaunchKernel,128,39,0
cudaLaunchKernel,216,39,0
cudaLaunchKernel,164,41,0
cudaLaunchKernel,252,41,0
cudaOccupancyMaxActiveBlocksPerMultiprocessorWithFlags,36,40,0
cudaLaunchKernel,264,38,0
cudaLaunchKernel,84,42,0
cudaLaunchKernel,128,39,0
cudaLaunchKernel,216,42,0
cudaLaunchKernel,272,40,0
cudaLaunchKernel,128,41,0
cudaLaunchKernel,216,39,0
cudaLaunchKernel,128,40,0
cudaLaunchKernel,216,41,0
cudaLaunchKernel,272,39,0
cudaLaunchKernel,128,42,0
cudaLaunchKernel,216,41,0
cudaLaunchKernel,164,40,0
cudaLaunchKernel,128,41,0
cudaLaunchKernel,216,41,0
cudaLaunchKernel,128,40,0
cudaLaunchKernel,216,40,0
cudaLaunchKernel,164,42,0
cudaLaunchKernel,252,40,0
cudaOccupancyMaxActiveBlocksPerMultiprocessorWithFlags,36,37,0
cudaLaunchKernel,264,42,0
cudaLaunchKernel,84,38,0
cudaLaunchKernel,128,41,0
cudaLaunchKernel,216,42,0
cudaLaunchKernel,272,37,0
cudaLaunchKernel,128,41,0
cudaLaunchKernel,216,41,0
cudaLaunchKernel,128,41,0
cudaLaunchKernel,216,48,0
cudaLaunchKernel,272,45,0
cudaLaunchKernel,128,40,0
cudaLaunchKernel,216,42,0
cudaLaunchKernel,164,41,0
cudaLaunchKernel,128,40,0
cudaLaunchKernel,216,39,0
cudaLaunchKernel,128,41,0
cudaLaunchKernel,216,39,0
cudaLaunchKernel,164,40,0
cudaLaunchKernel,252,39,0
cudaOccupancyMaxActiveBlocksPerMultiprocessorWithFlags,36,40,0
cudaLaunchKernel,264,41,0
cudaLaunchKernel,84,40,0
cudaLaunchKernel,128,39,0
cudaLaunchKernel,216,40,0
cudaLaunchKernel,272,41,0
cudaLaunchKernel,128,40,0
cudaLaunchKernel,216,40,0
cudaLaunchKernel,128,40,0
cudaLaunchKernel,216,39,0
cudaLaunchKernel,272,42,0
cudaLaunchKernel,128,38,0
cudaLaunchKernel,216,40,0
cudaLaunchKernel,164,40,0
cudaLaunchKernel,128,39,0
cudaLaunchKernel,216,40,0
cudaLaunchKernel,128,40,0
cudaLaunchKernel,216,40,0
cudaLaunchKernel,164,39,0
cudaLaunchKernel,252,41,0
cudaOccupancyMaxActiveBlocksPerMultiprocessorWithFlags,36,38,0
cudaLaunchKernel,264,40,0
cudaLaunchKernel,84,40,0
cudaLaunchKernel,128,41,0
cudaLaunchKernel,216,39,0
cudaLaunchKernel,272,42,0
cudaLaunchKernel,128,40,0
cudaLaunchKernel,216,39,0
cudaLaunchKernel,128,40,0
cudaLaunchKernel,216,46,0
cudaLaunchKernel,272,40,0
cudaLaunchKernel,128,41,0
cudaLaunchKernel,216,42,0
cudaLaunchKernel,164,41,0
cudaLaunchKernel,128,39,0
cudaLaunchKernel,216,42,0
cudaLaunchKernel,128,38,0
cudaLaunchKernel,216,40,0
cudaLaunchKernel,164,40,0
cudaLaunchKernel,252,40,0
cudaOccupancyMaxActiveBlocksPerMultiprocessorWithFlags,36,35,0
cudaLaunchKernel,264,40,0
cudaLaunchKernel,84,43,0
cudaLaunchKernel,128,40,0
cudaLaunchKernel,216,41,0
cudaLaunchKernel,272,41,0
cudaLaunchKernel,128,39,0
cudaLaunchKernel,216,40,0
cudaLaunchKernel,128,42,0
cudaLaunchKernel,216,40,0
cudaLaunchKernel,272,39,0
cudaLaunchKernel,128,40,0
cudaLaunchKernel,216,39,0
cudaLaunchKernel,164,40,0
cudaLaunchKernel,128,40,0
cudaLaunchKernel,216,39,0
cudaLaunchKernel,128,40,0
cudaLaunchKernel,216,40,0
cudaLaunchKernel,164,43,0
cudaLaunchKernel,252,39,0
cudaOccupancyMaxActiveBlocksPerMultiprocessorWithFlags,36,38,0
cudaLaunchKernel,264,41,0
cudaLaunchKernel,84,41,0
cudaLaunchKernel,128,40,0
cudaLaunchKernel,216,40,0
cudaLaunchKernel,272,44,0
cudaLaunchKernel,128,40,0
cudaLaunchKernel,216,41,0
cudaLaunchKernel,128,44,0
cudaLaunchKernel,216,42,0
cudaLaunchKernel,272,40,0
cudaLaunchKernel,128,42,0
cudaLaunchKernel,216,42,0
cudaLaunchKernel,164,41,0
cudaLaunchKernel,128,39,0
cudaLaunchKernel,216,42,0
cudaLaunchKernel,128,39,0
cudaLaunchKernel,216,44,0
cudaLaunchKernel,164,41,0
cudaLaunchKernel,252,41,0
cudaOccupancyMaxActiveBlocksPerMultiprocessorWithFlags,36,40,0
cudaLaunchKernel,264,40,0
cudaLaunchKernel,84,40,0
cudaLaunchKernel,128,39,0
cudaLaunchKernel,216,39,0
cudaLaunchKernel,272,38,0
cudaLaunchKernel,128,39,0
cudaLaunchKernel,216,44,0
cudaLaunchKernel,128,40,0
cudaLaunchKernel,216,42,0
cudaLaunchKernel,272,41,0
cudaLaunchKernel,128,40,0
cudaLaunchKernel,216,39,0
cudaLaunchKernel,164,41,0
cudaLaunchKernel,128,39,0
cudaLaunchKernel,216,40,0
cudaLaunchKernel,128,40,0
cudaLaunchKernel,216,41,0
cudaLaunchKernel,164,42,0
cudaLaunchKernel,252,40,0
cudaOccupancyMaxActiveBlocksPerMultiprocessorWithFlags,36,38,0
cudaLaunchKernel,264,40,0
cudaLaunchKernel,84,42,0
cudaLaunchKernel,128,39,0
cudaLaunchKernel,216,40,0
cudaLaunchKernel,272,39,0
cudaLaunchKernel,128,41,0
cudaLaunchKernel,216,39,0
cudaLaunchKernel,128,38,0
cudaLaunchKernel,216,39,0
cudaLaunchKernel,272,41,0
cudaLaunchKernel,128,40,0
cudaLaunchKernel,216,40,0
cudaLaunchKernel,164,38,0
cudaLaunchKernel,128,40,0
cudaLaunchKernel,216,40,0
cudaLaunchKernel,128,42,0
cudaLaunchKernel,216,38,0
cudaLaunchKernel,164,41,0
cudaLaunchKernel,252,40,0
cudaOccupancyMaxActiveBlocksPerMultiprocessorWithFlags,36,38,0
cudaLaunchKernel,264,39,0
cudaLaunchKernel,84,41,0
cudaLaunchKernel,128,40,0
cudaLaunchKernel,216,40,0
cudaLaunchKernel,272,42,0
cudaLaunchKernel,128,38,0
cudaLaunchKernel,216,39,0
cudaLaunchKernel,128,41,0
cudaLaunchKernel,216,40,0
cudaLaunchKernel,272,39,0
cudaLaunchKernel,128,40,0
cudaLaunchKernel,216,41,0
cudaLaunchKernel,164,41,0
cudaLaunchKernel,128,42,0
cudaLaunchKernel,216,44,0
cudaLaunchKernel,128,40,0
cudaLaunchKernel,216,43,0
cudaLaunchKernel,164,38,0
cudaLaunchKernel,252,42,0
cudaOccupancyMaxActiveBlocksPerMultiprocessorWithFlags,36,39,0
cudaLaunchKernel,264,45,0
cudaLaunchKernel,84,40,0
cudaLaunchKernel,128,39,0
cudaLaunchKernel,216,41,0
cudaLaunchKernel,272,42,0
cudaLaunchKernel,128,40,0
cudaLaunchKernel,216,40,0
cudaLaunchKernel,128,39,0
cudaLaunchKernel,216,40,0
cudaLaunchKernel,272,42,0
cudaLaunchKernel,128,39,0
cudaLaunchKernel,216,41,0
cudaLaunchKernel,164,40,0
cudaLaunchKernel,128,41,0
cudaLaunchKernel,216,39,0
cudaLaunchKernel,128,39,0
cudaLaunchKernel,216,39,0
cudaLaunchKernel,164,41,0
cudaLaunchKernel,252,37,0
cudaOccupancyMaxActiveBlocksPerMultiprocessorWithFlags,36,38,0
cudaLaunchKernel,264,41,0
cudaLaunchKernel,84,41,0
cudaLaunchKernel,128,39,0
cudaLaunchKernel,216,44,0
cudaLaunchKernel,272,40,0
cudaLaunchKernel,128,39,0
cudaLaunchKernel,216,42,0
cudaLaunchKernel,128,41,0
cudaLaunchKernel,216,40,0
cudaLaunchKernel,272,40,0
cudaLaunchKernel,128,39,0
cudaLaunchKernel,216,38,0
cudaLaunchKernel,164,41,0
cudaLaunchKernel,128,41,0
cudaLaunchKernel,216,41,0
cudaLaunchKernel,128,40,0
cudaLaunchKernel,216,40,0
cudaLaunchKernel,164,40,0
cudaLaunchKernel,252,40,0
cudaOccupancyMaxActiveBlocksPerMultiprocessorWithFlags,36,37,0
cudaLaunchKernel,264,41,0
cudaLaunchKernel,84,41,0
cudaLaunchKernel,128,42,0
cudaLaunchKernel,216,43,0
cudaLaunchKernel,272,40,0
cudaLaunchKernel,128,40,0
cudaLaunchKernel,216,40,0
cudaLaunchKernel,128,41,0
cudaLaunchKernel,216,43,0
cudaLaunchKernel,272,40,0
cudaLaunchKernel,128,40,0
cudaLaunchKernel,216,39,0
cudaLaunchKernel,164,44,0
cudaLaunchKernel,128,39,0
cudaLaunchKernel,216,41,0
cudaLaunchKernel,128,39,0
cudaLaunchKernel,216,40,0
cudaLaunchKernel,164,39,0
cudaLaunchKernel,252,40,0
cudaOccupancyMaxActiveBlocksPerMultiprocessorWithFlags,36,39,0
cudaLaunchKernel,264,40,0
cudaLaunchKernel,84,41,0
cudaLaunchKernel,128,43,0
cudaLaunchKernel,216,39,0
cudaLaunchKernel,272,40,0
cudaLaunchKernel,128,39,0
cudaLaunchKernel,216,38,0
cudaLaunchKernel,128,39,0
cudaLaunchKernel,216,40,0
cudaLaunchKernel,272,39,0
cudaLaunchKernel,128,40,0
cudaLaunchKernel,216,42,0
cudaLaunchKernel,164,39,0
cudaLaunchKernel,128,38,0
cudaLaunchKernel,216,39,0
cudaLaunchKernel,128,42,0
cudaLaunchKernel,216,47,0
cudaLaunchKernel,164,39,0
cudaLaunchKernel,252,40,0
cudaOccupancyMaxActiveBlocksPerMultiprocessorWithFlags,36,40,0
cudaLaunchKernel,264,39,0
cudaLaunchKernel,84,44,0
cudaLaunchKernel,128,40,0
cudaLaunchKernel,216,40,0
cudaLaunchKernel,272,38,0
cudaLaunchKernel,128,39,0
cudaLaunchKernel,216,39,0
cudaLaunchKernel,128,40,0
cudaLaunchKernel,216,40,0
cudaLaunchKernel,272,39,0
cudaLaunchKernel,128,39,0
cudaLaunchKernel,216,41,0
cudaLaunchKernel,164,43,0
cudaLaunchKernel,128,38,0
cudaLaunchKernel,216,41,0
cudaLaunchKernel,128,39,0
cudaLaunchKernel,216,40,0
cudaLaunchKernel,164,40,0
cudaLaunchKernel,252,38,0
cudaOccupancyMaxActiveBlocksPerMultiprocessorWithFlags,36,37,0
cudaLaunchKernel,264,40,0
cudaLaunchKernel,84,38,0
cudaLaunchKernel,128,39,0
cudaLaunchKernel,216,41,0
cudaLaunchKernel,272,39,0
cudaLaunchKernel,128,38,0
cudaLaunchKernel,216,41,0
cudaLaunchKernel,128,40,0
cudaLaunchKernel,216,42,0
cudaLaunchKernel,272,40,0
cudaLaunchKernel,128,40,0
cudaLaunchKernel,216,40,0
cudaLaunchKernel,164,40,0
cudaLaunchKernel,128,38,0
cudaLaunchKernel,216,40,0
cudaLaunchKernel,128,39,0
cudaLaunchKernel,216,39,0
cudaLaunchKernel,164,39,0
cudaLaunchKernel,252,39,0
cudaOccupancyMaxActiveBlocksPerMultiprocessorWithFlags,36,38,0
cudaLaunchKernel,264,40,0
cudaLaunchKernel,84,42,0
cudaLaunchKernel,128,38,0
cudaLaunchKernel,216,39,0
cudaLaunchKernel,272,39,0
cudaLaunchKernel,128,41,0
cudaLaunchKernel,216,42,0
cudaLaunchKernel,128,38,0
cudaLaunchKernel,216,41,0
cudaLaunchKernel,272,43,0
cudaLaunchKernel,128,39,0
cudaLaunchKernel,216,40,0
cudaLaunchKernel,164,39,0
cudaLaunchKernel,128,42,0
cudaLaunchKernel,216,38,0
cudaLaunchKernel,128,40,0
cudaLaunchKernel,216,39,0
cudaLaunchKernel,164,40,0
cudaLaunchKernel,252,39,0
cudaOccupancyMaxActiveBlocksPerMultiprocessorWithFlags,36,40,0
cudaLaunchKernel,264,39,0
cudaLaunchKernel,84,41,0
cudaLaunchKernel,128,38,0
cudaLaunchKernel,216,41,0
cudaLaunchKernel,184,39,0
cudaLaunchKernel,184,40,0
cudaLaunchKernel,208,37,0
cudaLaunchKernel,272,38,0
cudaLaunchKernel,128,42,0
cudaLaunchKernel,216,40,0
cudaLaunchKernel,128,41,0
cudaLaunchKernel,216,40,0
cudaLaunchKernel,272,44,0
cudaLaunchKernel,128,41,0
cudaLaunchKernel,216,39,0
cudaMemcpyAsync,37,125,0
cudaStreamSynchronize,8,27,0
cudaStreamSynchronize,8,22,0
cudaStreamSynchronize,8,41,0
cudaMemcpyAsync,8228,47,0
cudaStreamSynchronize,8,44,0
cudaStreamSynchronize,8,43,0
cudaMemcpyAsync,40,40,0
cudaStreamSynchronize,8,42,0
cudaStreamSynchronize,8,40,0
cudaMemcpyAsync,44,40,0
cudaStreamSynchronize,8,43,0
cudaStreamSynchronize,8,42,0
cudaMemcpyAsync,44,39,0
cudaStreamSynchronize,8,42,0
cudaStreamSynchronize,8,44,0
cudaMemcpyAsync,548,41,0
cudaStreamSynchronize,8,42,0
cudaStreamSynchronize,8,45,0
cudaMemcpyAsync,40,40,0
cudaStreamSynchronize,8,43,0
cudaLaunchKernel,272,43,0
cudaLaunchKernel,128,40,0
cudaLaunchKernel,216,40,0
cudaLaunchKernel,164,43,0
cudaLaunchKernel,128,39,0
cudaLaunchKernel,216,39,0
cudaLaunchKernel,128,40,0
cudaLaunchKernel,216,43,0
cudaLaunchKernel,164,39,0
cudaLaunchKernel,252,39,0
cudaOccupancyMaxActiveBlocksPerMultiprocessorWithFlags,36,38,0
cudaLaunchKernel,264,42,0
cudaLaunchKernel,84,40,0
cudaLaunchKernel,128,39,0
cudaLaunchKernel,216,39,0
cudaLaunchKernel,272,44,0
cudaLaunchKernel,128,40,0
cudaLaunchKernel,216,43,0
cudaLaunchKernel,128,40,0
cudaLaunchKernel,216,38,0
cudaLaunchKernel,272,38,0
cudaLaunchKernel,128,39,0
cudaLaunchKernel,216,38,0
cudaLaunchKernel,164,38,0
cudaLaunchKernel,128,38,0
cudaLaunchKernel,216,39,0
cudaLaunchKernel,128,38,0
cudaLaunchKernel,216,41,0
cudaLaunchKernel,164,39,0
cudaLaunchKernel,252,39,0
cudaOccupancyMaxActiveBlocksPerMultiprocessorWithFlags,36,37,0
cudaLaunchKernel,264,41,0
cudaLaunchKernel,84,39,0
cudaLaunchKernel,128,40,0
cudaLaunchKernel,216,39,0
cudaLaunchKernel,272,41,0
cudaLaunchKernel,128,42,0
cudaLaunchKernel,216,39,0
cudaLaunchKernel,128,40,0
cudaLaunchKernel,216,39,0
cudaLaunchKernel,272,40,0
cudaLaunchKernel,128,39,0
cudaLaunchKernel,216,41,0
cudaLaunchKernel,164,39,0
cudaLaunchKernel,128,40,0
cudaLaunchKernel,216,40,0
cudaLaunchKernel,128,44,0
cudaLaunchKernel,216,42,0
cudaLaunchKernel,164,38,0
cudaLaunchKernel,252,38,0
cudaOccupancyMaxActiveBlocksPerMultiprocessorWithFlags,36,39,0
cudaLaunchKernel,264,39,0
cudaLaunchKernel,84,37,0
cudaLaunchKernel,128,48,0
cudaLaunchKernel,216,39,0
cudaLaunchKernel,272,41,0
cudaLaunchKernel,128,43,0
cudaLaunchKernel,216,38,0
cudaLaunchKernel,128,39,0
cudaLaunchKernel,216,41,0
cudaLaunchKernel,272,40,0
cudaLaunchKernel,128,40,0
cudaLaunchKernel,216,39,0
cudaLaunchKernel,164,39,0
cudaLaunchKernel,128,40,0
cudaLaunchKernel,216,43,0
cudaLaunchKernel,128,38,0
cudaLaunchKernel,216,38,0
cudaLaunchKernel,164,40,0
cudaLaunchKernel,252,40,0
cudaOccupancyMaxActiveBlocksPerMultiprocessorWithFlags,36,39,0
cudaLaunchKernel,264,38,0
cudaLaunchKernel,84,40,0
cudaLaunchKernel,128,39,0
cudaLaunchKernel,216,40,0
cudaLaunchKernel,272,43,0
cudaLaunchKernel,128,39,0
cudaLaunchKernel,216,40,0
cudaLaunchKernel,128,40,0
cudaLaunchKernel,216,39,0
cudaLaunchKernel,272,40,0
cudaLaunchKernel,128,37,0
cudaLaunchKernel,216,43,0
cudaLaunchKernel,164,38,0
cudaLaunchKernel,128,42,0
cudaLaunchKernel,216,46,0
cudaLaunchKernel,128,36,0
cudaLaunchKernel,216,41,0
cudaLaunchKernel,164,41,0
cudaLaunchKernel,252,40,0
cudaOccupancyMaxActiveBlocksPerMultiprocessorWithFlags,36,38,0
cudaLaunchKernel,264,41,0
cudaLaunchKernel,84,40,0
cudaLaunchKernel,128,40,0
cudaLaunchKernel,216,45,0
cudaLaunchKernel,272,40,0
cudaLaunchKernel,128,40,0
cudaLaunchKernel,216,42,0
cudaLaunchKernel,128,42,0
cudaLaunchKernel,216,40,0
cudaLaunchKernel,272,40,0
cudaLaunchKernel,128,39,0
cudaLaunchKernel,216,41,0
cudaLaunchKernel,164,40,0
cudaLaunchKernel,128,43,0
cudaLaunchKernel,216,40,0
cudaLaunchKernel,128,41,0
cudaLaunchKernel,216,40,0
cudaLaunchKernel,164,42,0
cudaLaunchKernel,252,41,0
cudaOccupancyMaxActiveBlocksPerMultiprocessorWithFlags,36,38,0
cudaLaunchKernel,264,40,0
cudaLaunchKernel,84,39,0
cudaLaunchKernel,128,44,0
cudaLaunchKernel,216,41,0
cudaLaunchKernel,272,40,0
cudaLaunchKernel,128,39,0
cudaLaunchKernel,216,39,0
cudaLaunchKernel,128,37,0
cudaLaunchKernel,216,41,0
cudaLaunchKernel,272,40,0
cudaLaunchKernel,128,41,0
cudaLaunchKernel,216,40,0
cudaLaunchKernel,164,43,0
cudaLaunchKernel,128,39,0
cudaLaunchKernel,216,41,0
cudaLaunchKernel,128,42,0
cudaLaunchKernel,216,39,0
cudaLaunchKernel,164,45,0
cudaLaunchKernel,252,39,0
cudaOccupancyMaxActiveBlocksPerMultiprocessorWithFlags,36,38,0
cudaLaunchKernel,264,38,0
cudaLaunchKernel,84,40,0
cudaLaunchKernel,128,41,0
cudaLaunchKernel,216,39,0
cudaLaunchKernel,272,40,0
cudaLaunchKernel,128,40,0
cudaLaunchKernel,216,40,0
cudaLaunchKernel,128,39,0
cudaLaunchKernel,216,39,0
cudaLaunchKernel,272,39,0
cudaLaunchKernel,128,39,0
cudaLaunchKernel,216,44,0
cudaLaunchKernel,164,37,0
cudaLaunchKernel,128,39,0
cudaLaunchKernel,216,40,0
cudaLaunchKernel,128,39,0
cudaLaunchKernel,216,40,0
cudaLaunchKernel,164,38,0
cudaLaunchKernel,252,41,0
cudaOccupancyMaxActiveBlocksPerMultiprocessorWithFlags,36,37,0
cudaLaunchKernel,264,40,0
cudaLaunchKernel,84,45,0
cudaLaunchKernel,128,38,0
cudaLaunchKernel,216,41,0
cudaLaunchKernel,272,40,0
cudaLaunchKernel,128,38,0
cudaLaunchKernel,216,39,0
cudaLaunchKernel,128,40,0
cudaLaunchKernel,216,42,0
cudaLaunchKernel,272,39,0
cudaLaunchKernel,128,41,0
cudaLaunchKernel,216,42,0
cudaLaunchKernel,164,40,0
cudaLaunchKernel,128,41,0
cudaLaunchKernel,216,40,0
cudaLaunchKernel,128,40,0
cudaLaunchKernel,216,40,0
cudaLaunchKernel,164,40,0
cudaLaunchKernel,252,39,0
cudaOccupancyMaxActiveBlocksPerMultiprocessorWithFlags,36,38,0
cudaLaunchKernel,264,44,0
cudaLaunchKernel,84,40,0
cudaLaunchKernel,128,38,0
cudaLaunchKernel,216,41,0
cudaLaunchKernel,272,40,0
cudaLaunchKernel,128,41,0
cudaLaunchKernel,216,40,0
cudaLaunchKernel,128,39,0
cudaLaunchKernel,216,42,0
cudaLaunchKernel,272,40,0
cudaLaunchKernel,128,43,0
cudaLaunchKernel,216,41,0
cudaLaunchKernel,164,39,0
cudaLaunchKernel,128,39,0
cudaLaunchKernel,216,42,0
cudaLaunchKernel,128,42,0
cudaLaunchKernel,216,40,0
cudaLaunchKernel,164,40,0
cudaLaunchKernel,252,42,0
cudaOccupancyMaxActiveBlocksPerMultiprocessorWithFlags,36,38,0
cudaLaunchKernel,264,42,0
cudaLaunchKernel,84,41,0
cudaLaunchKernel,128,41,0
cudaLaunchKernel,216,41,0
cudaLaunchKernel,272,42,0
cudaLaunchKernel,128,41,0
cudaLaunchKernel,216,41,0
cudaLaunchKernel,128,39,0
cudaLaunchKernel,216,40,0
cudaLaunchKernel,272,43,0
cudaLaunchKernel,128,40,0
cudaLaunchKernel,216,40,0
cudaLaunchKernel,164,38,0
cudaLaunchKernel,128,43,0
cudaLaunchKernel,216,42,0
cudaLaunchKernel,128,39,0
cudaLaunchKernel,216,40,0
cudaLaunchKernel,164,40,0
cudaLaunchKernel,252,42,0
cudaOccupancyMaxActiveBlocksPerMultiprocessorWithFlags,36,40,0
cudaLaunchKernel,264,40,0
cudaLaunchKernel,84,40,0
cudaLaunchKernel,128,40,0
cudaLaunchKernel,216,43,0
cudaLaunchKernel,272,37,0
cudaLaunchKernel,128,41,0
cudaLaunchKernel,216,40,0
cudaLaunchKernel,128,40,0
cudaLaunchKernel,216,43,0
cudaLaunchKernel,272,39,0
cudaLaunchKernel,128,39,0
cudaLaunchKernel,216,40,0
cudaLaunchKernel,164,40,0
cudaLaunchKernel,128,39,0
cudaLaunchKernel,216,39,0
cudaLaunchKernel,128,39,0
cudaLaunchKernel,216,39,0
cudaLaunchKernel,164,40,0
cudaLaunchKernel,252,41,0
cudaOccupancyMaxActiveBlocksPerMultiprocessorWithFlags,36,39,0
cudaLaunchKernel,264,40,0
cudaLaunchKernel,84,41,0
cudaLaunchKernel,128,41,0
cudaLaunchKernel,216,40,0
cudaLaunchKernel,272,41,0
cudaLaunchKernel,128,38,0
cudaLaunchKernel,216,40,0
cudaLaunchKernel,128,39,0
cudaLaunchKernel,216,41,0
cudaLaunchKernel,272,40,0
cudaLaunchKernel,128,39,0
cudaLaunchKernel,216,43,0
cudaLaunchKernel,164,40,0
cudaLaunchKernel,128,41,0
cudaLaunchKernel,216,42,0
cudaLaunchKernel,128,41,0
cudaLaunchKernel,216,39,0
cudaLaunchKernel,164,43,0
cudaLaunchKernel,252,42,0
cudaOccupancyMaxActiveBlocksPerMultiprocessorWithFlags,36,38,0
cudaLaunchKernel,264,40,0
cudaLaunchKernel,84,42,0
cudaLaunchKernel,128,41,0
cudaLaunchKernel,216,40,0
cudaLaunchKernel,272,38,0
cudaLaunchKernel,128,41,0
cudaLaunchKernel,216,42,0
cudaLaunchKernel,128,43,0
cudaLaunchKernel,216,40,0
cudaLaunchKernel,272,41,0
cudaLaunchKernel,128,39,0
cudaLaunchKernel,216,42,0
cudaLaunchKernel,164,41,0
cudaLaunchKernel,128,39,0
cudaLaunchKernel,216,39,0
cudaLaunchKernel,128,39,0
cudaLaunchKernel,216,42,0
cudaLaunchKernel,164,41,0
cudaLaunchKernel,252,41,0
cudaOccupancyMaxActiveBlocksPerMultiprocessorWithFlags,36,38,0
cudaLaunchKernel,264,40,0
cudaLaunchKernel,84,42,0
cudaLaunchKernel,128,40,0
cudaLaunchKernel,216,41,0
cudaLaunchKernel,272,40,0
cudaLaunchKernel,128,41,0
cudaLaunchKernel,216,42,0
cudaLaunchKernel,128,39,0
cudaLaunchKernel,216,40,0
cudaLaunchKernel,272,50,0
cudaLaunchKernel,128,41,0
cudaLaunchKernel,216,39,0
cudaLaunchKernel,164,41,0
cudaLaunchKernel,128,41,0
cudaLaunchKernel,216,39,0
cudaLaunchKernel,128,40,0
cudaLaunchKernel,216,43,0
cudaLaunchKernel,164,40,0
cudaLaunchKernel,252,41,0
cudaOccupancyMaxActiveBlocksPerMultiprocessorWithFlags,36,39,0
cudaLaunchKernel,264,40,0
cudaLaunchKernel,84,42,0
cudaLaunchKernel,128,41,0
cudaLaunchKernel,216,41,0
cudaLaunchKernel,272,39,0
cudaLaunchKernel,128,40,0
cudaLaunchKernel,216,43,0
cudaLaunchKernel,128,40,0
cudaLaunchKernel,216,40,0
cudaLaunchKernel,272,40,0
cudaLaunchKernel,128,41,0
cudaLaunchKernel,216,40,0
cudaLaunchKernel,164,40,0
cudaLaunchKernel,128,39,0
cudaLaunchKernel,216,41,0
cudaLaunchKernel,128,40,0
cudaLaunchKernel,216,43,0
cudaLaunchKernel,164,38,0
cudaLaunchKernel,252,40,0
cudaOccupancyMaxActiveBlocksPerMultiprocessorWithFlags,36,37,0
cudaLaunchKernel,264,40,0
cudaLaunchKernel,84,41,0
cudaLaunchKernel,128,42,0
cudaLaunchKernel,216,41,0
cudaLaunchKernel,272,40,0
cudaLaunchKernel,128,44,0
cudaLaunchKernel,216,43,0
cudaLaunchKernel,128,40,0
cudaLaunchKernel,216,42,0
cudaLaunchKernel,272,42,0
cudaLaunchKernel,128,40,0
cudaLaunchKernel,216,41,0
cudaLaunchKernel,164,40,0
cudaLaunchKernel,128,39,0
cudaLaunchKernel,216,40,0
cudaLaunchKernel,128,42,0
cudaLaunchKernel,216,40,0
cudaLaunchKernel,164,41,0
cudaLaunchKernel,252,37,0
cudaOccupancyMaxActiveBlocksPerMultiprocessorWithFlags,36,38,0
cudaLaunchKernel,264,38,0
cudaLaunchKernel,84,41,0
cudaLaunchKernel,128,39,0
cudaLaunchKernel,216,43,0
cudaLaunchKernel,272,45,0
cudaLaunchKernel,128,41,0
cudaLaunchKernel,216,41,0
cudaLaunchKernel,128,40,0
cudaLaunchKernel,216,42,0
cudaLaunchKernel,272,40,0
cudaLaunchKernel,128,40,0
cudaLaunchKernel,216,40,0
cudaLaunchKernel,164,40,0
cudaLaunchKernel,128,39,0
cudaLaunchKernel,216,43,0
cudaLaunchKernel,128,40,0
cudaLaunchKernel,216,40,0
cudaLaunchKernel,164,40,0
cudaLaunchKernel,252,38,0
cudaOccupancyMaxActiveBlocksPerMultiprocessorWithFlags,36,36,0
cudaLaunchKernel,264,39,0
cudaLaunchKernel,84,39,0
cudaLaunchKernel,128,39,0
cudaLaunchKernel,216,40,0
cudaLaunchKernel,272,42,0
cudaLaunchKernel,128,44,0
cudaLaunchKernel,216,43,0
cudaLaunchKernel,128,40,0
cudaLaunchKernel,216,42,0
cudaLaunchKernel,272,40,0
cudaLaunchKernel,128,40,0
cudaLaunchKernel,216,41,0
cudaLaunchKernel,164,42,0
cudaLaunchKernel,128,43,0
cudaLaunchKernel,216,41,0
cudaLaunchKernel,128,38,0
cudaLaunchKernel,216,41,0
cudaLaunchKernel,164,40,0
cudaLaunchKernel,252,40,0
cudaOccupancyMaxActiveBlocksPerMultiprocessorWithFlags,36,39,0
cudaLaunchKernel,264,40,0
cudaLaunchKernel,84,39,0
cudaLaunchKernel,128,40,0
cudaLaunchKernel,216,42,0
cudaLaunchKernel,272,39,0
cudaLaunchKernel,128,39,0
cudaLaunchKernel,216,40,0
cudaLaunchKernel,128,38,0
cudaLaunchKernel,216,39,0
cudaLaunchKernel,272,39,0
cudaLaunchKernel,128,39,0
cudaLaunchKernel,216,40,0
cudaLaunchKernel,164,42,0
cudaLaunchKernel,128,44,0
cudaLaunchKernel,216,41,0
cudaLaunchKernel,128,40,0
cudaLaunchKernel,216,41,0
cudaLaunchKernel,164,40,0
cudaLaunchKernel,252,41,0
cudaOccupancyMaxActiveBlocksPerMultiprocessorWithFlags,36,39,0
cudaLaunchKernel,264,41,0
cudaLaunchKernel,84,42,0
cudaLaunchKernel,128,43,0
cudaLaunchKernel,216,42,0
cudaLaunchKernel,272,40,0
cudaLaunchKernel,128,42,0
cudaLaunchKernel,216,40,0
cudaLaunchKernel,128,40,0
cudaLaunchKernel,216,42,0
cudaLaunchKernel,272,39,0
cudaLaunchKernel,128,40,0
cudaLaunchKernel,216,40,0
cudaLaunchKernel,164,41,0
cudaLaunchKernel,128,38,0
cudaLaunchKernel,216,41,0
cudaLaunchKernel,128,42,0
cudaLaunchKernel,216,41,0
cudaLaunchKernel,164,40,0
cudaLaunchKernel,252,40,0
cudaOccupancyMaxActiveBlocksPerMultiprocessorWithFlags,36,37,0
cudaLaunchKernel,264,42,0
cudaLaunchKernel,84,43,0
cudaLaunchKernel,128,41,0
cudaLaunchKernel,216,40,0
cudaLaunchKernel,272,40,0
cudaLaunchKernel,128,41,0
cudaLaunchKernel,216,41,0
cudaLaunchKernel,128,40,0
cudaLaunchKernel,216,39,0
cudaLaunchKernel,272,40,0
cudaLaunchKernel,128,42,0
cudaLaunchKernel,216,44,0
cudaLaunchKernel,164,40,0
cudaLaunchKernel,128,40,0
cudaLaunchKernel,216,41,0
cudaLaunchKernel,128,39,0
cudaLaunchKernel,216,40,0
cudaLaunchKernel,164,41,0
cudaLaunchKernel,252,42,0
cudaOccupancyMaxActiveBlocksPerMultiprocessorWithFlags,36,39,0
cudaLaunchKernel,264,44,0
cudaLaunchKernel,84,42,0
cudaLaunchKernel,128,39,0
cudaLaunchKernel,216,40,0
cudaLaunchKernel,184,41,0
cudaLaunchKernel,184,39,0
cudaLaunchKernel,208,40,0
cudaLaunchKernel,272,40,0
cudaLaunchKernel,128,40,0
cudaLaunchKernel,216,41,0
cudaLaunchKernel,128,42,0
cudaLaunchKernel,216,38,0
cudaLaunchKernel,272,41,0
cudaLaunchKernel,128,39,0
cudaLaunchKernel,216,40,0
cudaMemcpyAsync,37,128,0
cudaStreamSynchronize,8,36,0
cudaStreamSynchronize,8,23,0
cudaStreamSynchronize,8,41,0
cudaMemcpyAsync,8228,46,0
cudaStreamSynchronize,8,41,0
cudaStreamSynchronize,8,41,0
cudaMemcpyAsync,40,43,0
cudaStreamSynchronize,8,44,0
cudaStreamSynchronize,8,42,0
cudaMemcpyAsync,44,40,0
cudaStreamSynchronize,8,41,0
cudaStreamSynchronize,8,44,0
cudaMemcpyAsync,44,39,0
cudaStreamSynchronize,8,43,0
cudaStreamSynchronize,8,42,0
cudaMemcpyAsync,548,42,0
cudaStreamSynchronize,8,41,0
cudaStreamSynchronize,8,40,0
cudaMemcpyAsync,40,39,0
cudaStreamSynchronize,8,41,0
cudaLaunchKernel,272,44,0
cudaLaunchKernel,128,40,0
cudaLaunchKernel,216,43,0
cudaLaunchKernel,164,40,0
cudaLaunchKernel,128,41,0
cudaLaunchKernel,216,40,0
cudaLaunchKernel,128,39,0
cudaLaunchKernel,216,39,0
cudaLaunchKernel,164,40,0
cudaLaunchKernel,252,44,0
cudaOccupancyMaxActiveBlocksPerMultiprocessorWithFlags,36,37,0
cudaLaunchKernel,264,41,0
cudaLaunchKernel,84,40,0
cudaLaunchKernel,128,41,0
cudaLaunchKernel,216,40,0
cudaLaunchKernel,272,39,0
cudaLaunchKernel,128,43,0
cudaLaunchKernel,216,39,0
cudaLaunchKernel,128,39,0
cudaLaunchKernel,216,46,0
cudaLaunchKernel,272,40,0
cudaLaunchKernel,128,39,0
cudaLaunchKernel,216,41,0
cudaLaunchKernel,164,41,0
cudaLaunchKernel,128,40,0
cudaLaunchKernel,216,41,0
cudaLaunchKernel,128,38,0
cudaLaunchKernel,216,40,0
cudaLaunchKernel,164,42,0
cudaLaunchKernel,252,41,0
cudaOccupancyMaxActiveBlocksPerMultiprocessorWithFlags,36,38,0
cudaLaunchKernel,264,42,0
cudaLaunchKernel,84,42,0
cudaLaunchKernel,128,42,0
cudaLaunchKernel,216,40,0
cudaLaunchKernel,272,41,0
cudaLaunchKernel,128,41,0
cudaLaunchKernel,216,38,0
cudaLaunchKernel,128,34,0
cudaLaunchKernel,216,40,0
cudaLaunchKernel,272,50,0
cudaLaunchKernel,128,40,0
cudaLaunchKernel,216,42,0
cudaLaunchKernel,164,41,0
cudaLaunchKernel,128,39,0
cudaLaunchKernel,216,44,0
cudaLaunchKernel,128,41,0
cudaLaunchKernel,216,39,0
cudaLaunchKernel,164,41,0
cudaLaunchKernel,252,40,0
cudaOccupancyMaxActiveBlocksPerMultiprocessorWithFlags,36,39,0
cudaLaunchKernel,264,39,0
cudaLaunchKernel,84,41,0
cudaLaunchKernel,128,39,0
cudaLaunchKernel,216,41,0
cudaLaunchKernel,272,41,0
cudaLaunchKernel,128,39,0
cudaLaunchKernel,216,44,0
cudaLaunchKernel,128,41,0
cudaLaunchKernel,216,42,0
cudaLaunchKernel,272,40,0
cudaLaunchKernel,128,40,0
cudaLaunchKernel,216,39,0
cudaLaunchKernel,164,40,0
cudaLaunchKernel,128,40,0
cudaLaunchKernel,216,41,0
cudaLaunchKernel,128,42,0
cudaLaunchKernel,216,44,0
cudaLaunchKernel,164,40,0
cudaLaunchKernel,252,41,0
cudaOccupancyMaxActiveBlocksPerMultiprocessorWithFlags,36,35,0
cudaLaunchKernel,264,42,0
cudaLaunchKernel,84,40,0
cudaLaunchKernel,128,40,0
cudaLaunchKernel,216,41,0
cudaLaunchKernel,272,38,0
cudaLaunchKernel,128,39,0
cudaLaunchKernel,216,43,0
cudaLaunchKernel,128,41,0
cudaLaunchKernel,216,40,0
cudaLaunchKernel,272,40,0
cudaLaunchKernel,128,39,0
cudaLaunchKernel,216,40,0
cudaLaunchKernel,164,40,0
cudaLaunchKernel,128,39,0
cudaLaunchKernel,216,41,0
cudaLaunchKernel,128,42,0
cudaLaunchKernel,216,43,0
cudaLaunchKernel,164,40,0
cudaLaunchKernel,252,41,0
cudaOccupancyMaxActiveBlocksPerMultiprocessorWithFlags,36,39,0
cudaLaunchKernel,264,39,0
cudaLaunchKernel,84,40,0
cudaLaunchKernel,128,40,0
cudaLaunchKernel,216,40,0
cudaLaunchKernel,272,40,0
cudaLaunchKernel,128,44,0
cudaLaunchKernel,216,39,0
cudaLaunchKernel,128,43,0
cudaLaunchKernel,216,42,0
cudaLaunchKernel,272,39,0
cudaLaunchKernel,128,38,0
cudaLaunchKernel,216,41,0
cudaLaunchKernel,164,41,0
cudaLaunchKernel,128,39,0
cudaLaunchKernel,216,39,0
cudaLaunchKernel,128,44,0
cudaLaunchKernel,216,40,0
cudaLaunchKernel,164,41,0
cudaLaunchKernel,252,42,0
cudaOccupancyMaxActiveBlocksPerMultiprocessorWithFlags,36,39,0
cudaLaunchKernel,264,40,0
cudaLaunchKernel,84,42,0
cudaLaunchKernel,128,40,0
cudaLaunchKernel,216,42,0
cudaLaunchKernel,272,41,0
cudaLaunchKernel,128,44,0
cudaLaunchKernel,216,43,0
cudaLaunchKernel,128,40,0
cudaLaunchKernel,216,41,0
cudaLaunchKernel,272,40,0
cudaLaunchKernel,128,40,0
cudaLaunchKernel,216,40,0
cudaLaunchKernel,164,40,0
cudaLaunchKernel,128,41,0
cudaLaunchKernel,216,43,0
cudaLaunchKernel,128,41,0
cudaLaunchKernel,216,40,0
cudaLaunchKernel,164,40,0
cudaLaunchKernel,252,40,0
cudaOccupancyMaxActiveBlocksPerMultiprocessorWithFlags,36,38,0
cudaLaunchKernel,264,42,0
cudaLaunchKernel,84,41,0
cudaLaunchKernel,128,38,0
cudaLaunchKernel,216,40,0
cudaLaunchKernel,272,43,0
cudaLaunchKernel,128,40,0
cudaLaunchKernel,216,40,0
cudaLaunchKernel,128,38,0
cudaLaunchKernel,216,42,0
cudaLaunchKernel,272,38,0
cudaLaunchKernel,128,39,0
cudaLaunchKernel,216,41,0
cudaLaunchKernel,164,39,0
cudaLaunchKernel,128,42,0
cudaLaunchKernel,216,40,0
cudaLaunchKernel,128,40,0
cudaLaunchKernel,216,40,0
cudaLaunchKernel,164,41,0
cudaLaunchKernel,252,39,0
cudaOccupancyMaxActiveBlocksPerMultiprocessorWithFlags,36,39,0
cudaLaunchKernel,264,41,0
cudaLaunchKernel,84,39,0
cudaLaunchKernel,128,40,0
cudaLaunchKernel,216,43,0
cudaLaunchKernel,272,40,0
cudaLaunchKernel,128,40,0
cudaLaunchKernel,216,39,0
cudaLaunchKernel,128,40,0
cudaLaunchKernel,216,42,0
cudaLaunchKernel,272,42,0
cudaLaunchKernel,128,41,0
cudaLaunchKernel,216,42,0
cudaLaunchKernel,164,39,0
cudaLaunchKernel,128,41,0
cudaLaunchKernel,216,43,0
cudaLaunchKernel,128,40,0
cudaLaunchKernel,216,41,0
cudaLaunchKernel,164,41,0
cudaLaunchKernel,252,41,0
cudaOccupancyMaxActiveBlocksPerMultiprocessorWithFlags,36,38,0
cudaLaunchKernel,264,38,0
cudaLaunchKernel,84,41,0
cudaLaunchKernel,128,41,0
cudaLaunchKernel,216,41,0
cudaLaunchKernel,272,40,0
cudaLaunchKernel,128,42,0
cudaLaunchKernel,216,40,0
cudaLaunchKernel,128,39,0
cudaLaunchKernel,216,41,0
cudaLaunchKernel,272,42,0
cudaLaunchKernel,128,39,0
cudaLaunchKernel,216,41,0
cudaLaunchKernel,164,40,0
cudaLaunchKernel,128,41,0
cudaLaunchKernel,216,40,0
cudaLaunchKernel,128,39,0
cudaLaunchKernel,216,40,0
cudaLaunchKernel,164,40,0
cudaLaunchKernel,252,42,0
cudaOccupancyMaxActiveBlocksPerMultiprocessorWithFlags,36,37,0
cudaLaunchKernel,264,40,0
cudaLaunchKernel,84,48,0
cudaLaunchKernel,128,43,0
cudaLaunchKernel,216,40,0
cudaLaunchKernel,272,39,0
cudaLaunchKernel,128,41,0
cudaLaunchKernel,216,40,0
cudaLaunchKernel,128,38,0
cudaLaunchKernel,216,42,0
cudaLaunchKernel,272,38,0
cudaLaunchKernel,128,40,0
cudaLaunchKernel,216,43,0
cudaLaunchKernel,164,39,0
cudaLaunchKernel,128,39,0
cudaLaunchKernel,216,39,0
cudaLaunchKernel,128,39,0
cudaLaunchKernel,216,40,0
cudaLaunchKernel,164,41,0
cudaLaunchKernel,252,40,0
cudaOccupancyMaxActiveBlocksPerMultiprocessorWithFlags,36,38,0
cudaLaunchKernel,264,42,0
cudaLaunchKernel,84,43,0
cudaLaunchKernel,128,40,0
cudaLaunchKernel,216,40,0
cudaLaunchKernel,272,42,0
cudaLaunchKernel,128,39,0
cudaLaunchKernel,216,40,0
cudaLaunchKernel,128,41,0
cudaLaunchKernel,216,43,0
cudaLaunchKernel,272,42,0
cudaLaunchKernel,128,42,0
cudaLaunchKernel,216,41,0
cudaLaunchKernel,164,40,0
cudaLaunchKernel,128,39,0
cudaLaunchKernel,216,39,0
cudaLaunchKernel,128,39,0
cudaLaunchKernel,216,40,0
cudaLaunchKernel,164,38,0
cudaLaunchKernel,252,41,0
cudaOccupancyMaxActiveBlocksPerMultiprocessorWithFlags,36,38,0
cudaLaunchKernel,264,42,0
cudaLaunchKernel,84,43,0
cudaLaunchKernel,128,41,0
cudaLaunchKernel,216,42,0
cudaLaunchKernel,272,40,0
cudaLaunchKernel,128,40,0
cudaLaunchKernel,216,40,0
cudaLaunchKernel,128,43,0
cudaLaunchKernel,216,39,0
cudaLaunchKernel,272,40,0
cudaLaunchKernel,128,41,0
cudaLaunchKernel,216,40,0
cudaLaunchKernel,164,39,0
cudaLaunchKernel,128,42,0
cudaLaunchKernel,216,41,0
cudaLaunchKernel,128,39,0
cudaLaunchKernel,216,41,0
cudaLaunchKernel,164,39,0
cudaLaunchKernel,252,40,0
cudaOccupancyMaxActiveBlocksPerMultiprocessorWithFlags,36,42,0
cudaLaunchKernel,264,41,0
cudaLaunchKernel,84,41,0
cudaLaunchKernel,128,41,0
cudaLaunchKernel,216,43,0
cudaLaunchKernel,272,39,0
cudaLaunchKernel,128,43,0
cudaLaunchKernel,216,41,0
cudaLaunchKernel,128,40,0
cudaLaunchKernel,216,41,0
cudaLaunchKernel,272,43,0
cudaLaunchKernel,128,41,0
cudaLaunchKernel,216,41,0
cudaLaunchKernel,164,39,0
cudaLaunchKernel,128,39,0
cudaLaunchKernel,216,36,0
cudaLaunchKernel,128,41,0
cudaLaunchKernel,216,46,0
cudaLaunchKernel,164,41,0
cudaLaunchKernel,252,39,0
cudaOccupancyMaxActiveBlocksPerMultiprocessorWithFlags,36,42,0
cudaLaunchKernel,264,39,0
cudaLaunchKernel,84,40,0
cudaLaunchKernel,128,40,0
cudaLaunchKernel,216,39,0
cudaLaunchKernel,272,40,0
cudaLaunchKernel,128,41,0
cudaLaunchKernel,216,39,0
cudaLaunchKernel,128,40,0
cudaLaunchKernel,216,42,0
cudaLaunchKernel,272,40,0
cudaLaunchKernel,128,40,0
cudaLaunchKernel,216,40,0
cudaLaunchKernel,164,40,0
cudaLaunchKernel,128,40,0
cudaLaunchKernel,216,41,0
cudaLaunchKernel,128,39,0
cudaLaunchKernel,216,43,0
cudaLaunchKernel,164,40,0
cudaLaunchKernel,252,42,0
cudaOccupancyMaxActiveBlocksPerMultiprocessorWithFlags,36,38,0
cudaLaunchKernel,264,41,0
cudaLaunchKernel,84,41,0
cudaLaunchKernel,128,40,0
cudaLaunchKernel,216,40,0
cudaLaunchKernel,272,41,0
cudaLaunchKernel,128,41,0
cudaLaunchKernel,216,41,0
cudaLaunchKernel,128,40,0
cudaLaunchKernel,216,41,0
cudaLaunchKernel,272,40,0
cudaLaunchKernel,128,39,0
cudaLaunchKernel,216,40,0
cudaLaunchKernel,164,41,0
cudaLaunchKernel,128,41,0
cudaLaunchKernel,216,42,0
cudaLaunchKernel,128,39,0
cudaLaunchKernel,216,40,0
cudaLaunchKernel,164,44,0
cudaLaunchKernel,252,41,0
cudaOccupancyMaxActiveBlocksPerMultiprocessorWithFlags,36,38,0
cudaLaunchKernel,264,41,0
cudaLaunchKernel,84,43,0
cudaLaunchKernel,128,41,0
cudaLaunchKernel,216,41,0
cudaLaunchKernel,272,38,0
cudaLaunchKernel,128,40,0
cudaLaunchKernel,216,40,0
cudaLaunchKernel,128,45,0
cudaLaunchKernel,216,41,0
cudaLaunchKernel,272,39,0
cudaLaunchKernel,128,43,0
cudaLaunchKernel,216,39,0
cudaLaunchKernel,164,41,0
cudaLaunchKernel,128,41,0
cudaLaunchKernel,216,38,0
cudaLaunchKernel,128,39,0
cudaLaunchKernel,216,42,0
cudaLaunchKernel,164,41,0
cudaLaunchKernel,252,42,0
cudaOccupancyMaxActiveBlocksPerMultiprocessorWithFlags,36,38,0
cudaLaunchKernel,264,40,0
cudaLaunchKernel,84,39,0
cudaLaunchKernel,128,40,0
cudaLaunchKernel,216,41,0
cudaLaunchKernel,272,40,0
cudaLaunchKernel,128,39,0
cudaLaunchKernel,216,42,0
cudaLaunchKernel,128,39,0
cudaLaunchKernel,216,41,0
cudaLaunchKernel,272,41,0
cudaLaunchKernel,128,40,0
cudaLaunchKernel,216,40,0
cudaLaunchKernel,164,47,0
cudaLaunchKernel,128,40,0
cudaLaunchKernel,216,41,0
cudaLaunchKernel,128,41,0
cudaLaunchKernel,216,42,0
cudaLaunchKernel,164,41,0
cudaLaunchKernel,252,40,0
cudaOccupancyMaxActiveBlocksPerMultiprocessorWithFlags,36,38,0
cudaLaunchKernel,264,40,0
cudaLaunchKernel,84,41,0
cudaLaunchKernel,128,34,0
cudaLaunchKernel,216,41,0
cudaLaunchKernel,272,40,0
cudaLaunchKernel,128,41,0
cudaLaunchKernel,216,41,0
cudaLaunchKernel,128,41,0
cudaLaunchKernel,216,41,0
cudaLaunchKernel,272,41,0
cudaLaunchKernel,128,43,0
cudaLaunchKernel,216,39,0
cudaLaunchKernel,164,39,0
cudaLaunchKernel,128,41,0
cudaLaunchKernel,216,41,0
cudaLaunchKernel,128,43,0
cudaLaunchKernel,216,41,0
cudaLaunchKernel,164,41,0
cudaLaunchKernel,252,40,0
cudaOccupancyMaxActiveBlocksPerMultiprocessorWithFlags,36,38,0
cudaLaunchKernel,264,40,0
cudaLaunchKernel,84,41,0
cudaLaunchKernel,128,41,0
cudaLaunchKernel,216,40,0
cudaLaunchKernel,272,39,0
cudaLaunchKernel,128,44,0
cudaLaunchKernel,216,40,0
cudaLaunchKernel,128,41,0
cudaLaunchKernel,216,39,0
cudaLaunchKernel,272,39,0
cudaLaunchKernel,128,39,0
cudaLaunchKernel,216,43,0
cudaLaunchKernel,164,40,0
cudaLaunchKernel,128,41,0
cudaLaunchKernel,216,43,0
cudaLaunchKernel,128,40,0
cudaLaunchKernel,216,39,0
cudaLaunchKernel,164,40,0
cudaLaunchKernel,252,40,0
cudaOccupancyMaxActiveBlocksPerMultiprocessorWithFlags,36,38,0
cudaLaunchKernel,264,40,0
cudaLaunchKernel,84,40,0
cudaLaunchKernel,128,41,0
cudaLaunchKernel,216,39,0
cudaLaunchKernel,272,42,0
cudaLaunchKernel,128,40,0
cudaLaunchKernel,216,40,0
cudaLaunchKernel,128,39,0
cudaLaunchKernel,216,41,0
cudaLaunchKernel,272,40,0
cudaLaunchKernel,128,40,0
cudaLaunchKernel,216,40,0
cudaLaunchKernel,164,40,0
cudaLaunchKernel,128,40,0
cudaLaunchKernel,216,41,0
cudaLaunchKernel,128,41,0
cudaLaunchKernel,216,39,0
cudaLaunchKernel,164,42,0
cudaLaunchKernel,252,39,0
cudaOccupancyMaxActiveBlocksPerMultiprocessorWithFlags,36,38,0
cudaLaunchKernel,264,41,0
cudaLaunchKernel,84,41,0
cudaLaunchKernel,128,41,0
cudaLaunchKernel,216,43,0
cudaLaunchKernel,272,40,0
cudaLaunchKernel,128,41,0
cudaLaunchKernel,216,41,0
cudaLaunchKernel,128,40,0
cudaLaunchKernel,216,46,0
cudaLaunchKernel,272,40,0
cudaLaunchKernel,128,40,0
cudaLaunchKernel,216,39,0
cudaLaunchKernel,164,41,0
cudaLaunchKernel,128,44,0
cudaLaunchKernel,216,42,0
cudaLaunchKernel,128,39,0
cudaLaunchKernel,216,39,0
cudaLaunchKernel,164,40,0
cudaLaunchKernel,252,40,0
cudaOccupancyMaxActiveBlocksPerMultiprocessorWithFlags,36,39,0
cudaLaunchKernel,264,42,0
cudaLaunchKernel,84,40,0
cudaLaunchKernel,128,41,0
cudaLaunchKernel,216,44,0
cudaLaunchKernel,184,39,0
cudaLaunchKernel,184,41,0
cudaLaunchKernel,208,42,0
cudaLaunchKernel,272,42,0
cudaLaunchKernel,128,42,0
cudaLaunchKernel,216,42,0
cudaLaunchKernel,128,39,0
cudaLaunchKernel,216,39,0
cudaLaunchKernel,272,41,0
cudaLaunchKernel,128,40,0
cudaLaunchKernel,216,39,0
cudaMemcpyAsync,37,125,0
cudaStreamSynchronize,8,32,0
cudaStreamSynchronize,8,23,0
cudaStreamSynchronize,8,43,0
cudaMemcpyAsync,8228,45,0
cudaStreamSynchronize,8,40,0
cudaStreamSynchronize,8,42,0
cudaMemcpyAsync,40,39,0
cudaStreamSynchronize,8,42,0
cudaStreamSynchronize,8,44,0
cudaMemcpyAsync,44,41,0
cudaStreamSynchronize,8,42,0
cudaStreamSynchronize,8,42,0
cudaMemcpyAsync,44,38,0
cudaStreamSynchronize,8,45,0
cudaStreamSynchronize,8,41,0
cudaMemcpyAsync,548,39,0
cudaStreamSynchronize,8,42,0
cudaStreamSynchronize,8,41,0
cudaMemcpyAsync,40,39,0
cudaStreamSynchronize,8,42,0
cudaLaunchKernel,272,41,0
cudaLaunchKernel,128,42,0
cudaLaunchKernel,216,40,0
cudaLaunchKernel,164,40,0
cudaLaunchKernel,128,41,0
cudaLaunchKernel,216,41,0
cudaLaunchKernel,128,39,0
cudaLaunchKernel,216,40,0
cudaLaunchKernel,164,39,0
cudaLaunchKernel,252,42,0
cudaOccupancyMaxActiveBlocksPerMultiprocessorWithFlags,36,37,0
cudaLaunchKernel,264,41,0
cudaLaunchKernel,84,41,0
cudaLaunchKernel,128,39,0
cudaLaunchKernel,216,37,0
cudaLaunchKernel,272,39,0
cudaLaunchKernel,128,39,0
cudaLaunchKernel,216,40,0
cudaLaunchKernel,128,39,0
cudaLaunchKernel,216,40,0
cudaLaunchKernel,272,40,0
cudaLaunchKernel,128,43,0
cudaLaunchKernel,216,40,0
cudaLaunchKernel,164,42,0
cudaLaunchKernel,128,40,0
cudaLaunchKernel,216,40,0
cudaLaunchKernel,128,41,0
cudaLaunchKernel,216,45,0
cudaLaunchKernel,164,40,0
cudaLaunchKernel,252,41,0
cudaOccupancyMaxActiveBlocksPerMultiprocessorWithFlags,36,39,0
cudaLaunchKernel,264,44,0
cudaLaunchKernel,84,42,0
cudaLaunchKernel,128,40,0
cudaLaunchKernel,216,40,0
cudaLaunchKernel,272,40,0
cudaLaunchKernel,128,39,0
cudaLaunchKernel,216,43,0
cudaLaunchKernel,128,39,0
cudaLaunchKernel,216,41,0
cudaLaunchKernel,272,45,0
cudaLaunchKernel,128,41,0
cudaLaunchKernel,216,42,0
cudaLaunchKernel,164,39,0
cudaLaunchKernel,128,41,0
cudaLaunchKernel,216,41,0
cudaLaunchKernel,128,40,0
cudaLaunchKernel,216,40,0
cudaLaunchKernel,164,39,0
cudaLaunchKernel,252,41,0
cudaOccupancyMaxActiveBlocksPerMultiprocessorWithFlags,36,41,0
cudaLaunchKernel,264,41,0
cudaLaunchKernel,84,42,0
cudaLaunchKernel,128,40,0
cudaLaunchKernel,216,42,0
cudaLaunchKernel,272,41,0
cudaLaunchKernel,128,40,0
cudaLaunchKernel,216,42,0
cudaLaunchKernel,128,38,0
cudaLaunchKernel,216,44,0
cudaLaunchKernel,272,40,0
cudaLaunchKernel,128,38,0
cudaLaunchKernel,216,42,0
cudaLaunchKernel,164,40,0
cudaLaunchKernel,128,39,0
cudaLaunchKernel,216,42,0
cudaLaunchKernel,128,40,0
cudaLaunchKernel,216,39,0
cudaLaunchKernel,164,39,0
cudaLaunchKernel,252,43,0
cudaOccupancyMaxActiveBlocksPerMultiprocessorWithFlags,36,36,0
cudaLaunchKernel,264,39,0
cudaLaunchKernel,84,41,0
cudaLaunchKernel,128,39,0
cudaLaunchKernel,216,42,0
cudaLaunchKernel,272,41,0
cudaLaunchKernel,128,38,0
cudaLaunchKernel,216,39,0
cudaLaunchKernel,128,40,0
cudaLaunchKernel,216,42,0
cudaLaunchKernel,272,40,0
cudaLaunchKernel,128,39,0
cudaLaunchKernel,216,40,0
cudaLaunchKernel,164,41,0
cudaLaunchKernel,128,40,0
cudaLaunchKernel,216,41,0
cudaLaunchKernel,128,40,0
cudaLaunchKernel,216,41,0
cudaLaunchKernel,164,42,0
cudaLaunchKernel,252,40,0
cudaOccupancyMaxActiveBlocksPerMultiprocessorWithFlags,36,38,0
cudaLaunchKernel,264,40,0
cudaLaunchKernel,84,40,0
cudaLaunchKernel,128,40,0
cudaLaunchKernel,216,41,0
cudaLaunchKernel,272,41,0
cudaLaunchKernel,128,38,0
cudaLaunchKernel,216,40,0
cudaLaunchKernel,128,44,0
cudaLaunchKernel,216,41,0
cudaLaunchKernel,272,39,0
cudaLaunchKernel,128,32,0
cudaLaunchKernel,216,41,0
cudaLaunchKernel,164,47,0
cudaLaunchKernel,128,40,0
cudaLaunchKernel,216,41,0
cudaLaunchKernel,128,39,0
cudaLaunchKernel,216,41,0
cudaLaunchKernel,164,42,0
cudaLaunchKernel,252,39,0
cudaOccupancyMaxActiveBlocksPerMultiprocessorWithFlags,36,39,0
cudaLaunchKernel,264,38,0
cudaLaunchKernel,84,39,0
cudaLaunchKernel,128,40,0
cudaLaunchKernel,216,41,0
cudaLaunchKernel,272,40,0
cudaLaunchKernel,128,39,0
cudaLaunchKernel,216,43,0
cudaLaunchKernel,128,40,0
cudaLaunchKernel,216,42,0
cudaLaunchKernel,272,42,0
cudaLaunchKernel,128,41,0
cudaLaunchKernel,216,42,0
cudaLaunchKernel,164,38,0
cudaLaunchKernel,128,39,0
cudaLaunchKernel,216,40,0
cudaLaunchKernel,128,38,0
cudaLaunchKernel,216,43,0
cudaLaunchKernel,164,43,0
cudaLaunchKernel,252,37,0
cudaOccupancyMaxActiveBlocksPerMultiprocessorWithFlags,36,36,0
cudaLaunchKernel,264,39,0
cudaLaunchKernel,84,41,0
cudaLaunchKernel,128,39,0
cudaLaunchKernel,216,40,0
cudaLaunchKernel,272,40,0
cudaLaunchKernel,128,41,0
cudaLaunchKernel,216,43,0
cudaLaunchKernel,128,39,0
cudaLaunchKernel,216,38,0
cudaLaunchKernel,272,40,0
cudaLaunchKernel,128,39,0
cudaLaunchKernel,216,35,0
cudaLaunchKernel,164,40,0
cudaLaunchKernel,128,40,0
cudaLaunchKernel,216,38,0
cudaLaunchKernel,128,42,0
cudaLaunchKernel,216,39,0
cudaLaunchKernel,164,41,0
cudaLaunchKernel,252,40,0
cudaOccupancyMaxActiveBlocksPerMultiprocessorWithFlags,36,37,0
cudaLaunchKernel,264,39,0
cudaLaunchKernel,84,39,0
cudaLaunchKernel,128,39,0
cudaLaunchKernel,216,40,0
cudaLaunchKernel,272,39,0
cudaLaunchKernel,128,41,0
cudaLaunchKernel,216,40,0
cudaLaunchKernel,128,39,0
cudaLaunchKernel,216,42,0
cudaLaunchKernel,272,38,0
cudaLaunchKernel,128,40,0
cudaLaunchKernel,216,40,0
cudaLaunchKernel,164,39,0
cudaLaunchKernel,128,39,0
cudaLaunchKernel,216,45,0
cudaLaunchKernel,128,38,0
cudaLaunchKernel,216,41,0
cudaLaunchKernel,164,43,0
cudaLaunchKernel,252,41,0
cudaOccupancyMaxActiveBlocksPerMultiprocessorWithFlags,36,38,0
cudaLaunchKernel,264,40,0
cudaLaunchKernel,84,41,0
cudaLaunchKernel,128,40,0
cudaLaunchKernel,216,42,0
cudaLaunchKernel,272,46,0
cudaLaunchKernel,128,39,0
cudaLaunchKernel,216,39,0
cudaLaunchKernel,128,41,0
cudaLaunchKernel,216,46,0
cudaLaunchKernel,272,41,0
cudaLaunchKernel,128,40,0
cudaLaunchKernel,216,39,0
cudaLaunchKernel,164,39,0
cudaLaunchKernel,128,40,0
cudaLaunchKernel,216,44,0
cudaLaunchKernel,128,39,0
cudaLaunchKernel,216,40,0
cudaLaunchKernel,164,39,0
cudaLaunchKernel,252,39,0
cudaOccupancyMaxActiveBlocksPerMultiprocessorWithFlags,36,38,0
cudaLaunchKernel,264,41,0
cudaLaunchKernel,84,41,0
cudaLaunchKernel,128,39,0
cudaLaunchKernel,216,42,0
cudaLaunchKernel,272,44,0
cudaLaunchKernel,128,40,0
cudaLaunchKernel,216,41,0
cudaLaunchKernel,128,41,0
cudaLaunchKernel,216,40,0
cudaLaunchKernel,272,41,0
cudaLaunchKernel,128,39,0
cudaLaunchKernel,216,39,0
cudaLaunchKernel,164,41,0
cudaLaunchKernel,128,43,0
cudaLaunchKernel,216,41,0
cudaLaunchKernel,128,40,0
cudaLaunchKernel,216,40,0
cudaLaunchKernel,164,41,0
cudaLaunchKernel,252,40,0
cudaOccupancyMaxActiveBlocksPerMultiprocessorWithFlags,36,38,0
cudaLaunchKernel,264,38,0
cudaLaunchKernel,84,42,0
cudaLaunchKernel,128,40,0
cudaLaunchKernel,216,42,0
cudaLaunchKernel,272,40,0
cudaLaunchKernel,128,40,0
cudaLaunchKernel,216,41,0
cudaLaunchKernel,128,39,0
cudaLaunchKernel,216,41,0
cudaLaunchKernel,272,39,0
cudaLaunchKernel,128,39,0
cudaLaunchKernel,216,40,0
cudaLaunchKernel,164,44,0
cudaLaunchKernel,128,39,0
cudaLaunchKernel,216,40,0
cudaLaunchKernel,128,41,0
cudaLaunchKernel,216,40,0
cudaLaunchKernel,164,42,0
cudaLaunchKernel,252,41,0
cudaOccupancyMaxActiveBlocksPerMultiprocessorWithFlags,36,38,0
cudaLaunchKernel,264,41,0
cudaLaunchKernel,84,42,0
cudaLaunchKernel,128,43,0
cudaLaunchKernel,216,40,0
cudaLaunchKernel,272,40,0
cudaLaunchKernel,128,41,0
cudaLaunchKernel,216,40,0
cudaLaunchKernel,128,42,0
cudaLaunchKernel,216,43,0
cudaLaunchKernel,272,39,0
cudaLaunchKernel,128,39,0
cudaLaunchKernel,216,40,0
cudaLaunchKernel,164,43,0
cudaLaunchKernel,128,40,0
cudaLaunchKernel,216,43,0
cudaLaunchKernel,128,38,0
cudaLaunchKernel,216,42,0
cudaLaunchKernel,164,40,0
cudaLaunchKernel,252,40,0
cudaOccupancyMaxActiveBlocksPerMultiprocessorWithFlags,36,39,0
cudaLaunchKernel,264,40,0
cudaLaunchKernel,84,50,0
cudaLaunchKernel,128,33,0
cudaLaunchKernel,216,40,0
cudaLaunchKernel,272,45,0
cudaLaunchKernel,128,38,0
cudaLaunchKernel,216,42,0
cudaLaunchKernel,128,39,0
cudaLaunchKernel,216,40,0
cudaLaunchKernel,272,39,0
cudaLaunchKernel,128,39,0
cudaLaunchKernel,216,44,0
cudaLaunchKernel,164,40,0
cudaLaunchKernel,128,40,0
cudaLaunchKernel,216,41,0
cudaLaunchKernel,128,42,0
cudaLaunchKernel,216,41,0
cudaLaunchKernel,164,42,0
cudaLaunchKernel,252,41,0
cudaOccupancyMaxActiveBlocksPerMultiprocessorWithFlags,36,33,0
cudaLaunchKernel,264,40,0
cudaLaunchKernel,84,43,0
cudaLaunchKernel,128,42,0
cudaLaunchKernel,216,42,0
cudaLaunchKernel,272,41,0
cudaLaunchKernel,128,39,0
cudaLaunchKernel,216,40,0
cudaLaunchKernel,128,41,0
cudaLaunchKernel,216,39,0
cudaLaunchKernel,272,39,0
cudaLaunchKernel,128,45,0
cudaLaunchKernel,216,42,0
cudaLaunchKernel,164,41,0
cudaLaunchKernel,128,40,0
cudaLaunchKernel,216,40,0
cudaLaunchKernel,128,41,0
cudaLaunchKernel,216,42,0
cudaLaunchKernel,164,40,0
cudaLaunchKernel,252,39,0
cudaOccupancyMaxActiveBlocksPerMultiprocessorWithFlags,36,37,0
cudaLaunchKernel,264,43,0
cudaLaunchKernel,84,39,0
cudaLaunchKernel,128,40,0
cudaLaunchKernel,216,41,0
cudaLaunchKernel,272,40,0
cudaLaunchKernel,128,40,0
cudaLaunchKernel,216,40,0
cudaLaunchKernel,128,41,0
cudaLaunchKernel,216,40,0
cudaLaunchKernel,272,42,0
cudaLaunchKernel,128,40,0
cudaLaunchKernel,216,43,0
cudaLaunchKernel,164,41,0
cudaLaunchKernel,128,41,0
cudaLaunchKernel,216,41,0
cudaLaunchKernel,128,40,0
cudaLaunchKernel,216,42,0
cudaLaunchKernel,164,42,0
cudaLaunchKernel,252,40,0
cudaOccupancyMaxActiveBlocksPerMultiprocessorWithFlags,36,41,0
cudaLaunchKernel,264,41,0
cudaLaunchKernel,84,39,0
cudaLaunchKernel,128,40,0
cudaLaunchKernel,216,43,0
cudaLaunchKernel,272,39,0
cudaLaunchKernel,128,40,0
cudaLaunchKernel,216,42,0
cudaLaunchKernel,128,39,0
cudaLaunchKernel,216,41,0
cudaLaunchKernel,272,42,0
cudaLaunchKernel,128,39,0
cudaLaunchKernel,216,41,0
cudaLaunchKernel,164,41,0
cudaLaunchKernel,128,40,0
cudaLaunchKernel,216,41,0
cudaLaunchKernel,128,42,0
cudaLaunchKernel,216,39,0
cudaLaunchKernel,164,40,0
cudaLaunchKernel,252,45,0
cudaOccupancyMaxActiveBlocksPerMultiprocessorWithFlags,36,42,0
cudaLaunchKernel,264,42,0
cudaLaunchKernel,84,42,0
cudaLaunchKernel,128,40,0
cudaLaunchKernel,216,39,0
cudaLaunchKernel,272,40,0
cudaLaunchKernel,128,41,0
cudaLaunchKernel,216,41,0
cudaLaunchKernel,128,40,0
cudaLaunchKernel,216,44,0
cudaLaunchKernel,272,42,0
cudaLaunchKernel,128,41,0
cudaLaunchKernel,216,41,0
cudaLaunchKernel,164,40,0
cudaLaunchKernel,128,39,0
cudaLaunchKernel,216,40,0
cudaLaunchKernel,128,41,0
cudaLaunchKernel,216,40,0
cudaLaunchKernel,164,41,0
cudaLaunchKernel,252,42,0
cudaOccupancyMaxActiveBlocksPerMultiprocessorWithFlags,36,37,0
cudaLaunchKernel,264,40,0
cudaLaunchKernel,84,42,0
cudaLaunchKernel,128,40,0
cudaLaunchKernel,216,40,0
cudaLaunchKernel,272,39,0
cudaLaunchKernel,128,39,0
cudaLaunchKernel,216,41,0
cudaLaunchKernel,128,42,0
cudaLaunchKernel,216,41,0
cudaLaunchKernel,272,40,0
cudaLaunchKernel,128,39,0
cudaLaunchKernel,216,41,0
cudaLaunchKernel,164,40,0
cudaLaunchKernel,128,39,0
cudaLaunchKernel,216,41,0
cudaLaunchKernel,128,39,0
cudaLaunchKernel,216,41,0
cudaLaunchKernel,164,44,0
cudaLaunchKernel,252,42,0
cudaOccupancyMaxActiveBlocksPerMultiprocessorWithFlags,36,38,0
cudaLaunchKernel,264,39,0
cudaLaunchKernel,84,41,0
cudaLaunchKernel,128,41,0
cudaLaunchKernel,216,40,0
cudaLaunchKernel,272,39,0
cudaLaunchKernel,128,40,0
cudaLaunchKernel,216,43,0
cudaLaunchKernel,128,42,0
cudaLaunchKernel,216,40,0
cudaLaunchKernel,272,39,0
cudaLaunchKernel,128,40,0
cudaLaunchKernel,216,41,0
cudaLaunchKernel,164,39,0
cudaLaunchKernel,128,39,0
cudaLaunchKernel,216,40,0
cudaLaunchKernel,128,39,0
cudaLaunchKernel,216,42,0
cudaLaunchKernel,164,40,0
cudaLaunchKernel,252,41,0
cudaOccupancyMaxActiveBlocksPerMultiprocessorWithFlags,36,39,0
cudaLaunchKernel,264,42,0
cudaLaunchKernel,84,41,0
cudaLaunchKernel,128,39,0
cudaLaunchKernel,216,40,0
cudaLaunchKernel,272,38,0
cudaLaunchKernel,128,41,0
cudaLaunchKernel,216,43,0
cudaLaunchKernel,128,38,0
cudaLaunchKernel,216,43,0
cudaLaunchKernel,272,39,0
cudaLaunchKernel,128,40,0
cudaLaunchKernel,216,41,0
cudaLaunchKernel,164,43,0
cudaLaunchKernel,128,37,0
cudaLaunchKernel,216,39,0
cudaLaunchKernel,128,46,0
cudaLaunchKernel,216,43,0
cudaLaunchKernel,164,41,0
cudaLaunchKernel,252,40,0
cudaOccupancyMaxActiveBlocksPerMultiprocessorWithFlags,36,40,0
cudaLaunchKernel,264,41,0
cudaLaunchKernel,84,41,0
cudaLaunchKernel,128,42,0
cudaLaunchKernel,216,39,0
cudaLaunchKernel,272,42,0
cudaLaunchKernel,128,42,0
cudaLaunchKernel,216,40,0
cudaLaunchKernel,128,38,0
cudaLaunchKernel,216,41,0
cudaLaunchKernel,272,42,0
cudaLaunchKernel,128,42,0
cudaLaunchKernel,216,41,0
cudaLaunchKernel,164,40,0
cudaLaunchKernel,128,40,0
cudaLaunchKernel,216,41,0
cudaLaunchKernel,128,41,0
cudaLaunchKernel,216,42,0
cudaLaunchKernel,164,41,0
cudaLaunchKernel,252,41,0
cudaOccupancyMaxActiveBlocksPerMultiprocessorWithFlags,36,39,0
cudaLaunchKernel,264,41,0
cudaLaunchKernel,84,40,0
cudaLaunchKernel,128,39,0
cudaLaunchKernel,216,40,0
cudaLaunchKernel,184,40,0
cudaLaunchKernel,184,40,0
cudaLaunchKernel,208,39,0
cudaLaunchKernel,272,40,0
cudaLaunchKernel,128,40,0
cudaLaunchKernel,216,41,0
cudaLaunchKernel,128,40,0
cudaLaunchKernel,216,41,0
cudaLaunchKernel,272,43,0
cudaLaunchKernel,128,41,0
cudaLaunchKernel,216,43,0
cudaMemcpyAsync,37,118,0
cudaStreamSynchronize,8,29,0
cudaStreamSynchronize,8,23,0
cudaStreamSynchronize,8,44,0
cudaMemcpyAsync,8228,45,0
cudaStreamSynchronize,8,42,0
cudaStreamSynchronize,8,41,0
cudaMemcpyAsync,40,38,0
cudaStreamSynchronize,8,41,0
cudaStreamSynchronize,8,40,0
cudaMemcpyAsync,44,39,0
cudaStreamSynchronize,8,44,0
cudaStreamSynchronize,8,45,0
cudaMemcpyAsync,44,40,0
cudaStreamSynchronize,8,44,0
cudaStreamSynchronize,8,43,0
cudaMemcpyAsync,548,40,0
cudaStreamSynchronize,8,43,0
cudaStreamSynchronize,8,41,0
cudaMemcpyAsync,40,40,0
cudaStreamSynchronize,8,42,0
cudaLaunchKernel,272,42,0
cudaLaunchKernel,128,39,0
cudaLaunchKernel,216,39,0
cudaLaunchKernel,164,42,0
cudaLaunchKernel,128,40,0
cudaLaunchKernel,216,40,0
cudaLaunchKernel,128,41,0
cudaLaunchKernel,216,41,0
cudaLaunchKernel,164,40,0
cudaLaunchKernel,252,40,0
cudaOccupancyMaxActiveBlocksPerMultiprocessorWithFlags,36,39,0
cudaLaunchKernel,264,39,0
cudaLaunchKernel,84,39,0
cudaLaunchKernel,128,44,0
cudaLaunchKernel,216,40,0
cudaLaunchKernel,272,46,0
cudaLaunchKernel,128,40,0
cudaLaunchKernel,216,41,0
cudaLaunchKernel,128,40,0
cudaLaunchKernel,216,41,0
cudaLaunchKernel,272,40,0
cudaLaunchKernel,128,39,0
cudaLaunchKernel,216,39,0
cudaLaunchKernel,164,43,0
cudaLaunchKernel,128,39,0
cudaLaunchKernel,216,40,0
cudaLaunchKernel,128,41,0
cudaLaunchKernel,216,40,0
cudaLaunchKernel,164,40,0
cudaLaunchKernel,252,39,0
cudaOccupancyMaxActiveBlocksPerMultiprocessorWithFlags,36,41,0
cudaLaunchKernel,264,39,0
cudaLaunchKernel,84,41,0
cudaLaunchKernel,128,41,0
cudaLaunchKernel,216,41,0
cudaLaunchKernel,272,42,0
cudaLaunchKernel,128,40,0
cudaLaunchKernel,216,40,0
cudaLaunchKernel,128,40,0
cudaLaunchKernel,216,39,0
cudaLaunchKernel,272,41,0
cudaLaunchKernel,128,40,0
cudaLaunchKernel,216,43,0
cudaLaunchKernel,164,41,0
cudaLaunchKernel,128,41,0
cudaLaunchKernel,216,41,0
cudaLaunchKernel,128,39,0
cudaLaunchKernel,216,42,0
cudaLaunchKernel,164,42,0
cudaLaunchKernel,252,41,0
cudaOccupancyMaxActiveBlocksPerMultiprocessorWithFlags,36,38,0
cudaLaunchKernel,264,40,0
cudaLaunchKernel,84,43,0
cudaLaunchKernel,128,40,0
cudaLaunchKernel,216,41,0
cudaLaunchKernel,272,40,0
cudaLaunchKernel,128,40,0
cudaLaunchKernel,216,39,0
cudaLaunchKernel,128,40,0
cudaLaunchKernel,216,37,0
cudaLaunchKernel,272,41,0
cudaLaunchKernel,128,42,0
cudaLaunchKernel,216,40,0
cudaLaunchKernel,164,41,0
cudaLaunchKernel,128,40,0
cudaLaunchKernel,216,41,0
cudaLaunchKernel,128,39,0
cudaLaunchKernel,216,39,0
cudaLaunchKernel,164,40,0
cudaLaunchKernel,252,39,0
cudaOccupancyMaxActiveBlocksPerMultiprocessorWithFlags,36,38,0
cudaLaunchKernel,264,43,0
cudaLaunchKernel,84,40,0
cudaLaunchKernel,128,41,0
cudaLaunchKernel,216,41,0
cudaLaunchKernel,272,41,0
cudaLaunchKernel,128,40,0
cudaLaunchKernel,216,40,0
cudaLaunchKernel,128,39,0
cudaLaunchKernel,216,40,0
cudaLaunchKernel,272,38,0
cudaLaunchKernel,128,44,0
cudaLaunchKernel,216,41,0
cudaLaunchKernel,164,40,0
cudaLaunchKernel,128,40,0
cudaLaunchKernel,216,42,0
cudaLaunchKernel,128,40,0
cudaLaunchKernel,216,39,0
cudaLaunchKernel,164,41,0
cudaLaunchKernel,252,41,0
cudaOccupancyMaxActiveBlocksPerMultiprocessorWithFlags,36,55,0
cudaLaunchKernel,264,41,0
cudaLaunchKernel,84,42,0
cudaLaunchKernel,128,39,0
cudaLaunchKernel,216,40,0
cudaLaunchKernel,272,41,0
cudaLaunchKernel,128,41,0
cudaLaunchKernel,216,40,0
cudaLaunchKernel,128,40,0
cudaLaunchKernel,216,43,0
cudaLaunchKernel,272,42,0
cudaLaunchKernel,128,40,0
cudaLaunchKernel,216,42,0
cudaLaunchKernel,164,39,0
cudaLaunchKernel,128,39,0
cudaLaunchKernel,216,39,0
cudaLaunchKernel,128,40,0
cudaLaunchKernel,216,39,0
cudaLaunchKernel,164,40,0
cudaLaunchKernel,252,43,0
cudaOccupancyMaxActiveBlocksPerMultiprocessorWithFlags,36,38,0
cudaLaunchKernel,264,41,0
cudaLaunchKernel,84,41,0
cudaLaunchKernel,128,38,0
cudaLaunchKernel,216,41,0
cudaLaunchKernel,272,39,0
cudaLaunchKernel,128,39,0
cudaLaunchKernel,216,39,0
cudaLaunchKernel,128,40,0
cudaLaunchKernel,216,44,0
cudaLaunchKernel,272,39,0
cudaLaunchKernel,128,40,0
cudaLaunchKernel,216,41,0
cudaLaunchKernel,164,39,0
cudaLaunchKernel,128,42,0
cudaLaunchKernel,216,39,0
cudaLaunchKernel,128,43,0
cudaLaunchKernel,216,40,0
cudaLaunchKernel,164,39,0
cudaLaunchKernel,252,41,0
cudaOccupancyMaxActiveBlocksPerMultiprocessorWithFlags,36,38,0
cudaLaunchKernel,264,41,0
cudaLaunchKernel,84,41,0
cudaLaunchKernel,128,41,0
cudaLaunchKernel,216,40,0
cudaLaunchKernel,272,39,0
cudaLaunchKernel,128,43,0
cudaLaunchKernel,216,39,0
cudaLaunchKernel,128,43,0
cudaLaunchKernel,216,40,0
cudaLaunchKernel,272,39,0
cudaLaunchKernel,128,41,0
cudaLaunchKernel,216,39,0
cudaLaunchKernel,164,36,0
cudaLaunchKernel,128,36,0
cudaLaunchKernel,216,37,0
cudaLaunchKernel,128,36,0
cudaLaunchKernel,216,36,0
cudaLaunchKernel,164,37,0
cudaLaunchKernel,252,36,0
cudaOccupancyMaxActiveBlocksPerMultiprocessorWithFlags,36,38,0
cudaLaunchKernel,264,32,0
cudaLaunchKernel,84,35,0
cudaLaunchKernel,128,33,0
cudaLaunchKernel,216,34,0
cudaLaunchKernel,272,37,0
cudaLaunchKernel,128,36,0
cudaLaunchKernel,216,38,0
cudaLaunchKernel,128,39,0
cudaLaunchKernel,216,37,0
cudaLaunchKernel,272,35,0
cudaLaunchKernel,128,35,0
cudaLaunchKernel,216,37,0
cudaLaunchKernel,164,36,0
cudaLaunchKernel,128,33,0
cudaLaunchKernel,216,37,0
cudaLaunchKernel,128,43,0
cudaLaunchKernel,216,62,0
cudaLaunchKernel,164,38,0
cudaLaunchKernel,252,36,0
cudaOccupancyMaxActiveBlocksPerMultiprocessorWithFlags,36,35,0
cudaLaunchKernel,264,35,0
cudaLaunchKernel,84,37,0
cudaLaunchKernel,128,36,0
cudaLaunchKernel,216,38,0
cudaLaunchKernel,272,35,0
cudaLaunchKernel,128,36,0
cudaLaunchKernel,216,40,0
cudaLaunchKernel,128,35,0
cudaLaunchKernel,216,36,0
cudaLaunchKernel,272,37,0
cudaLaunchKernel,128,36,0
cudaLaunchKernel,216,38,0
cudaLaunchKernel,164,37,0
cudaLaunchKernel,128,38,0
cudaLaunchKernel,216,37,0
cudaLaunchKernel,128,36,0
cudaLaunchKernel,216,33,0
cudaLaunchKernel,164,38,0
cudaLaunchKernel,252,35,0
cudaOccupancyMaxActiveBlocksPerMultiprocessorWithFlags,36,35,0
cudaLaunchKernel,264,36,0
cudaLaunchKernel,84,38,0
cudaLaunchKernel,128,37,0
cudaLaunchKernel,216,37,0
cudaLaunchKernel,272,36,0
cudaLaunchKernel,128,38,0
cudaLaunchKernel,216,37,0
cudaLaunchKernel,128,38,0
cudaLaunchKernel,216,36,0
cudaLaunchKernel,272,40,0
cudaLaunchKernel,128,35,0
cudaLaunchKernel,216,36,0
cudaLaunchKernel,164,34,0
cudaLaunchKernel,128,37,0
cudaLaunchKernel,216,38,0
cudaLaunchKernel,128,40,0
cudaLaunchKernel,216,38,0
cudaLaunchKernel,164,37,0
cudaLaunchKernel,252,37,0
cudaOccupancyMaxActiveBlocksPerMultiprocessorWithFlags,36,36,0
cudaLaunchKernel,264,36,0
cudaLaunchKernel,84,36,0
cudaLaunchKernel,128,36,0
cudaLaunchKernel,216,36,0
cudaLaunchKernel,272,37,0
cudaLaunchKernel,128,39,0
cudaLaunchKernel,216,39,0
cudaLaunchKernel,128,37,0
cudaLaunchKernel,216,39,0
cudaLaunchKernel,272,37,0
cudaLaunchKernel,128,36,0
cudaLaunchKernel,216,38,0
cudaLaunchKernel,164,36,0
cudaLaunchKernel,128,35,0
cudaLaunchKernel,216,39,0
cudaLaunchKernel,128,39,0
cudaLaunchKernel,216,37,0
cudaLaunchKernel,164,37,0
cudaLaunchKernel,252,36,0
cudaOccupancyMaxActiveBlocksPerMultiprocessorWithFlags,36,38,0
cudaLaunchKernel,264,36,0
cudaLaunchKernel,84,38,0
cudaLaunchKernel,128,37,0
cudaLaunchKernel,216,38,0
cudaLaunchKernel,272,37,0
cudaLaunchKernel,128,36,0
cudaLaunchKernel,216,36,0
cudaLaunchKernel,128,34,0
cudaLaunchKernel,216,36,0
cudaLaunchKernel,272,36,0
cudaLaunchKernel,128,47,0
cudaLaunchKernel,216,40,0
cudaLaunchKernel,164,36,0
cudaLaunchKernel,128,41,0
cudaLaunchKernel,216,36,0
cudaLaunchKernel,128,41,0
cudaLaunchKernel,216,37,0
cudaLaunchKernel,164,37,0
cudaLaunchKernel,252,35,0
cudaOccupancyMaxActiveBlocksPerMultiprocessorWithFlags,36,36,0
cudaLaunchKernel,264,33,0
cudaLaunchKernel,84,38,0
cudaLaunchKernel,128,33,0
cudaLaunchKernel,216,39,0
cudaLaunchKernel,272,37,0
cudaLaunchKernel,128,40,0
cudaLaunchKernel,216,39,0
cudaLaunchKernel,128,41,0
cudaLaunchKernel,216,37,0
cudaLaunchKernel,272,40,0
cudaLaunchKernel,128,40,0
cudaLaunchKernel,216,40,0
cudaLaunchKernel,164,39,0
cudaLaunchKernel,128,42,0
cudaLaunchKernel,216,39,0
cudaLaunchKernel,128,41,0
cudaLaunchKernel,216,41,0
cudaLaunchKernel,164,37,0
cudaLaunchKernel,252,42,0
cudaOccupancyMaxActiveBlocksPerMultiprocessorWithFlags,36,36,0
cudaLaunchKernel,264,40,0
cudaLaunchKernel,84,41,0
cudaLaunchKernel,128,41,0
cudaLaunchKernel,216,40,0
cudaLaunchKernel,272,37,0
cudaLaunchKernel,128,40,0
cudaLaunchKernel,216,42,0
cudaLaunchKernel,128,40,0
cudaLaunchKernel,216,41,0
cudaLaunchKernel,272,38,0
cudaLaunchKernel,128,39,0
cudaLaunchKernel,216,41,0
cudaLaunchKernel,164,43,0
cudaLaunchKernel,128,41,0
cudaLaunchKernel,216,41,0
cudaLaunchKernel,128,40,0
cudaLaunchKernel,216,40,0
cudaLaunchKernel,164,38,0
cudaLaunchKernel,252,41,0
cudaOccupancyMaxActiveBlocksPerMultiprocessorWithFlags,36,38,0
cudaLaunchKernel,264,40,0
cudaLaunchKernel,84,42,0
cudaLaunchKernel,128,40,0
cudaLaunchKernel,216,43,0
cudaLaunchKernel,272,40,0
cudaLaunchKernel,128,41,0
cudaLaunchKernel,216,40,0
cudaLaunchKernel,128,38,0
cudaLaunchKernel,216,43,0
cudaLaunchKernel,272,40,0
cudaLaunchKernel,128,41,0
cudaLaunchKernel,216,42,0
cudaLaunchKernel,164,39,0
cudaLaunchKernel,128,40,0
cudaLaunchKernel,216,39,0
cudaLaunchKernel,128,40,0
cudaLaunchKernel,216,40,0
cudaLaunchKernel,164,40,0
cudaLaunchKernel,252,39,0
cudaOccupancyMaxActiveBlocksPerMultiprocessorWithFlags,36,38,0
cudaLaunchKernel,264,40,0
cudaLaunchKernel,84,43,0
cudaLaunchKernel,128,42,0
cudaLaunchKernel,216,34,0
cudaLaunchKernel,272,35,0
cudaLaunchKernel,128,50,0
cudaLaunchKernel,216,41,0
cudaLaunchKernel,128,39,0
cudaLaunchKernel,216,39,0
cudaLaunchKernel,272,39,0
cudaLaunchKernel,128,41,0
cudaLaunchKernel,216,43,0
cudaLaunchKernel,164,39,0
cudaLaunchKernel,128,38,0
cudaLaunchKernel,216,41,0
cudaLaunchKernel,128,40,0
cudaLaunchKernel,216,42,0
cudaLaunchKernel,164,40,0
cudaLaunchKernel,252,41,0
cudaOccupancyMaxActiveBlocksPerMultiprocessorWithFlags,36,39,0
cudaLaunchKernel,264,41,0
cudaLaunchKernel,84,43,0
cudaLaunchKernel,128,42,0
cudaLaunchKernel,216,41,0
cudaLaunchKernel,272,41,0
cudaLaunchKernel,128,41,0
cudaLaunchKernel,216,41,0
cudaLaunchKernel,128,40,0
cudaLaunchKernel,216,39,0
cudaLaunchKernel,272,40,0
cudaLaunchKernel,128,43,0
cudaLaunchKernel,216,43,0
cudaLaunchKernel,164,39,0
cudaLaunchKernel,128,40,0
cudaLaunchKernel,216,39,0
cudaLaunchKernel,128,41,0
cudaLaunchKernel,216,41,0
cudaLaunchKernel,164,41,0
cudaLaunchKernel,252,40,0
cudaOccupancyMaxActiveBlocksPerMultiprocessorWithFlags,36,38,0
cudaLaunchKernel,264,42,0
cudaLaunchKernel,84,42,0
cudaLaunchKernel,128,40,0
cudaLaunchKernel,216,41,0
cudaLaunchKernel,272,40,0
cudaLaunchKernel,128,40,0
cudaLaunchKernel,216,39,0
cudaLaunchKernel,128,39,0
cudaLaunchKernel,216,42,0
cudaLaunchKernel,272,42,0
cudaLaunchKernel,128,38,0
cudaLaunchKernel,216,41,0
cudaLaunchKernel,164,41,0
cudaLaunchKernel,128,40,0
cudaLaunchKernel,216,41,0
cudaLaunchKernel,128,40,0
cudaLaunchKernel,216,43,0
cudaLaunchKernel,164,41,0
cudaLaunchKernel,252,40,0
cudaOccupancyMaxActiveBlocksPerMultiprocessorWithFlags,36,40,0
cudaLaunchKernel,264,41,0
cudaLaunchKernel,84,42,0
cudaLaunchKernel,128,40,0
cudaLaunchKernel,216,42,0
cudaLaunchKernel,272,43,0
cudaLaunchKernel,128,38,0
cudaLaunchKernel,216,40,0
cudaLaunchKernel,128,42,0
cudaLaunchKernel,216,41,0
cudaLaunchKernel,272,43,0
cudaLaunchKernel,128,41,0
cudaLaunchKernel,216,42,0
cudaLaunchKernel,164,39,0
cudaLaunchKernel,128,42,0
cudaLaunchKernel,216,42,0
cudaLaunchKernel,128,42,0
cudaLaunchKernel,216,39,0
cudaLaunchKernel,164,40,0
cudaLaunchKernel,252,44,0
cudaOccupancyMaxActiveBlocksPerMultiprocessorWithFlags,36,38,0
cudaLaunchKernel,264,44,0
cudaLaunchKernel,84,40,0
cudaLaunchKernel,128,39,0
cudaLaunchKernel,216,41,0
cudaLaunchKernel,272,40,0
cudaLaunchKernel,128,41,0
cudaLaunchKernel,216,41,0
cudaLaunchKernel,128,38,0
cudaLaunchKernel,216,42,0
cudaLaunchKernel,272,40,0
cudaLaunchKernel,128,40,0
cudaLaunchKernel,216,40,0
cudaLaunchKernel,164,39,0
cudaLaunchKernel,128,40,0
cudaLaunchKernel,216,40,0
cudaLaunchKernel,128,40,0
cudaLaunchKernel,216,41,0
cudaLaunchKernel,164,44,0
cudaLaunchKernel,252,41,0
cudaOccupancyMaxActiveBlocksPerMultiprocessorWithFlags,36,38,0
cudaLaunchKernel,264,40,0
cudaLaunchKernel,84,42,0
cudaLaunchKernel,128,41,0
cudaLaunchKernel,216,41,0
cudaLaunchKernel,272,40,0
cudaLaunchKernel,128,39,0
cudaLaunchKernel,216,43,0
cudaLaunchKernel,128,42,0
cudaLaunchKernel,216,39,0
cudaLaunchKernel,272,40,0
cudaLaunchKernel,128,40,0
cudaLaunchKernel,216,41,0
cudaLaunchKernel,164,40,0
cudaLaunchKernel,128,40,0
cudaLaunchKernel,216,40,0
cudaLaunchKernel,128,40,0
cudaLaunchKernel,216,41,0
cudaLaunchKernel,164,41,0
cudaLaunchKernel,252,41,0
cudaOccupancyMaxActiveBlocksPerMultiprocessorWithFlags,36,39,0
cudaLaunchKernel,264,42,0
cudaLaunchKernel,84,40,0
cudaLaunchKernel,128,39,0
cudaLaunchKernel,216,41,0
cudaLaunchKernel,184,37,0
cudaLaunchKernel,184,41,0
cudaLaunchKernel,208,40,0
cudaLaunchKernel,272,41,0
cudaLaunchKernel,128,41,0
cudaLaunchKernel,216,41,0
cudaLaunchKernel,128,39,0
cudaLaunchKernel,216,40,0
cudaLaunchKernel,272,40,0
cudaLaunchKernel,128,41,0
cudaLaunchKernel,216,38,0
cudaMemcpyAsync,37,120,0
cudaStreamSynchronize,8,33,0
cudaStreamSynchronize,8,23,0
cudaStreamSynchronize,8,40,0
cudaMemcpyAsync,8228,47,0
cudaStreamSynchronize,8,42,0
cudaStreamSynchronize,8,41,0
cudaMemcpyAsync,40,41,0
cudaStreamSynchronize,8,41,0
cudaStreamSynchronize,8,41,0
cudaMemcpyAsync,44,40,0
cudaStreamSynchronize,8,41,0
cudaStreamSynchronize,8,41,0
cudaMemcpyAsync,44,40,0
cudaStreamSynchronize,8,43,0
cudaStreamSynchronize,8,44,0
cudaMemcpyAsync,548,40,0
cudaStreamSynchronize,8,43,0
cudaStreamSynchronize,8,42,0
cudaMemcpyAsync,40,39,0
cudaStreamSynchronize,8,41,0
cudaLaunchKernel,272,48,0
cudaLaunchKernel,128,39,0
cudaLaunchKernel,216,40,0
cudaLaunchKernel,164,38,0
cudaLaunchKernel,128,39,0
cudaLaunchKernel,216,43,0
cudaLaunchKernel,128,39,0
cudaLaunchKernel,216,41,0
cudaLaunchKernel,164,40,0
cudaLaunchKernel,252,39,0
cudaOccupancyMaxActiveBlocksPerMultiprocessorWithFlags,36,39,0
cudaLaunchKernel,264,38,0
cudaLaunchKernel,84,41,0
cudaLaunchKernel,128,40,0
cudaLaunchKernel,216,40,0
cudaLaunchKernel,272,44,0
cudaLaunchKernel,128,39,0
cudaLaunchKernel,216,41,0
cudaLaunchKernel,128,39,0
cudaLaunchKernel,216,41,0
cudaLaunchKernel,272,41,0
cudaLaunchKernel,128,41,0
cudaLaunchKernel,216,41,0
cudaLaunchKernel,164,39,0
cudaLaunchKernel,128,42,0
cudaLaunchKernel,216,42,0
cudaLaunchKernel,128,40,0
cudaLaunchKernel,216,42,0
cudaLaunchKernel,164,42,0
cudaLaunchKernel,252,40,0
cudaOccupancyMaxActiveBlocksPerMultiprocessorWithFlags,36,37,0
cudaLaunchKernel,264,42,0
cudaLaunchKernel,84,40,0
cudaLaunchKernel,128,40,0
cudaLaunchKernel,216,44,0
cudaLaunchKernel,272,39,0
cudaLaunchKernel,128,41,0
cudaLaunchKernel,216,41,0
cudaLaunchKernel,128,40,0
cudaLaunchKernel,216,41,0
cudaLaunchKernel,272,39,0
cudaLaunchKernel,128,39,0
cudaLaunchKernel,216,42,0
cudaLaunchKernel,164,41,0
cudaLaunchKernel,128,44,0
cudaLaunchKernel,216,40,0
cudaLaunchKernel,128,40,0
cudaLaunchKernel,216,40,0
cudaLaunchKernel,164,42,0
cudaLaunchKernel,252,40,0
cudaOccupancyMaxActiveBlocksPerMultiprocessorWithFlags,36,41,0
cudaLaunchKernel,264,40,0
cudaLaunchKernel,84,39,0
cudaLaunchKernel,128,39,0
cudaLaunchKernel,216,42,0
cudaLaunchKernel,272,41,0
cudaLaunchKernel,128,39,0
cudaLaunchKernel,216,43,0
cudaLaunchKernel,128,40,0
cudaLaunchKernel,216,40,0
cudaLaunchKernel,272,40,0
cudaLaunchKernel,128,39,0
cudaLaunchKernel,216,41,0
cudaLaunchKernel,164,43,0
cudaLaunchKernel,128,41,0
cudaLaunchKernel,216,41,0
cudaLaunchKernel,128,40,0
cudaLaunchKernel,216,42,0
cudaLaunchKernel,164,40,0
cudaLaunchKernel,252,39,0
cudaOccupancyMaxActiveBlocksPerMultiprocessorWithFlags,36,37,0
cudaLaunchKernel,264,39,0
cudaLaunchKernel,84,40,0
cudaLaunchKernel,128,40,0
cudaLaunchKernel,216,41,0
cudaLaunchKernel,272,49,0
cudaLaunchKernel,128,41,0
cudaLaunchKernel,216,41,0
cudaLaunchKernel,128,38,0
cudaLaunchKernel,216,43,0
cudaLaunchKernel,272,38,0
cudaLaunchKernel,128,40,0
cudaLaunchKernel,216,42,0
cudaLaunchKernel,164,40,0
cudaLaunchKernel,128,42,0
cudaLaunchKernel,216,42,0
cudaLaunchKernel,128,41,0
cudaLaunchKernel,216,40,0
cudaLaunchKernel,164,39,0
cudaLaunchKernel,252,41,0
cudaOccupancyMaxActiveBlocksPerMultiprocessorWithFlags,36,40,0
cudaLaunchKernel,264,41,0
cudaLaunchKernel,84,42,0
cudaLaunchKernel,128,40,0
cudaLaunchKernel,216,40,0
cudaLaunchKernel,272,39,0
cudaLaunchKernel,128,40,0
cudaLaunchKernel,216,42,0
cudaLaunchKernel,128,41,0
cudaLaunchKernel,216,39,0
cudaLaunchKernel,272,40,0
cudaLaunchKernel,128,42,0
cudaLaunchKernel,216,42,0
cudaLaunchKernel,164,41,0
cudaLaunchKernel,128,38,0
cudaLaunchKernel,216,40,0
cudaLaunchKernel,128,41,0
cudaLaunchKernel,216,41,0
cudaLaunchKernel,164,41,0
cudaLaunchKernel,252,40,0
cudaOccupancyMaxActiveBlocksPerMultiprocessorWithFlags,36,39,0
cudaLaunchKernel,264,43,0
cudaLaunchKernel,84,40,0
cudaLaunchKernel,128,41,0
cudaLaunchKernel,216,42,0
cudaLaunchKernel,272,40,0
cudaLaunchKernel,128,41,0
cudaLaunchKernel,216,43,0
cudaLaunchKernel,128,40,0
cudaLaunchKernel,216,42,0
cudaLaunchKernel,272,39,0
cudaLaunchKernel,128,43,0
cudaLaunchKernel,216,40,0
cudaLaunchKernel,164,40,0
cudaLaunchKernel,128,40,0
cudaLaunchKernel,216,40,0
cudaLaunchKernel,128,40,0
cudaLaunchKernel,216,41,0
cudaLaunchKernel,164,39,0
cudaLaunchKernel,252,40,0
cudaOccupancyMaxActiveBlocksPerMultiprocessorWithFlags,36,38,0
cudaLaunchKernel,264,41,0
cudaLaunchKernel,84,42,0
cudaLaunchKernel,128,40,0
cudaLaunchKernel,216,42,0
cudaLaunchKernel,272,42,0
cudaLaunchKernel,128,41,0
cudaLaunchKernel,216,39,0
cudaLaunchKernel,128,39,0
cudaLaunchKernel,216,40,0
cudaLaunchKernel,272,43,0
cudaLaunchKernel,128,39,0
cudaLaunchKernel,216,40,0
cudaLaunchKernel,164,41,0
cudaLaunchKernel,128,39,0
cudaLaunchKernel,216,40,0
cudaLaunchKernel,128,40,0
cudaLaunchKernel,216,39,0
cudaLaunchKernel,164,40,0
cudaLaunchKernel,252,39,0
cudaOccupancyMaxActiveBlocksPerMultiprocessorWithFlags,36,38,0
cudaLaunchKernel,264,47,0
cudaLaunchKernel,84,39,0
cudaLaunchKernel,128,41,0
cudaLaunchKernel,216,41,0
cudaLaunchKernel,272,41,0
cudaLaunchKernel,128,39,0
cudaLaunchKernel,216,40,0
cudaLaunchKernel,128,42,0
cudaLaunchKernel,216,40,0
cudaLaunchKernel,272,42,0
cudaLaunchKernel,128,40,0
cudaLaunchKernel,216,42,0
cudaLaunchKernel,164,40,0
cudaLaunchKernel,128,40,0
cudaLaunchKernel,216,40,0
cudaLaunchKernel,128,40,0
cudaLaunchKernel,216,40,0
cudaLaunchKernel,164,40,0
cudaLaunchKernel,252,42,0
cudaOccupancyMaxActiveBlocksPerMultiprocessorWithFlags,36,39,0
cudaLaunchKernel,264,41,0
cudaLaunchKernel,84,41,0
cudaLaunchKernel,128,40,0
cudaLaunchKernel,216,40,0
cudaLaunchKernel,272,41,0
cudaLaunchKernel,128,40,0
cudaLaunchKernel,216,40,0
cudaLaunchKernel,128,39,0
cudaLaunchKernel,216,43,0
cudaLaunchKernel,272,42,0
cudaLaunchKernel,128,41,0
cudaLaunchKernel,216,40,0
cudaLaunchKernel,164,40,0
cudaLaunchKernel,128,40,0
cudaLaunchKernel,216,41,0
cudaLaunchKernel,128,39,0
cudaLaunchKernel,216,40,0
cudaLaunchKernel,164,39,0
cudaLaunchKernel,252,40,0
cudaOccupancyMaxActiveBlocksPerMultiprocessorWithFlags,36,38,0
cudaLaunchKernel,264,40,0
cudaLaunchKernel,84,43,0
cudaLaunchKernel,128,39,0
cudaLaunchKernel,216,41,0
cudaLaunchKernel,272,41,0
cudaLaunchKernel,128,38,0
cudaLaunchKernel,216,40,0
cudaLaunchKernel,128,42,0
cudaLaunchKernel,216,40,0
cudaLaunchKernel,272,40,0
cudaLaunchKernel,128,39,0
cudaLaunchKernel,216,40,0
cudaLaunchKernel,164,39,0
cudaLaunchKernel,128,40,0
cudaLaunchKernel,216,40,0
cudaLaunchKernel,128,39,0
cudaLaunchKernel,216,39,0
cudaLaunchKernel,164,40,0
cudaLaunchKernel,252,41,0
cudaOccupancyMaxActiveBlocksPerMultiprocessorWithFlags,36,38,0
cudaLaunchKernel,264,41,0
cudaLaunchKernel,84,40,0
cudaLaunchKernel,128,39,0
cudaLaunchKernel,216,41,0
cudaLaunchKernel,272,39,0
cudaLaunchKernel,128,39,0
cudaLaunchKernel,216,41,0
cudaLaunchKernel,128,42,0
cudaLaunchKernel,216,40,0
cudaLaunchKernel,272,41,0
cudaLaunchKernel,128,40,0
cudaLaunchKernel,216,39,0
cudaLaunchKernel,164,41,0
cudaLaunchKernel,128,39,0
cudaLaunchKernel,216,40,0
cudaLaunchKernel,128,39,0
cudaLaunchKernel,216,52,0
cudaLaunchKernel,164,40,0
cudaLaunchKernel,252,41,0
cudaOccupancyMaxActiveBlocksPerMultiprocessorWithFlags,36,40,0
cudaLaunchKernel,264,40,0
cudaLaunchKernel,84,40,0
cudaLaunchKernel,128,39,0
cudaLaunchKernel,216,39,0
cudaLaunchKernel,272,42,0
cudaLaunchKernel,128,41,0
cudaLaunchKernel,216,42,0
cudaLaunchKernel,128,39,0
cudaLaunchKernel,216,39,0
cudaLaunchKernel,272,40,0
cudaLaunchKernel,128,39,0
cudaLaunchKernel,216,40,0
cudaLaunchKernel,164,39,0
cudaLaunchKernel,128,39,0
cudaLaunchKernel,216,41,0
cudaLaunchKernel,128,41,0
cudaLaunchKernel,216,42,0
cudaLaunchKernel,164,40,0
cudaLaunchKernel,252,39,0
cudaOccupancyMaxActiveBlocksPerMultiprocessorWithFlags,36,38,0
cudaLaunchKernel,264,41,0
cudaLaunchKernel,84,40,0
cudaLaunchKernel,128,40,0
cudaLaunchKernel,216,38,0
cudaLaunchKernel,272,40,0
cudaLaunchKernel,128,42,0
cudaLaunchKernel,216,40,0
cudaLaunchKernel,128,40,0
cudaLaunchKernel,216,42,0
cudaLaunchKernel,272,39,0
cudaLaunchKernel,128,41,0
cudaLaunchKernel,216,40,0
cudaLaunchKernel,164,40,0
cudaLaunchKernel,128,40,0
cudaLaunchKernel,216,42,0
cudaLaunchKernel,128,41,0
cudaLaunchKernel,216,41,0
cudaLaunchKernel,164,42,0
cudaLaunchKernel,252,41,0
cudaOccupancyMaxActiveBlocksPerMultiprocessorWithFlags,36,37,0
cudaLaunchKernel,264,40,0
cudaLaunchKernel,84,41,0
cudaLaunchKernel,128,40,0
cudaLaunchKernel,216,40,0
cudaLaunchKernel,272,42,0
cudaLaunchKernel,128,39,0
cudaLaunchKernel,216,41,0
cudaLaunchKernel,128,41,0
cudaLaunchKernel,216,41,0
cudaLaunchKernel,272,39,0
cudaLaunchKernel,128,39,0
cudaLaunchKernel,216,39,0
cudaLaunchKernel,164,42,0
cudaLaunchKernel,128,39,0
cudaLaunchKernel,216,43,0
cudaLaunchKernel,128,39,0
cudaLaunchKernel,216,40,0
cudaLaunchKernel,164,40,0
cudaLaunchKernel,252,39,0
cudaOccupancyMaxActiveBlocksPerMultiprocessorWithFlags,36,37,0
cudaLaunchKernel,264,41,0
cudaLaunchKernel,84,40,0
cudaLaunchKernel,128,39,0
cudaLaunchKernel,216,40,0
cudaLaunchKernel,272,44,0
cudaLaunchKernel,128,41,0
cudaLaunchKernel,216,42,0
cudaLaunchKernel,128,40,0
cudaLaunchKernel,216,40,0
cudaLaunchKernel,272,43,0
cudaLaunchKernel,128,40,0
cudaLaunchKernel,216,42,0
cudaLaunchKernel,164,45,0
cudaLaunchKernel,128,42,0
cudaLaunchKernel,216,40,0
cudaLaunchKernel,128,41,0
cudaLaunchKernel,216,42,0
cudaLaunchKernel,164,41,0
cudaLaunchKernel,252,40,0
cudaOccupancyMaxActiveBlocksPerMultiprocessorWithFlags,36,38,0
cudaLaunchKernel,264,40,0
cudaLaunchKernel,84,42,0
cudaLaunchKernel,128,42,0
cudaLaunchKernel,216,43,0
cudaLaunchKernel,272,40,0
cudaLaunchKernel,128,40,0
cudaLaunchKernel,216,40,0
cudaLaunchKernel,128,39,0
cudaLaunchKernel,216,42,0
cudaLaunchKernel,272,40,0
cudaLaunchKernel,128,38,0
cudaLaunchKernel,216,41,0
cudaLaunchKernel,164,40,0
cudaLaunchKernel,128,41,0
cudaLaunchKernel,216,40,0
cudaLaunchKernel,128,40,0
cudaLaunchKernel,216,40,0
cudaLaunchKernel,164,39,0
cudaLaunchKernel,252,41,0
cudaOccupancyMaxActiveBlocksPerMultiprocessorWithFlags,36,38,0
cudaLaunchKernel,264,41,0
cudaLaunchKernel,84,41,0
cudaLaunchKernel,128,42,0
cudaLaunchKernel,216,41,0
cudaLaunchKernel,272,40,0
cudaLaunchKernel,128,41,0
cudaLaunchKernel,216,44,0
cudaLaunchKernel,128,39,0
cudaLaunchKernel,216,41,0
cudaLaunchKernel,272,41,0
cudaLaunchKernel,128,42,0
cudaLaunchKernel,216,40,0
cudaLaunchKernel,164,43,0
cudaLaunchKernel,128,40,0
cudaLaunchKernel,216,39,0
cudaLaunchKernel,128,40,0
cudaLaunchKernel,216,43,0
cudaLaunchKernel,164,41,0
cudaLaunchKernel,252,41,0
cudaOccupancyMaxActiveBlocksPerMultiprocessorWithFlags,36,39,0
cudaLaunchKernel,264,39,0
cudaLaunchKernel,84,40,0
cudaLaunchKernel,128,42,0
cudaLaunchKernel,216,40,0
cudaLaunchKernel,272,42,0
cudaLaunchKernel,128,40,0
cudaLaunchKernel,216,42,0
cudaLaunchKernel,128,40,0
cudaLaunchKernel,216,41,0
cudaLaunchKernel,272,37,0
cudaLaunchKernel,128,39,0
cudaLaunchKernel,216,44,0
cudaLaunchKernel,164,39,0
cudaLaunchKernel,128,39,0
cudaLaunchKernel,216,40,0
cudaLaunchKernel,128,40,0
cudaLaunchKernel,216,41,0
cudaLaunchKernel,164,40,0
cudaLaunchKernel,252,40,0
cudaOccupancyMaxActiveBlocksPerMultiprocessorWithFlags,36,38,0
cudaLaunchKernel,264,39,0
cudaLaunchKernel,84,42,0
cudaLaunchKernel,128,39,0
cudaLaunchKernel,216,42,0
cudaLaunchKernel,272,39,0
cudaLaunchKernel,128,43,0
cudaLaunchKernel,216,40,0
cudaLaunchKernel,128,46,0
cudaLaunchKernel,216,42,0
cudaLaunchKernel,272,41,0
cudaLaunchKernel,128,43,0
cudaLaunchKernel,216,42,0
cudaLaunchKernel,164,37,0
cudaLaunchKernel,128,40,0
cudaLaunchKernel,216,40,0
cudaLaunchKernel,128,40,0
cudaLaunchKernel,216,40,0
cudaLaunchKernel,164,41,0
cudaLaunchKernel,252,40,0
cudaOccupancyMaxActiveBlocksPerMultiprocessorWithFlags,36,38,0
cudaLaunchKernel,264,44,0
cudaLaunchKernel,84,40,0
cudaLaunchKernel,128,39,0
cudaLaunchKernel,216,43,0
cudaLaunchKernel,272,39,0
cudaLaunchKernel,128,41,0
cudaLaunchKernel,216,39,0
cudaLaunchKernel,128,40,0
cudaLaunchKernel,216,40,0
cudaLaunchKernel,272,41,0
cudaLaunchKernel,128,40,0
cudaLaunchKernel,216,39,0
cudaLaunchKernel,164,42,0
cudaLaunchKernel,128,40,0
cudaLaunchKernel,216,40,0
cudaLaunchKernel,128,39,0
cudaLaunchKernel,216,40,0
cudaLaunchKernel,164,41,0
cudaLaunchKernel,252,39,0
cudaOccupancyMaxActiveBlocksPerMultiprocessorWithFlags,36,39,0
cudaLaunchKernel,264,41,0
cudaLaunchKernel,84,42,0
cudaLaunchKernel,128,42,0
cudaLaunchKernel,216,42,0
cudaLaunchKernel,272,41,0
cudaLaunchKernel,128,40,0
cudaLaunchKernel,216,40,0
cudaLaunchKernel,128,40,0
cudaLaunchKernel,216,43,0
cudaLaunchKernel,272,43,0
cudaLaunchKernel,128,40,0
cudaLaunchKernel,216,42,0
cudaLaunchKernel,164,40,0
cudaLaunchKernel,128,39,0
cudaLaunchKernel,216,40,0
cudaLaunchKernel,128,41,0
cudaLaunchKernel,216,41,0
cudaLaunchKernel,164,39,0
cudaLaunchKernel,252,40,0
cudaOccupancyMaxActiveBlocksPerMultiprocessorWithFlags,36,41,0
cudaLaunchKernel,264,39,0
cudaLaunchKernel,84,42,0
cudaLaunchKernel,128,40,0
cudaLaunchKernel,216,42,0
cudaLaunchKernel,184,40,0
cudaLaunchKernel,184,41,0
cudaLaunchKernel,208,38,0
cudaLaunchKernel,272,39,0
cudaLaunchKernel,128,42,0
cudaLaunchKernel,216,39,0
cudaLaunchKernel,128,40,0
cudaLaunchKernel,216,41,0
cudaLaunchKernel,272,41,0
cudaLaunchKernel,128,41,0
cudaLaunchKernel,216,41,0
cudaMemcpyAsync,37,127,0
cudaStreamSynchronize,8,35,0
cudaStreamSynchronize,8,22,0
cudaStreamSynchronize,8,42,0
cudaMemcpyAsync,8228,50,0
cudaStreamSynchronize,8,42,0
cudaStreamSynchronize,8,47,0
cudaMemcpyAsync,40,41,0
cudaStreamSynchronize,8,43,0
cudaStreamSynchronize,8,41,0
cudaMemcpyAsync,44,39,0
cudaStreamSynchronize,8,43,0
cudaStreamSynchronize,8,42,0
cudaMemcpyAsync,44,39,0
cudaStreamSynchronize,8,43,0
cudaStreamSynchronize,8,43,0
cudaMemcpyAsync,548,38,0
cudaStreamSynchronize,8,44,0
cudaStreamSynchronize,8,43,0
cudaMemcpyAsync,40,41,0
cudaStreamSynchronize,8,42,0
cudaLaunchKernel,272,42,0
cudaLaunchKernel,128,40,0
cudaLaunchKernel,216,41,0
cudaLaunchKernel,164,39,0
cudaLaunchKernel,128,40,0
cudaLaunchKernel,216,39,0
cudaLaunchKernel,128,39,0
cudaLaunchKernel,216,42,0
cudaLaunchKernel,164,42,0
cudaLaunchKernel,252,41,0
cudaOccupancyMaxActiveBlocksPerMultiprocessorWithFlags,36,38,0
cudaLaunchKernel,264,40,0
cudaLaunchKernel,84,40,0
cudaLaunchKernel,128,40,0
cudaLaunchKernel,216,40,0
cudaLaunchKernel,272,40,0
cudaLaunchKernel,128,40,0
cudaLaunchKernel,216,44,0
cudaLaunchKernel,128,41,0
cudaLaunchKernel,216,40,0
cudaLaunchKernel,272,41,0
cudaLaunchKernel,128,37,0
cudaLaunchKernel,216,40,0
cudaLaunchKernel,164,41,0
cudaLaunchKernel,128,39,0
cudaLaunchKernel,216,41,0
cudaLaunchKernel,128,43,0
cudaLaunchKernel,216,41,0
cudaLaunchKernel,164,41,0
cudaLaunchKernel,252,41,0
cudaOccupancyMaxActiveBlocksPerMultiprocessorWithFlags,36,38,0
cudaLaunchKernel,264,39,0
cudaLaunchKernel,84,41,0
cudaLaunchKernel,128,39,0
cudaLaunchKernel,216,40,0
cudaLaunchKernel,272,40,0
cudaLaunchKernel,128,41,0
cudaLaunchKernel,216,42,0
cudaLaunchKernel,128,40,0
cudaLaunchKernel,216,41,0
cudaLaunchKernel,272,40,0
cudaLaunchKernel,128,40,0
cudaLaunchKernel,216,42,0
cudaLaunchKernel,164,39,0
cudaLaunchKernel,128,40,0
cudaLaunchKernel,216,41,0
cudaLaunchKernel,128,41,0
cudaLaunchKernel,216,41,0
cudaLaunchKernel,164,40,0
cudaLaunchKernel,252,40,0
cudaOccupancyMaxActiveBlocksPerMultiprocessorWithFlags,36,38,0
cudaLaunchKernel,264,39,0
cudaLaunchKernel,84,41,0
cudaLaunchKernel,128,40,0
cudaLaunchKernel,216,41,0
cudaLaunchKernel,272,42,0
cudaLaunchKernel,128,39,0
cudaLaunchKernel,216,41,0
cudaLaunchKernel,128,38,0
cudaLaunchKernel,216,41,0
cudaLaunchKernel,272,42,0
cudaLaunchKernel,128,40,0
cudaLaunchKernel,216,46,0
cudaLaunchKernel,164,41,0
cudaLaunchKernel,128,39,0
cudaLaunchKernel,216,45,0
cudaLaunchKernel,128,40,0
cudaLaunchKernel,216,41,0
cudaLaunchKernel,164,41,0
cudaLaunchKernel,252,40,0
cudaOccupancyMaxActiveBlocksPerMultiprocessorWithFlags,36,39,0
cudaLaunchKernel,264,42,0
cudaLaunchKernel,84,42,0
cudaLaunchKernel,128,40,0
cudaLaunchKernel,216,40,0
cudaLaunchKernel,272,43,0
cudaLaunchKernel,128,39,0
cudaLaunchKernel,216,41,0
cudaLaunchKernel,128,39,0
cudaLaunchKernel,216,41,0
cudaLaunchKernel,272,39,0
cudaLaunchKernel,128,40,0
cudaLaunchKernel,216,39,0
cudaLaunchKernel,164,40,0
cudaLaunchKernel,128,44,0
cudaLaunchKernel,216,39,0
cudaLaunchKernel,128,41,0
cudaLaunchKernel,216,39,0
cudaLaunchKernel,164,41,0
cudaLaunchKernel,252,40,0
cudaOccupancyMaxActiveBlocksPerMultiprocessorWithFlags,36,40,0
cudaLaunchKernel,264,40,0
cudaLaunchKernel,84,41,0
cudaLaunchKernel,128,40,0
cudaLaunchKernel,216,43,0
cudaLaunchKernel,272,43,0
cudaLaunchKernel,128,40,0
cudaLaunchKernel,216,41,0
cudaLaunchKernel,128,38,0
cudaLaunchKernel,216,41,0
cudaLaunchKernel,272,40,0
cudaLaunchKernel,128,41,0
cudaLaunchKernel,216,40,0
cudaLaunchKernel,164,39,0
cudaLaunchKernel,128,43,0
cudaLaunchKernel,216,39,0
cudaLaunchKernel,128,39,0
cudaLaunchKernel,216,40,0
cudaLaunchKernel,164,40,0
cudaLaunchKernel,252,40,0
cudaOccupancyMaxActiveBlocksPerMultiprocessorWithFlags,36,38,0
cudaLaunchKernel,264,39,0
cudaLaunchKernel,84,40,0
cudaLaunchKernel,128,44,0
cudaLaunchKernel,216,41,0
cudaLaunchKernel,272,39,0
cudaLaunchKernel,128,42,0
cudaLaunchKernel,216,40,0
cudaLaunchKernel,128,39,0
cudaLaunchKernel,216,40,0
cudaLaunchKernel,272,39,0
cudaLaunchKernel,128,40,0
cudaLaunchKernel,216,40,0
cudaLaunchKernel,164,42,0
cudaLaunchKernel,128,41,0
cudaLaunchKernel,216,41,0
cudaLaunchKernel,128,41,0
cudaLaunchKernel,216,41,0
cudaLaunchKernel,164,40,0
cudaLaunchKernel,252,40,0
cudaOccupancyMaxActiveBlocksPerMultiprocessorWithFlags,36,40,0
cudaLaunchKernel,264,41,0
cudaLaunchKernel,84,40,0
cudaLaunchKernel,128,42,0
cudaLaunchKernel,216,39,0
cudaLaunchKernel,272,40,0
cudaLaunchKernel,128,35,0
cudaLaunchKernel,216,40,0
cudaLaunchKernel,128,46,0
cudaLaunchKernel,216,42,0
cudaLaunchKernel,272,41,0
cudaLaunchKernel,128,40,0
cudaLaunchKernel,216,43,0
cudaLaunchKernel,164,40,0
cudaLaunchKernel,128,40,0
cudaLaunchKernel,216,39,0
cudaLaunchKernel,128,39,0
cudaLaunchKernel,216,40,0
cudaLaunchKernel,164,41,0
cudaLaunchKernel,252,37,0
cudaOccupancyMaxActiveBlocksPerMultiprocessorWithFlags,36,39,0
cudaLaunchKernel,264,41,0
cudaLaunchKernel,84,43,0
cudaLaunchKernel,128,42,0
cudaLaunchKernel,216,40,0
cudaLaunchKernel,272,39,0
cudaLaunchKernel,128,41,0
cudaLaunchKernel,216,42,0
cudaLaunchKernel,128,39,0
cudaLaunchKernel,216,42,0
cudaLaunchKernel,272,41,0
cudaLaunchKernel,128,38,0
cudaLaunchKernel,216,43,0
cudaLaunchKernel,164,40,0
cudaLaunchKernel,128,40,0
cudaLaunchKernel,216,40,0
cudaLaunchKernel,128,38,0
cudaLaunchKernel,216,41,0
cudaLaunchKernel,164,41,0
cudaLaunchKernel,252,39,0
cudaOccupancyMaxActiveBlocksPerMultiprocessorWithFlags,36,38,0
cudaLaunchKernel,264,42,0
cudaLaunchKernel,84,42,0
cudaLaunchKernel,128,40,0
cudaLaunchKernel,216,40,0
cudaLaunchKernel,272,39,0
cudaLaunchKernel,128,41,0
cudaLaunchKernel,216,55,0
cudaLaunchKernel,128,39,0
cudaLaunchKernel,216,42,0
cudaLaunchKernel,272,39,0
cudaLaunchKernel,128,41,0
cudaLaunchKernel,216,40,0
cudaLaunchKernel,164,39,0
cudaLaunchKernel,128,39,0
cudaLaunchKernel,216,41,0
cudaLaunchKernel,128,39,0
cudaLaunchKernel,216,41,0
cudaLaunchKernel,164,41,0
cudaLaunchKernel,252,41,0
cudaOccupancyMaxActiveBlocksPerMultiprocessorWithFlags,36,37,0
cudaLaunchKernel,264,42,0
cudaLaunchKernel,84,43,0
cudaLaunchKernel,128,40,0
cudaLaunchKernel,216,41,0
cudaLaunchKernel,272,39,0
cudaLaunchKernel,128,41,0
cudaLaunchKernel,216,40,0
cudaLaunchKernel,128,40,0
cudaLaunchKernel,216,40,0
cudaLaunchKernel,272,44,0
cudaLaunchKernel,128,39,0
cudaLaunchKernel,216,41,0
cudaLaunchKernel,164,42,0
cudaLaunchKernel,128,40,0
cudaLaunchKernel,216,39,0
cudaLaunchKernel,128,38,0
cudaLaunchKernel,216,41,0
cudaLaunchKernel,164,39,0
cudaLaunchKernel,252,40,0
cudaOccupancyMaxActiveBlocksPerMultiprocessorWithFlags,36,41,0
cudaLaunchKernel,264,40,0
cudaLaunchKernel,84,41,0
cudaLaunchKernel,128,40,0
cudaLaunchKernel,216,49,0
cudaLaunchKernel,272,41,0
cudaLaunchKernel,128,39,0
cudaLaunchKernel,216,41,0
cudaLaunchKernel,128,42,0
cudaLaunchKernel,216,44,0
cudaLaunchKernel,272,39,0
cudaLaunchKernel,128,40,0
cudaLaunchKernel,216,41,0
cudaLaunchKernel,164,39,0
cudaLaunchKernel,128,42,0
cudaLaunchKernel,216,39,0
cudaLaunchKernel,128,40,0
cudaLaunchKernel,216,41,0
cudaLaunchKernel,164,40,0
cudaLaunchKernel,252,43,0
cudaOccupancyMaxActiveBlocksPerMultiprocessorWithFlags,36,38,0
cudaLaunchKernel,264,41,0
cudaLaunchKernel,84,42,0
cudaLaunchKernel,128,39,0
cudaLaunchKernel,216,42,0
cudaLaunchKernel,272,40,0
cudaLaunchKernel,128,39,0
cudaLaunchKernel,216,41,0
cudaLaunchKernel,128,41,0
cudaLaunchKernel,216,43,0
cudaLaunchKernel,272,39,0
cudaLaunchKernel,128,42,0
cudaLaunchKernel,216,42,0
cudaLaunchKernel,164,41,0
cudaLaunchKernel,128,42,0
cudaLaunchKernel,216,40,0
cudaLaunchKernel,128,39,0
cudaLaunchKernel,216,41,0
cudaLaunchKernel,164,44,0
cudaLaunchKernel,252,42,0
cudaOccupancyMaxActiveBlocksPerMultiprocessorWithFlags,36,37,0
cudaLaunchKernel,264,40,0
cudaLaunchKernel,84,42,0
cudaLaunchKernel,128,41,0
cudaLaunchKernel,216,39,0
cudaLaunchKernel,272,40,0
cudaLaunchKernel,128,39,0
cudaLaunchKernel,216,40,0
cudaLaunchKernel,128,42,0
cudaLaunchKernel,216,39,0
cudaLaunchKernel,272,40,0
cudaLaunchKernel,128,41,0
cudaLaunchKernel,216,40,0
cudaLaunchKernel,164,40,0
cudaLaunchKernel,128,40,0
cudaLaunchKernel,216,41,0
cudaLaunchKernel,128,40,0
cudaLaunchKernel,216,39,0
cudaLaunchKernel,164,43,0
cudaLaunchKernel,252,39,0
cudaOccupancyMaxActiveBlocksPerMultiprocessorWithFlags,36,38,0
cudaLaunchKernel,264,39,0
cudaLaunchKernel,84,40,0
cudaLaunchKernel,128,40,0
cudaLaunchKernel,216,41,0
cudaLaunchKernel,272,40,0
cudaLaunchKernel,128,39,0
cudaLaunchKernel,216,38,0
cudaLaunchKernel,128,40,0
cudaLaunchKernel,216,41,0
cudaLaunchKernel,272,39,0
cudaLaunchKernel,128,40,0
cudaLaunchKernel,216,42,0
cudaLaunchKernel,164,40,0
cudaLaunchKernel,128,40,0
cudaLaunchKernel,216,42,0
cudaLaunchKernel,128,41,0
cudaLaunchKernel,216,42,0
cudaLaunchKernel,164,41,0
cudaLaunchKernel,252,47,0
cudaOccupancyMaxActiveBlocksPerMultiprocessorWithFlags,36,39,0
cudaLaunchKernel,264,40,0
cudaLaunchKernel,84,39,0
cudaLaunchKernel,128,40,0
cudaLaunchKernel,216,42,0
cudaLaunchKernel,272,39,0
cudaLaunchKernel,128,41,0
cudaLaunchKernel,216,45,0
cudaLaunchKernel,128,39,0
cudaLaunchKernel,216,40,0
cudaLaunchKernel,272,40,0
cudaLaunchKernel,128,39,0
cudaLaunchKernel,216,41,0
cudaLaunchKernel,164,41,0
cudaLaunchKernel,128,40,0
cudaLaunchKernel,216,41,0
cudaLaunchKernel,128,44,0
cudaLaunchKernel,216,42,0
cudaLaunchKernel,164,42,0
cudaLaunchKernel,252,40,0
cudaOccupancyMaxActiveBlocksPerMultiprocessorWithFlags,36,38,0
cudaLaunchKernel,264,40,0
cudaLaunchKernel,84,40,0
cudaLaunchKernel,128,39,0
cudaLaunchKernel,216,39,0
cudaLaunchKernel,272,39,0
cudaLaunchKernel,128,41,0
cudaLaunchKernel,216,39,0
cudaLaunchKernel,128,41,0
cudaLaunchKernel,216,43,0
cudaLaunchKernel,272,41,0
cudaLaunchKernel,128,40,0
cudaLaunchKernel,216,41,0
cudaLaunchKernel,164,42,0
cudaLaunchKernel,128,39,0
cudaLaunchKernel,216,43,0
cudaLaunchKernel,128,40,0
cudaLaunchKernel,216,40,0
cudaLaunchKernel,164,41,0
cudaLaunchKernel,252,40,0
cudaOccupancyMaxActiveBlocksPerMultiprocessorWithFlags,36,38,0
cudaLaunchKernel,264,40,0
cudaLaunchKernel,84,41,0
cudaLaunchKernel,128,39,0
cudaLaunchKernel,216,40,0
cudaLaunchKernel,272,42,0
cudaLaunchKernel,128,40,0
cudaLaunchKernel,216,39,0
cudaLaunchKernel,128,41,0
cudaLaunchKernel,216,42,0
cudaLaunchKernel,272,41,0
cudaLaunchKernel,128,39,0
cudaLaunchKernel,216,40,0
cudaLaunchKernel,164,40,0
cudaLaunchKernel,128,40,0
cudaLaunchKernel,216,42,0
cudaLaunchKernel,128,40,0
cudaLaunchKernel,216,40,0
cudaLaunchKernel,164,41,0
cudaLaunchKernel,252,41,0
cudaOccupancyMaxActiveBlocksPerMultiprocessorWithFlags,36,38,0
cudaLaunchKernel,264,39,0
cudaLaunchKernel,84,40,0
cudaLaunchKernel,128,40,0
cudaLaunchKernel,216,43,0
cudaLaunchKernel,272,40,0
cudaLaunchKernel,128,39,0
cudaLaunchKernel,216,40,0
cudaLaunchKernel,128,40,0
cudaLaunchKernel,216,39,0
cudaLaunchKernel,272,39,0
cudaLaunchKernel,128,41,0
cudaLaunchKernel,216,40,0
cudaLaunchKernel,164,34,0
cudaLaunchKernel,128,46,0
cudaLaunchKernel,216,45,0
cudaLaunchKernel,128,39,0
cudaLaunchKernel,216,41,0
cudaLaunchKernel,164,41,0
cudaLaunchKernel,252,40,0
cudaOccupancyMaxActiveBlocksPerMultiprocessorWithFlags,36,38,0
cudaLaunchKernel,264,39,0
cudaLaunchKernel,84,40,0
cudaLaunchKernel,128,39,0
cudaLaunchKernel,216,43,0
cudaLaunchKernel,272,41,0
cudaLaunchKernel,128,40,0
cudaLaunchKernel,216,41,0
cudaLaunchKernel,128,41,0
cudaLaunchKernel,216,41,0
cudaLaunchKernel,272,41,0
cudaLaunchKernel,128,38,0
cudaLaunchKernel,216,39,0
cudaLaunchKernel,164,43,0
cudaLaunchKernel,128,39,0
cudaLaunchKernel,216,40,0
cudaLaunchKernel,128,39,0
cudaLaunchKernel,216,40,0
cudaLaunchKernel,164,40,0
cudaLaunchKernel,252,40,0
cudaOccupancyMaxActiveBlocksPerMultiprocessorWithFlags,36,38,0
cudaLaunchKernel,264,40,0
cudaLaunchKernel,84,41,0
cudaLaunchKernel,128,42,0
cudaLaunchKernel,216,39,0
cudaLaunchKernel,272,40,0
cudaLaunchKernel,128,41,0
cudaLaunchKernel,216,40,0
cudaLaunchKernel,128,40,0
cudaLaunchKernel,216,43,0
cudaLaunchKernel,272,42,0
cudaLaunchKernel,128,41,0
cudaLaunchKernel,216,38,0
cudaLaunchKernel,164,44,0
cudaLaunchKernel,128,40,0
cudaLaunchKernel,216,34,0
cudaLaunchKernel,128,39,0
cudaLaunchKernel,216,40,0
cudaLaunchKernel,164,39,0
cudaLaunchKernel,252,39,0
cudaOccupancyMaxActiveBlocksPerMultiprocessorWithFlags,36,37,0
cudaLaunchKernel,264,40,0
cudaLaunchKernel,84,42,0
cudaLaunchKernel,128,39,0
cudaLaunchKernel,216,40,0
cudaLaunchKernel,272,41,0
cudaLaunchKernel,128,40,0
cudaLaunchKernel,216,40,0
cudaLaunchKernel,128,42,0
cudaLaunchKernel,216,41,0
cudaLaunchKernel,272,39,0
cudaLaunchKernel,128,38,0
cudaLaunchKernel,216,44,0
cudaLaunchKernel,164,40,0
cudaLaunchKernel,128,38,0
cudaLaunchKernel,216,42,0
cudaLaunchKernel,128,41,0
cudaLaunchKernel,216,40,0
cudaLaunchKernel,164,41,0
cudaLaunchKernel,252,40,0
cudaOccupancyMaxActiveBlocksPerMultiprocessorWithFlags,36,37,0
cudaLaunchKernel,264,42,0
cudaLaunchKernel,84,43,0
cudaLaunchKernel,128,40,0
cudaLaunchKernel,216,40,0
cudaLaunchKernel,184,40,0
cudaLaunchKernel,184,39,0
cudaLaunchKernel,208,38,0
cudaLaunchKernel,272,39,0
cudaLaunchKernel,128,31,0
cudaLaunchKernel,216,39,0
cudaLaunchKernel,128,49,0
cudaLaunchKernel,216,43,0
cudaLaunchKernel,272,40,0
cudaLaunchKernel,128,40,0
cudaLaunchKernel,216,41,0
cudaMemcpyAsync,37,120,0
cudaStreamSynchronize,8,31,0
cudaStreamSynchronize,8,23,0
cudaStreamSynchronize,8,42,0
cudaMemcpyAsync,8228,47,0
cudaStreamSynchronize,8,41,0
cudaStreamSynchronize,8,47,0
cudaMemcpyAsync,40,39,0
cudaStreamSynchronize,8,44,0
cudaStreamSynchronize,8,41,0
cudaMemcpyAsync,44,40,0
cudaStreamSynchronize,8,40,0
cudaStreamSynchronize,8,43,0
cudaMemcpyAsync,44,38,0
cudaStreamSynchronize,8,43,0
cudaStreamSynchronize,8,41,0
cudaMemcpyAsync,548,39,0
cudaStreamSynchronize,8,41,0
cudaStreamSynchronize,8,41,0
cudaMemcpyAsync,40,39,0
cudaStreamSynchronize,8,41,0
cudaLaunchKernel,272,45,0
cudaLaunchKernel,128,41,0
cudaLaunchKernel,216,41,0
cudaLaunchKernel,164,41,0
cudaLaunchKernel,128,41,0
cudaLaunchKernel,216,40,0
cudaLaunchKernel,128,39,0
cudaLaunchKernel,216,42,0
cudaLaunchKernel,164,40,0
cudaLaunchKernel,252,44,0
cudaOccupancyMaxActiveBlocksPerMultiprocessorWithFlags,36,37,0
cudaLaunchKernel,264,40,0
cudaLaunchKernel,84,40,0
cudaLaunchKernel,128,41,0
cudaLaunchKernel,216,40,0
cudaLaunchKernel,272,41,0
cudaLaunchKernel,128,40,0
cudaLaunchKernel,216,41,0
cudaLaunchKernel,128,41,0
cudaLaunchKernel,216,42,0
cudaLaunchKernel,272,42,0
cudaLaunchKernel,128,42,0
cudaLaunchKernel,216,40,0
cudaLaunchKernel,164,40,0
cudaLaunchKernel,128,39,0
cudaLaunchKernel,216,41,0
cudaLaunchKernel,128,40,0
cudaLaunchKernel,216,42,0
cudaLaunchKernel,164,42,0
cudaLaunchKernel,252,39,0
cudaOccupancyMaxActiveBlocksPerMultiprocessorWithFlags,36,40,0
cudaLaunchKernel,264,40,0
cudaLaunchKernel,84,42,0
cudaLaunchKernel,128,41,0
cudaLaunchKernel,216,40,0
cudaLaunchKernel,272,40,0
cudaLaunchKernel,128,40,0
cudaLaunchKernel,216,39,0
cudaLaunchKernel,128,42,0
cudaLaunchKernel,216,42,0
cudaLaunchKernel,272,39,0
cudaLaunchKernel,128,41,0
cudaLaunchKernel,216,40,0
cudaLaunchKernel,164,38,0
cudaLaunchKernel,128,41,0
cudaLaunchKernel,216,42,0
cudaLaunchKernel,128,40,0
cudaLaunchKernel,216,42,0
cudaLaunchKernel,164,43,0
cudaLaunchKernel,252,45,0
cudaOccupancyMaxActiveBlocksPerMultiprocessorWithFlags,36,39,0
cudaLaunchKernel,264,41,0
cudaLaunchKernel,84,40,0
cudaLaunchKernel,128,40,0
cudaLaunchKernel,216,40,0
cudaLaunchKernel,272,40,0
cudaLaunchKernel,128,40,0
cudaLaunchKernel,216,44,0
cudaLaunchKernel,128,39,0
cudaLaunchKernel,216,41,0
cudaLaunchKernel,272,41,0
cudaLaunchKernel,128,39,0
cudaLaunchKernel,216,40,0
cudaLaunchKernel,164,39,0
cudaLaunchKernel,128,42,0
cudaLaunchKernel,216,39,0
cudaLaunchKernel,128,36,0
cudaLaunchKernel,216,44,0
cudaLaunchKernel,164,41,0
cudaLaunchKernel,252,41,0
cudaOccupancyMaxActiveBlocksPerMultiprocessorWithFlags,36,39,0
cudaLaunchKernel,264,40,0
cudaLaunchKernel,84,42,0
cudaLaunchKernel,128,39,0
cudaLaunchKernel,216,41,0
cudaLaunchKernel,272,41,0
cudaLaunchKernel,128,40,0
cudaLaunchKernel,216,42,0
cudaLaunchKernel,128,42,0
cudaLaunchKernel,216,41,0
cudaLaunchKernel,272,41,0
cudaLaunchKernel,128,41,0
cudaLaunchKernel,216,41,0
cudaLaunchKernel,164,40,0
cudaLaunchKernel,128,41,0
cudaLaunchKernel,216,41,0
cudaLaunchKernel,128,45,0
cudaLaunchKernel,216,40,0
cudaLaunchKernel,164,40,0
cudaLaunchKernel,252,40,0
cudaOccupancyMaxActiveBlocksPerMultiprocessorWithFlags,36,40,0
cudaLaunchKernel,264,39,0
cudaLaunchKernel,84,42,0
cudaLaunchKernel,128,42,0
cudaLaunchKernel,216,40,0
cudaLaunchKernel,272,40,0
cudaLaunchKernel,128,43,0
cudaLaunchKernel,216,42,0
cudaLaunchKernel,128,40,0
cudaLaunchKernel,216,39,0
cudaLaunchKernel,272,38,0
cudaLaunchKernel,128,39,0
cudaLaunchKernel,216,42,0
cudaLaunchKernel,164,39,0
cudaLaunchKernel,128,39,0
cudaLaunchKernel,216,41,0
cudaLaunchKernel,128,41,0
cudaLaunchKernel,216,40,0
cudaLaunchKernel,164,39,0
cudaLaunchKernel,252,39,0
cudaOccupancyMaxActiveBlocksPerMultiprocessorWithFlags,36,39,0
cudaLaunchKernel,264,40,0
cudaLaunchKernel,84,40,0
cudaLaunchKernel,128,40,0
cudaLaunchKernel,216,41,0
cudaLaunchKernel,272,43,0
cudaLaunchKernel,128,40,0
cudaLaunchKernel,216,42,0
cudaLaunchKernel,128,40,0
cudaLaunchKernel,216,40,0
cudaLaunchKernel,272,40,0
cudaLaunchKernel,128,41,0
cudaLaunchKernel,216,42,0
cudaLaunchKernel,164,36,0
cudaLaunchKernel,128,40,0
cudaLaunchKernel,216,51,0
cudaLaunchKernel,128,40,0
cudaLaunchKernel,216,39,0
cudaLaunchKernel,164,41,0
cudaLaunchKernel,252,40,0
cudaOccupancyMaxActiveBlocksPerMultiprocessorWithFlags,36,41,0
cudaLaunchKernel,264,37,0
cudaLaunchKernel,84,41,0
cudaLaunchKernel,128,41,0
cudaLaunchKernel,216,41,0
cudaLaunchKernel,272,41,0
cudaLaunchKernel,128,39,0
cudaLaunchKernel,216,40,0
cudaLaunchKernel,128,40,0
cudaLaunchKernel,216,43,0
cudaLaunchKernel,272,43,0
cudaLaunchKernel,128,43,0
cudaLaunchKernel,216,42,0
cudaLaunchKernel,164,42,0
cudaLaunchKernel,128,42,0
cudaLaunchKernel,216,40,0
cudaLaunchKernel,128,41,0
cudaLaunchKernel,216,41,0
cudaLaunchKernel,164,43,0
cudaLaunchKernel,252,40,0
cudaOccupancyMaxActiveBlocksPerMultiprocessorWithFlags,36,38,0
cudaLaunchKernel,264,40,0
cudaLaunchKernel,84,42,0
cudaLaunchKernel,128,40,0
cudaLaunchKernel,216,45,0
cudaLaunchKernel,272,40,0
cudaLaunchKernel,128,43,0
cudaLaunchKernel,216,41,0
cudaLaunchKernel,128,40,0
cudaLaunchKernel,216,41,0
cudaLaunchKernel,272,40,0
cudaLaunchKernel,128,39,0
cudaLaunchKernel,216,43,0
cudaLaunchKernel,164,42,0
cudaLaunchKernel,128,40,0
cudaLaunchKernel,216,41,0
cudaLaunchKernel,128,41,0
cudaLaunchKernel,216,41,0
cudaLaunchKernel,164,41,0
cudaLaunchKernel,252,40,0
cudaOccupancyMaxActiveBlocksPerMultiprocessorWithFlags,36,39,0
cudaLaunchKernel,264,42,0
cudaLaunchKernel,84,40,0
cudaLaunchKernel,128,44,0
cudaLaunchKernel,216,40,0
cudaLaunchKernel,272,41,0
cudaLaunchKernel,128,40,0
cudaLaunchKernel,216,41,0
cudaLaunchKernel,128,41,0
cudaLaunchKernel,216,40,0
cudaLaunchKernel,272,41,0
cudaLaunchKernel,128,39,0
cudaLaunchKernel,216,40,0
cudaLaunchKernel,164,41,0
cudaLaunchKernel,128,41,0
cudaLaunchKernel,216,40,0
cudaLaunchKernel,128,39,0
cudaLaunchKernel,216,38,0
cudaLaunchKernel,164,40,0
cudaLaunchKernel,252,41,0
cudaOccupancyMaxActiveBlocksPerMultiprocessorWithFlags,36,37,0
cudaLaunchKernel,264,43,0
cudaLaunchKernel,84,43,0
cudaLaunchKernel,128,40,0
cudaLaunchKernel,216,38,0
cudaLaunchKernel,272,41,0
cudaLaunchKernel,128,41,0
cudaLaunchKernel,216,40,0
cudaLaunchKernel,128,40,0
cudaLaunchKernel,216,41,0
cudaLaunchKernel,272,39,0
cudaLaunchKernel,128,47,0
cudaLaunchKernel,216,44,0
cudaLaunchKernel,164,40,0
cudaLaunchKernel,128,41,0
cudaLaunchKernel,216,40,0
cudaLaunchKernel,128,39,0
cudaLaunchKernel,216,41,0
cudaLaunchKernel,164,40,0
cudaLaunchKernel,252,40,0
cudaOccupancyMaxActiveBlocksPerMultiprocessorWithFlags,36,38,0
cudaLaunchKernel,264,41,0
cudaLaunchKernel,84,43,0
cudaLaunchKernel,128,41,0
cudaLaunchKernel,216,39,0
cudaLaunchKernel,272,40,0
cudaLaunchKernel,128,40,0
cudaLaunchKernel,216,40,0
cudaLaunchKernel,128,39,0
cudaLaunchKernel,216,41,0
cudaLaunchKernel,272,40,0
cudaLaunchKernel,128,44,0
cudaLaunchKernel,216,41,0
cudaLaunchKernel,164,41,0
cudaLaunchKernel,128,41,0
cudaLaunchKernel,216,42,0
cudaLaunchKernel,128,39,0
cudaLaunchKernel,216,41,0
cudaLaunchKernel,164,39,0
cudaLaunchKernel,252,40,0
cudaOccupancyMaxActiveBlocksPerMultiprocessorWithFlags,36,39,0
cudaLaunchKernel,264,42,0
cudaLaunchKernel,84,39,0
cudaLaunchKernel,128,39,0
cudaLaunchKernel,216,40,0
cudaLaunchKernel,272,39,0
cudaLaunchKernel,128,41,0
cudaLaunchKernel,216,42,0
cudaLaunchKernel,128,39,0
cudaLaunchKernel,216,42,0
cudaLaunchKernel,272,40,0
cudaLaunchKernel,128,41,0
cudaLaunchKernel,216,40,0
cudaLaunchKernel,164,39,0
cudaLaunchKernel,128,41,0
cudaLaunchKernel,216,40,0
cudaLaunchKernel,128,40,0
cudaLaunchKernel,216,39,0
cudaLaunchKernel,164,41,0
cudaLaunchKernel,252,41,0
cudaOccupancyMaxActiveBlocksPerMultiprocessorWithFlags,36,40,0
cudaLaunchKernel,264,40,0
cudaLaunchKernel,84,41,0
cudaLaunchKernel,128,40,0
cudaLaunchKernel,216,41,0
cudaLaunchKernel,272,39,0
cudaLaunchKernel,128,39,0
cudaLaunchKernel,216,41,0
cudaLaunchKernel,128,40,0
cudaLaunchKernel,216,41,0
cudaLaunchKernel,272,42,0
cudaLaunchKernel,128,40,0
cudaLaunchKernel,216,41,0
cudaLaunchKernel,164,41,0
cudaLaunchKernel,128,41,0
cudaLaunchKernel,216,41,0
cudaLaunchKernel,128,42,0
cudaLaunchKernel,216,40,0
cudaLaunchKernel,164,42,0
cudaLaunchKernel,252,42,0
cudaOccupancyMaxActiveBlocksPerMultiprocessorWithFlags,36,38,0
cudaLaunchKernel,264,40,0
cudaLaunchKernel,84,41,0
cudaLaunchKernel,128,40,0
cudaLaunchKernel,216,42,0
cudaLaunchKernel,272,39,0
cudaLaunchKernel,128,48,0
cudaLaunchKernel,216,40,0
cudaLaunchKernel,128,39,0
cudaLaunchKernel,216,42,0
cudaLaunchKernel,272,40,0
cudaLaunchKernel,128,40,0
cudaLaunchKernel,216,42,0
cudaLaunchKernel,164,39,0
cudaLaunchKernel,128,40,0
cudaLaunchKernel,216,42,0
cudaLaunchKernel,128,40,0
cudaLaunchKernel,216,40,0
cudaLaunchKernel,164,41,0
cudaLaunchKernel,252,42,0
cudaOccupancyMaxActiveBlocksPerMultiprocessorWithFlags,36,38,0
cudaLaunchKernel,264,41,0
cudaLaunchKernel,84,41,0
cudaLaunchKernel,128,40,0
cudaLaunchKernel,216,42,0
cudaLaunchKernel,272,40,0
cudaLaunchKernel,128,41,0
cudaLaunchKernel,216,42,0
cudaLaunchKernel,128,40,0
cudaLaunchKernel,216,43,0
cudaLaunchKernel,272,41,0
cudaLaunchKernel,128,39,0
cudaLaunchKernel,216,40,0
cudaLaunchKernel,164,41,0
cudaLaunchKernel,128,39,0
cudaLaunchKernel,216,42,0
cudaLaunchKernel,128,41,0
cudaLaunchKernel,216,42,0
cudaLaunchKernel,164,43,0
cudaLaunchKernel,252,41,0
cudaOccupancyMaxActiveBlocksPerMultiprocessorWithFlags,36,38,0
cudaLaunchKernel,264,39,0
cudaLaunchKernel,84,41,0
cudaLaunchKernel,128,39,0
cudaLaunchKernel,216,39,0
cudaLaunchKernel,272,39,0
cudaLaunchKernel,128,41,0
cudaLaunchKernel,216,41,0
cudaLaunchKernel,128,42,0
cudaLaunchKernel,216,41,0
cudaLaunchKernel,272,39,0
cudaLaunchKernel,128,40,0
cudaLaunchKernel,216,37,0
cudaLaunchKernel,164,38,0
cudaLaunchKernel,128,40,0
cudaLaunchKernel,216,40,0
cudaLaunchKernel,128,41,0
cudaLaunchKernel,216,43,0
cudaLaunchKernel,164,41,0
cudaLaunchKernel,252,40,0
cudaOccupancyMaxActiveBlocksPerMultiprocessorWithFlags,36,38,0
cudaLaunchKernel,264,39,0
cudaLaunchKernel,84,41,0
cudaLaunchKernel,128,42,0
cudaLaunchKernel,216,41,0
cudaLaunchKernel,272,42,0
cudaLaunchKernel,128,43,0
cudaLaunchKernel,216,43,0
cudaLaunchKernel,128,38,0
cudaLaunchKernel,216,41,0
cudaLaunchKernel,272,40,0
cudaLaunchKernel,128,39,0
cudaLaunchKernel,216,41,0
cudaLaunchKernel,164,38,0
cudaLaunchKernel,128,42,0
cudaLaunchKernel,216,41,0
cudaLaunchKernel,128,40,0
cudaLaunchKernel,216,42,0
cudaLaunchKernel,164,40,0
cudaLaunchKernel,252,42,0
cudaOccupancyMaxActiveBlocksPerMultiprocessorWithFlags,36,37,0
cudaLaunchKernel,264,39,0
cudaLaunchKernel,84,47,0
cudaLaunchKernel,128,40,0
cudaLaunchKernel,216,42,0
cudaLaunchKernel,272,39,0
cudaLaunchKernel,128,42,0
cudaLaunchKernel,216,40,0
cudaLaunchKernel,128,38,0
cudaLaunchKernel,216,40,0
cudaLaunchKernel,272,41,0
cudaLaunchKernel,128,39,0
cudaLaunchKernel,216,40,0
cudaLaunchKernel,164,39,0
cudaLaunchKernel,128,39,0
cudaLaunchKernel,216,41,0
cudaLaunchKernel,128,42,0
cudaLaunchKernel,216,40,0
cudaLaunchKernel,164,41,0
cudaLaunchKernel,252,41,0
cudaOccupancyMaxActiveBlocksPerMultiprocessorWithFlags,36,38,0
cudaLaunchKernel,264,41,0
cudaLaunchKernel,84,41,0
cudaLaunchKernel,128,43,0
cudaLaunchKernel,216,41,0
cudaLaunchKernel,272,41,0
cudaLaunchKernel,128,42,0
cudaLaunchKernel,216,41,0
cudaLaunchKernel,128,40,0
cudaLaunchKernel,216,40,0
cudaLaunchKernel,272,40,0
cudaLaunchKernel,128,39,0
cudaLaunchKernel,216,40,0
cudaLaunchKernel,164,43,0
cudaLaunchKernel,128,39,0
cudaLaunchKernel,216,43,0
cudaLaunchKernel,128,39,0
cudaLaunchKernel,216,43,0
cudaLaunchKernel,164,40,0
cudaLaunchKernel,252,40,0
cudaOccupancyMaxActiveBlocksPerMultiprocessorWithFlags,36,38,0
cudaLaunchKernel,264,40,0
cudaLaunchKernel,84,41,0
cudaLaunchKernel,128,41,0
cudaLaunchKernel,216,41,0
cudaLaunchKernel,272,44,0
cudaLaunchKernel,128,40,0
cudaLaunchKernel,216,42,0
cudaLaunchKernel,128,41,0
cudaLaunchKernel,216,40,0
cudaLaunchKernel,272,38,0
cudaLaunchKernel,128,39,0
cudaLaunchKernel,216,41,0
cudaLaunchKernel,164,38,0
cudaLaunchKernel,128,43,0
cudaLaunchKernel,216,42,0
cudaLaunchKernel,128,38,0
cudaLaunchKernel,216,40,0
cudaLaunchKernel,164,39,0
cudaLaunchKernel,252,40,0
cudaOccupancyMaxActiveBlocksPerMultiprocessorWithFlags,36,39,0
cudaLaunchKernel,264,40,0
cudaLaunchKernel,84,41,0
cudaLaunchKernel,128,39,0
cudaLaunchKernel,216,43,0
cudaLaunchKernel,272,40,0
cudaLaunchKernel,128,41,0
cudaLaunchKernel,216,42,0
cudaLaunchKernel,128,40,0
cudaLaunchKernel,216,42,0
cudaLaunchKernel,272,42,0
cudaLaunchKernel,128,41,0
cudaLaunchKernel,216,40,0
cudaLaunchKernel,164,40,0
cudaLaunchKernel,128,42,0
cudaLaunchKernel,216,40,0
cudaLaunchKernel,128,41,0
cudaLaunchKernel,216,39,0
cudaLaunchKernel,164,47,0
cudaLaunchKernel,252,40,0
cudaOccupancyMaxActiveBlocksPerMultiprocessorWithFlags,36,37,0
cudaLaunchKernel,264,39,0
cudaLaunchKernel,84,41,0
cudaLaunchKernel,128,40,0
cudaLaunchKernel,216,43,0
cudaLaunchKernel,184,41,0
cudaLaunchKernel,184,41,0
cudaLaunchKernel,208,39,0
cudaLaunchKernel,272,41,0
cudaLaunchKernel,128,39,0
cudaLaunchKernel,216,40,0
cudaLaunchKernel,128,41,0
cudaLaunchKernel,216,39,0
cudaLaunchKernel,272,44,0
cudaLaunchKernel,128,40,0
cudaLaunchKernel,216,40,0
cudaMemcpyAsync,37,122,0
cudaStreamSynchronize,8,30,0
cudaStreamSynchronize,8,22,0
cudaStreamSynchronize,8,41,0
cudaMemcpyAsync,8228,43,0
cudaStreamSynchronize,8,42,0
cudaStreamSynchronize,8,41,0
cudaMemcpyAsync,40,40,0
cudaStreamSynchronize,8,42,0
cudaStreamSynchronize,8,44,0
cudaMemcpyAsync,44,38,0
cudaStreamSynchronize,8,42,0
cudaStreamSynchronize,8,41,0
cudaMemcpyAsync,44,40,0
cudaStreamSynchronize,8,42,0
cudaStreamSynchronize,8,39,0
cudaMemcpyAsync,548,39,0
cudaStreamSynchronize,8,41,0
cudaStreamSynchronize,8,41,0
cudaMemcpyAsync,40,40,0
cudaStreamSynchronize,8,42,0
cudaLaunchKernel,272,40,0
cudaLaunchKernel,128,41,0
cudaLaunchKernel,216,40,0
cudaLaunchKernel,164,41,0
cudaLaunchKernel,128,39,0
cudaLaunchKernel,216,41,0
cudaLaunchKernel,128,39,0
cudaLaunchKernel,216,40,0
cudaLaunchKernel,164,39,0
cudaLaunchKernel,252,39,0
cudaOccupancyMaxActiveBlocksPerMultiprocessorWithFlags,36,40,0
cudaLaunchKernel,264,42,0
cudaLaunchKernel,84,40,0
cudaLaunchKernel,128,40,0
cudaLaunchKernel,216,40,0
cudaLaunchKernel,272,40,0
cudaLaunchKernel,128,41,0
cudaLaunchKernel,216,40,0
cudaLaunchKernel,128,40,0
cudaLaunchKernel,216,43,0
cudaLaunchKernel,272,39,0
cudaLaunchKernel,128,42,0
cudaLaunchKernel,216,42,0
cudaLaunchKernel,164,41,0
cudaLaunchKernel,128,41,0
cudaLaunchKernel,216,39,0
cudaLaunchKernel,128,40,0
cudaLaunchKernel,216,40,0
cudaLaunchKernel,164,40,0
cudaLaunchKernel,252,40,0
cudaOccupancyMaxActiveBlocksPerMultiprocessorWithFlags,36,37,0
cudaLaunchKernel,264,41,0
cudaLaunchKernel,84,42,0
cudaLaunchKernel,128,39,0
cudaLaunchKernel,216,42,0
cudaLaunchKernel,272,41,0
cudaLaunchKernel,128,47,0
cudaLaunchKernel,216,42,0
cudaLaunchKernel,128,40,0
cudaLaunchKernel,216,41,0
cudaLaunchKernel,272,44,0
cudaLaunchKernel,128,41,0
cudaLaunchKernel,216,42,0
cudaLaunchKernel,164,40,0
cudaLaunchKernel,128,39,0
cudaLaunchKernel,216,40,0
cudaLaunchKernel,128,41,0
cudaLaunchKernel,216,41,0
cudaLaunchKernel,164,41,0
cudaLaunchKernel,252,40,0
cudaOccupancyMaxActiveBlocksPerMultiprocessorWithFlags,36,40,0
cudaLaunchKernel,264,39,0
cudaLaunchKernel,84,39,0
cudaLaunchKernel,128,41,0
cudaLaunchKernel,216,42,0
cudaLaunchKernel,272,41,0
cudaLaunchKernel,128,39,0
cudaLaunchKernel,216,41,0
cudaLaunchKernel,128,41,0
cudaLaunchKernel,216,43,0
cudaLaunchKernel,272,40,0
cudaLaunchKernel,128,41,0
cudaLaunchKernel,216,43,0
cudaLaunchKernel,164,40,0
cudaLaunchKernel,128,39,0
cudaLaunchKernel,216,40,0
cudaLaunchKernel,128,40,0
cudaLaunchKernel,216,40,0
cudaLaunchKernel,164,39,0
cudaLaunchKernel,252,42,0
cudaOccupancyMaxActiveBlocksPerMultiprocessorWithFlags,36,38,0
cudaLaunchKernel,264,41,0
cudaLaunchKernel,84,41,0
cudaLaunchKernel,128,39,0
cudaLaunchKernel,216,40,0
cudaLaunchKernel,272,41,0
cudaLaunchKernel,128,39,0
cudaLaunchKernel,216,39,0
cudaLaunchKernel,128,40,0
cudaLaunchKernel,216,43,0
cudaLaunchKernel,272,39,0
cudaLaunchKernel,128,40,0
cudaLaunchKernel,216,41,0
cudaLaunchKernel,164,40,0
cudaLaunchKernel,128,43,0
cudaLaunchKernel,216,42,0
cudaLaunchKernel,128,40,0
cudaLaunchKernel,216,42,0
cudaLaunchKernel,164,44,0
cudaLaunchKernel,252,40,0
cudaOccupancyMaxActiveBlocksPerMultiprocessorWithFlags,36,37,0
cudaLaunchKernel,264,39,0
cudaLaunchKernel,84,40,0
cudaLaunchKernel,128,41,0
cudaLaunchKernel,216,42,0
cudaLaunchKernel,272,41,0
cudaLaunchKernel,128,40,0
cudaLaunchKernel,216,41,0
cudaLaunchKernel,128,43,0
cudaLaunchKernel,216,42,0
cudaLaunchKernel,272,41,0
cudaLaunchKernel,128,39,0
cudaLaunchKernel,216,39,0
cudaLaunchKernel,164,40,0
cudaLaunchKernel,128,39,0
cudaLaunchKernel,216,41,0
cudaLaunchKernel,128,40,0
cudaLaunchKernel,216,45,0
cudaLaunchKernel,164,39,0
cudaLaunchKernel,252,40,0
cudaOccupancyMaxActiveBlocksPerMultiprocessorWithFlags,36,39,0
cudaLaunchKernel,264,38,0
cudaLaunchKernel,84,44,0
cudaLaunchKernel,128,40,0
cudaLaunchKernel,216,41,0
cudaLaunchKernel,272,40,0
cudaLaunchKernel,128,39,0
cudaLaunchKernel,216,43,0
cudaLaunchKernel,128,40,0
cudaLaunchKernel,216,41,0
cudaLaunchKernel,272,38,0
cudaLaunchKernel,128,39,0
cudaLaunchKernel,216,39,0
cudaLaunchKernel,164,38,0
cudaLaunchKernel,128,41,0
cudaLaunchKernel,216,39,0
cudaLaunchKernel,128,40,0
cudaLaunchKernel,216,43,0
cudaLaunchKernel,164,41,0
cudaLaunchKernel,252,40,0
cudaOccupancyMaxActiveBlocksPerMultiprocessorWithFlags,36,38,0
cudaLaunchKernel,264,43,0
cudaLaunchKernel,84,40,0
cudaLaunchKernel,128,39,0
cudaLaunchKernel,216,39,0
cudaLaunchKernel,272,40,0
cudaLaunchKernel,128,41,0
cudaLaunchKernel,216,40,0
cudaLaunchKernel,128,42,0
cudaLaunchKernel,216,39,0
cudaLaunchKernel,272,40,0
cudaLaunchKernel,128,41,0
cudaLaunchKernel,216,40,0
cudaLaunchKernel,164,41,0
cudaLaunchKernel,128,39,0
cudaLaunchKernel,216,40,0
cudaLaunchKernel,128,42,0
cudaLaunchKernel,216,40,0
cudaLaunchKernel,164,40,0
cudaLaunchKernel,252,42,0
cudaOccupancyMaxActiveBlocksPerMultiprocessorWithFlags,36,37,0
cudaLaunchKernel,264,39,0
cudaLaunchKernel,84,41,0
cudaLaunchKernel,128,42,0
cudaLaunchKernel,216,40,0
cudaLaunchKernel,272,39,0
cudaLaunchKernel,128,41,0
cudaLaunchKernel,216,42,0
cudaLaunchKernel,128,40,0
cudaLaunchKernel,216,41,0
cudaLaunchKernel,272,43,0
cudaLaunchKernel,128,38,0
cudaLaunchKernel,216,39,0
cudaLaunchKernel,164,39,0
cudaLaunchKernel,128,41,0
cudaLaunchKernel,216,45,0
cudaLaunchKernel,128,40,0
cudaLaunchKernel,216,41,0
cudaLaunchKernel,164,41,0
cudaLaunchKernel,252,40,0
cudaOccupancyMaxActiveBlocksPerMultiprocessorWithFlags,36,40,0
cudaLaunchKernel,264,41,0
cudaLaunchKernel,84,41,0
cudaLaunchKernel,128,39,0
cudaLaunchKernel,216,40,0
cudaLaunchKernel,272,44,0
cudaLaunchKernel,128,42,0
cudaLaunchKernel,216,41,0
cudaLaunchKernel,128,40,0
cudaLaunchKernel,216,40,0
cudaLaunchKernel,272,41,0
cudaLaunchKernel,128,39,0
cudaLaunchKernel,216,40,0
cudaLaunchKernel,164,39,0
cudaLaunchKernel,128,39,0
cudaLaunchKernel,216,42,0
cudaLaunchKernel,128,39,0
cudaLaunchKernel,216,46,0
cudaLaunchKernel,164,41,0
cudaLaunchKernel,252,41,0
cudaOccupancyMaxActiveBlocksPerMultiprocessorWithFlags,36,38,0
cudaLaunchKernel,264,40,0
cudaLaunchKernel,84,42,0
cudaLaunchKernel,128,39,0
cudaLaunchKernel,216,42,0
cudaLaunchKernel,272,39,0
cudaLaunchKernel,128,41,0
cudaLaunchKernel,216,40,0
cudaLaunchKernel,128,40,0
cudaLaunchKernel,216,40,0
cudaLaunchKernel,272,39,0
cudaLaunchKernel,128,40,0
cudaLaunchKernel,216,42,0
cudaLaunchKernel,164,39,0
cudaLaunchKernel,128,42,0
cudaLaunchKernel,216,41,0
cudaLaunchKernel,128,39,0
cudaLaunchKernel,216,41,0
cudaLaunchKernel,164,40,0
cudaLaunchKernel,252,39,0
cudaOccupancyMaxActiveBlocksPerMultiprocessorWithFlags,36,37,0
cudaLaunchKernel,264,39,0
cudaLaunchKernel,84,42,0
cudaLaunchKernel,128,40,0
cudaLaunchKernel,216,44,0
cudaLaunchKernel,272,40,0
cudaLaunchKernel,128,41,0
cudaLaunchKernel,216,42,0
cudaLaunchKernel,128,41,0
cudaLaunchKernel,216,43,0
cudaLaunchKernel,272,39,0
cudaLaunchKernel,128,41,0
cudaLaunchKernel,216,43,0
cudaLaunchKernel,164,42,0
cudaLaunchKernel,128,40,0
cudaLaunchKernel,216,41,0
cudaLaunchKernel,128,40,0
cudaLaunchKernel,216,41,0
cudaLaunchKernel,164,41,0
cudaLaunchKernel,252,41,0
cudaOccupancyMaxActiveBlocksPerMultiprocessorWithFlags,36,39,0
cudaLaunchKernel,264,39,0
cudaLaunchKernel,84,41,0
cudaLaunchKernel,128,43,0
cudaLaunchKernel,216,42,0
cudaLaunchKernel,272,41,0
cudaLaunchKernel,128,39,0
cudaLaunchKernel,216,41,0
cudaLaunchKernel,128,41,0
cudaLaunchKernel,216,38,0
cudaLaunchKernel,272,38,0
cudaLaunchKernel,128,39,0
cudaLaunchKernel,216,39,0
cudaLaunchKernel,164,44,0
cudaLaunchKernel,128,39,0
cudaLaunchKernel,216,42,0
cudaLaunchKernel,128,41,0
cudaLaunchKernel,216,41,0
cudaLaunchKernel,164,41,0
cudaLaunchKernel,252,39,0
cudaOccupancyMaxActiveBlocksPerMultiprocessorWithFlags,36,40,0
cudaLaunchKernel,264,40,0
cudaLaunchKernel,84,44,0
cudaLaunchKernel,128,38,0
cudaLaunchKernel,216,42,0
cudaLaunchKernel,272,39,0
cudaLaunchKernel,128,39,0
cudaLaunchKernel,216,40,0
cudaLaunchKernel,128,40,0
cudaLaunchKernel,216,41,0
cudaLaunchKernel,272,40,0
cudaLaunchKernel,128,33,0
cudaLaunchKernel,216,41,0
cudaLaunchKernel,164,44,0
cudaLaunchKernel,128,41,0
cudaLaunchKernel,216,41,0
cudaLaunchKernel,128,40,0
cudaLaunchKernel,216,41,0
cudaLaunchKernel,164,40,0
cudaLaunchKernel,252,41,0
cudaOccupancyMaxActiveBlocksPerMultiprocessorWithFlags,36,39,0
cudaLaunchKernel,264,41,0
cudaLaunchKernel,84,44,0
cudaLaunchKernel,128,40,0
cudaLaunchKernel,216,40,0
cudaLaunchKernel,272,41,0
cudaLaunchKernel,128,40,0
cudaLaunchKernel,216,41,0
cudaLaunchKernel,128,39,0
cudaLaunchKernel,216,40,0
cudaLaunchKernel,272,41,0
cudaLaunchKernel,128,42,0
cudaLaunchKernel,216,41,0
cudaLaunchKernel,164,39,0
cudaLaunchKernel,128,39,0
cudaLaunchKernel,216,42,0
cudaLaunchKernel,128,42,0
cudaLaunchKernel,216,40,0
cudaLaunchKernel,164,39,0
cudaLaunchKernel,252,40,0
cudaOccupancyMaxActiveBlocksPerMultiprocessorWithFlags,36,38,0
cudaLaunchKernel,264,43,0
cudaLaunchKernel,84,40,0
cudaLaunchKernel,128,39,0
cudaLaunchKernel,216,40,0
cudaLaunchKernel,272,39,0
cudaLaunchKernel,128,40,0
cudaLaunchKernel,216,39,0
cudaLaunchKernel,128,40,0
cudaLaunchKernel,216,41,0
cudaLaunchKernel,272,42,0
cudaLaunchKernel,128,39,0
cudaLaunchKernel,216,38,0
cudaLaunchKernel,164,42,0
cudaLaunchKernel,128,40,0
cudaLaunchKernel,216,41,0
cudaLaunchKernel,128,40,0
cudaLaunchKernel,216,40,0
cudaLaunchKernel,164,39,0
cudaLaunchKernel,252,41,0
cudaOccupancyMaxActiveBlocksPerMultiprocessorWithFlags,36,42,0
cudaLaunchKernel,264,40,0
cudaLaunchKernel,84,40,0
cudaLaunchKernel,128,39,0
cudaLaunchKernel,216,41,0
cudaLaunchKernel,272,38,0
cudaLaunchKernel,128,42,0
cudaLaunchKernel,216,41,0
cudaLaunchKernel,128,39,0
cudaLaunchKernel,216,41,0
cudaLaunchKernel,272,43,0
cudaLaunchKernel,128,39,0
cudaLaunchKernel,216,40,0
cudaLaunchKernel,164,40,0
cudaLaunchKernel,128,41,0
cudaLaunchKernel,216,40,0
cudaLaunchKernel,128,40,0
cudaLaunchKernel,216,40,0
cudaLaunchKernel,164,39,0
cudaLaunchKernel,252,45,0
cudaOccupancyMaxActiveBlocksPerMultiprocessorWithFlags,36,39,0
cudaLaunchKernel,264,40,0
cudaLaunchKernel,84,40,0
cudaLaunchKernel,128,41,0
cudaLaunchKernel,216,41,0
cudaLaunchKernel,272,40,0
cudaLaunchKernel,128,41,0
cudaLaunchKernel,216,38,0
cudaLaunchKernel,128,40,0
cudaLaunchKernel,216,49,0
cudaLaunchKernel,272,43,0
cudaLaunchKernel,128,40,0
cudaLaunchKernel,216,40,0
cudaLaunchKernel,164,40,0
cudaLaunchKernel,128,39,0
cudaLaunchKernel,216,41,0
cudaLaunchKernel,128,42,0
cudaLaunchKernel,216,40,0
cudaLaunchKernel,164,40,0
cudaLaunchKernel,252,42,0
cudaOccupancyMaxActiveBlocksPerMultiprocessorWithFlags,36,38,0
cudaLaunchKernel,264,40,0
cudaLaunchKernel,84,41,0
cudaLaunchKernel,128,39,0
cudaLaunchKernel,216,42,0
cudaLaunchKernel,272,43,0
cudaLaunchKernel,128,40,0
cudaLaunchKernel,216,40,0
cudaLaunchKernel,128,42,0
cudaLaunchKernel,216,41,0
cudaLaunchKernel,272,41,0
cudaLaunchKernel,128,39,0
cudaLaunchKernel,216,40,0
cudaLaunchKernel,164,39,0
cudaLaunchKernel,128,41,0
cudaLaunchKernel,216,40,0
cudaLaunchKernel,128,41,0
cudaLaunchKernel,216,39,0
cudaLaunchKernel,164,43,0
cudaLaunchKernel,252,43,0
cudaOccupancyMaxActiveBlocksPerMultiprocessorWithFlags,36,40,0
cudaLaunchKernel,264,40,0
cudaLaunchKernel,84,42,0
cudaLaunchKernel,128,40,0
cudaLaunchKernel,216,39,0
cudaLaunchKernel,272,40,0
cudaLaunchKernel,128,40,0
cudaLaunchKernel,216,40,0
cudaLaunchKernel,128,43,0
cudaLaunchKernel,216,41,0
cudaLaunchKernel,272,39,0
cudaLaunchKernel,128,39,0
cudaLaunchKernel,216,41,0
cudaLaunchKernel,164,41,0
cudaLaunchKernel,128,39,0
cudaLaunchKernel,216,39,0
cudaLaunchKernel,128,41,0
cudaLaunchKernel,216,45,0
cudaLaunchKernel,164,41,0
cudaLaunchKernel,252,40,0
cudaOccupancyMaxActiveBlocksPerMultiprocessorWithFlags,36,36,0
cudaLaunchKernel,264,40,0
cudaLaunchKernel,84,39,0
cudaLaunchKernel,128,39,0
cudaLaunchKernel,216,41,0
cudaLaunchKernel,272,39,0
cudaLaunchKernel,128,40,0
cudaLaunchKernel,216,44,0
cudaLaunchKernel,128,40,0
cudaLaunchKernel,216,41,0
cudaLaunchKernel,272,40,0
cudaLaunchKernel,128,39,0
cudaLaunchKernel,216,40,0
cudaLaunchKernel,164,39,0
cudaLaunchKernel,128,40,0
cudaLaunchKernel,216,40,0
cudaLaunchKernel,128,43,0
cudaLaunchKernel,216,41,0
cudaLaunchKernel,164,41,0
cudaLaunchKernel,252,40,0
cudaOccupancyMaxActiveBlocksPerMultiprocessorWithFlags,36,39,0
cudaLaunchKernel,264,38,0
cudaLaunchKernel,84,39,0
cudaLaunchKernel,128,35,0
cudaLaunchKernel,216,39,0
cudaLaunchKernel,272,47,0
cudaLaunchKernel,128,42,0
cudaLaunchKernel,216,41,0
cudaLaunchKernel,128,40,0
cudaLaunchKernel,216,40,0
cudaLaunchKernel,272,40,0
cudaLaunchKernel,128,41,0
cudaLaunchKernel,216,40,0
cudaLaunchKernel,164,38,0
cudaLaunchKernel,128,39,0
cudaLaunchKernel,216,41,0
cudaLaunchKernel,128,41,0
cudaLaunchKernel,216,40,0
cudaLaunchKernel,164,43,0
cudaLaunchKernel,252,40,0
cudaOccupancyMaxActiveBlocksPerMultiprocessorWithFlags,36,40,0
cudaLaunchKernel,264,41,0
cudaLaunchKernel,84,40,0
cudaLaunchKernel,128,39,0
cudaLaunchKernel,216,39,0
cudaLaunchKernel,184,43,0
cudaLaunchKernel,184,42,0
cudaLaunchKernel,208,40,0
cudaLaunchKernel,272,40,0
cudaLaunchKernel,128,41,0
cudaLaunchKernel,216,42,0
cudaLaunchKernel,128,40,0
cudaLaunchKernel,216,42,0
cudaLaunchKernel,272,41,0
cudaLaunchKernel,128,42,0
cudaLaunchKernel,216,44,0
cudaMemcpyAsync,37,129,0
cudaStreamSynchronize,8,34,0
cudaStreamSynchronize,8,23,0
cudaStreamSynchronize,8,44,0
cudaMemcpyAsync,8228,43,0
cudaStreamSynchronize,8,42,0
cudaStreamSynchronize,8,41,0
cudaMemcpyAsync,40,39,0
cudaStreamSynchronize,8,43,0
cudaStreamSynchronize,8,41,0
cudaMemcpyAsync,44,39,0
cudaStreamSynchronize,8,41,0
cudaStreamSynchronize,8,44,0
cudaMemcpyAsync,44,41,0
cudaStreamSynchronize,8,43,0
cudaStreamSynchronize,8,43,0
cudaMemcpyAsync,548,41,0
cudaStreamSynchronize,8,42,0
cudaStreamSynchronize,8,41,0
cudaMemcpyAsync,40,40,0
cudaStreamSynchronize,8,42,0
cudaLaunchKernel,272,42,0
cudaLaunchKernel,128,41,0
cudaLaunchKernel,216,40,0
cudaLaunchKernel,164,45,0
cudaLaunchKernel,128,41,0
cudaLaunchKernel,216,42,0
cudaLaunchKernel,128,40,0
cudaLaunchKernel,216,40,0
cudaLaunchKernel,164,41,0
cudaLaunchKernel,252,41,0
cudaOccupancyMaxActiveBlocksPerMultiprocessorWithFlags,36,38,0
cudaLaunchKernel,264,40,0
cudaLaunchKernel,84,40,0
cudaLaunchKernel,128,43,0
cudaLaunchKernel,216,40,0
cudaLaunchKernel,272,40,0
cudaLaunchKernel,128,42,0
cudaLaunchKernel,216,42,0
cudaLaunchKernel,128,40,0
cudaLaunchKernel,216,40,0
cudaLaunchKernel,272,41,0
cudaLaunchKernel,128,42,0
cudaLaunchKernel,216,42,0
cudaLaunchKernel,164,52,0
cudaLaunchKernel,128,43,0
cudaLaunchKernel,216,41,0
cudaLaunchKernel,128,42,0
cudaLaunchKernel,216,41,0
cudaLaunchKernel,164,37,0
cudaLaunchKernel,252,41,0
cudaOccupancyMaxActiveBlocksPerMultiprocessorWithFlags,36,38,0
cudaLaunchKernel,264,39,0
cudaLaunchKernel,84,42,0
cudaLaunchKernel,128,40,0
cudaLaunchKernel,216,43,0
cudaLaunchKernel,272,42,0
cudaLaunchKernel,128,41,0
cudaLaunchKernel,216,40,0
cudaLaunchKernel,128,40,0
cudaLaunchKernel,216,40,0
cudaLaunchKernel,272,41,0
cudaLaunchKernel,128,39,0
cudaLaunchKernel,216,45,0
cudaLaunchKernel,164,41,0
cudaLaunchKernel,128,40,0
cudaLaunchKernel,216,41,0
cudaLaunchKernel,128,40,0
cudaLaunchKernel,216,42,0
cudaLaunchKernel,164,39,0
cudaLaunchKernel,252,39,0
cudaOccupancyMaxActiveBlocksPerMultiprocessorWithFlags,36,37,0
cudaLaunchKernel,264,40,0
cudaLaunchKernel,84,43,0
cudaLaunchKernel,128,41,0
cudaLaunchKernel,216,41,0
cudaLaunchKernel,272,42,0
cudaLaunchKernel,128,39,0
cudaLaunchKernel,216,41,0
cudaLaunchKernel,128,40,0
cudaLaunchKernel,216,42,0
cudaLaunchKernel,272,40,0
cudaLaunchKernel,128,41,0
cudaLaunchKernel,216,44,0
cudaLaunchKernel,164,40,0
cudaLaunchKernel,128,39,0
cudaLaunchKernel,216,40,0
cudaLaunchKernel,128,39,0
cudaLaunchKernel,216,41,0
cudaLaunchKernel,164,40,0
cudaLaunchKernel,252,40,0
cudaOccupancyMaxActiveBlocksPerMultiprocessorWithFlags,36,38,0
cudaLaunchKernel,264,43,0
cudaLaunchKernel,84,41,0
cudaLaunchKernel,128,41,0
cudaLaunchKernel,216,41,0
cudaLaunchKernel,272,39,0
cudaLaunchKernel,128,41,0
cudaLaunchKernel,216,39,0
cudaLaunchKernel,128,39,0
cudaLaunchKernel,216,43,0
cudaLaunchKernel,272,42,0
cudaLaunchKernel,128,39,0
cudaLaunchKernel,216,42,0
cudaLaunchKernel,164,40,0
cudaLaunchKernel,128,40,0
cudaLaunchKernel,216,42,0
cudaLaunchKernel,128,40,0
cudaLaunchKernel,216,39,0
cudaLaunchKernel,164,40,0
cudaLaunchKernel,252,40,0
cudaOccupancyMaxActiveBlocksPerMultiprocessorWithFlags,36,39,0
cudaLaunchKernel,264,41,0
cudaLaunchKernel,84,41,0
cudaLaunchKernel,128,41,0
cudaLaunchKernel,216,41,0
cudaLaunchKernel,272,40,0
cudaLaunchKernel,128,41,0
cudaLaunchKernel,216,41,0
cudaLaunchKernel,128,40,0
cudaLaunchKernel,216,49,0
cudaLaunchKernel,272,43,0
cudaLaunchKernel,128,40,0
cudaLaunchKernel,216,42,0
cudaLaunchKernel,164,40,0
cudaLaunchKernel,128,41,0
cudaLaunchKernel,216,40,0
cudaLaunchKernel,128,41,0
cudaLaunchKernel,216,40,0
cudaLaunchKernel,164,39,0
cudaLaunchKernel,252,42,0
cudaOccupancyMaxActiveBlocksPerMultiprocessorWithFlags,36,38,0
cudaLaunchKernel,264,40,0
cudaLaunchKernel,84,41,0
cudaLaunchKernel,128,41,0
cudaLaunchKernel,216,40,0
cudaLaunchKernel,272,42,0
cudaLaunchKernel,128,41,0
cudaLaunchKernel,216,40,0
cudaLaunchKernel,128,41,0
cudaLaunchKernel,216,44,0
cudaLaunchKernel,272,41,0
cudaLaunchKernel,128,41,0
cudaLaunchKernel,216,40,0
cudaLaunchKernel,164,41,0
cudaLaunchKernel,128,39,0
cudaLaunchKernel,216,41,0
cudaLaunchKernel,128,42,0
cudaLaunchKernel,216,43,0
cudaLaunchKernel,164,42,0
cudaLaunchKernel,252,42,0
cudaOccupancyMaxActiveBlocksPerMultiprocessorWithFlags,36,37,0
cudaLaunchKernel,264,41,0
cudaLaunchKernel,84,41,0
cudaLaunchKernel,128,40,0
cudaLaunchKernel,216,41,0
cudaLaunchKernel,272,41,0
cudaLaunchKernel,128,38,0
cudaLaunchKernel,216,41,0
cudaLaunchKernel,128,41,0
cudaLaunchKernel,216,41,0
cudaLaunchKernel,272,40,0
cudaLaunchKernel,128,40,0
cudaLaunchKernel,216,41,0
cudaLaunchKernel,164,39,0
cudaLaunchKernel,128,40,0
cudaLaunchKernel,216,39,0
cudaLaunchKernel,128,41,0
cudaLaunchKernel,216,40,0
cudaLaunchKernel,164,42,0
cudaLaunchKernel,252,41,0
cudaOccupancyMaxActiveBlocksPerMultiprocessorWithFlags,36,39,0
cudaLaunchKernel,264,41,0
cudaLaunchKernel,84,41,0
cudaLaunchKernel,128,40,0
cudaLaunchKernel,216,40,0
cudaLaunchKernel,272,42,0
cudaLaunchKernel,128,37,0
cudaLaunchKernel,216,40,0
cudaLaunchKernel,128,41,0
cudaLaunchKernel,216,41,0
cudaLaunchKernel,272,39,0
cudaLaunchKernel,128,40,0
cudaLaunchKernel,216,42,0
cudaLaunchKernel,164,39,0
cudaLaunchKernel,128,41,0
cudaLaunchKernel,216,39,0
cudaLaunchKernel,128,39,0
cudaLaunchKernel,216,44,0
cudaLaunchKernel,164,42,0
cudaLaunchKernel,252,41,0
cudaOccupancyMaxActiveBlocksPerMultiprocessorWithFlags,36,38,0
cudaLaunchKernel,264,40,0
cudaLaunchKernel,84,35,0
cudaLaunchKernel,128,39,0
cudaLaunchKernel,216,47,0
cudaLaunchKernel,272,40,0
cudaLaunchKernel,128,39,0
cudaLaunchKernel,216,44,0
cudaLaunchKernel,128,41,0
cudaLaunchKernel,216,42,0
cudaLaunchKernel,272,40,0
cudaLaunchKernel,128,39,0
cudaLaunchKernel,216,42,0
cudaLaunchKernel,164,39,0
cudaLaunchKernel,128,39,0
cudaLaunchKernel,216,40,0
cudaLaunchKernel,128,41,0
cudaLaunchKernel,216,44,0
cudaLaunchKernel,164,40,0
cudaLaunchKernel,252,39,0
cudaOccupancyMaxActiveBlocksPerMultiprocessorWithFlags,36,39,0
cudaLaunchKernel,264,41,0
cudaLaunchKernel,84,44,0
cudaLaunchKernel,128,39,0
cudaLaunchKernel,216,41,0
cudaLaunchKernel,272,40,0
cudaLaunchKernel,128,44,0
cudaLaunchKernel,216,39,0
cudaLaunchKernel,128,39,0
cudaLaunchKernel,216,40,0
cudaLaunchKernel,272,39,0
cudaLaunchKernel,128,39,0
cudaLaunchKernel,216,41,0
cudaLaunchKernel,164,40,0
cudaLaunchKernel,128,40,0
cudaLaunchKernel,216,42,0
cudaLaunchKernel,128,44,0
cudaLaunchKernel,216,41,0
cudaLaunchKernel,164,40,0
cudaLaunchKernel,252,40,0
cudaOccupancyMaxActiveBlocksPerMultiprocessorWithFlags,36,38,0
cudaLaunchKernel,264,41,0
cudaLaunchKernel,84,41,0
cudaLaunchKernel,128,40,0
cudaLaunchKernel,216,41,0
cudaLaunchKernel,272,43,0
cudaLaunchKernel,128,40,0
cudaLaunchKernel,216,41,0
cudaLaunchKernel,128,41,0
cudaLaunchKernel,216,41,0
cudaLaunchKernel,272,39,0
cudaLaunchKernel,128,39,0
cudaLaunchKernel,216,41,0
cudaLaunchKernel,164,42,0
cudaLaunchKernel,128,41,0
cudaLaunchKernel,216,44,0
cudaLaunchKernel,128,41,0
cudaLaunchKernel,216,43,0
cudaLaunchKernel,164,42,0
cudaLaunchKernel,252,41,0
cudaOccupancyMaxActiveBlocksPerMultiprocessorWithFlags,36,39,0
cudaLaunchKernel,264,39,0
cudaLaunchKernel,84,41,0
cudaLaunchKernel,128,39,0
cudaLaunchKernel,216,40,0
cudaLaunchKernel,272,42,0
cudaLaunchKernel,128,41,0
cudaLaunchKernel,216,41,0
cudaLaunchKernel,128,40,0
cudaLaunchKernel,216,42,0
cudaLaunchKernel,272,40,0
cudaLaunchKernel,128,39,0
cudaLaunchKernel,216,43,0
cudaLaunchKernel,164,40,0
cudaLaunchKernel,128,42,0
cudaLaunchKernel,216,42,0
cudaLaunchKernel,128,42,0
cudaLaunchKernel,216,41,0
cudaLaunchKernel,164,39,0
cudaLaunchKernel,252,46,0
cudaOccupancyMaxActiveBlocksPerMultiprocessorWithFlags,36,37,0
cudaLaunchKernel,264,41,0
cudaLaunchKernel,84,43,0
cudaLaunchKernel,128,42,0
cudaLaunchKernel,216,43,0
cudaLaunchKernel,272,39,0
cudaLaunchKernel,128,43,0
cudaLaunchKernel,216,41,0
cudaLaunchKernel,128,41,0
cudaLaunchKernel,216,40,0
cudaLaunchKernel,272,42,0
cudaLaunchKernel,128,41,0
cudaLaunchKernel,216,41,0
cudaLaunchKernel,164,40,0
cudaLaunchKernel,128,43,0
cudaLaunchKernel,216,40,0
cudaLaunchKernel,128,41,0
cudaLaunchKernel,216,41,0
cudaLaunchKernel,164,40,0
cudaLaunchKernel,252,40,0
cudaOccupancyMaxActiveBlocksPerMultiprocessorWithFlags,36,40,0
cudaLaunchKernel,264,41,0
cudaLaunchKernel,84,41,0
cudaLaunchKernel,128,43,0
cudaLaunchKernel,216,42,0
cudaLaunchKernel,272,44,0
cudaLaunchKernel,128,39,0
cudaLaunchKernel,216,41,0
cudaLaunchKernel,128,40,0
cudaLaunchKernel,216,41,0
cudaLaunchKernel,272,39,0
cudaLaunchKernel,128,40,0
cudaLaunchKernel,216,40,0
cudaLaunchKernel,164,45,0
cudaLaunchKernel,128,40,0
cudaLaunchKernel,216,40,0
cudaLaunchKernel,128,42,0
cudaLaunchKernel,216,40,0
cudaLaunchKernel,164,41,0
cudaLaunchKernel,252,39,0
cudaOccupancyMaxActiveBlocksPerMultiprocessorWithFlags,36,39,0
cudaLaunchKernel,264,40,0
cudaLaunchKernel,84,39,0
cudaLaunchKernel,128,41,0
cudaLaunchKernel,216,41,0
cudaLaunchKernel,272,40,0
cudaLaunchKernel,128,41,0
cudaLaunchKernel,216,41,0
cudaLaunchKernel,128,39,0
cudaLaunchKernel,216,44,0
cudaLaunchKernel,272,41,0
cudaLaunchKernel,128,39,0
cudaLaunchKernel,216,43,0
cudaLaunchKernel,164,39,0
cudaLaunchKernel,128,40,0
cudaLaunchKernel,216,41,0
cudaLaunchKernel,128,40,0
cudaLaunchKernel,216,40,0
cudaLaunchKernel,164,41,0
cudaLaunchKernel,252,40,0
cudaOccupancyMaxActiveBlocksPerMultiprocessorWithFlags,36,37,0
cudaLaunchKernel,264,41,0
cudaLaunchKernel,84,43,0
cudaLaunchKernel,128,42,0
cudaLaunchKernel,216,41,0
cudaLaunchKernel,272,41,0
cudaLaunchKernel,128,39,0
cudaLaunchKernel,216,41,0
cudaLaunchKernel,128,40,0
cudaLaunchKernel,216,39,0
cudaLaunchKernel,272,39,0
cudaLaunchKernel,128,40,0
cudaLaunchKernel,216,41,0
cudaLaunchKernel,164,40,0
cudaLaunchKernel,128,40,0
cudaLaunchKernel,216,46,0
cudaLaunchKernel,128,41,0
cudaLaunchKernel,216,40,0
cudaLaunchKernel,164,40,0
cudaLaunchKernel,252,39,0
cudaOccupancyMaxActiveBlocksPerMultiprocessorWithFlags,36,40,0
cudaLaunchKernel,264,42,0
cudaLaunchKernel,84,42,0
cudaLaunchKernel,128,41,0
cudaLaunchKernel,216,41,0
cudaLaunchKernel,272,42,0
cudaLaunchKernel,128,39,0
cudaLaunchKernel,216,38,0
cudaLaunchKernel,128,39,0
cudaLaunchKernel,216,39,0
cudaLaunchKernel,272,40,0
cudaLaunchKernel,128,43,0
cudaLaunchKernel,216,40,0
cudaLaunchKernel,164,41,0
cudaLaunchKernel,128,40,0
cudaLaunchKernel,216,41,0
cudaLaunchKernel,128,40,0
cudaLaunchKernel,216,42,0
cudaLaunchKernel,164,39,0
cudaLaunchKernel,252,40,0
cudaOccupancyMaxActiveBlocksPerMultiprocessorWithFlags,36,39,0
cudaLaunchKernel,264,41,0
cudaLaunchKernel,84,43,0
cudaLaunchKernel,128,39,0
cudaLaunchKernel,216,40,0
cudaLaunchKernel,272,41,0
cudaLaunchKernel,128,40,0
cudaLaunchKernel,216,41,0
cudaLaunchKernel,128,41,0
cudaLaunchKernel,216,41,0
cudaLaunchKernel,272,43,0
cudaLaunchKernel,128,41,0
cudaLaunchKernel,216,41,0
cudaLaunchKernel,164,41,0
cudaLaunchKernel,128,40,0
cudaLaunchKernel,216,42,0
cudaLaunchKernel,128,40,0
cudaLaunchKernel,216,42,0
cudaLaunchKernel,164,39,0
cudaLaunchKernel,252,40,0
cudaOccupancyMaxActiveBlocksPerMultiprocessorWithFlags,36,42,0
cudaLaunchKernel,264,41,0
cudaLaunchKernel,84,41,0
cudaLaunchKernel,128,39,0
cudaLaunchKernel,216,41,0
cudaLaunchKernel,272,41,0
cudaLaunchKernel,128,39,0
cudaLaunchKernel,216,39,0
cudaLaunchKernel,128,41,0
cudaLaunchKernel,216,41,0
cudaLaunchKernel,272,41,0
cudaLaunchKernel,128,40,0
cudaLaunchKernel,216,41,0
cudaLaunchKernel,164,40,0
cudaLaunchKernel,128,40,0
cudaLaunchKernel,216,39,0
cudaLaunchKernel,128,40,0
cudaLaunchKernel,216,39,0
cudaLaunchKernel,164,39,0
cudaLaunchKernel,252,43,0
cudaOccupancyMaxActiveBlocksPerMultiprocessorWithFlags,36,37,0
cudaLaunchKernel,264,40,0
cudaLaunchKernel,84,40,0
cudaLaunchKernel,128,40,0
cudaLaunchKernel,216,43,0
cudaLaunchKernel,272,41,0
cudaLaunchKernel,128,39,0
cudaLaunchKernel,216,41,0
cudaLaunchKernel,128,40,0
cudaLaunchKernel,216,44,0
cudaLaunchKernel,272,44,0
cudaLaunchKernel,128,41,0
cudaLaunchKernel,216,41,0
cudaLaunchKernel,164,41,0
cudaLaunchKernel,128,39,0
cudaLaunchKernel,216,40,0
cudaLaunchKernel,128,38,0
cudaLaunchKernel,216,43,0
cudaLaunchKernel,164,42,0
cudaLaunchKernel,252,40,0
cudaOccupancyMaxActiveBlocksPerMultiprocessorWithFlags,36,38,0
cudaLaunchKernel,264,40,0
cudaLaunchKernel,84,40,0
cudaLaunchKernel,128,39,0
cudaLaunchKernel,216,43,0
cudaLaunchKernel,272,42,0
cudaLaunchKernel,128,40,0
cudaLaunchKernel,216,40,0
cudaLaunchKernel,128,44,0
cudaLaunchKernel,216,40,0
cudaLaunchKernel,272,39,0
cudaLaunchKernel,128,41,0
cudaLaunchKernel,216,41,0
cudaLaunchKernel,164,40,0
cudaLaunchKernel,128,40,0
cudaLaunchKernel,216,40,0
cudaLaunchKernel,128,39,0
cudaLaunchKernel,216,41,0
cudaLaunchKernel,164,41,0
cudaLaunchKernel,252,41,0
cudaOccupancyMaxActiveBlocksPerMultiprocessorWithFlags,36,38,0
cudaLaunchKernel,264,41,0
cudaLaunchKernel,84,41,0
cudaLaunchKernel,128,39,0
cudaLaunchKernel,216,40,0
cudaLaunchKernel,184,41,0
cudaLaunchKernel,184,41,0
cudaLaunchKernel,208,41,0
cudaLaunchKernel,272,40,0
cudaLaunchKernel,128,41,0
cudaLaunchKernel,216,41,0
cudaLaunchKernel,128,41,0
cudaLaunchKernel,216,39,0
cudaLaunchKernel,272,41,0
cudaLaunchKernel,128,38,0
cudaLaunchKernel,216,40,0
cudaMemcpyAsync,37,120,0
cudaStreamSynchronize,8,35,0
cudaStreamSynchronize,8,23,0
cudaStreamSynchronize,8,41,0
cudaMemcpyAsync,8228,45,0
cudaStreamSynchronize,8,43,0
cudaStreamSynchronize,8,42,0
cudaMemcpyAsync,40,42,0
cudaStreamSynchronize,8,42,0
cudaStreamSynchronize,8,42,0
cudaMemcpyAsync,44,38,0
cudaStreamSynchronize,8,43,0
cudaStreamSynchronize,8,42,0
cudaMemcpyAsync,44,40,0
cudaStreamSynchronize,8,43,0
cudaStreamSynchronize,8,45,0
cudaMemcpyAsync,548,40,0
cudaStreamSynchronize,8,42,0
cudaStreamSynchronize,8,42,0
cudaMemcpyAsync,40,40,0
cudaStreamSynchronize,8,41,0
cudaLaunchKernel,272,42,0
cudaLaunchKernel,128,41,0
cudaLaunchKernel,216,39,0
cudaLaunchKernel,164,41,0
cudaLaunchKernel,128,41,0
cudaLaunchKernel,216,43,0
cudaLaunchKernel,128,44,0
cudaLaunchKernel,216,36,0
cudaLaunchKernel,164,41,0
cudaLaunchKernel,252,48,0
cudaOccupancyMaxActiveBlocksPerMultiprocessorWithFlags,36,39,0
cudaLaunchKernel,264,40,0
cudaLaunchKernel,84,43,0
cudaLaunchKernel,128,39,0
cudaLaunchKernel,216,40,0
cudaLaunchKernel,272,44,0
cudaLaunchKernel,128,39,0
cudaLaunchKernel,216,41,0
cudaLaunchKernel,128,42,0
cudaLaunchKernel,216,38,0
cudaLaunchKernel,272,40,0
cudaLaunchKernel,128,39,0
cudaLaunchKernel,216,41,0
cudaLaunchKernel,164,39,0
cudaLaunchKernel,128,41,0
cudaLaunchKernel,216,43,0
cudaLaunchKernel,128,42,0
cudaLaunchKernel,216,41,0
cudaLaunchKernel,164,42,0
cudaLaunchKernel,252,39,0
cudaOccupancyMaxActiveBlocksPerMultiprocessorWithFlags,36,38,0
cudaLaunchKernel,264,39,0
cudaLaunchKernel,84,39,0
cudaLaunchKernel,128,39,0
cudaLaunchKernel,216,43,0
cudaLaunchKernel,272,39,0
cudaLaunchKernel,128,40,0
cudaLaunchKernel,216,40,0
cudaLaunchKernel,128,40,0
cudaLaunchKernel,216,40,0
cudaLaunchKernel,272,41,0
cudaLaunchKernel,128,38,0
cudaLaunchKernel,216,40,0
cudaLaunchKernel,164,40,0
cudaLaunchKernel,128,41,0
cudaLaunchKernel,216,41,0
cudaLaunchKernel,128,41,0
cudaLaunchKernel,216,39,0
cudaLaunchKernel,164,42,0
cudaLaunchKernel,252,40,0
cudaOccupancyMaxActiveBlocksPerMultiprocessorWithFlags,36,38,0
cudaLaunchKernel,264,40,0
cudaLaunchKernel,84,41,0
cudaLaunchKernel,128,40,0
cudaLaunchKernel,216,43,0
cudaLaunchKernel,272,41,0
cudaLaunchKernel,128,41,0
cudaLaunchKernel,216,42,0
cudaLaunchKernel,128,41,0
cudaLaunchKernel,216,42,0
cudaLaunchKernel,272,42,0
cudaLaunchKernel,128,39,0
cudaLaunchKernel,216,40,0
cudaLaunchKernel,164,43,0
cudaLaunchKernel,128,40,0
cudaLaunchKernel,216,40,0
cudaLaunchKernel,128,40,0
cudaLaunchKernel,216,41,0
cudaLaunchKernel,164,41,0
cudaLaunchKernel,252,40,0
cudaOccupancyMaxActiveBlocksPerMultiprocessorWithFlags,36,37,0
cudaLaunchKernel,264,39,0
cudaLaunchKernel,84,41,0
cudaLaunchKernel,128,37,0
cudaLaunchKernel,216,41,0
cudaLaunchKernel,272,40,0
cudaLaunchKernel,128,40,0
cudaLaunchKernel,216,42,0
cudaLaunchKernel,128,41,0
cudaLaunchKernel,216,39,0
cudaLaunchKernel,272,39,0
cudaLaunchKernel,128,41,0
cudaLaunchKernel,216,43,0
cudaLaunchKernel,164,40,0
cudaLaunchKernel,128,44,0
cudaLaunchKernel,216,40,0
cudaLaunchKernel,128,40,0
cudaLaunchKernel,216,41,0
cudaLaunchKernel,164,41,0
cudaLaunchKernel,252,40,0
cudaOccupancyMaxActiveBlocksPerMultiprocessorWithFlags,36,38,0
cudaLaunchKernel,264,40,0
cudaLaunchKernel,84,46,0
cudaLaunchKernel,128,40,0
cudaLaunchKernel,216,40,0
cudaLaunchKernel,272,41,0
cudaLaunchKernel,128,41,0
cudaLaunchKernel,216,41,0
cudaLaunchKernel,128,39,0
cudaLaunchKernel,216,41,0
cudaLaunchKernel,272,41,0
cudaLaunchKernel,128,39,0
cudaLaunchKernel,216,43,0
cudaLaunchKernel,164,39,0
cudaLaunchKernel,128,41,0
cudaLaunchKernel,216,40,0
cudaLaunchKernel,128,41,0
cudaLaunchKernel,216,39,0
cudaLaunchKernel,164,41,0
cudaLaunchKernel,252,40,0
cudaOccupancyMaxActiveBlocksPerMultiprocessorWithFlags,36,38,0
cudaLaunchKernel,264,42,0
cudaLaunchKernel,84,42,0
cudaLaunchKernel,128,40,0
cudaLaunchKernel,216,40,0
cudaLaunchKernel,272,42,0
cudaLaunchKernel,128,41,0
cudaLaunchKernel,216,41,0
cudaLaunchKernel,128,42,0
cudaLaunchKernel,216,40,0
cudaLaunchKernel,272,42,0
cudaLaunchKernel,128,44,0
cudaLaunchKernel,216,41,0
cudaLaunchKernel,164,41,0
cudaLaunchKernel,128,42,0
cudaLaunchKernel,216,41,0
cudaLaunchKernel,128,41,0
cudaLaunchKernel,216,40,0
cudaLaunchKernel,164,40,0
cudaLaunchKernel,252,40,0
cudaOccupancyMaxActiveBlocksPerMultiprocessorWithFlags,36,38,0
cudaLaunchKernel,264,43,0
cudaLaunchKernel,84,43,0
cudaLaunchKernel,128,38,0
cudaLaunchKernel,216,41,0
cudaLaunchKernel,272,41,0
cudaLaunchKernel,128,40,0
cudaLaunchKernel,216,43,0
cudaLaunchKernel,128,39,0
cudaLaunchKernel,216,41,0
cudaLaunchKernel,272,42,0
cudaLaunchKernel,128,40,0
cudaLaunchKernel,216,42,0
cudaLaunchKernel,164,41,0
cudaLaunchKernel,128,42,0
cudaLaunchKernel,216,41,0
cudaLaunchKernel,128,39,0
cudaLaunchKernel,216,39,0
cudaLaunchKernel,164,39,0
cudaLaunchKernel,252,40,0
cudaOccupancyMaxActiveBlocksPerMultiprocessorWithFlags,36,41,0
cudaLaunchKernel,264,39,0
cudaLaunchKernel,84,40,0
cudaLaunchKernel,128,41,0
cudaLaunchKernel,216,40,0
cudaLaunchKernel,272,39,0
cudaLaunchKernel,128,40,0
cudaLaunchKernel,216,38,0
cudaLaunchKernel,128,31,0
cudaLaunchKernel,216,41,0
cudaLaunchKernel,272,48,0
cudaLaunchKernel,128,40,0
cudaLaunchKernel,216,42,0
cudaLaunchKernel,164,39,0
cudaLaunchKernel,128,41,0
cudaLaunchKernel,216,40,0
cudaLaunchKernel,128,40,0
cudaLaunchKernel,216,41,0
cudaLaunchKernel,164,41,0
cudaLaunchKernel,252,43,0
cudaOccupancyMaxActiveBlocksPerMultiprocessorWithFlags,36,38,0
cudaLaunchKernel,264,42,0
cudaLaunchKernel,84,41,0
cudaLaunchKernel,128,40,0
cudaLaunchKernel,216,40,0
cudaLaunchKernel,272,39,0
cudaLaunchKernel,128,41,0
cudaLaunchKernel,216,42,0
cudaLaunchKernel,128,40,0
cudaLaunchKernel,216,44,0
cudaLaunchKernel,272,41,0
cudaLaunchKernel,128,42,0
cudaLaunchKernel,216,41,0
cudaLaunchKernel,164,42,0
cudaLaunchKernel,128,40,0
cudaLaunchKernel,216,41,0
cudaLaunchKernel,128,39,0
cudaLaunchKernel,216,39,0
cudaLaunchKernel,164,43,0
cudaLaunchKernel,252,39,0
cudaOccupancyMaxActiveBlocksPerMultiprocessorWithFlags,36,39,0
cudaLaunchKernel,264,40,0
cudaLaunchKernel,84,41,0
cudaLaunchKernel,128,42,0
cudaLaunchKernel,216,41,0
cudaLaunchKernel,272,41,0
cudaLaunchKernel,128,39,0
cudaLaunchKernel,216,39,0
cudaLaunchKernel,128,43,0
cudaLaunchKernel,216,43,0
cudaLaunchKernel,272,41,0
cudaLaunchKernel,128,35,0
cudaLaunchKernel,216,40,0
cudaLaunchKernel,164,40,0
cudaLaunchKernel,128,42,0
cudaLaunchKernel,216,39,0
cudaLaunchKernel,128,40,0
cudaLaunchKernel,216,43,0
cudaLaunchKernel,164,42,0
cudaLaunchKernel,252,39,0
cudaOccupancyMaxActiveBlocksPerMultiprocessorWithFlags,36,38,0
cudaLaunchKernel,264,42,0
cudaLaunchKernel,84,40,0
cudaLaunchKernel,128,40,0
cudaLaunchKernel,216,41,0
cudaLaunchKernel,272,41,0
cudaLaunchKernel,128,41,0
cudaLaunchKernel,216,43,0
cudaLaunchKernel,128,41,0
cudaLaunchKernel,216,43,0
cudaLaunchKernel,272,40,0
cudaLaunchKernel,128,40,0
cudaLaunchKernel,216,39,0
cudaLaunchKernel,164,39,0
cudaLaunchKernel,128,39,0
cudaLaunchKernel,216,39,0
cudaLaunchKernel,128,41,0
cudaLaunchKernel,216,44,0
cudaLaunchKernel,164,43,0
cudaLaunchKernel,252,40,0
cudaOccupancyMaxActiveBlocksPerMultiprocessorWithFlags,36,40,0
cudaLaunchKernel,264,41,0
cudaLaunchKernel,84,40,0
cudaLaunchKernel,128,40,0
cudaLaunchKernel,216,41,0
cudaLaunchKernel,272,39,0
cudaLaunchKernel,128,46,0
cudaLaunchKernel,216,44,0
cudaLaunchKernel,128,41,0
cudaLaunchKernel,216,39,0
cudaLaunchKernel,272,40,0
cudaLaunchKernel,128,40,0
cudaLaunchKernel,216,39,0
cudaLaunchKernel,164,41,0
cudaLaunchKernel,128,40,0
cudaLaunchKernel,216,42,0
cudaLaunchKernel,128,41,0
cudaLaunchKernel,216,41,0
cudaLaunchKernel,164,40,0
cudaLaunchKernel,252,43,0
cudaOccupancyMaxActiveBlocksPerMultiprocessorWithFlags,36,39,0
cudaLaunchKernel,264,41,0
cudaLaunchKernel,84,42,0
cudaLaunchKernel,128,39,0
cudaLaunchKernel,216,40,0
cudaLaunchKernel,272,40,0
cudaLaunchKernel,128,44,0
cudaLaunchKernel,216,40,0
cudaLaunchKernel,128,41,0
cudaLaunchKernel,216,44,0
cudaLaunchKernel,272,40,0
cudaLaunchKernel,128,39,0
cudaLaunchKernel,216,40,0
cudaLaunchKernel,164,38,0
cudaLaunchKernel,128,43,0
cudaLaunchKernel,216,40,0
cudaLaunchKernel,128,43,0
cudaLaunchKernel,216,40,0
cudaLaunchKernel,164,39,0
cudaLaunchKernel,252,41,0
cudaOccupancyMaxActiveBlocksPerMultiprocessorWithFlags,36,38,0
cudaLaunchKernel,264,38,0
cudaLaunchKernel,84,42,0
cudaLaunchKernel,128,40,0
cudaLaunchKernel,216,41,0
cudaLaunchKernel,272,42,0
cudaLaunchKernel,128,41,0
cudaLaunchKernel,216,40,0
cudaLaunchKernel,128,41,0
cudaLaunchKernel,216,41,0
cudaLaunchKernel,272,41,0
cudaLaunchKernel,128,40,0
cudaLaunchKernel,216,40,0
cudaLaunchKernel,164,39,0
cudaLaunchKernel,128,39,0
cudaLaunchKernel,216,41,0
cudaLaunchKernel,128,40,0
cudaLaunchKernel,216,41,0
cudaLaunchKernel,164,41,0
cudaLaunchKernel,252,40,0
cudaOccupancyMaxActiveBlocksPerMultiprocessorWithFlags,36,39,0
cudaLaunchKernel,264,39,0
cudaLaunchKernel,84,39,0
cudaLaunchKernel,128,40,0
cudaLaunchKernel,216,40,0
cudaLaunchKernel,272,43,0
cudaLaunchKernel,128,40,0
cudaLaunchKernel,216,40,0
cudaLaunchKernel,128,40,0
cudaLaunchKernel,216,40,0
cudaLaunchKernel,272,40,0
cudaLaunchKernel,128,40,0
cudaLaunchKernel,216,39,0
cudaLaunchKernel,164,41,0
cudaLaunchKernel,128,40,0
cudaLaunchKernel,216,40,0
cudaLaunchKernel,128,40,0
cudaLaunchKernel,216,41,0
cudaLaunchKernel,164,41,0
cudaLaunchKernel,252,37,0
cudaOccupancyMaxActiveBlocksPerMultiprocessorWithFlags,36,37,0
cudaLaunchKernel,264,45,0
cudaLaunchKernel,84,41,0
cudaLaunchKernel,128,41,0
cudaLaunchKernel,216,44,0
cudaLaunchKernel,272,39,0
cudaLaunchKernel,128,41,0
cudaLaunchKernel,216,43,0
cudaLaunchKernel,128,41,0
cudaLaunchKernel,216,43,0
cudaLaunchKernel,272,39,0
cudaLaunchKernel,128,40,0
cudaLaunchKernel,216,41,0
cudaLaunchKernel,164,39,0
cudaLaunchKernel,128,42,0
cudaLaunchKernel,216,40,0
cudaLaunchKernel,128,43,0
cudaLaunchKernel,216,40,0
cudaLaunchKernel,164,41,0
cudaLaunchKernel,252,39,0
cudaOccupancyMaxActiveBlocksPerMultiprocessorWithFlags,36,38,0
cudaLaunchKernel,264,40,0
cudaLaunchKernel,84,41,0
cudaLaunchKernel,128,43,0
cudaLaunchKernel,216,40,0
cudaLaunchKernel,272,40,0
cudaLaunchKernel,128,40,0
cudaLaunchKernel,216,40,0
cudaLaunchKernel,128,39,0
cudaLaunchKernel,216,43,0
cudaLaunchKernel,272,38,0
cudaLaunchKernel,128,41,0
cudaLaunchKernel,216,42,0
cudaLaunchKernel,164,42,0
cudaLaunchKernel,128,41,0
cudaLaunchKernel,216,40,0
cudaLaunchKernel,128,41,0
cudaLaunchKernel,216,41,0
cudaLaunchKernel,164,43,0
cudaLaunchKernel,252,40,0
cudaOccupancyMaxActiveBlocksPerMultiprocessorWithFlags,36,39,0
cudaLaunchKernel,264,41,0
cudaLaunchKernel,84,41,0
cudaLaunchKernel,128,45,0
cudaLaunchKernel,216,41,0
cudaLaunchKernel,272,40,0
cudaLaunchKernel,128,41,0
cudaLaunchKernel,216,41,0
cudaLaunchKernel,128,39,0
cudaLaunchKernel,216,40,0
cudaLaunchKernel,272,41,0
cudaLaunchKernel,128,41,0
cudaLaunchKernel,216,44,0
cudaLaunchKernel,164,41,0
cudaLaunchKernel,128,41,0
cudaLaunchKernel,216,41,0
cudaLaunchKernel,128,42,0
cudaLaunchKernel,216,41,0
cudaLaunchKernel,164,42,0
cudaLaunchKernel,252,40,0
cudaOccupancyMaxActiveBlocksPerMultiprocessorWithFlags,36,38,0
cudaLaunchKernel,264,40,0
cudaLaunchKernel,84,43,0
cudaLaunchKernel,128,39,0
cudaLaunchKernel,216,41,0
cudaLaunchKernel,272,41,0
cudaLaunchKernel,128,40,0
cudaLaunchKernel,216,41,0
cudaLaunchKernel,128,39,0
cudaLaunchKernel,216,39,0
cudaLaunchKernel,272,39,0
cudaLaunchKernel,128,42,0
cudaLaunchKernel,216,40,0
cudaLaunchKernel,164,40,0
cudaLaunchKernel,128,41,0
cudaLaunchKernel,216,41,0
cudaLaunchKernel,128,40,0
cudaLaunchKernel,216,48,0
cudaLaunchKernel,164,40,0
cudaLaunchKernel,252,40,0
cudaOccupancyMaxActiveBlocksPerMultiprocessorWithFlags,36,38,0
cudaLaunchKernel,264,44,0
cudaLaunchKernel,84,38,0
cudaLaunchKernel,128,41,0
cudaLaunchKernel,216,43,0
cudaLaunchKernel,272,40,0
cudaLaunchKernel,128,39,0
cudaLaunchKernel,216,41,0
cudaLaunchKernel,128,41,0
cudaLaunchKernel,216,39,0
cudaLaunchKernel,272,39,0
cudaLaunchKernel,128,41,0
cudaLaunchKernel,216,42,0
cudaLaunchKernel,164,40,0
cudaLaunchKernel,128,41,0
cudaLaunchKernel,216,41,0
cudaLaunchKernel,128,39,0
cudaLaunchKernel,216,42,0
cudaLaunchKernel,164,41,0
cudaLaunchKernel,252,42,0
cudaOccupancyMaxActiveBlocksPerMultiprocessorWithFlags,36,39,0
cudaLaunchKernel,264,39,0
cudaLaunchKernel,84,41,0
cudaLaunchKernel,128,42,0
cudaLaunchKernel,216,40,0
cudaLaunchKernel,272,40,0
cudaLaunchKernel,128,40,0
cudaLaunchKernel,216,42,0
cudaLaunchKernel,128,41,0
cudaLaunchKernel,216,39,0
cudaLaunchKernel,272,44,0
cudaLaunchKernel,128,39,0
cudaLaunchKernel,216,41,0
cudaLaunchKernel,164,39,0
cudaLaunchKernel,128,39,0
cudaLaunchKernel,216,42,0
cudaLaunchKernel,128,40,0
cudaLaunchKernel,216,41,0
cudaLaunchKernel,164,40,0
cudaLaunchKernel,252,39,0
cudaOccupancyMaxActiveBlocksPerMultiprocessorWithFlags,36,39,0
cudaLaunchKernel,264,41,0
cudaLaunchKernel,84,42,0
cudaLaunchKernel,128,40,0
cudaLaunchKernel,216,41,0
cudaLaunchKernel,184,41,0
cudaLaunchKernel,184,40,0
cudaLaunchKernel,208,40,0
cudaLaunchKernel,272,39,0
cudaLaunchKernel,128,42,0
cudaLaunchKernel,216,41,0
cudaLaunchKernel,128,40,0
cudaLaunchKernel,216,41,0
cudaLaunchKernel,272,40,0
cudaLaunchKernel,128,40,0
cudaLaunchKernel,216,42,0
cudaMemcpyAsync,37,127,0
cudaStreamSynchronize,8,29,0
cudaStreamSynchronize,8,22,0
cudaStreamSynchronize,8,43,0
cudaMemcpyAsync,8228,47,0
cudaStreamSynchronize,8,42,0
cudaStreamSynchronize,8,41,0
cudaMemcpyAsync,40,42,0
cudaStreamSynchronize,8,43,0
cudaStreamSynchronize,8,41,0
cudaMemcpyAsync,44,40,0
cudaStreamSynchronize,8,37,0
cudaStreamSynchronize,8,41,0
cudaMemcpyAsync,44,39,0
cudaStreamSynchronize,8,22,0
cudaStreamSynchronize,8,42,0
cudaMemcpyAsync,548,47,0
cudaStreamSynchronize,8,41,0
cudaStreamSynchronize,8,43,0
cudaMemcpyAsync,40,39,0
cudaStreamSynchronize,8,42,0
cudaLaunchKernel,272,43,0
cudaLaunchKernel,128,42,0
cudaLaunchKernel,216,39,0
cudaLaunchKernel,164,40,0
cudaLaunchKernel,128,39,0
cudaLaunchKernel,216,40,0
cudaLaunchKernel,128,40,0
cudaLaunchKernel,216,43,0
cudaLaunchKernel,164,41,0
cudaLaunchKernel,252,41,0
cudaOccupancyMaxActiveBlocksPerMultiprocessorWithFlags,36,37,0
cudaLaunchKernel,264,40,0
cudaLaunchKernel,84,43,0
cudaLaunchKernel,128,41,0
cudaLaunchKernel,216,41,0
cudaLaunchKernel,272,40,0
cudaLaunchKernel,128,38,0
cudaLaunchKernel,216,43,0
cudaLaunchKernel,128,39,0
cudaLaunchKernel,216,39,0
cudaLaunchKernel,272,40,0
cudaLaunchKernel,128,41,0
cudaLaunchKernel,216,41,0
cudaLaunchKernel,164,40,0
cudaLaunchKernel,128,38,0
cudaLaunchKernel,216,41,0
cudaLaunchKernel,128,42,0
cudaLaunchKernel,216,40,0
cudaLaunchKernel,164,41,0
cudaLaunchKernel,252,40,0
cudaOccupancyMaxActiveBlocksPerMultiprocessorWithFlags,36,39,0
cudaLaunchKernel,264,40,0
cudaLaunchKernel,84,41,0
cudaLaunchKernel,128,41,0
cudaLaunchKernel,216,39,0
cudaLaunchKernel,272,41,0
cudaLaunchKernel,128,45,0
cudaLaunchKernel,216,42,0
cudaLaunchKernel,128,40,0
cudaLaunchKernel,216,39,0
cudaLaunchKernel,272,39,0
cudaLaunchKernel,128,41,0
cudaLaunchKernel,216,40,0
cudaLaunchKernel,164,40,0
cudaLaunchKernel,128,40,0
cudaLaunchKernel,216,40,0
cudaLaunchKernel,128,41,0
cudaLaunchKernel,216,40,0
cudaLaunchKernel,164,40,0
cudaLaunchKernel,252,41,0
cudaOccupancyMaxActiveBlocksPerMultiprocessorWithFlags,36,36,0
cudaLaunchKernel,264,39,0
cudaLaunchKernel,84,42,0
cudaLaunchKernel,128,40,0
cudaLaunchKernel,216,40,0
cudaLaunchKernel,272,42,0
cudaLaunchKernel,128,39,0
cudaLaunchKernel,216,40,0
cudaLaunchKernel,128,40,0
cudaLaunchKernel,216,40,0
cudaLaunchKernel,272,40,0
cudaLaunchKernel,128,40,0
cudaLaunchKernel,216,40,0
cudaLaunchKernel,164,39,0
cudaLaunchKernel,128,41,0
cudaLaunchKernel,216,43,0
cudaLaunchKernel,128,39,0
cudaLaunchKernel,216,40,0
cudaLaunchKernel,164,42,0
cudaLaunchKernel,252,42,0
cudaOccupancyMaxActiveBlocksPerMultiprocessorWithFlags,36,39,0
cudaLaunchKernel,264,46,0
cudaLaunchKernel,84,41,0
cudaLaunchKernel,128,41,0
cudaLaunchKernel,216,39,0
cudaLaunchKernel,272,43,0
cudaLaunchKernel,128,41,0
cudaLaunchKernel,216,42,0
cudaLaunchKernel,128,40,0
cudaLaunchKernel,216,40,0
cudaLaunchKernel,272,40,0
cudaLaunchKernel,128,41,0
cudaLaunchKernel,216,40,0
cudaLaunchKernel,164,38,0
cudaLaunchKernel,128,42,0
cudaLaunchKernel,216,40,0
cudaLaunchKernel,128,39,0
cudaLaunchKernel,216,42,0
cudaLaunchKernel,164,41,0
cudaLaunchKernel,252,40,0
cudaOccupancyMaxActiveBlocksPerMultiprocessorWithFlags,36,38,0
cudaLaunchKernel,264,40,0
cudaLaunchKernel,84,42,0
cudaLaunchKernel,128,39,0
cudaLaunchKernel,216,45,0
cudaLaunchKernel,272,40,0
cudaLaunchKernel,128,41,0
cudaLaunchKernel,216,40,0
cudaLaunchKernel,128,40,0
cudaLaunchKernel,216,41,0
cudaLaunchKernel,272,40,0
cudaLaunchKernel,128,39,0
cudaLaunchKernel,216,41,0
cudaLaunchKernel,164,40,0
cudaLaunchKernel,128,42,0
cudaLaunchKernel,216,42,0
cudaLaunchKernel,128,43,0
cudaLaunchKernel,216,40,0
cudaLaunchKernel,164,40,0
cudaLaunchKernel,252,41,0
cudaOccupancyMaxActiveBlocksPerMultiprocessorWithFlags,36,41,0
cudaLaunchKernel,264,42,0
cudaLaunchKernel,84,43,0
cudaLaunchKernel,128,42,0
cudaLaunchKernel,216,41,0
cudaLaunchKernel,272,42,0
cudaLaunchKernel,128,42,0
cudaLaunchKernel,216,40,0
cudaLaunchKernel,128,37,0
cudaLaunchKernel,216,41,0
cudaLaunchKernel,272,40,0
cudaLaunchKernel,128,40,0
cudaLaunchKernel,216,43,0
cudaLaunchKernel,164,42,0
cudaLaunchKernel,128,41,0
cudaLaunchKernel,216,40,0
cudaLaunchKernel,128,39,0
cudaLaunchKernel,216,40,0
cudaLaunchKernel,164,41,0
cudaLaunchKernel,252,40,0
cudaOccupancyMaxActiveBlocksPerMultiprocessorWithFlags,36,37,0
cudaLaunchKernel,264,40,0
cudaLaunchKernel,84,41,0
cudaLaunchKernel,128,42,0
cudaLaunchKernel,216,41,0
cudaLaunchKernel,272,41,0
cudaLaunchKernel,128,41,0
cudaLaunchKernel,216,42,0
cudaLaunchKernel,128,41,0
cudaLaunchKernel,216,40,0
cudaLaunchKernel,272,41,0
cudaLaunchKernel,128,40,0
cudaLaunchKernel,216,43,0
cudaLaunchKernel,164,41,0
cudaLaunchKernel,128,39,0
cudaLaunchKernel,216,42,0
cudaLaunchKernel,128,45,0
cudaLaunchKernel,216,40,0
cudaLaunchKernel,164,39,0
cudaLaunchKernel,252,40,0
cudaOccupancyMaxActiveBlocksPerMultiprocessorWithFlags,36,39,0
cudaLaunchKernel,264,39,0
cudaLaunchKernel,84,44,0
cudaLaunchKernel,128,41,0
cudaLaunchKernel,216,40,0
cudaLaunchKernel,272,41,0
cudaLaunchKernel,128,40,0
cudaLaunchKernel,216,41,0
cudaLaunchKernel,128,40,0
cudaLaunchKernel,216,41,0
cudaLaunchKernel,272,39,0
cudaLaunchKernel,128,42,0
cudaLaunchKernel,216,43,0
cudaLaunchKernel,164,39,0
cudaLaunchKernel,128,41,0
cudaLaunchKernel,216,41,0
cudaLaunchKernel,128,42,0
cudaLaunchKernel,216,40,0
cudaLaunchKernel,164,40,0
cudaLaunchKernel,252,41,0
cudaOccupancyMaxActiveBlocksPerMultiprocessorWithFlags,36,38,0
cudaLaunchKernel,264,44,0
cudaLaunchKernel,84,40,0
cudaLaunchKernel,128,41,0
cudaLaunchKernel,216,40,0
cudaLaunchKernel,272,40,0
cudaLaunchKernel,128,41,0
cudaLaunchKernel,216,41,0
cudaLaunchKernel,128,41,0
cudaLaunchKernel,216,40,0
cudaLaunchKernel,272,38,0
cudaLaunchKernel,128,40,0
cudaLaunchKernel,216,40,0
cudaLaunchKernel,164,41,0
cudaLaunchKernel,128,41,0
cudaLaunchKernel,216,39,0
cudaLaunchKernel,128,41,0
cudaLaunchKernel,216,40,0
cudaLaunchKernel,164,41,0
cudaLaunchKernel,252,39,0
cudaOccupancyMaxActiveBlocksPerMultiprocessorWithFlags,36,37,0
cudaLaunchKernel,264,42,0
cudaLaunchKernel,84,44,0
cudaLaunchKernel,128,42,0
cudaLaunchKernel,216,39,0
cudaLaunchKernel,272,41,0
cudaLaunchKernel,128,40,0
cudaLaunchKernel,216,40,0
cudaLaunchKernel,128,39,0
cudaLaunchKernel,216,39,0
cudaLaunchKernel,272,44,0
cudaLaunchKernel,128,41,0
cudaLaunchKernel,216,43,0
cudaLaunchKernel,164,40,0
cudaLaunchKernel,128,42,0
cudaLaunchKernel,216,41,0
cudaLaunchKernel,128,40,0
cudaLaunchKernel,216,40,0
cudaLaunchKernel,164,41,0
cudaLaunchKernel,252,41,0
cudaOccupancyMaxActiveBlocksPerMultiprocessorWithFlags,36,41,0
cudaLaunchKernel,264,40,0
cudaLaunchKernel,84,40,0
cudaLaunchKernel,128,41,0
cudaLaunchKernel,216,40,0
cudaLaunchKernel,272,40,0
cudaLaunchKernel,128,40,0
cudaLaunchKernel,216,41,0
cudaLaunchKernel,128,39,0
cudaLaunchKernel,216,43,0
cudaLaunchKernel,272,42,0
cudaLaunchKernel,128,50,0
cudaLaunchKernel,216,41,0
cudaLaunchKernel,164,39,0
cudaLaunchKernel,128,39,0
cudaLaunchKernel,216,42,0
cudaLaunchKernel,128,42,0
cudaLaunchKernel,216,39,0
cudaLaunchKernel,164,38,0
cudaLaunchKernel,252,44,0
cudaOccupancyMaxActiveBlocksPerMultiprocessorWithFlags,36,38,0
cudaLaunchKernel,264,40,0
cudaLaunchKernel,84,40,0
cudaLaunchKernel,128,39,0
cudaLaunchKernel,216,40,0
cudaLaunchKernel,272,39,0
cudaLaunchKernel,128,41,0
cudaLaunchKernel,216,42,0
cudaLaunchKernel,128,40,0
cudaLaunchKernel,216,42,0
cudaLaunchKernel,272,41,0
cudaLaunchKernel,128,40,0
cudaLaunchKernel,216,40,0
cudaLaunchKernel,164,38,0
cudaLaunchKernel,128,42,0
cudaLaunchKernel,216,42,0
cudaLaunchKernel,128,36,0
cudaLaunchKernel,216,45,0
cudaLaunchKernel,164,46,0
cudaLaunchKernel,252,39,0
cudaOccupancyMaxActiveBlocksPerMultiprocessorWithFlags,36,38,0
cudaLaunchKernel,264,40,0
cudaLaunchKernel,84,42,0
cudaLaunchKernel,128,41,0
cudaLaunchKernel,216,41,0
cudaLaunchKernel,272,39,0
cudaLaunchKernel,128,40,0
cudaLaunchKernel,216,41,0
cudaLaunchKernel,128,42,0
cudaLaunchKernel,216,40,0
cudaLaunchKernel,272,41,0
cudaLaunchKernel,128,40,0
cudaLaunchKernel,216,41,0
cudaLaunchKernel,164,40,0
cudaLaunchKernel,128,41,0
cudaLaunchKernel,216,40,0
cudaLaunchKernel,128,41,0
cudaLaunchKernel,216,40,0
cudaLaunchKernel,164,44,0
cudaLaunchKernel,252,41,0
cudaOccupancyMaxActiveBlocksPerMultiprocessorWithFlags,36,38,0
cudaLaunchKernel,264,40,0
cudaLaunchKernel,84,41,0
cudaLaunchKernel,128,41,0
cudaLaunchKernel,216,42,0
cudaLaunchKernel,272,39,0
cudaLaunchKernel,128,39,0
cudaLaunchKernel,216,43,0
cudaLaunchKernel,128,40,0
cudaLaunchKernel,216,43,0
cudaLaunchKernel,272,41,0
cudaLaunchKernel,128,42,0
cudaLaunchKernel,216,43,0
cudaLaunchKernel,164,40,0
cudaLaunchKernel,128,42,0
cudaLaunchKernel,216,39,0
cudaLaunchKernel,128,40,0
cudaLaunchKernel,216,45,0
cudaLaunchKernel,164,41,0
cudaLaunchKernel,252,43,0
cudaOccupancyMaxActiveBlocksPerMultiprocessorWithFlags,36,40,0
cudaLaunchKernel,264,41,0
cudaLaunchKernel,84,42,0
cudaLaunchKernel,128,40,0
cudaLaunchKernel,216,41,0
cudaLaunchKernel,272,39,0
cudaLaunchKernel,128,45,0
cudaLaunchKernel,216,40,0
cudaLaunchKernel,128,40,0
cudaLaunchKernel,216,40,0
cudaLaunchKernel,272,40,0
cudaLaunchKernel,128,42,0
cudaLaunchKernel,216,42,0
cudaLaunchKernel,164,37,0
cudaLaunchKernel,128,39,0
cudaLaunchKernel,216,40,0
cudaLaunchKernel,128,46,0
cudaLaunchKernel,216,42,0
cudaLaunchKernel,164,38,0
cudaLaunchKernel,252,41,0
cudaOccupancyMaxActiveBlocksPerMultiprocessorWithFlags,36,39,0
cudaLaunchKernel,264,40,0
cudaLaunchKernel,84,40,0
cudaLaunchKernel,128,42,0
cudaLaunchKernel,216,42,0
cudaLaunchKernel,272,42,0
cudaLaunchKernel,128,43,0
cudaLaunchKernel,216,41,0
cudaLaunchKernel,128,39,0
cudaLaunchKernel,216,42,0
cudaLaunchKernel,272,41,0
cudaLaunchKernel,128,40,0
cudaLaunchKernel,216,41,0
cudaLaunchKernel,164,40,0
cudaLaunchKernel,128,41,0
cudaLaunchKernel,216,43,0
cudaLaunchKernel,128,40,0
cudaLaunchKernel,216,40,0
cudaLaunchKernel,164,39,0
cudaLaunchKernel,252,41,0
cudaOccupancyMaxActiveBlocksPerMultiprocessorWithFlags,36,40,0
cudaLaunchKernel,264,39,0
cudaLaunchKernel,84,41,0
cudaLaunchKernel,128,41,0
cudaLaunchKernel,216,41,0
cudaLaunchKernel,272,43,0
cudaLaunchKernel,128,38,0
cudaLaunchKernel,216,41,0
cudaLaunchKernel,128,41,0
cudaLaunchKernel,216,40,0
cudaLaunchKernel,272,40,0
cudaLaunchKernel,128,40,0
cudaLaunchKernel,216,41,0
cudaLaunchKernel,164,41,0
cudaLaunchKernel,128,39,0
cudaLaunchKernel,216,43,0
cudaLaunchKernel,128,40,0
cudaLaunchKernel,216,39,0
cudaLaunchKernel,164,42,0
cudaLaunchKernel,252,42,0
cudaOccupancyMaxActiveBlocksPerMultiprocessorWithFlags,36,39,0
cudaLaunchKernel,264,41,0
cudaLaunchKernel,84,40,0
cudaLaunchKernel,128,39,0
cudaLaunchKernel,216,44,0
cudaLaunchKernel,272,39,0
cudaLaunchKernel,128,40,0
cudaLaunchKernel,216,39,0
cudaLaunchKernel,128,40,0
cudaLaunchKernel,216,41,0
cudaLaunchKernel,272,41,0
cudaLaunchKernel,128,39,0
cudaLaunchKernel,216,40,0
cudaLaunchKernel,164,39,0
cudaLaunchKernel,128,43,0
cudaLaunchKernel,216,41,0
cudaLaunchKernel,128,41,0
cudaLaunchKernel,216,41,0
cudaLaunchKernel,164,40,0
cudaLaunchKernel,252,40,0
cudaOccupancyMaxActiveBlocksPerMultiprocessorWithFlags,36,39,0
cudaLaunchKernel,264,39,0
cudaLaunchKernel,84,48,0
cudaLaunchKernel,128,41,0
cudaLaunchKernel,216,39,0
cudaLaunchKernel,272,40,0
cudaLaunchKernel,128,40,0
cudaLaunchKernel,216,40,0
cudaLaunchKernel,128,39,0
cudaLaunchKernel,216,42,0
cudaLaunchKernel,272,40,0
cudaLaunchKernel,128,40,0
cudaLaunchKernel,216,40,0
cudaLaunchKernel,164,44,0
cudaLaunchKernel,128,40,0
cudaLaunchKernel,216,41,0
cudaLaunchKernel,128,38,0
cudaLaunchKernel,216,40,0
cudaLaunchKernel,164,40,0
cudaLaunchKernel,252,40,0
cudaOccupancyMaxActiveBlocksPerMultiprocessorWithFlags,36,38,0
cudaLaunchKernel,264,41,0
cudaLaunchKernel,84,40,0
cudaLaunchKernel,128,44,0
cudaLaunchKernel,216,42,0
cudaLaunchKernel,272,40,0
cudaLaunchKernel,128,40,0
cudaLaunchKernel,216,41,0
cudaLaunchKernel,128,39,0
cudaLaunchKernel,216,40,0
cudaLaunchKernel,272,40,0
cudaLaunchKernel,128,39,0
cudaLaunchKernel,216,41,0
cudaLaunchKernel,164,41,0
cudaLaunchKernel,128,41,0
cudaLaunchKernel,216,40,0
cudaLaunchKernel,128,40,0
cudaLaunchKernel,216,41,0
cudaLaunchKernel,164,41,0
cudaLaunchKernel,252,40,0
cudaOccupancyMaxActiveBlocksPerMultiprocessorWithFlags,36,38,0
cudaLaunchKernel,264,41,0
cudaLaunchKernel,84,43,0
cudaLaunchKernel,128,42,0
cudaLaunchKernel,216,42,0
cudaLaunchKernel,272,40,0
cudaLaunchKernel,128,41,0
cudaLaunchKernel,216,40,0
cudaLaunchKernel,128,40,0
cudaLaunchKernel,216,40,0
cudaLaunchKernel,272,38,0
cudaLaunchKernel,128,40,0
cudaLaunchKernel,216,44,0
cudaLaunchKernel,164,39,0
cudaLaunchKernel,128,41,0
cudaLaunchKernel,216,41,0
cudaLaunchKernel,128,39,0
cudaLaunchKernel,216,42,0
cudaLaunchKernel,164,42,0
cudaLaunchKernel,252,41,0
cudaOccupancyMaxActiveBlocksPerMultiprocessorWithFlags,36,38,0
cudaLaunchKernel,264,41,0
cudaLaunchKernel,84,44,0
cudaLaunchKernel,128,41,0
cudaLaunchKernel,216,41,0
cudaLaunchKernel,184,40,0
cudaLaunchKernel,184,39,0
cudaLaunchKernel,208,40,0
cudaLaunchKernel,272,40,0
cudaLaunchKernel,128,40,0
cudaLaunchKernel,216,42,0
cudaLaunchKernel,128,41,0
cudaLaunchKernel,216,41,0
cudaLaunchKernel,272,41,0
cudaLaunchKernel,128,41,0
cudaLaunchKernel,216,40,0
cudaMemcpyAsync,37,134,0
cudaStreamSynchronize,8,38,0
cudaStreamSynchronize,8,24,0
cudaStreamSynchronize,8,40,0
cudaMemcpyAsync,8228,44,0
cudaStreamSynchronize,8,41,0
cudaStreamSynchronize,8,44,0
cudaMemcpyAsync,40,40,0
cudaStreamSynchronize,8,43,0
cudaStreamSynchronize,8,44,0
cudaMemcpyAsync,44,40,0
cudaStreamSynchronize,8,42,0
cudaStreamSynchronize,8,42,0
cudaMemcpyAsync,44,40,0
cudaStreamSynchronize,8,44,0
cudaStreamSynchronize,8,45,0
cudaMemcpyAsync,548,39,0
cudaStreamSynchronize,8,43,0
cudaStreamSynchronize,8,41,0
cudaMemcpyAsync,40,39,0
cudaStreamSynchronize,8,45,0
cudaLaunchKernel,272,42,0
cudaLaunchKernel,128,39,0
cudaLaunchKernel,216,42,0
cudaLaunchKernel,164,40,0
cudaLaunchKernel,128,39,0
cudaLaunchKernel,216,40,0
cudaLaunchKernel,128,41,0
cudaLaunchKernel,216,39,0
cudaLaunchKernel,164,41,0
cudaLaunchKernel,252,41,0
cudaOccupancyMaxActiveBlocksPerMultiprocessorWithFlags,36,39,0
cudaLaunchKernel,264,41,0
cudaLaunchKernel,84,40,0
cudaLaunchKernel,128,42,0
cudaLaunchKernel,216,42,0
cudaLaunchKernel,272,41,0
cudaLaunchKernel,128,42,0
cudaLaunchKernel,216,42,0
cudaLaunchKernel,128,39,0
cudaLaunchKernel,216,41,0
cudaLaunchKernel,272,42,0
cudaLaunchKernel,128,42,0
cudaLaunchKernel,216,40,0
cudaLaunchKernel,164,40,0
cudaLaunchKernel,128,39,0
cudaLaunchKernel,216,39,0
cudaLaunchKernel,128,40,0
cudaLaunchKernel,216,40,0
cudaLaunchKernel,164,42,0
cudaLaunchKernel,252,40,0
cudaOccupancyMaxActiveBlocksPerMultiprocessorWithFlags,36,38,0
cudaLaunchKernel,264,41,0
cudaLaunchKernel,84,40,0
cudaLaunchKernel,128,39,0
cudaLaunchKernel,216,40,0
cudaLaunchKernel,272,37,0
cudaLaunchKernel,128,41,0
cudaLaunchKernel,216,41,0
cudaLaunchKernel,128,43,0
cudaLaunchKernel,216,43,0
cudaLaunchKernel,272,40,0
cudaLaunchKernel,128,41,0
cudaLaunchKernel,216,41,0
cudaLaunchKernel,164,38,0
cudaLaunchKernel,128,41,0
cudaLaunchKernel,216,42,0
cudaLaunchKernel,128,42,0
cudaLaunchKernel,216,39,0
cudaLaunchKernel,164,43,0
cudaLaunchKernel,252,40,0
cudaOccupancyMaxActiveBlocksPerMultiprocessorWithFlags,36,40,0
cudaLaunchKernel,264,41,0
cudaLaunchKernel,84,42,0
cudaLaunchKernel,128,41,0
cudaLaunchKernel,216,42,0
cudaLaunchKernel,272,40,0
cudaLaunchKernel,128,46,0
cudaLaunchKernel,216,43,0
cudaLaunchKernel,128,38,0
cudaLaunchKernel,216,42,0
cudaLaunchKernel,272,40,0
cudaLaunchKernel,128,40,0
cudaLaunchKernel,216,42,0
cudaLaunchKernel,164,39,0
cudaLaunchKernel,128,40,0
cudaLaunchKernel,216,39,0
cudaLaunchKernel,128,40,0
cudaLaunchKernel,216,44,0
cudaLaunchKernel,164,41,0
cudaLaunchKernel,252,40,0
cudaOccupancyMaxActiveBlocksPerMultiprocessorWithFlags,36,38,0
cudaLaunchKernel,264,42,0
cudaLaunchKernel,84,42,0
cudaLaunchKernel,128,41,0
cudaLaunchKernel,216,42,0
cudaLaunchKernel,272,41,0
cudaLaunchKernel,128,40,0
cudaLaunchKernel,216,44,0
cudaLaunchKernel,128,39,0
cudaLaunchKernel,216,40,0
cudaLaunchKernel,272,39,0
cudaLaunchKernel,128,40,0
cudaLaunchKernel,216,42,0
cudaLaunchKernel,164,40,0
cudaLaunchKernel,128,39,0
cudaLaunchKernel,216,41,0
cudaLaunchKernel,128,45,0
cudaLaunchKernel,216,41,0
cudaLaunchKernel,164,39,0
cudaLaunchKernel,252,40,0
cudaOccupancyMaxActiveBlocksPerMultiprocessorWithFlags,36,38,0
cudaLaunchKernel,264,40,0
cudaLaunchKernel,84,40,0
cudaLaunchKernel,128,39,0
cudaLaunchKernel,216,39,0
cudaLaunchKernel,272,42,0
cudaLaunchKernel,128,43,0
cudaLaunchKernel,216,41,0
cudaLaunchKernel,128,42,0
cudaLaunchKernel,216,41,0
cudaLaunchKernel,272,41,0
cudaLaunchKernel,128,39,0
cudaLaunchKernel,216,41,0
cudaLaunchKernel,164,41,0
cudaLaunchKernel,128,41,0
cudaLaunchKernel,216,42,0
cudaLaunchKernel,128,38,0
cudaLaunchKernel,216,40,0
cudaLaunchKernel,164,40,0
cudaLaunchKernel,252,40,0
cudaOccupancyMaxActiveBlocksPerMultiprocessorWithFlags,36,38,0
cudaLaunchKernel,264,39,0
cudaLaunchKernel,84,41,0
cudaLaunchKernel,128,40,0
cudaLaunchKernel,216,41,0
cudaLaunchKernel,272,42,0
cudaLaunchKernel,128,39,0
cudaLaunchKernel,216,42,0
cudaLaunchKernel,128,39,0
cudaLaunchKernel,216,40,0
cudaLaunchKernel,272,40,0
cudaLaunchKernel,128,41,0
cudaLaunchKernel,216,40,0
cudaLaunchKernel,164,39,0
cudaLaunchKernel,128,40,0
cudaLaunchKernel,216,42,0
cudaLaunchKernel,128,40,0
cudaLaunchKernel,216,41,0
cudaLaunchKernel,164,40,0
cudaLaunchKernel,252,42,0
cudaOccupancyMaxActiveBlocksPerMultiprocessorWithFlags,36,38,0
cudaLaunchKernel,264,43,0
cudaLaunchKernel,84,43,0
cudaLaunchKernel,128,41,0
cudaLaunchKernel,216,41,0
cudaLaunchKernel,272,44,0
cudaLaunchKernel,128,40,0
cudaLaunchKernel,216,40,0
cudaLaunchKernel,128,39,0
cudaLaunchKernel,216,40,0
cudaLaunchKernel,272,41,0
cudaLaunchKernel,128,39,0
cudaLaunchKernel,216,40,0
cudaLaunchKernel,164,39,0
cudaLaunchKernel,128,41,0
cudaLaunchKernel,216,42,0
cudaLaunchKernel,128,40,0
cudaLaunchKernel,216,42,0
cudaLaunchKernel,164,40,0
cudaLaunchKernel,252,39,0
cudaOccupancyMaxActiveBlocksPerMultiprocessorWithFlags,36,38,0
cudaLaunchKernel,264,40,0
cudaLaunchKernel,84,41,0
cudaLaunchKernel,128,41,0
cudaLaunchKernel,216,41,0
cudaLaunchKernel,272,39,0
cudaLaunchKernel,128,40,0
cudaLaunchKernel,216,43,0
cudaLaunchKernel,128,42,0
cudaLaunchKernel,216,39,0
cudaLaunchKernel,272,41,0
cudaLaunchKernel,128,41,0
cudaLaunchKernel,216,39,0
cudaLaunchKernel,164,38,0
cudaLaunchKernel,128,41,0
cudaLaunchKernel,216,41,0
cudaLaunchKernel,128,39,0
cudaLaunchKernel,216,41,0
cudaLaunchKernel,164,39,0
cudaLaunchKernel,252,40,0
cudaOccupancyMaxActiveBlocksPerMultiprocessorWithFlags,36,37,0
cudaLaunchKernel,264,42,0
cudaLaunchKernel,84,41,0
cudaLaunchKernel,128,47,0
cudaLaunchKernel,216,40,0
cudaLaunchKernel,272,42,0
cudaLaunchKernel,128,40,0
cudaLaunchKernel,216,41,0
cudaLaunchKernel,128,40,0
cudaLaunchKernel,216,41,0
cudaLaunchKernel,272,39,0
cudaLaunchKernel,128,40,0
cudaLaunchKernel,216,41,0
cudaLaunchKernel,164,43,0
cudaLaunchKernel,128,42,0
cudaLaunchKernel,216,41,0
cudaLaunchKernel,128,40,0
cudaLaunchKernel,216,41,0
cudaLaunchKernel,164,39,0
cudaLaunchKernel,252,40,0
cudaOccupancyMaxActiveBlocksPerMultiprocessorWithFlags,36,37,0
cudaLaunchKernel,264,41,0
cudaLaunchKernel,84,43,0
cudaLaunchKernel,128,38,0
cudaLaunchKernel,216,41,0
cudaLaunchKernel,272,41,0
cudaLaunchKernel,128,40,0
cudaLaunchKernel,216,42,0
cudaLaunchKernel,128,41,0
cudaLaunchKernel,216,40,0
cudaLaunchKernel,272,38,0
cudaLaunchKernel,128,40,0
cudaLaunchKernel,216,43,0
cudaLaunchKernel,164,40,0
cudaLaunchKernel,128,43,0
cudaLaunchKernel,216,37,0
cudaLaunchKernel,128,41,0
cudaLaunchKernel,216,47,0
cudaLaunchKernel,164,42,0
cudaLaunchKernel,252,42,0
cudaOccupancyMaxActiveBlocksPerMultiprocessorWithFlags,36,37,0
cudaLaunchKernel,264,40,0
cudaLaunchKernel,84,44,0
cudaLaunchKernel,128,41,0
cudaLaunchKernel,216,41,0
cudaLaunchKernel,272,39,0
cudaLaunchKernel,128,39,0
cudaLaunchKernel,216,41,0
cudaLaunchKernel,128,43,0
cudaLaunchKernel,216,40,0
cudaLaunchKernel,272,42,0
cudaLaunchKernel,128,42,0
cudaLaunchKernel,216,41,0
cudaLaunchKernel,164,42,0
cudaLaunchKernel,128,40,0
cudaLaunchKernel,216,39,0
cudaLaunchKernel,128,40,0
cudaLaunchKernel,216,39,0
cudaLaunchKernel,164,41,0
cudaLaunchKernel,252,40,0
cudaOccupancyMaxActiveBlocksPerMultiprocessorWithFlags,36,39,0
cudaLaunchKernel,264,43,0
cudaLaunchKernel,84,41,0
cudaLaunchKernel,128,40,0
cudaLaunchKernel,216,39,0
cudaLaunchKernel,272,39,0
cudaLaunchKernel,128,40,0
cudaLaunchKernel,216,42,0
cudaLaunchKernel,128,40,0
cudaLaunchKernel,216,41,0
cudaLaunchKernel,272,40,0
cudaLaunchKernel,128,44,0
cudaLaunchKernel,216,39,0
cudaLaunchKernel,164,39,0
cudaLaunchKernel,128,39,0
cudaLaunchKernel,216,41,0
cudaLaunchKernel,128,40,0
cudaLaunchKernel,216,41,0
cudaLaunchKernel,164,40,0
cudaLaunchKernel,252,39,0
cudaOccupancyMaxActiveBlocksPerMultiprocessorWithFlags,36,40,0
cudaLaunchKernel,264,40,0
cudaLaunchKernel,84,44,0
cudaLaunchKernel,128,40,0
cudaLaunchKernel,216,42,0
cudaLaunchKernel,272,41,0
cudaLaunchKernel,128,40,0
cudaLaunchKernel,216,39,0
cudaLaunchKernel,128,40,0
cudaLaunchKernel,216,39,0
cudaLaunchKernel,272,43,0
cudaLaunchKernel,128,40,0
cudaLaunchKernel,216,41,0
cudaLaunchKernel,164,42,0
cudaLaunchKernel,128,39,0
cudaLaunchKernel,216,40,0
cudaLaunchKernel,128,40,0
cudaLaunchKernel,216,41,0
cudaLaunchKernel,164,39,0
cudaLaunchKernel,252,41,0
cudaOccupancyMaxActiveBlocksPerMultiprocessorWithFlags,36,36,0
cudaLaunchKernel,264,39,0
cudaLaunchKernel,84,41,0
cudaLaunchKernel,128,39,0
cudaLaunchKernel,216,41,0
cudaLaunchKernel,272,40,0
cudaLaunchKernel,128,39,0
cudaLaunchKernel,216,41,0
cudaLaunchKernel,128,39,0
cudaLaunchKernel,216,43,0
cudaLaunchKernel,272,40,0
cudaLaunchKernel,128,42,0
cudaLaunchKernel,216,40,0
cudaLaunchKernel,164,48,0
cudaLaunchKernel,128,40,0
cudaLaunchKernel,216,42,0
cudaLaunchKernel,128,38,0
cudaLaunchKernel,216,40,0
cudaLaunchKernel,164,41,0
cudaLaunchKernel,252,41,0
cudaOccupancyMaxActiveBlocksPerMultiprocessorWithFlags,36,39,0
cudaLaunchKernel,264,37,0
cudaLaunchKernel,84,40,0
cudaLaunchKernel,128,39,0
cudaLaunchKernel,216,40,0
cudaLaunchKernel,272,41,0
cudaLaunchKernel,128,40,0
cudaLaunchKernel,216,40,0
cudaLaunchKernel,128,42,0
cudaLaunchKernel,216,43,0
cudaLaunchKernel,272,40,0
cudaLaunchKernel,128,42,0
cudaLaunchKernel,216,40,0
cudaLaunchKernel,164,40,0
cudaLaunchKernel,128,39,0
cudaLaunchKernel,216,42,0
cudaLaunchKernel,128,39,0
cudaLaunchKernel,216,41,0
cudaLaunchKernel,164,45,0
cudaLaunchKernel,252,40,0
cudaOccupancyMaxActiveBlocksPerMultiprocessorWithFlags,36,39,0
cudaLaunchKernel,264,40,0
cudaLaunchKernel,84,41,0
cudaLaunchKernel,128,39,0
cudaLaunchKernel,216,42,0
cudaLaunchKernel,272,41,0
cudaLaunchKernel,128,42,0
cudaLaunchKernel,216,39,0
cudaLaunchKernel,128,42,0
cudaLaunchKernel,216,40,0
cudaLaunchKernel,272,40,0
cudaLaunchKernel,128,41,0
cudaLaunchKernel,216,41,0
cudaLaunchKernel,164,40,0
cudaLaunchKernel,128,40,0
cudaLaunchKernel,216,41,0
cudaLaunchKernel,128,40,0
cudaLaunchKernel,216,45,0
cudaLaunchKernel,164,40,0
cudaLaunchKernel,252,40,0
cudaOccupancyMaxActiveBlocksPerMultiprocessorWithFlags,36,39,0
cudaLaunchKernel,264,41,0
cudaLaunchKernel,84,40,0
cudaLaunchKernel,128,40,0
cudaLaunchKernel,216,41,0
cudaLaunchKernel,272,40,0
cudaLaunchKernel,128,39,0
cudaLaunchKernel,216,43,0
cudaLaunchKernel,128,42,0
cudaLaunchKernel,216,40,0
cudaLaunchKernel,272,38,0
cudaLaunchKernel,128,41,0
cudaLaunchKernel,216,40,0
cudaLaunchKernel,164,39,0
cudaLaunchKernel,128,41,0
cudaLaunchKernel,216,41,0
cudaLaunchKernel,128,43,0
cudaLaunchKernel,216,43,0
cudaLaunchKernel,164,42,0
cudaLaunchKernel,252,42,0
cudaOccupancyMaxActiveBlocksPerMultiprocessorWithFlags,36,38,0
cudaLaunchKernel,264,40,0
cudaLaunchKernel,84,43,0
cudaLaunchKernel,128,40,0
cudaLaunchKernel,216,40,0
cudaLaunchKernel,272,42,0
cudaLaunchKernel,128,39,0
cudaLaunchKernel,216,42,0
cudaLaunchKernel,128,45,0
cudaLaunchKernel,216,42,0
cudaLaunchKernel,272,39,0
cudaLaunchKernel,128,39,0
cudaLaunchKernel,216,43,0
cudaLaunchKernel,164,41,0
cudaLaunchKernel,128,39,0
cudaLaunchKernel,216,41,0
cudaLaunchKernel,128,42,0
cudaLaunchKernel,216,40,0
cudaLaunchKernel,164,39,0
cudaLaunchKernel,252,39,0
cudaOccupancyMaxActiveBlocksPerMultiprocessorWithFlags,36,40,0
cudaLaunchKernel,264,38,0
cudaLaunchKernel,84,42,0
cudaLaunchKernel,128,39,0
cudaLaunchKernel,216,40,0
cudaLaunchKernel,272,38,0
cudaLaunchKernel,128,42,0
cudaLaunchKernel,216,41,0
cudaLaunchKernel,128,39,0
cudaLaunchKernel,216,39,0
cudaLaunchKernel,272,38,0
cudaLaunchKernel,128,39,0
cudaLaunchKernel,216,42,0
cudaLaunchKernel,164,40,0
cudaLaunchKernel,128,40,0
cudaLaunchKernel,216,42,0
cudaLaunchKernel,128,40,0
cudaLaunchKernel,216,39,0
cudaLaunchKernel,164,42,0
cudaLaunchKernel,252,40,0
cudaOccupancyMaxActiveBlocksPerMultiprocessorWithFlags,36,37,0
cudaLaunchKernel,264,41,0
cudaLaunchKernel,84,42,0
cudaLaunchKernel,128,39,0
cudaLaunchKernel,216,40,0
cudaLaunchKernel,272,43,0
cudaLaunchKernel,128,40,0
cudaLaunchKernel,216,40,0
cudaLaunchKernel,128,42,0
cudaLaunchKernel,216,41,0
cudaLaunchKernel,272,39,0
cudaLaunchKernel,128,40,0
cudaLaunchKernel,216,39,0
cudaLaunchKernel,164,39,0
cudaLaunchKernel,128,41,0
cudaLaunchKernel,216,42,0
cudaLaunchKernel,128,41,0
cudaLaunchKernel,216,42,0
cudaLaunchKernel,164,39,0
cudaLaunchKernel,252,43,0
cudaOccupancyMaxActiveBlocksPerMultiprocessorWithFlags,36,42,0
cudaLaunchKernel,264,41,0
cudaLaunchKernel,84,40,0
cudaLaunchKernel,128,39,0
cudaLaunchKernel,216,44,0
cudaLaunchKernel,272,39,0
cudaLaunchKernel,128,40,0
cudaLaunchKernel,216,39,0
cudaLaunchKernel,128,40,0
cudaLaunchKernel,216,39,0
cudaLaunchKernel,272,42,0
cudaLaunchKernel,128,40,0
cudaLaunchKernel,216,42,0
cudaLaunchKernel,164,38,0
cudaLaunchKernel,128,43,0
cudaLaunchKernel,216,42,0
cudaLaunchKernel,128,41,0
cudaLaunchKernel,216,40,0
cudaLaunchKernel,164,40,0
cudaLaunchKernel,252,40,0
cudaOccupancyMaxActiveBlocksPerMultiprocessorWithFlags,36,38,0
cudaLaunchKernel,264,39,0
cudaLaunchKernel,84,41,0
cudaLaunchKernel,128,39,0
cudaLaunchKernel,216,50,0
cudaLaunchKernel,184,39,0
cudaLaunchKernel,184,39,0
cudaLaunchKernel,208,39,0
cudaLaunchKernel,272,40,0
cudaLaunchKernel,128,40,0
cudaLaunchKernel,216,40,0
cudaLaunchKernel,128,39,0
cudaLaunchKernel,216,43,0
cudaLaunchKernel,272,43,0
cudaLaunchKernel,128,40,0
cudaLaunchKernel,216,40,0
cudaMemcpyAsync,37,128,0
cudaStreamSynchronize,8,30,0
cudaStreamSynchronize,8,23,0
cudaStreamSynchronize,8,44,0
cudaMemcpyAsync,8228,43,0
cudaStreamSynchronize,8,42,0
cudaStreamSynchronize,8,41,0
cudaMemcpyAsync,40,40,0
cudaStreamSynchronize,8,42,0
cudaStreamSynchronize,8,44,0
cudaMemcpyAsync,44,41,0
cudaStreamSynchronize,8,42,0
cudaStreamSynchronize,8,41,0
cudaMemcpyAsync,44,39,0
cudaStreamSynchronize,8,42,0
cudaStreamSynchronize,8,43,0
cudaMemcpyAsync,548,40,0
cudaStreamSynchronize,8,42,0
cudaStreamSynchronize,8,43,0
cudaMemcpyAsync,40,39,0
cudaStreamSynchronize,8,42,0
cudaLaunchKernel,272,41,0
cudaLaunchKernel,128,42,0
cudaLaunchKernel,216,40,0
cudaLaunchKernel,164,41,0
cudaLaunchKernel,128,39,0
cudaLaunchKernel,216,40,0
cudaLaunchKernel,128,40,0
cudaLaunchKernel,216,41,0
cudaLaunchKernel,164,41,0
cudaLaunchKernel,252,39,0
cudaOccupancyMaxActiveBlocksPerMultiprocessorWithFlags,36,38,0
cudaLaunchKernel,264,43,0
cudaLaunchKernel,84,40,0
cudaLaunchKernel,128,40,0
cudaLaunchKernel,216,39,0
cudaLaunchKernel,272,41,0
cudaLaunchKernel,128,40,0
cudaLaunchKernel,216,42,0
cudaLaunchKernel,128,41,0
cudaLaunchKernel,216,39,0
cudaLaunchKernel,272,42,0
cudaLaunchKernel,128,41,0
cudaLaunchKernel,216,39,0
cudaLaunchKernel,164,40,0
cudaLaunchKernel,128,41,0
cudaLaunchKernel,216,40,0
cudaLaunchKernel,128,41,0
cudaLaunchKernel,216,42,0
cudaLaunchKernel,164,39,0
cudaLaunchKernel,252,40,0
cudaOccupancyMaxActiveBlocksPerMultiprocessorWithFlags,36,42,0
cudaLaunchKernel,264,40,0
cudaLaunchKernel,84,41,0
cudaLaunchKernel,128,39,0
cudaLaunchKernel,216,41,0
cudaLaunchKernel,272,42,0
cudaLaunchKernel,128,39,0
cudaLaunchKernel,216,40,0
cudaLaunchKernel,128,41,0
cudaLaunchKernel,216,43,0
cudaLaunchKernel,272,37,0
cudaLaunchKernel,128,41,0
cudaLaunchKernel,216,48,0
cudaLaunchKernel,164,41,0
cudaLaunchKernel,128,41,0
cudaLaunchKernel,216,39,0
cudaLaunchKernel,128,40,0
cudaLaunchKernel,216,40,0
cudaLaunchKernel,164,38,0
cudaLaunchKernel,252,39,0
cudaOccupancyMaxActiveBlocksPerMultiprocessorWithFlags,36,41,0
cudaLaunchKernel,264,41,0
cudaLaunchKernel,84,42,0
cudaLaunchKernel,128,40,0
cudaLaunchKernel,216,41,0
cudaLaunchKernel,272,43,0
cudaLaunchKernel,128,39,0
cudaLaunchKernel,216,40,0
cudaLaunchKernel,128,39,0
cudaLaunchKernel,216,43,0
cudaLaunchKernel,272,39,0
cudaLaunchKernel,128,40,0
cudaLaunchKernel,216,41,0
cudaLaunchKernel,164,40,0
cudaLaunchKernel,128,39,0
cudaLaunchKernel,216,41,0
cudaLaunchKernel,128,39,0
cudaLaunchKernel,216,41,0
cudaLaunchKernel,164,40,0
cudaLaunchKernel,252,40,0
cudaOccupancyMaxActiveBlocksPerMultiprocessorWithFlags,36,38,0
cudaLaunchKernel,264,38,0
cudaLaunchKernel,84,39,0
cudaLaunchKernel,128,41,0
cudaLaunchKernel,216,40,0
cudaLaunchKernel,272,40,0
cudaLaunchKernel,128,39,0
cudaLaunchKernel,216,40,0
cudaLaunchKernel,128,41,0
cudaLaunchKernel,216,42,0
cudaLaunchKernel,272,37,0
cudaLaunchKernel,128,39,0
cudaLaunchKernel,216,42,0
cudaLaunchKernel,164,40,0
cudaLaunchKernel,128,40,0
cudaLaunchKernel,216,41,0
cudaLaunchKernel,128,39,0
cudaLaunchKernel,216,41,0
cudaLaunchKernel,164,44,0
cudaLaunchKernel,252,41,0
cudaOccupancyMaxActiveBlocksPerMultiprocessorWithFlags,36,38,0
cudaLaunchKernel,264,39,0
cudaLaunchKernel,84,42,0
cudaLaunchKernel,128,40,0
cudaLaunchKernel,216,41,0
cudaLaunchKernel,272,39,0
cudaLaunchKernel,128,40,0
cudaLaunchKernel,216,39,0
cudaLaunchKernel,128,41,0
cudaLaunchKernel,216,41,0
cudaLaunchKernel,272,40,0
cudaLaunchKernel,128,41,0
cudaLaunchKernel,216,40,0
cudaLaunchKernel,164,40,0
cudaLaunchKernel,128,39,0
cudaLaunchKernel,216,40,0
cudaLaunchKernel,128,39,0
cudaLaunchKernel,216,44,0
cudaLaunchKernel,164,39,0
cudaLaunchKernel,252,39,0
cudaOccupancyMaxActiveBlocksPerMultiprocessorWithFlags,36,40,0
cudaLaunchKernel,264,41,0
cudaLaunchKernel,84,40,0
cudaLaunchKernel,128,39,0
cudaLaunchKernel,216,41,0
cudaLaunchKernel,272,38,0
cudaLaunchKernel,128,37,0
cudaLaunchKernel,216,44,0
cudaLaunchKernel,128,45,0
cudaLaunchKernel,216,41,0
cudaLaunchKernel,272,39,0
cudaLaunchKernel,128,41,0
cudaLaunchKernel,216,42,0
cudaLaunchKernel,164,40,0
cudaLaunchKernel,128,40,0
cudaLaunchKernel,216,41,0
cudaLaunchKernel,128,39,0
cudaLaunchKernel,216,42,0
cudaLaunchKernel,164,39,0
cudaLaunchKernel,252,41,0
cudaOccupancyMaxActiveBlocksPerMultiprocessorWithFlags,36,38,0
cudaLaunchKernel,264,41,0
cudaLaunchKernel,84,40,0
cudaLaunchKernel,128,39,0
cudaLaunchKernel,216,40,0
cudaLaunchKernel,272,41,0
cudaLaunchKernel,128,41,0
cudaLaunchKernel,216,39,0
cudaLaunchKernel,128,41,0
cudaLaunchKernel,216,41,0
cudaLaunchKernel,272,40,0
cudaLaunchKernel,128,40,0
cudaLaunchKernel,216,40,0
cudaLaunchKernel,164,40,0
cudaLaunchKernel,128,39,0
cudaLaunchKernel,216,39,0
cudaLaunchKernel,128,45,0
cudaLaunchKernel,216,42,0
cudaLaunchKernel,164,41,0
cudaLaunchKernel,252,41,0
cudaOccupancyMaxActiveBlocksPerMultiprocessorWithFlags,36,40,0
cudaLaunchKernel,264,40,0
cudaLaunchKernel,84,40,0
cudaLaunchKernel,128,40,0
cudaLaunchKernel,216,41,0
cudaLaunchKernel,272,39,0
cudaLaunchKernel,128,42,0
cudaLaunchKernel,216,39,0
cudaLaunchKernel,128,40,0
cudaLaunchKernel,216,40,0
cudaLaunchKernel,272,40,0
cudaLaunchKernel,128,40,0
cudaLaunchKernel,216,40,0
cudaLaunchKernel,164,39,0
cudaLaunchKernel,128,40,0
cudaLaunchKernel,216,43,0
cudaLaunchKernel,128,40,0
cudaLaunchKernel,216,40,0
cudaLaunchKernel,164,42,0
cudaLaunchKernel,252,41,0
cudaOccupancyMaxActiveBlocksPerMultiprocessorWithFlags,36,39,0
cudaLaunchKernel,264,41,0
cudaLaunchKernel,84,41,0
cudaLaunchKernel,128,40,0
cudaLaunchKernel,216,40,0
cudaLaunchKernel,272,44,0
cudaLaunchKernel,128,39,0
cudaLaunchKernel,216,42,0
cudaLaunchKernel,128,41,0
cudaLaunchKernel,216,41,0
cudaLaunchKernel,272,39,0
cudaLaunchKernel,128,39,0
cudaLaunchKernel,216,41,0
cudaLaunchKernel,164,40,0
cudaLaunchKernel,128,39,0
cudaLaunchKernel,216,42,0
cudaLaunchKernel,128,39,0
cudaLaunchKernel,216,40,0
cudaLaunchKernel,164,40,0
cudaLaunchKernel,252,41,0
cudaOccupancyMaxActiveBlocksPerMultiprocessorWithFlags,36,39,0
cudaLaunchKernel,264,42,0
cudaLaunchKernel,84,40,0
cudaLaunchKernel,128,39,0
cudaLaunchKernel,216,50,0
cudaLaunchKernel,272,43,0
cudaLaunchKernel,128,42,0
cudaLaunchKernel,216,39,0
cudaLaunchKernel,128,41,0
cudaLaunchKernel,216,41,0
cudaLaunchKernel,272,39,0
cudaLaunchKernel,128,40,0
cudaLaunchKernel,216,41,0
cudaLaunchKernel,164,42,0
cudaLaunchKernel,128,44,0
cudaLaunchKernel,216,42,0
cudaLaunchKernel,128,38,0
cudaLaunchKernel,216,43,0
cudaLaunchKernel,164,35,0
cudaLaunchKernel,252,42,0
cudaOccupancyMaxActiveBlocksPerMultiprocessorWithFlags,36,37,0
cudaLaunchKernel,264,43,0
cudaLaunchKernel,84,39,0
cudaLaunchKernel,128,40,0
cudaLaunchKernel,216,42,0
cudaLaunchKernel,272,39,0
cudaLaunchKernel,128,41,0
cudaLaunchKernel,216,39,0
cudaLaunchKernel,128,40,0
cudaLaunchKernel,216,43,0
cudaLaunchKernel,272,39,0
cudaLaunchKernel,128,40,0
cudaLaunchKernel,216,41,0
cudaLaunchKernel,164,44,0
cudaLaunchKernel,128,42,0
cudaLaunchKernel,216,42,0
cudaLaunchKernel,128,39,0
cudaLaunchKernel,216,41,0
cudaLaunchKernel,164,40,0
cudaLaunchKernel,252,40,0
cudaOccupancyMaxActiveBlocksPerMultiprocessorWithFlags,36,38,0
cudaLaunchKernel,264,40,0
cudaLaunchKernel,84,41,0
cudaLaunchKernel,128,43,0
cudaLaunchKernel,216,41,0
cudaLaunchKernel,272,40,0
cudaLaunchKernel,128,40,0
cudaLaunchKernel,216,40,0
cudaLaunchKernel,128,40,0
cudaLaunchKernel,216,40,0
cudaLaunchKernel,272,38,0
cudaLaunchKernel,128,39,0
cudaLaunchKernel,216,46,0
cudaLaunchKernel,164,41,0
cudaLaunchKernel,128,40,0
cudaLaunchKernel,216,40,0
cudaLaunchKernel,128,40,0
cudaLaunchKernel,216,40,0
cudaLaunchKernel,164,41,0
cudaLaunchKernel,252,41,0
cudaOccupancyMaxActiveBlocksPerMultiprocessorWithFlags,36,38,0
cudaLaunchKernel,264,40,0
cudaLaunchKernel,84,44,0
cudaLaunchKernel,128,39,0
cudaLaunchKernel,216,41,0
cudaLaunchKernel,272,40,0
cudaLaunchKernel,128,39,0
cudaLaunchKernel,216,42,0
cudaLaunchKernel,128,40,0
cudaLaunchKernel,216,43,0
cudaLaunchKernel,272,39,0
cudaLaunchKernel,128,39,0
cudaLaunchKernel,216,44,0
cudaLaunchKernel,164,39,0
cudaLaunchKernel,128,39,0
cudaLaunchKernel,216,40,0
cudaLaunchKernel,128,41,0
cudaLaunchKernel,216,38,0
cudaLaunchKernel,164,41,0
cudaLaunchKernel,252,55,0
cudaOccupancyMaxActiveBlocksPerMultiprocessorWithFlags,36,37,0
cudaLaunchKernel,264,43,0
cudaLaunchKernel,84,41,0
cudaLaunchKernel,128,40,0
cudaLaunchKernel,216,41,0
cudaLaunchKernel,272,39,0
cudaLaunchKernel,128,40,0
cudaLaunchKernel,216,40,0
cudaLaunchKernel,128,40,0
cudaLaunchKernel,216,41,0
cudaLaunchKernel,272,39,0
cudaLaunchKernel,128,43,0
cudaLaunchKernel,216,41,0
cudaLaunchKernel,164,39,0
cudaLaunchKernel,128,41,0
cudaLaunchKernel,216,41,0
cudaLaunchKernel,128,42,0
cudaLaunchKernel,216,41,0
cudaLaunchKernel,164,39,0
cudaLaunchKernel,252,40,0
cudaOccupancyMaxActiveBlocksPerMultiprocessorWithFlags,36,40,0
cudaLaunchKernel,264,41,0
cudaLaunchKernel,84,42,0
cudaLaunchKernel,128,39,0
cudaLaunchKernel,216,39,0
cudaLaunchKernel,272,41,0
cudaLaunchKernel,128,39,0
cudaLaunchKernel,216,40,0
cudaLaunchKernel,128,38,0
cudaLaunchKernel,216,40,0
cudaLaunchKernel,272,43,0
cudaLaunchKernel,128,38,0
cudaLaunchKernel,216,40,0
cudaLaunchKernel,164,40,0
cudaLaunchKernel,128,40,0
cudaLaunchKernel,216,41,0
cudaLaunchKernel,128,39,0
cudaLaunchKernel,216,38,0
cudaLaunchKernel,164,39,0
cudaLaunchKernel,252,39,0
cudaOccupancyMaxActiveBlocksPerMultiprocessorWithFlags,36,39,0
cudaLaunchKernel,264,40,0
cudaLaunchKernel,84,41,0
cudaLaunchKernel,128,41,0
cudaLaunchKernel,216,41,0
cudaLaunchKernel,272,42,0
cudaLaunchKernel,128,41,0
cudaLaunchKernel,216,40,0
cudaLaunchKernel,128,39,0
cudaLaunchKernel,216,42,0
cudaLaunchKernel,272,44,0
cudaLaunchKernel,128,40,0
cudaLaunchKernel,216,41,0
cudaLaunchKernel,164,41,0
cudaLaunchKernel,128,39,0
cudaLaunchKernel,216,40,0
cudaLaunchKernel,128,38,0
cudaLaunchKernel,216,41,0
cudaLaunchKernel,164,39,0
cudaLaunchKernel,252,43,0
cudaOccupancyMaxActiveBlocksPerMultiprocessorWithFlags,36,38,0
cudaLaunchKernel,264,41,0
cudaLaunchKernel,84,40,0
cudaLaunchKernel,128,40,0
cudaLaunchKernel,216,41,0
cudaLaunchKernel,272,42,0
cudaLaunchKernel,128,37,0
cudaLaunchKernel,216,41,0
cudaLaunchKernel,128,41,0
cudaLaunchKernel,216,44,0
cudaLaunchKernel,272,41,0
cudaLaunchKernel,128,40,0
cudaLaunchKernel,216,41,0
cudaLaunchKernel,164,41,0
cudaLaunchKernel,128,40,0
cudaLaunchKernel,216,46,0
cudaLaunchKernel,128,40,0
cudaLaunchKernel,216,39,0
cudaLaunchKernel,164,40,0
cudaLaunchKernel,252,42,0
cudaOccupancyMaxActiveBlocksPerMultiprocessorWithFlags,36,40,0
cudaLaunchKernel,264,40,0
cudaLaunchKernel,84,42,0
cudaLaunchKernel,128,40,0
cudaLaunchKernel,216,40,0
cudaLaunchKernel,272,40,0
cudaLaunchKernel,128,41,0
cudaLaunchKernel,216,41,0
cudaLaunchKernel,128,43,0
cudaLaunchKernel,216,43,0
cudaLaunchKernel,272,40,0
cudaLaunchKernel,128,41,0
cudaLaunchKernel,216,40,0
cudaLaunchKernel,164,44,0
cudaLaunchKernel,128,39,0
cudaLaunchKernel,216,42,0
cudaLaunchKernel,128,41,0
cudaLaunchKernel,216,39,0
cudaLaunchKernel,164,42,0
cudaLaunchKernel,252,39,0
cudaOccupancyMaxActiveBlocksPerMultiprocessorWithFlags,36,38,0
cudaLaunchKernel,264,41,0
cudaLaunchKernel,84,41,0
cudaLaunchKernel,128,42,0
cudaLaunchKernel,216,40,0
cudaLaunchKernel,272,40,0
cudaLaunchKernel,128,38,0
cudaLaunchKernel,216,41,0
cudaLaunchKernel,128,44,0
cudaLaunchKernel,216,42,0
cudaLaunchKernel,272,40,0
cudaLaunchKernel,128,39,0
cudaLaunchKernel,216,40,0
cudaLaunchKernel,164,39,0
cudaLaunchKernel,128,41,0
cudaLaunchKernel,216,39,0
cudaLaunchKernel,128,42,0
cudaLaunchKernel,216,43,0
cudaLaunchKernel,164,40,0
cudaLaunchKernel,252,42,0
cudaOccupancyMaxActiveBlocksPerMultiprocessorWithFlags,36,38,0
cudaLaunchKernel,264,41,0
cudaLaunchKernel,84,43,0
cudaLaunchKernel,128,39,0
cudaLaunchKernel,216,43,0
cudaLaunchKernel,272,39,0
cudaLaunchKernel,128,40,0
cudaLaunchKernel,216,41,0
cudaLaunchKernel,128,42,0
cudaLaunchKernel,216,41,0
cudaLaunchKernel,272,41,0
cudaLaunchKernel,128,41,0
cudaLaunchKernel,216,41,0
cudaLaunchKernel,164,39,0
cudaLaunchKernel,128,41,0
cudaLaunchKernel,216,39,0
cudaLaunchKernel,128,43,0
cudaLaunchKernel,216,40,0
cudaLaunchKernel,164,40,0
cudaLaunchKernel,252,40,0
cudaOccupancyMaxActiveBlocksPerMultiprocessorWithFlags,36,38,0
cudaLaunchKernel,264,41,0
cudaLaunchKernel,84,41,0
cudaLaunchKernel,128,40,0
cudaLaunchKernel,216,39,0
cudaLaunchKernel,272,42,0
cudaLaunchKernel,128,41,0
cudaLaunchKernel,216,42,0
cudaLaunchKernel,128,37,0
cudaLaunchKernel,216,39,0
cudaLaunchKernel,272,47,0
cudaLaunchKernel,128,41,0
cudaLaunchKernel,216,39,0
cudaLaunchKernel,164,39,0
cudaLaunchKernel,128,39,0
cudaLaunchKernel,216,41,0
cudaLaunchKernel,128,45,0
cudaLaunchKernel,216,40,0
cudaLaunchKernel,164,42,0
cudaLaunchKernel,252,40,0
cudaOccupancyMaxActiveBlocksPerMultiprocessorWithFlags,36,38,0
cudaLaunchKernel,264,40,0
cudaLaunchKernel,84,41,0
cudaLaunchKernel,128,40,0
cudaLaunchKernel,216,41,0
cudaLaunchKernel,184,43,0
cudaLaunchKernel,184,39,0
cudaLaunchKernel,208,39,0
cudaLaunchKernel,272,40,0
cudaLaunchKernel,128,40,0
cudaLaunchKernel,216,41,0
cudaLaunchKernel,128,40,0
cudaLaunchKernel,216,40,0
cudaLaunchKernel,272,39,0
cudaLaunchKernel,128,41,0
cudaLaunchKernel,216,44,0
cudaMemcpyAsync,37,124,0
cudaStreamSynchronize,8,32,0
cudaStreamSynchronize,8,23,0
cudaStreamSynchronize,8,40,0
cudaMemcpyAsync,8228,46,0
cudaStreamSynchronize,8,42,0
cudaStreamSynchronize,8,42,0
cudaMemcpyAsync,40,39,0
cudaStreamSynchronize,8,42,0
cudaStreamSynchronize,8,40,0
cudaMemcpyAsync,44,40,0
cudaStreamSynchronize,8,41,0
cudaStreamSynchronize,8,43,0
cudaMemcpyAsync,44,41,0
cudaStreamSynchronize,8,43,0
cudaStreamSynchronize,8,40,0
cudaMemcpyAsync,548,40,0
cudaStreamSynchronize,8,42,0
cudaStreamSynchronize,8,39,0
cudaMemcpyAsync,40,40,0
cudaStreamSynchronize,8,43,0
cudaLaunchKernel,272,40,0
cudaLaunchKernel,128,40,0
cudaLaunchKernel,216,40,0
cudaLaunchKernel,164,41,0
cudaLaunchKernel,128,40,0
cudaLaunchKernel,216,41,0
cudaLaunchKernel,128,40,0
cudaLaunchKernel,216,40,0
cudaLaunchKernel,164,39,0
cudaLaunchKernel,252,40,0
cudaOccupancyMaxActiveBlocksPerMultiprocessorWithFlags,36,37,0
cudaLaunchKernel,264,40,0
cudaLaunchKernel,84,40,0
cudaLaunchKernel,128,45,0
cudaLaunchKernel,216,42,0
cudaLaunchKernel,272,40,0
cudaLaunchKernel,128,41,0
cudaLaunchKernel,216,41,0
cudaLaunchKernel,128,41,0
cudaLaunchKernel,216,39,0
cudaLaunchKernel,272,42,0
cudaLaunchKernel,128,40,0
cudaLaunchKernel,216,38,0
cudaLaunchKernel,164,40,0
cudaLaunchKernel,128,39,0
cudaLaunchKernel,216,39,0
cudaLaunchKernel,128,42,0
cudaLaunchKernel,216,42,0
cudaLaunchKernel,164,40,0
cudaLaunchKernel,252,45,0
cudaOccupancyMaxActiveBlocksPerMultiprocessorWithFlags,36,38,0
cudaLaunchKernel,264,40,0
cudaLaunchKernel,84,44,0
cudaLaunchKernel,128,41,0
cudaLaunchKernel,216,42,0
cudaLaunchKernel,272,40,0
cudaLaunchKernel,128,40,0
cudaLaunchKernel,216,41,0
cudaLaunchKernel,128,40,0
cudaLaunchKernel,216,41,0
cudaLaunchKernel,272,42,0
cudaLaunchKernel,128,40,0
cudaLaunchKernel,216,42,0
cudaLaunchKernel,164,40,0
cudaLaunchKernel,128,43,0
cudaLaunchKernel,216,41,0
cudaLaunchKernel,128,43,0
cudaLaunchKernel,216,40,0
cudaLaunchKernel,164,41,0
cudaLaunchKernel,252,40,0
cudaOccupancyMaxActiveBlocksPerMultiprocessorWithFlags,36,37,0
cudaLaunchKernel,264,40,0
cudaLaunchKernel,84,44,0
cudaLaunchKernel,128,39,0
cudaLaunchKernel,216,40,0
cudaLaunchKernel,272,40,0
cudaLaunchKernel,128,41,0
cudaLaunchKernel,216,40,0
cudaLaunchKernel,128,39,0
cudaLaunchKernel,216,43,0
cudaLaunchKernel,272,39,0
cudaLaunchKernel,128,42,0
cudaLaunchKernel,216,42,0
cudaLaunchKernel,164,42,0
cudaLaunchKernel,128,41,0
cudaLaunchKernel,216,40,0
cudaLaunchKernel,128,40,0
cudaLaunchKernel,216,41,0
cudaLaunchKernel,164,39,0
cudaLaunchKernel,252,39,0
cudaOccupancyMaxActiveBlocksPerMultiprocessorWithFlags,36,38,0
cudaLaunchKernel,264,42,0
cudaLaunchKernel,84,40,0
cudaLaunchKernel,128,42,0
cudaLaunchKernel,216,42,0
cudaLaunchKernel,272,41,0
cudaLaunchKernel,128,39,0
cudaLaunchKernel,216,43,0
cudaLaunchKernel,128,39,0
cudaLaunchKernel,216,41,0
cudaLaunchKernel,272,40,0
cudaLaunchKernel,128,40,0
cudaLaunchKernel,216,41,0
cudaLaunchKernel,164,41,0
cudaLaunchKernel,128,40,0
cudaLaunchKernel,216,40,0
cudaLaunchKernel,128,42,0
cudaLaunchKernel,216,40,0
cudaLaunchKernel,164,42,0
cudaLaunchKernel,252,40,0
cudaOccupancyMaxActiveBlocksPerMultiprocessorWithFlags,36,41,0
cudaLaunchKernel,264,40,0
cudaLaunchKernel,84,41,0
cudaLaunchKernel,128,40,0
cudaLaunchKernel,216,41,0
cudaLaunchKernel,272,40,0
cudaLaunchKernel,128,40,0
cudaLaunchKernel,216,41,0
cudaLaunchKernel,128,40,0
cudaLaunchKernel,216,39,0
cudaLaunchKernel,272,41,0
cudaLaunchKernel,128,39,0
cudaLaunchKernel,216,40,0
cudaLaunchKernel,164,39,0
cudaLaunchKernel,128,47,0
cudaLaunchKernel,216,43,0
cudaLaunchKernel,128,40,0
cudaLaunchKernel,216,39,0
cudaLaunchKernel,164,41,0
cudaLaunchKernel,252,42,0
cudaOccupancyMaxActiveBlocksPerMultiprocessorWithFlags,36,36,0
cudaLaunchKernel,264,39,0
cudaLaunchKernel,84,41,0
cudaLaunchKernel,128,40,0
cudaLaunchKernel,216,41,0
cudaLaunchKernel,272,41,0
cudaLaunchKernel,128,39,0
cudaLaunchKernel,216,41,0
cudaLaunchKernel,128,39,0
cudaLaunchKernel,216,43,0
cudaLaunchKernel,272,42,0
cudaLaunchKernel,128,41,0
cudaLaunchKernel,216,41,0
cudaLaunchKernel,164,41,0
cudaLaunchKernel,128,40,0
cudaLaunchKernel,216,37,0
cudaLaunchKernel,128,41,0
cudaLaunchKernel,216,41,0
cudaLaunchKernel,164,39,0
cudaLaunchKernel,252,43,0
cudaOccupancyMaxActiveBlocksPerMultiprocessorWithFlags,36,37,0
cudaLaunchKernel,264,40,0
cudaLaunchKernel,84,40,0
cudaLaunchKernel,128,41,0
cudaLaunchKernel,216,40,0
cudaLaunchKernel,272,40,0
cudaLaunchKernel,128,42,0
cudaLaunchKernel,216,38,0
cudaLaunchKernel,128,44,0
cudaLaunchKernel,216,41,0
cudaLaunchKernel,272,39,0
cudaLaunchKernel,128,41,0
cudaLaunchKernel,216,40,0
cudaLaunchKernel,164,40,0
cudaLaunchKernel,128,40,0
cudaLaunchKernel,216,41,0
cudaLaunchKernel,128,38,0
cudaLaunchKernel,216,40,0
cudaLaunchKernel,164,43,0
cudaLaunchKernel,252,41,0
cudaOccupancyMaxActiveBlocksPerMultiprocessorWithFlags,36,38,0
cudaLaunchKernel,264,40,0
cudaLaunchKernel,84,43,0
cudaLaunchKernel,128,39,0
cudaLaunchKernel,216,41,0
cudaLaunchKernel,272,40,0
cudaLaunchKernel,128,39,0
cudaLaunchKernel,216,42,0
cudaLaunchKernel,128,43,0
cudaLaunchKernel,216,41,0
cudaLaunchKernel,272,41,0
cudaLaunchKernel,128,42,0
cudaLaunchKernel,216,40,0
cudaLaunchKernel,164,38,0
cudaLaunchKernel,128,39,0
cudaLaunchKernel,216,43,0
cudaLaunchKernel,128,38,0
cudaLaunchKernel,216,42,0
cudaLaunchKernel,164,39,0
cudaLaunchKernel,252,41,0
cudaOccupancyMaxActiveBlocksPerMultiprocessorWithFlags,36,39,0
cudaLaunchKernel,264,39,0
cudaLaunchKernel,84,41,0
cudaLaunchKernel,128,39,0
cudaLaunchKernel,216,40,0
cudaLaunchKernel,272,40,0
cudaLaunchKernel,128,40,0
cudaLaunchKernel,216,44,0
cudaLaunchKernel,128,36,0
cudaLaunchKernel,216,41,0
cudaLaunchKernel,272,45,0
cudaLaunchKernel,128,41,0
cudaLaunchKernel,216,41,0
cudaLaunchKernel,164,39,0
cudaLaunchKernel,128,43,0
cudaLaunchKernel,216,42,0
cudaLaunchKernel,128,42,0
cudaLaunchKernel,216,41,0
cudaLaunchKernel,164,39,0
cudaLaunchKernel,252,40,0
cudaOccupancyMaxActiveBlocksPerMultiprocessorWithFlags,36,38,0
cudaLaunchKernel,264,40,0
cudaLaunchKernel,84,41,0
cudaLaunchKernel,128,40,0
cudaLaunchKernel,216,42,0
cudaLaunchKernel,272,39,0
cudaLaunchKernel,128,43,0
cudaLaunchKernel,216,43,0
cudaLaunchKernel,128,40,0
cudaLaunchKernel,216,40,0
cudaLaunchKernel,272,39,0
cudaLaunchKernel,128,40,0
cudaLaunchKernel,216,41,0
cudaLaunchKernel,164,40,0
cudaLaunchKernel,128,40,0
cudaLaunchKernel,216,41,0
cudaLaunchKernel,128,43,0
cudaLaunchKernel,216,39,0
cudaLaunchKernel,164,40,0
cudaLaunchKernel,252,39,0
cudaOccupancyMaxActiveBlocksPerMultiprocessorWithFlags,36,37,0
cudaLaunchKernel,264,39,0
cudaLaunchKernel,84,40,0
cudaLaunchKernel,128,38,0
cudaLaunchKernel,216,41,0
cudaLaunchKernel,272,43,0
cudaLaunchKernel,128,48,0
cudaLaunchKernel,216,38,0
cudaLaunchKernel,128,42,0
cudaLaunchKernel,216,40,0
cudaLaunchKernel,272,41,0
cudaLaunchKernel,128,42,0
cudaLaunchKernel,216,41,0
cudaLaunchKernel,164,40,0
cudaLaunchKernel,128,41,0
cudaLaunchKernel,216,43,0
cudaLaunchKernel,128,40,0
cudaLaunchKernel,216,42,0
cudaLaunchKernel,164,39,0
cudaLaunchKernel,252,41,0
cudaOccupancyMaxActiveBlocksPerMultiprocessorWithFlags,36,39,0
cudaLaunchKernel,264,39,0
cudaLaunchKernel,84,41,0
cudaLaunchKernel,128,40,0
cudaLaunchKernel,216,40,0
cudaLaunchKernel,272,43,0
cudaLaunchKernel,128,40,0
cudaLaunchKernel,216,40,0
cudaLaunchKernel,128,39,0
cudaLaunchKernel,216,41,0
cudaLaunchKernel,272,39,0
cudaLaunchKernel,128,41,0
cudaLaunchKernel,216,41,0
cudaLaunchKernel,164,41,0
cudaLaunchKernel,128,43,0
cudaLaunchKernel,216,39,0
cudaLaunchKernel,128,40,0
cudaLaunchKernel,216,42,0
cudaLaunchKernel,164,40,0
cudaLaunchKernel,252,39,0
cudaOccupancyMaxActiveBlocksPerMultiprocessorWithFlags,36,39,0
cudaLaunchKernel,264,40,0
cudaLaunchKernel,84,39,0
cudaLaunchKernel,128,39,0
cudaLaunchKernel,216,43,0
cudaLaunchKernel,272,40,0
cudaLaunchKernel,128,47,0
cudaLaunchKernel,216,41,0
cudaLaunchKernel,128,40,0
cudaLaunchKernel,216,40,0
cudaLaunchKernel,272,39,0
cudaLaunchKernel,128,39,0
cudaLaunchKernel,216,39,0
cudaLaunchKernel,164,39,0
cudaLaunchKernel,128,44,0
cudaLaunchKernel,216,40,0
cudaLaunchKernel,128,39,0
cudaLaunchKernel,216,40,0
cudaLaunchKernel,164,40,0
cudaLaunchKernel,252,39,0
cudaOccupancyMaxActiveBlocksPerMultiprocessorWithFlags,36,38,0
cudaLaunchKernel,264,40,0
cudaLaunchKernel,84,40,0
cudaLaunchKernel,128,43,0
cudaLaunchKernel,216,40,0
cudaLaunchKernel,272,40,0
cudaLaunchKernel,128,42,0
cudaLaunchKernel,216,40,0
cudaLaunchKernel,128,39,0
cudaLaunchKernel,216,44,0
cudaLaunchKernel,272,41,0
cudaLaunchKernel,128,40,0
cudaLaunchKernel,216,39,0
cudaLaunchKernel,164,42,0
cudaLaunchKernel,128,38,0
cudaLaunchKernel,216,41,0
cudaLaunchKernel,128,39,0
cudaLaunchKernel,216,41,0
cudaLaunchKernel,164,40,0
cudaLaunchKernel,252,39,0
cudaOccupancyMaxActiveBlocksPerMultiprocessorWithFlags,36,40,0
cudaLaunchKernel,264,41,0
cudaLaunchKernel,84,43,0
cudaLaunchKernel,128,43,0
cudaLaunchKernel,216,40,0
cudaLaunchKernel,272,41,0
cudaLaunchKernel,128,39,0
cudaLaunchKernel,216,40,0
cudaLaunchKernel,128,40,0
cudaLaunchKernel,216,41,0
cudaLaunchKernel,272,40,0
cudaLaunchKernel,128,42,0
cudaLaunchKernel,216,44,0
cudaLaunchKernel,164,41,0
cudaLaunchKernel,128,40,0
cudaLaunchKernel,216,41,0
cudaLaunchKernel,128,39,0
cudaLaunchKernel,216,39,0
cudaLaunchKernel,164,43,0
cudaLaunchKernel,252,40,0
cudaOccupancyMaxActiveBlocksPerMultiprocessorWithFlags,36,37,0
cudaLaunchKernel,264,40,0
cudaLaunchKernel,84,44,0
cudaLaunchKernel,128,40,0
cudaLaunchKernel,216,40,0
cudaLaunchKernel,272,40,0
cudaLaunchKernel,128,40,0
cudaLaunchKernel,216,41,0
cudaLaunchKernel,128,42,0
cudaLaunchKernel,216,41,0
cudaLaunchKernel,272,41,0
cudaLaunchKernel,128,41,0
cudaLaunchKernel,216,41,0
cudaLaunchKernel,164,41,0
cudaLaunchKernel,128,42,0
cudaLaunchKernel,216,40,0
cudaLaunchKernel,128,40,0
cudaLaunchKernel,216,40,0
cudaLaunchKernel,164,42,0
cudaLaunchKernel,252,36,0
cudaOccupancyMaxActiveBlocksPerMultiprocessorWithFlags,36,37,0
cudaLaunchKernel,264,48,0
cudaLaunchKernel,84,40,0
cudaLaunchKernel,128,42,0
cudaLaunchKernel,216,40,0
cudaLaunchKernel,272,39,0
cudaLaunchKernel,128,40,0
cudaLaunchKernel,216,42,0
cudaLaunchKernel,128,41,0
cudaLaunchKernel,216,41,0
cudaLaunchKernel,272,40,0
cudaLaunchKernel,128,43,0
cudaLaunchKernel,216,44,0
cudaLaunchKernel,164,40,0
cudaLaunchKernel,128,40,0
cudaLaunchKernel,216,41,0
cudaLaunchKernel,128,41,0
cudaLaunchKernel,216,41,0
cudaLaunchKernel,164,40,0
cudaLaunchKernel,252,40,0
cudaOccupancyMaxActiveBlocksPerMultiprocessorWithFlags,36,36,0
cudaLaunchKernel,264,41,0
cudaLaunchKernel,84,41,0
cudaLaunchKernel,128,41,0
cudaLaunchKernel,216,40,0
cudaLaunchKernel,272,40,0
cudaLaunchKernel,128,40,0
cudaLaunchKernel,216,40,0
cudaLaunchKernel,128,41,0
cudaLaunchKernel,216,40,0
cudaLaunchKernel,272,41,0
cudaLaunchKernel,128,41,0
cudaLaunchKernel,216,41,0
cudaLaunchKernel,164,40,0
cudaLaunchKernel,128,40,0
cudaLaunchKernel,216,38,0
cudaLaunchKernel,128,39,0
cudaLaunchKernel,216,41,0
cudaLaunchKernel,164,39,0
cudaLaunchKernel,252,40,0
cudaOccupancyMaxActiveBlocksPerMultiprocessorWithFlags,36,40,0
cudaLaunchKernel,264,40,0
cudaLaunchKernel,84,40,0
cudaLaunchKernel,128,40,0
cudaLaunchKernel,216,40,0
cudaLaunchKernel,272,41,0
cudaLaunchKernel,128,41,0
cudaLaunchKernel,216,40,0
cudaLaunchKernel,128,38,0
cudaLaunchKernel,216,42,0
cudaLaunchKernel,272,40,0
cudaLaunchKernel,128,39,0
cudaLaunchKernel,216,41,0
cudaLaunchKernel,164,40,0
cudaLaunchKernel,128,38,0
cudaLaunchKernel,216,40,0
cudaLaunchKernel,128,41,0
cudaLaunchKernel,216,42,0
cudaLaunchKernel,164,41,0
cudaLaunchKernel,252,41,0
cudaOccupancyMaxActiveBlocksPerMultiprocessorWithFlags,36,38,0
cudaLaunchKernel,264,40,0
cudaLaunchKernel,84,41,0
cudaLaunchKernel,128,41,0
cudaLaunchKernel,216,43,0
cudaLaunchKernel,272,40,0
cudaLaunchKernel,128,39,0
cudaLaunchKernel,216,39,0
cudaLaunchKernel,128,42,0
cudaLaunchKernel,216,45,0
cudaLaunchKernel,272,41,0
cudaLaunchKernel,128,40,0
cudaLaunchKernel,216,41,0
cudaLaunchKernel,164,40,0
cudaLaunchKernel,128,40,0
cudaLaunchKernel,216,41,0
cudaLaunchKernel,128,41,0
cudaLaunchKernel,216,51,0
cudaLaunchKernel,164,42,0
cudaLaunchKernel,252,39,0
cudaOccupancyMaxActiveBlocksPerMultiprocessorWithFlags,36,41,0
cudaLaunchKernel,264,39,0
cudaLaunchKernel,84,41,0
cudaLaunchKernel,128,40,0
cudaLaunchKernel,216,39,0
cudaLaunchKernel,272,39,0
cudaLaunchKernel,128,39,0
cudaLaunchKernel,216,40,0
cudaLaunchKernel,128,43,0
cudaLaunchKernel,216,40,0
cudaLaunchKernel,272,41,0
cudaLaunchKernel,128,41,0
cudaLaunchKernel,216,41,0
cudaLaunchKernel,164,38,0
cudaLaunchKernel,128,42,0
cudaLaunchKernel,216,41,0
cudaLaunchKernel,128,39,0
cudaLaunchKernel,216,40,0
cudaLaunchKernel,164,42,0
cudaLaunchKernel,252,41,0
cudaOccupancyMaxActiveBlocksPerMultiprocessorWithFlags,36,38,0
cudaLaunchKernel,264,40,0
cudaLaunchKernel,84,39,0
cudaLaunchKernel,128,41,0
cudaLaunchKernel,216,43,0
cudaLaunchKernel,184,38,0
cudaLaunchKernel,184,41,0
cudaLaunchKernel,208,40,0
cudaLaunchKernel,272,39,0
cudaLaunchKernel,128,39,0
cudaLaunchKernel,216,40,0
cudaLaunchKernel,128,38,0
cudaLaunchKernel,216,41,0
cudaLaunchKernel,272,41,0
cudaLaunchKernel,128,44,0
cudaLaunchKernel,216,39,0
cudaMemcpyAsync,37,125,0
cudaStreamSynchronize,8,32,0
cudaStreamSynchronize,8,25,0
cudaStreamSynchronize,8,42,0
cudaMemcpyAsync,8228,47,0
cudaStreamSynchronize,8,42,0
cudaStreamSynchronize,8,40,0
cudaMemcpyAsync,40,39,0
cudaStreamSynchronize,8,42,0
cudaStreamSynchronize,8,40,0
cudaMemcpyAsync,44,40,0
cudaStreamSynchronize,8,42,0
cudaStreamSynchronize,8,42,0
cudaMemcpyAsync,44,38,0
cudaStreamSynchronize,8,44,0
cudaStreamSynchronize,8,43,0
cudaMemcpyAsync,548,39,0
cudaStreamSynchronize,8,40,0
cudaStreamSynchronize,8,43,0
cudaMemcpyAsync,40,39,0
cudaStreamSynchronize,8,42,0
cudaLaunchKernel,272,43,0
cudaLaunchKernel,128,41,0
cudaLaunchKernel,216,40,0
cudaLaunchKernel,164,39,0
cudaLaunchKernel,128,39,0
cudaLaunchKernel,216,44,0
cudaLaunchKernel,128,40,0
cudaLaunchKernel,216,40,0
cudaLaunchKernel,164,39,0
cudaLaunchKernel,252,41,0
cudaOccupancyMaxActiveBlocksPerMultiprocessorWithFlags,36,39,0
cudaLaunchKernel,264,43,0
cudaLaunchKernel,84,40,0
cudaLaunchKernel,128,39,0
cudaLaunchKernel,216,40,0
cudaLaunchKernel,272,42,0
cudaLaunchKernel,128,43,0
cudaLaunchKernel,216,40,0
cudaLaunchKernel,128,40,0
cudaLaunchKernel,216,39,0
cudaLaunchKernel,272,40,0
cudaLaunchKernel,128,39,0
cudaLaunchKernel,216,37,0
cudaLaunchKernel,164,38,0
cudaLaunchKernel,128,42,0
cudaLaunchKernel,216,40,0
cudaLaunchKernel,128,40,0
cudaLaunchKernel,216,38,0
cudaLaunchKernel,164,41,0
cudaLaunchKernel,252,41,0
cudaOccupancyMaxActiveBlocksPerMultiprocessorWithFlags,36,37,0
cudaLaunchKernel,264,41,0
cudaLaunchKernel,84,40,0
cudaLaunchKernel,128,39,0
cudaLaunchKernel,216,43,0
cudaLaunchKernel,272,40,0
cudaLaunchKernel,128,39,0
cudaLaunchKernel,216,41,0
cudaLaunchKernel,128,41,0
cudaLaunchKernel,216,40,0
cudaLaunchKernel,272,39,0
cudaLaunchKernel,128,41,0
cudaLaunchKernel,216,36,0
cudaLaunchKernel,164,40,0
cudaLaunchKernel,128,41,0
cudaLaunchKernel,216,40,0
cudaLaunchKernel,128,40,0
cudaLaunchKernel,216,41,0
cudaLaunchKernel,164,40,0
cudaLaunchKernel,252,40,0
cudaOccupancyMaxActiveBlocksPerMultiprocessorWithFlags,36,38,0
cudaLaunchKernel,264,40,0
cudaLaunchKernel,84,41,0
cudaLaunchKernel,128,42,0
cudaLaunchKernel,216,40,0
cudaLaunchKernel,272,39,0
cudaLaunchKernel,128,39,0
cudaLaunchKernel,216,41,0
cudaLaunchKernel,128,40,0
cudaLaunchKernel,216,40,0
cudaLaunchKernel,272,40,0
cudaLaunchKernel,128,40,0
cudaLaunchKernel,216,41,0
cudaLaunchKernel,164,43,0
cudaLaunchKernel,128,40,0
cudaLaunchKernel,216,42,0
cudaLaunchKernel,128,37,0
cudaLaunchKernel,216,39,0
cudaLaunchKernel,164,40,0
cudaLaunchKernel,252,41,0
cudaOccupancyMaxActiveBlocksPerMultiprocessorWithFlags,36,38,0
cudaLaunchKernel,264,40,0
cudaLaunchKernel,84,40,0
cudaLaunchKernel,128,42,0
cudaLaunchKernel,216,38,0
cudaLaunchKernel,272,40,0
cudaLaunchKernel,128,40,0
cudaLaunchKernel,216,39,0
cudaLaunchKernel,128,39,0
cudaLaunchKernel,216,40,0
cudaLaunchKernel,272,39,0
cudaLaunchKernel,128,39,0
cudaLaunchKernel,216,42,0
cudaLaunchKernel,164,39,0
cudaLaunchKernel,128,39,0
cudaLaunchKernel,216,39,0
cudaLaunchKernel,128,39,0
cudaLaunchKernel,216,40,0
cudaLaunchKernel,164,40,0
cudaLaunchKernel,252,40,0
cudaOccupancyMaxActiveBlocksPerMultiprocessorWithFlags,36,37,0
cudaLaunchKernel,264,39,0
cudaLaunchKernel,84,52,0
cudaLaunchKernel,128,39,0
cudaLaunchKernel,216,40,0
cudaLaunchKernel,272,39,0
cudaLaunchKernel,128,39,0
cudaLaunchKernel,216,39,0
cudaLaunchKernel,128,40,0
cudaLaunchKernel,216,40,0
cudaLaunchKernel,272,41,0
cudaLaunchKernel,128,40,0
cudaLaunchKernel,216,43,0
cudaLaunchKernel,164,41,0
cudaLaunchKernel,128,43,0
cudaLaunchKernel,216,39,0
cudaLaunchKernel,128,39,0
cudaLaunchKernel,216,40,0
cudaLaunchKernel,164,39,0
cudaLaunchKernel,252,39,0
cudaOccupancyMaxActiveBlocksPerMultiprocessorWithFlags,36,38,0
cudaLaunchKernel,264,42,0
cudaLaunchKernel,84,40,0
cudaLaunchKernel,128,41,0
cudaLaunchKernel,216,42,0
cudaLaunchKernel,272,40,0
cudaLaunchKernel,128,40,0
cudaLaunchKernel,216,40,0
cudaLaunchKernel,128,40,0
cudaLaunchKernel,216,39,0
cudaLaunchKernel,272,39,0
cudaLaunchKernel,128,44,0
cudaLaunchKernel,216,41,0
cudaLaunchKernel,164,39,0
cudaLaunchKernel,128,40,0
cudaLaunchKernel,216,43,0
cudaLaunchKernel,128,39,0
cudaLaunchKernel,216,41,0
cudaLaunchKernel,164,39,0
cudaLaunchKernel,252,38,0
cudaOccupancyMaxActiveBlocksPerMultiprocessorWithFlags,36,38,0
cudaLaunchKernel,264,42,0
cudaLaunchKernel,84,42,0
cudaLaunchKernel,128,39,0
cudaLaunchKernel,216,41,0
cudaLaunchKernel,272,41,0
cudaLaunchKernel,128,39,0
cudaLaunchKernel,216,41,0
cudaLaunchKernel,128,39,0
cudaLaunchKernel,216,40,0
cudaLaunchKernel,272,41,0
cudaLaunchKernel,128,40,0
cudaLaunchKernel,216,40,0
cudaLaunchKernel,164,39,0
cudaLaunchKernel,128,39,0
cudaLaunchKernel,216,40,0
cudaLaunchKernel,128,41,0
cudaLaunchKernel,216,40,0
cudaLaunchKernel,164,40,0
cudaLaunchKernel,252,41,0
cudaOccupancyMaxActiveBlocksPerMultiprocessorWithFlags,36,40,0
cudaLaunchKernel,264,41,0
cudaLaunchKernel,84,41,0
cudaLaunchKernel,128,39,0
cudaLaunchKernel,216,41,0
cudaLaunchKernel,272,40,0
cudaLaunchKernel,128,38,0
cudaLaunchKernel,216,40,0
cudaLaunchKernel,128,39,0
cudaLaunchKernel,216,39,0
cudaLaunchKernel,272,41,0
cudaLaunchKernel,128,41,0
cudaLaunchKernel,216,39,0
cudaLaunchKernel,164,39,0
cudaLaunchKernel,128,39,0
cudaLaunchKernel,216,40,0
cudaLaunchKernel,128,39,0
cudaLaunchKernel,216,41,0
cudaLaunchKernel,164,44,0
cudaLaunchKernel,252,46,0
cudaOccupancyMaxActiveBlocksPerMultiprocessorWithFlags,36,37,0
cudaLaunchKernel,264,39,0
cudaLaunchKernel,84,40,0
cudaLaunchKernel,128,41,0
cudaLaunchKernel,216,38,0
cudaLaunchKernel,272,41,0
cudaLaunchKernel,128,39,0
cudaLaunchKernel,216,41,0
cudaLaunchKernel,128,39,0
cudaLaunchKernel,216,42,0
cudaLaunchKernel,272,40,0
cudaLaunchKernel,128,41,0
cudaLaunchKernel,216,39,0
cudaLaunchKernel,164,42,0
cudaLaunchKernel,128,41,0
cudaLaunchKernel,216,41,0
cudaLaunchKernel,128,39,0
cudaLaunchKernel,216,41,0
cudaLaunchKernel,164,42,0
cudaLaunchKernel,252,40,0
cudaOccupancyMaxActiveBlocksPerMultiprocessorWithFlags,36,41,0
cudaLaunchKernel,264,39,0
cudaLaunchKernel,84,39,0
cudaLaunchKernel,128,39,0
cudaLaunchKernel,216,40,0
cudaLaunchKernel,272,41,0
cudaLaunchKernel,128,40,0
cudaLaunchKernel,216,41,0
cudaLaunchKernel,128,42,0
cudaLaunchKernel,216,40,0
cudaLaunchKernel,272,42,0
cudaLaunchKernel,128,41,0
cudaLaunchKernel,216,39,0
cudaLaunchKernel,164,41,0
cudaLaunchKernel,128,40,0
cudaLaunchKernel,216,40,0
cudaLaunchKernel,128,40,0
cudaLaunchKernel,216,40,0
cudaLaunchKernel,164,44,0
cudaLaunchKernel,252,41,0
cudaOccupancyMaxActiveBlocksPerMultiprocessorWithFlags,36,37,0
cudaLaunchKernel,264,38,0
cudaLaunchKernel,84,42,0
cudaLaunchKernel,128,41,0
cudaLaunchKernel,216,41,0
cudaLaunchKernel,272,42,0
cudaLaunchKernel,128,40,0
cudaLaunchKernel,216,43,0
cudaLaunchKernel,128,40,0
cudaLaunchKernel,216,41,0
cudaLaunchKernel,272,39,0
cudaLaunchKernel,128,40,0
cudaLaunchKernel,216,40,0
cudaLaunchKernel,164,39,0
cudaLaunchKernel,128,40,0
cudaLaunchKernel,216,39,0
cudaLaunchKernel,128,40,0
cudaLaunchKernel,216,45,0
cudaLaunchKernel,164,41,0
cudaLaunchKernel,252,41,0
cudaOccupancyMaxActiveBlocksPerMultiprocessorWithFlags,36,38,0
cudaLaunchKernel,264,41,0
cudaLaunchKernel,84,39,0
cudaLaunchKernel,128,41,0
cudaLaunchKernel,216,40,0
cudaLaunchKernel,272,40,0
cudaLaunchKernel,128,40,0
cudaLaunchKernel,216,43,0
cudaLaunchKernel,128,40,0
cudaLaunchKernel,216,39,0
cudaLaunchKernel,272,40,0
cudaLaunchKernel,128,39,0
cudaLaunchKernel,216,42,0
cudaLaunchKernel,164,39,0
cudaLaunchKernel,128,43,0
cudaLaunchKernel,216,41,0
cudaLaunchKernel,128,43,0
cudaLaunchKernel,216,40,0
cudaLaunchKernel,164,40,0
cudaLaunchKernel,252,39,0
cudaOccupancyMaxActiveBlocksPerMultiprocessorWithFlags,36,37,0
cudaLaunchKernel,264,40,0
cudaLaunchKernel,84,41,0
cudaLaunchKernel,128,41,0
cudaLaunchKernel,216,42,0
cudaLaunchKernel,272,39,0
cudaLaunchKernel,128,43,0
cudaLaunchKernel,216,42,0
cudaLaunchKernel,128,39,0
cudaLaunchKernel,216,41,0
cudaLaunchKernel,272,41,0
cudaLaunchKernel,128,41,0
cudaLaunchKernel,216,40,0
cudaLaunchKernel,164,40,0
cudaLaunchKernel,128,40,0
cudaLaunchKernel,216,40,0
cudaLaunchKernel,128,42,0
cudaLaunchKernel,216,41,0
cudaLaunchKernel,164,40,0
cudaLaunchKernel,252,41,0
cudaOccupancyMaxActiveBlocksPerMultiprocessorWithFlags,36,38,0
cudaLaunchKernel,264,41,0
cudaLaunchKernel,84,41,0
cudaLaunchKernel,128,39,0
cudaLaunchKernel,216,41,0
cudaLaunchKernel,272,42,0
cudaLaunchKernel,128,39,0
cudaLaunchKernel,216,40,0
cudaLaunchKernel,128,40,0
cudaLaunchKernel,216,41,0
cudaLaunchKernel,272,39,0
cudaLaunchKernel,128,39,0
cudaLaunchKernel,216,40,0
cudaLaunchKernel,164,40,0
cudaLaunchKernel,128,41,0
cudaLaunchKernel,216,42,0
cudaLaunchKernel,128,40,0
cudaLaunchKernel,216,41,0
cudaLaunchKernel,164,40,0
cudaLaunchKernel,252,38,0
cudaOccupancyMaxActiveBlocksPerMultiprocessorWithFlags,36,39,0
cudaLaunchKernel,264,40,0
cudaLaunchKernel,84,42,0
cudaLaunchKernel,128,39,0
cudaLaunchKernel,216,38,0
cudaLaunchKernel,272,41,0
cudaLaunchKernel,128,40,0
cudaLaunchKernel,216,40,0
cudaLaunchKernel,128,39,0
cudaLaunchKernel,216,42,0
cudaLaunchKernel,272,39,0
cudaLaunchKernel,128,39,0
cudaLaunchKernel,216,42,0
cudaLaunchKernel,164,39,0
cudaLaunchKernel,128,44,0
cudaLaunchKernel,216,42,0
cudaLaunchKernel,128,38,0
cudaLaunchKernel,216,42,0
cudaLaunchKernel,164,40,0
cudaLaunchKernel,252,40,0
cudaOccupancyMaxActiveBlocksPerMultiprocessorWithFlags,36,38,0
cudaLaunchKernel,264,40,0
cudaLaunchKernel,84,41,0
cudaLaunchKernel,128,40,0
cudaLaunchKernel,216,42,0
cudaLaunchKernel,272,39,0
cudaLaunchKernel,128,38,0
cudaLaunchKernel,216,42,0
cudaLaunchKernel,128,40,0
cudaLaunchKernel,216,41,0
cudaLaunchKernel,272,46,0
cudaLaunchKernel,128,42,0
cudaLaunchKernel,216,42,0
cudaLaunchKernel,164,42,0
cudaLaunchKernel,128,41,0
cudaLaunchKernel,216,40,0
cudaLaunchKernel,128,39,0
cudaLaunchKernel,216,41,0
cudaLaunchKernel,164,41,0
cudaLaunchKernel,252,41,0
cudaOccupancyMaxActiveBlocksPerMultiprocessorWithFlags,36,39,0
cudaLaunchKernel,264,41,0
cudaLaunchKernel,84,40,0
cudaLaunchKernel,128,43,0
cudaLaunchKernel,216,42,0
cudaLaunchKernel,272,40,0
cudaLaunchKernel,128,42,0
cudaLaunchKernel,216,41,0
cudaLaunchKernel,128,39,0
cudaLaunchKernel,216,40,0
cudaLaunchKernel,272,42,0
cudaLaunchKernel,128,41,0
cudaLaunchKernel,216,40,0
cudaLaunchKernel,164,42,0
cudaLaunchKernel,128,40,0
cudaLaunchKernel,216,41,0
cudaLaunchKernel,128,39,0
cudaLaunchKernel,216,40,0
cudaLaunchKernel,164,41,0
cudaLaunchKernel,252,41,0
cudaOccupancyMaxActiveBlocksPerMultiprocessorWithFlags,36,38,0
cudaLaunchKernel,264,39,0
cudaLaunchKernel,84,43,0
cudaLaunchKernel,128,43,0
cudaLaunchKernel,216,41,0
cudaLaunchKernel,272,40,0
cudaLaunchKernel,128,39,0
cudaLaunchKernel,216,41,0
cudaLaunchKernel,128,40,0
cudaLaunchKernel,216,40,0
cudaLaunchKernel,272,38,0
cudaLaunchKernel,128,41,0
cudaLaunchKernel,216,42,0
cudaLaunchKernel,164,41,0
cudaLaunchKernel,128,41,0
cudaLaunchKernel,216,41,0
cudaLaunchKernel,128,39,0
cudaLaunchKernel,216,40,0
cudaLaunchKernel,164,40,0
cudaLaunchKernel,252,39,0
cudaOccupancyMaxActiveBlocksPerMultiprocessorWithFlags,36,38,0
cudaLaunchKernel,264,40,0
cudaLaunchKernel,84,43,0
cudaLaunchKernel,128,39,0
cudaLaunchKernel,216,41,0
cudaLaunchKernel,272,42,0
cudaLaunchKernel,128,40,0
cudaLaunchKernel,216,41,0
cudaLaunchKernel,128,40,0
cudaLaunchKernel,216,41,0
cudaLaunchKernel,272,39,0
cudaLaunchKernel,128,43,0
cudaLaunchKernel,216,40,0
cudaLaunchKernel,164,40,0
cudaLaunchKernel,128,42,0
cudaLaunchKernel,216,39,0
cudaLaunchKernel,128,40,0
cudaLaunchKernel,216,39,0
cudaLaunchKernel,164,41,0
cudaLaunchKernel,252,41,0
cudaOccupancyMaxActiveBlocksPerMultiprocessorWithFlags,36,36,0
cudaLaunchKernel,264,43,0
cudaLaunchKernel,84,40,0
cudaLaunchKernel,128,40,0
cudaLaunchKernel,216,39,0
cudaLaunchKernel,272,47,0
cudaLaunchKernel,128,42,0
cudaLaunchKernel,216,40,0
cudaLaunchKernel,128,40,0
cudaLaunchKernel,216,42,0
cudaLaunchKernel,272,40,0
cudaLaunchKernel,128,43,0
cudaLaunchKernel,216,39,0
cudaLaunchKernel,164,39,0
cudaLaunchKernel,128,40,0
cudaLaunchKernel,216,39,0
cudaLaunchKernel,128,40,0
cudaLaunchKernel,216,39,0
cudaLaunchKernel,164,41,0
cudaLaunchKernel,252,39,0
cudaOccupancyMaxActiveBlocksPerMultiprocessorWithFlags,36,41,0
cudaLaunchKernel,264,40,0
cudaLaunchKernel,84,44,0
cudaLaunchKernel,128,41,0
cudaLaunchKernel,216,39,0
cudaLaunchKernel,272,40,0
cudaLaunchKernel,128,40,0
cudaLaunchKernel,216,41,0
cudaLaunchKernel,128,39,0
cudaLaunchKernel,216,39,0
cudaLaunchKernel,272,45,0
cudaLaunchKernel,128,42,0
cudaLaunchKernel,216,40,0
cudaLaunchKernel,164,39,0
cudaLaunchKernel,128,40,0
cudaLaunchKernel,216,41,0
cudaLaunchKernel,128,38,0
cudaLaunchKernel,216,42,0
cudaLaunchKernel,164,39,0
cudaLaunchKernel,252,41,0
cudaOccupancyMaxActiveBlocksPerMultiprocessorWithFlags,36,37,0
cudaLaunchKernel,264,41,0
cudaLaunchKernel,84,41,0
cudaLaunchKernel,128,41,0
cudaLaunchKernel,216,39,0
cudaLaunchKernel,184,41,0
cudaLaunchKernel,184,40,0
cudaLaunchKernel,208,42,0
cudaLaunchKernel,272,38,0
cudaLaunchKernel,128,43,0
cudaLaunchKernel,216,40,0
cudaLaunchKernel,128,42,0
cudaLaunchKernel,216,39,0
cudaLaunchKernel,272,39,0
cudaLaunchKernel,128,39,0
cudaLaunchKernel,216,40,0
cudaMemcpyAsync,37,125,0
cudaStreamSynchronize,8,34,0
cudaStreamSynchronize,8,22,0
cudaStreamSynchronize,8,44,0
cudaMemcpyAsync,8228,46,0
cudaStreamSynchronize,8,42,0
cudaStreamSynchronize,8,41,0
cudaMemcpyAsync,40,38,0
cudaStreamSynchronize,8,41,0
cudaStreamSynchronize,8,42,0
cudaMemcpyAsync,44,39,0
cudaStreamSynchronize,8,42,0
cudaStreamSynchronize,8,41,0
cudaMemcpyAsync,44,39,0
cudaStreamSynchronize,8,40,0
cudaStreamSynchronize,8,43,0
cudaMemcpyAsync,548,39,0
cudaStreamSynchronize,8,43,0
cudaStreamSynchronize,8,44,0
cudaMemcpyAsync,40,39,0
cudaStreamSynchronize,8,41,0
cudaLaunchKernel,272,41,0
cudaLaunchKernel,128,42,0
cudaLaunchKernel,216,42,0
cudaLaunchKernel,164,38,0
cudaLaunchKernel,128,45,0
cudaLaunchKernel,216,42,0
cudaLaunchKernel,128,40,0
cudaLaunchKernel,216,45,0
cudaLaunchKernel,164,39,0
cudaLaunchKernel,252,39,0
cudaOccupancyMaxActiveBlocksPerMultiprocessorWithFlags,36,39,0
cudaLaunchKernel,264,40,0
cudaLaunchKernel,84,40,0
cudaLaunchKernel,128,40,0
cudaLaunchKernel,216,40,0
cudaLaunchKernel,272,39,0
cudaLaunchKernel,128,39,0
cudaLaunchKernel,216,42,0
cudaLaunchKernel,128,42,0
cudaLaunchKernel,216,40,0
cudaLaunchKernel,272,41,0
cudaLaunchKernel,128,39,0
cudaLaunchKernel,216,41,0
cudaLaunchKernel,164,40,0
cudaLaunchKernel,128,40,0
cudaLaunchKernel,216,41,0
cudaLaunchKernel,128,42,0
cudaLaunchKernel,216,40,0
cudaLaunchKernel,164,39,0
cudaLaunchKernel,252,41,0
cudaOccupancyMaxActiveBlocksPerMultiprocessorWithFlags,36,36,0
cudaLaunchKernel,264,39,0
cudaLaunchKernel,84,41,0
cudaLaunchKernel,128,40,0
cudaLaunchKernel,216,40,0
cudaLaunchKernel,272,39,0
cudaLaunchKernel,128,44,0
cudaLaunchKernel,216,40,0
cudaLaunchKernel,128,38,0
cudaLaunchKernel,216,40,0
cudaLaunchKernel,272,39,0
cudaLaunchKernel,128,39,0
cudaLaunchKernel,216,41,0
cudaLaunchKernel,164,38,0
cudaLaunchKernel,128,40,0
cudaLaunchKernel,216,40,0
cudaLaunchKernel,128,42,0
cudaLaunchKernel,216,42,0
cudaLaunchKernel,164,42,0
cudaLaunchKernel,252,41,0
cudaOccupancyMaxActiveBlocksPerMultiprocessorWithFlags,36,38,0
cudaLaunchKernel,264,41,0
cudaLaunchKernel,84,40,0
cudaLaunchKernel,128,42,0
cudaLaunchKernel,216,40,0
cudaLaunchKernel,272,43,0
cudaLaunchKernel,128,40,0
cudaLaunchKernel,216,38,0
cudaLaunchKernel,128,39,0
cudaLaunchKernel,216,39,0
cudaLaunchKernel,272,41,0
cudaLaunchKernel,128,41,0
cudaLaunchKernel,216,40,0
cudaLaunchKernel,164,39,0
cudaLaunchKernel,128,39,0
cudaLaunchKernel,216,42,0
cudaLaunchKernel,128,40,0
cudaLaunchKernel,216,39,0
cudaLaunchKernel,164,40,0
cudaLaunchKernel,252,39,0
cudaOccupancyMaxActiveBlocksPerMultiprocessorWithFlags,36,40,0
cudaLaunchKernel,264,39,0
cudaLaunchKernel,84,40,0
cudaLaunchKernel,128,38,0
cudaLaunchKernel,216,72,0
cudaLaunchKernel,272,30,0
cudaLaunchKernel,128,39,0
cudaLaunchKernel,216,43,0
cudaLaunchKernel,128,37,0
cudaLaunchKernel,216,40,0
cudaLaunchKernel,272,47,0
cudaLaunchKernel,128,42,0
cudaLaunchKernel,216,40,0
cudaLaunchKernel,164,40,0
cudaLaunchKernel,128,44,0
cudaLaunchKernel,216,41,0
cudaLaunchKernel,128,41,0
cudaLaunchKernel,216,38,0
cudaLaunchKernel,164,39,0
cudaLaunchKernel,252,40,0
cudaOccupancyMaxActiveBlocksPerMultiprocessorWithFlags,36,41,0
cudaLaunchKernel,264,39,0
cudaLaunchKernel,84,39,0
cudaLaunchKernel,128,40,0
cudaLaunchKernel,216,43,0
cudaLaunchKernel,272,39,0
cudaLaunchKernel,128,40,0
cudaLaunchKernel,216,40,0
cudaLaunchKernel,128,39,0
cudaLaunchKernel,216,40,0
cudaLaunchKernel,272,39,0
cudaLaunchKernel,128,39,0
cudaLaunchKernel,216,40,0
cudaLaunchKernel,164,40,0
cudaLaunchKernel,128,43,0
cudaLaunchKernel,216,40,0
cudaLaunchKernel,128,40,0
cudaLaunchKernel,216,39,0
cudaLaunchKernel,164,41,0
cudaLaunchKernel,252,40,0
cudaOccupancyMaxActiveBlocksPerMultiprocessorWithFlags,36,38,0
cudaLaunchKernel,264,40,0
cudaLaunchKernel,84,40,0
cudaLaunchKernel,128,43,0
cudaLaunchKernel,216,42,0
cudaLaunchKernel,272,41,0
cudaLaunchKernel,128,40,0
cudaLaunchKernel,216,41,0
cudaLaunchKernel,128,41,0
cudaLaunchKernel,216,39,0
cudaLaunchKernel,272,39,0
cudaLaunchKernel,128,41,0
cudaLaunchKernel,216,40,0
cudaLaunchKernel,164,42,0
cudaLaunchKernel,128,41,0
cudaLaunchKernel,216,40,0
cudaLaunchKernel,128,40,0
cudaLaunchKernel,216,40,0
cudaLaunchKernel,164,39,0
cudaLaunchKernel,252,40,0
cudaOccupancyMaxActiveBlocksPerMultiprocessorWithFlags,36,37,0
cudaLaunchKernel,264,40,0
cudaLaunchKernel,84,42,0
cudaLaunchKernel,128,42,0
cudaLaunchKernel,216,39,0
cudaLaunchKernel,272,40,0
cudaLaunchKernel,128,40,0
cudaLaunchKernel,216,41,0
cudaLaunchKernel,128,39,0
cudaLaunchKernel,216,40,0
cudaLaunchKernel,272,40,0
cudaLaunchKernel,128,39,0
cudaLaunchKernel,216,45,0
cudaLaunchKernel,164,41,0
cudaLaunchKernel,128,38,0
cudaLaunchKernel,216,40,0
cudaLaunchKernel,128,40,0
cudaLaunchKernel,216,40,0
cudaLaunchKernel,164,39,0
cudaLaunchKernel,252,41,0
cudaOccupancyMaxActiveBlocksPerMultiprocessorWithFlags,36,38,0
cudaLaunchKernel,264,38,0
cudaLaunchKernel,84,43,0
cudaLaunchKernel,128,39,0
cudaLaunchKernel,216,40,0
cudaLaunchKernel,272,40,0
cudaLaunchKernel,128,46,0
cudaLaunchKernel,216,40,0
cudaLaunchKernel,128,38,0
cudaLaunchKernel,216,39,0
cudaLaunchKernel,272,40,0
cudaLaunchKernel,128,43,0
cudaLaunchKernel,216,42,0
cudaLaunchKernel,164,39,0
cudaLaunchKernel,128,39,0
cudaLaunchKernel,216,42,0
cudaLaunchKernel,128,39,0
cudaLaunchKernel,216,41,0
cudaLaunchKernel,164,39,0
cudaLaunchKernel,252,40,0
cudaOccupancyMaxActiveBlocksPerMultiprocessorWithFlags,36,37,0
cudaLaunchKernel,264,43,0
cudaLaunchKernel,84,39,0
cudaLaunchKernel,128,39,0
cudaLaunchKernel,216,41,0
cudaLaunchKernel,272,38,0
cudaLaunchKernel,128,39,0
cudaLaunchKernel,216,39,0
cudaLaunchKernel,128,40,0
cudaLaunchKernel,216,40,0
cudaLaunchKernel,272,40,0
cudaLaunchKernel,128,42,0
cudaLaunchKernel,216,40,0
cudaLaunchKernel,164,39,0
cudaLaunchKernel,128,40,0
cudaLaunchKernel,216,40,0
cudaLaunchKernel,128,39,0
cudaLaunchKernel,216,40,0
cudaLaunchKernel,164,41,0
cudaLaunchKernel,252,38,0
cudaOccupancyMaxActiveBlocksPerMultiprocessorWithFlags,36,38,0
cudaLaunchKernel,264,42,0
cudaLaunchKernel,84,39,0
cudaLaunchKernel,128,40,0
cudaLaunchKernel,216,39,0
cudaLaunchKernel,272,40,0
cudaLaunchKernel,128,39,0
cudaLaunchKernel,216,39,0
cudaLaunchKernel,128,39,0
cudaLaunchKernel,216,41,0
cudaLaunchKernel,272,43,0
cudaLaunchKernel,128,41,0
cudaLaunchKernel,216,41,0
cudaLaunchKernel,164,40,0
cudaLaunchKernel,128,39,0
cudaLaunchKernel,216,40,0
cudaLaunchKernel,128,39,0
cudaLaunchKernel,216,41,0
cudaLaunchKernel,164,39,0
cudaLaunchKernel,252,40,0
cudaOccupancyMaxActiveBlocksPerMultiprocessorWithFlags,36,42,0
cudaLaunchKernel,264,39,0
cudaLaunchKernel,84,40,0
cudaLaunchKernel,128,39,0
cudaLaunchKernel,216,39,0
cudaLaunchKernel,272,40,0
cudaLaunchKernel,128,39,0
cudaLaunchKernel,216,41,0
cudaLaunchKernel,128,39,0
cudaLaunchKernel,216,43,0
cudaLaunchKernel,272,39,0
cudaLaunchKernel,128,40,0
cudaLaunchKernel,216,41,0
cudaLaunchKernel,164,40,0
cudaLaunchKernel,128,42,0
cudaLaunchKernel,216,41,0
cudaLaunchKernel,128,39,0
cudaLaunchKernel,216,40,0
cudaLaunchKernel,164,39,0
cudaLaunchKernel,252,47,0
cudaOccupancyMaxActiveBlocksPerMultiprocessorWithFlags,36,36,0
cudaLaunchKernel,264,40,0
cudaLaunchKernel,84,45,0
cudaLaunchKernel,128,40,0
cudaLaunchKernel,216,40,0
cudaLaunchKernel,272,39,0
cudaLaunchKernel,128,40,0
cudaLaunchKernel,216,38,0
cudaLaunchKernel,128,40,0
cudaLaunchKernel,216,42,0
cudaLaunchKernel,272,40,0
cudaLaunchKernel,128,40,0
cudaLaunchKernel,216,41,0
cudaLaunchKernel,164,39,0
cudaLaunchKernel,128,40,0
cudaLaunchKernel,216,41,0
cudaLaunchKernel,128,39,0
cudaLaunchKernel,216,39,0
cudaLaunchKernel,164,44,0
cudaLaunchKernel,252,39,0
cudaOccupancyMaxActiveBlocksPerMultiprocessorWithFlags,36,38,0
cudaLaunchKernel,264,41,0
cudaLaunchKernel,84,41,0
cudaLaunchKernel,128,39,0
cudaLaunchKernel,216,40,0
cudaLaunchKernel,272,40,0
cudaLaunchKernel,128,39,0
cudaLaunchKernel,216,40,0
cudaLaunchKernel,128,45,0
cudaLaunchKernel,216,39,0
cudaLaunchKernel,272,39,0
cudaLaunchKernel,128,38,0
cudaLaunchKernel,216,40,0
cudaLaunchKernel,164,40,0
cudaLaunchKernel,128,38,0
cudaLaunchKernel,216,40,0
cudaLaunchKernel,128,40,0
cudaLaunchKernel,216,41,0
cudaLaunchKernel,164,40,0
cudaLaunchKernel,252,39,0
cudaOccupancyMaxActiveBlocksPerMultiprocessorWithFlags,36,38,0
cudaLaunchKernel,264,39,0
cudaLaunchKernel,84,41,0
cudaLaunchKernel,128,39,0
cudaLaunchKernel,216,40,0
cudaLaunchKernel,272,41,0
cudaLaunchKernel,128,39,0
cudaLaunchKernel,216,43,0
cudaLaunchKernel,128,39,0
cudaLaunchKernel,216,40,0
cudaLaunchKernel,272,40,0
cudaLaunchKernel,128,40,0
cudaLaunchKernel,216,41,0
cudaLaunchKernel,164,39,0
cudaLaunchKernel,128,39,0
cudaLaunchKernel,216,39,0
cudaLaunchKernel,128,40,0
cudaLaunchKernel,216,42,0
cudaLaunchKernel,164,39,0
cudaLaunchKernel,252,40,0
cudaOccupancyMaxActiveBlocksPerMultiprocessorWithFlags,36,36,0
cudaLaunchKernel,264,40,0
cudaLaunchKernel,84,40,0
cudaLaunchKernel,128,38,0
cudaLaunchKernel,216,41,0
cudaLaunchKernel,272,40,0
cudaLaunchKernel,128,42,0
cudaLaunchKernel,216,43,0
cudaLaunchKernel,128,39,0
cudaLaunchKernel,216,40,0
cudaLaunchKernel,272,39,0
cudaLaunchKernel,128,40,0
cudaLaunchKernel,216,42,0
cudaLaunchKernel,164,40,0
cudaLaunchKernel,128,40,0
cudaLaunchKernel,216,42,0
cudaLaunchKernel,128,43,0
cudaLaunchKernel,216,39,0
cudaLaunchKernel,164,47,0
cudaLaunchKernel,252,41,0
cudaOccupancyMaxActiveBlocksPerMultiprocessorWithFlags,36,38,0
cudaLaunchKernel,264,40,0
cudaLaunchKernel,84,40,0
cudaLaunchKernel,128,40,0
cudaLaunchKernel,216,43,0
cudaLaunchKernel,272,39,0
cudaLaunchKernel,128,42,0
cudaLaunchKernel,216,40,0
cudaLaunchKernel,128,40,0
cudaLaunchKernel,216,40,0
cudaLaunchKernel,272,41,0
cudaLaunchKernel,128,40,0
cudaLaunchKernel,216,41,0
cudaLaunchKernel,164,39,0
cudaLaunchKernel,128,39,0
cudaLaunchKernel,216,43,0
cudaLaunchKernel,128,39,0
cudaLaunchKernel,216,39,0
cudaLaunchKernel,164,40,0
cudaLaunchKernel,252,40,0
cudaOccupancyMaxActiveBlocksPerMultiprocessorWithFlags,36,37,0
cudaLaunchKernel,264,40,0
cudaLaunchKernel,84,41,0
cudaLaunchKernel,128,38,0
cudaLaunchKernel,216,39,0
cudaLaunchKernel,272,43,0
cudaLaunchKernel,128,40,0
cudaLaunchKernel,216,41,0
cudaLaunchKernel,128,38,0
cudaLaunchKernel,216,41,0
cudaLaunchKernel,272,40,0
cudaLaunchKernel,128,39,0
cudaLaunchKernel,216,41,0
cudaLaunchKernel,164,37,0
cudaLaunchKernel,128,42,0
cudaLaunchKernel,216,43,0
cudaLaunchKernel,128,39,0
cudaLaunchKernel,216,41,0
cudaLaunchKernel,164,39,0
cudaLaunchKernel,252,39,0
cudaOccupancyMaxActiveBlocksPerMultiprocessorWithFlags,36,39,0
cudaLaunchKernel,264,39,0
cudaLaunchKernel,84,40,0
cudaLaunchKernel,128,40,0
cudaLaunchKernel,216,42,0
cudaLaunchKernel,272,39,0
cudaLaunchKernel,128,39,0
cudaLaunchKernel,216,41,0
cudaLaunchKernel,128,39,0
cudaLaunchKernel,216,39,0
cudaLaunchKernel,272,39,0
cudaLaunchKernel,128,39,0
cudaLaunchKernel,216,41,0
cudaLaunchKernel,164,40,0
cudaLaunchKernel,128,42,0
cudaLaunchKernel,216,39,0
cudaLaunchKernel,128,40,0
cudaLaunchKernel,216,38,0
cudaLaunchKernel,164,40,0
cudaLaunchKernel,252,39,0
cudaOccupancyMaxActiveBlocksPerMultiprocessorWithFlags,36,40,0
cudaLaunchKernel,264,40,0
cudaLaunchKernel,84,41,0
cudaLaunchKernel,128,40,0
cudaLaunchKernel,216,44,0
cudaLaunchKernel,272,41,0
cudaLaunchKernel,128,39,0
cudaLaunchKernel,216,40,0
cudaLaunchKernel,128,40,0
cudaLaunchKernel,216,40,0
cudaLaunchKernel,272,40,0
cudaLaunchKernel,128,39,0
cudaLaunchKernel,216,40,0
cudaLaunchKernel,164,42,0
cudaLaunchKernel,128,42,0
cudaLaunchKernel,216,42,0
cudaLaunchKernel,128,39,0
cudaLaunchKernel,216,39,0
cudaLaunchKernel,164,40,0
cudaLaunchKernel,252,41,0
cudaOccupancyMaxActiveBlocksPerMultiprocessorWithFlags,36,39,0
cudaLaunchKernel,264,40,0
cudaLaunchKernel,84,40,0
cudaLaunchKernel,128,43,0
cudaLaunchKernel,216,40,0
cudaLaunchKernel,272,40,0
cudaLaunchKernel,128,42,0
cudaLaunchKernel,216,40,0
cudaLaunchKernel,128,39,0
cudaLaunchKernel,216,41,0
cudaLaunchKernel,272,40,0
cudaLaunchKernel,128,38,0
cudaLaunchKernel,216,44,0
cudaLaunchKernel,164,40,0
cudaLaunchKernel,128,40,0
cudaLaunchKernel,216,39,0
cudaLaunchKernel,128,38,0
cudaLaunchKernel,216,40,0
cudaLaunchKernel,164,39,0
cudaLaunchKernel,252,40,0
cudaOccupancyMaxActiveBlocksPerMultiprocessorWithFlags,36,38,0
cudaLaunchKernel,264,39,0
cudaLaunchKernel,84,42,0
cudaLaunchKernel,128,39,0
cudaLaunchKernel,216,40,0
cudaLaunchKernel,272,40,0
cudaLaunchKernel,128,39,0
cudaLaunchKernel,216,41,0
cudaLaunchKernel,128,40,0
cudaLaunchKernel,216,42,0
cudaLaunchKernel,272,39,0
cudaLaunchKernel,128,38,0
cudaLaunchKernel,216,42,0
cudaLaunchKernel,164,39,0
cudaLaunchKernel,128,40,0
cudaLaunchKernel,216,40,0
cudaLaunchKernel,128,39,0
cudaLaunchKernel,216,39,0
cudaLaunchKernel,164,40,0
cudaLaunchKernel,252,39,0
cudaOccupancyMaxActiveBlocksPerMultiprocessorWithFlags,36,38,0
cudaLaunchKernel,264,40,0
cudaLaunchKernel,84,43,0
cudaLaunchKernel,128,42,0
cudaLaunchKernel,216,39,0
cudaLaunchKernel,184,39,0
cudaLaunchKernel,184,40,0
cudaLaunchKernel,208,37,0
cudaLaunchKernel,272,42,0
cudaLaunchKernel,128,40,0
cudaLaunchKernel,216,39,0
cudaLaunchKernel,128,43,0
cudaLaunchKernel,216,40,0
cudaLaunchKernel,272,40,0
cudaLaunchKernel,128,41,0
cudaLaunchKernel,216,42,0
cudaMemcpyAsync,37,119,0
cudaStreamSynchronize,8,32,0
cudaStreamSynchronize,8,23,0
cudaStreamSynchronize,8,41,0
cudaMemcpyAsync,8228,44,0
cudaStreamSynchronize,8,42,0
cudaStreamSynchronize,8,44,0
cudaMemcpyAsync,40,39,0
cudaStreamSynchronize,8,39,0
cudaStreamSynchronize,8,41,0
cudaMemcpyAsync,44,39,0
cudaStreamSynchronize,8,41,0
cudaStreamSynchronize,8,41,0
cudaMemcpyAsync,44,38,0
cudaStreamSynchronize,8,47,0
cudaStreamSynchronize,8,41,0
cudaMemcpyAsync,548,40,0
cudaStreamSynchronize,8,41,0
cudaStreamSynchronize,8,40,0
cudaMemcpyAsync,40,38,0
cudaStreamSynchronize,8,45,0
cudaLaunchKernel,272,43,0
cudaLaunchKernel,128,40,0
cudaLaunchKernel,216,41,0
cudaLaunchKernel,164,39,0
cudaLaunchKernel,128,35,0
cudaLaunchKernel,216,40,0
cudaLaunchKernel,128,39,0
cudaLaunchKernel,216,40,0
cudaLaunchKernel,164,41,0
cudaLaunchKernel,252,44,0
cudaOccupancyMaxActiveBlocksPerMultiprocessorWithFlags,36,38,0
cudaLaunchKernel,264,40,0
cudaLaunchKernel,84,41,0
cudaLaunchKernel,128,40,0
cudaLaunchKernel,216,41,0
cudaLaunchKernel,272,39,0
cudaLaunchKernel,128,39,0
cudaLaunchKernel,216,39,0
cudaLaunchKernel,128,41,0
cudaLaunchKernel,216,43,0
cudaLaunchKernel,272,40,0
cudaLaunchKernel,128,40,0
cudaLaunchKernel,216,39,0
cudaLaunchKernel,164,40,0
cudaLaunchKernel,128,40,0
cudaLaunchKernel,216,41,0
cudaLaunchKernel,128,39,0
cudaLaunchKernel,216,39,0
cudaLaunchKernel,164,41,0
cudaLaunchKernel,252,39,0
cudaOccupancyMaxActiveBlocksPerMultiprocessorWithFlags,36,38,0
cudaLaunchKernel,264,40,0
cudaLaunchKernel,84,40,0
cudaLaunchKernel,128,41,0
cudaLaunchKernel,216,42,0
cudaLaunchKernel,272,40,0
cudaLaunchKernel,128,39,0
cudaLaunchKernel,216,39,0
cudaLaunchKernel,128,44,0
cudaLaunchKernel,216,39,0
cudaLaunchKernel,272,39,0
cudaLaunchKernel,128,40,0
cudaLaunchKernel,216,38,0
cudaLaunchKernel,164,41,0
cudaLaunchKernel,128,42,0
cudaLaunchKernel,216,40,0
cudaLaunchKernel,128,39,0
cudaLaunchKernel,216,42,0
cudaLaunchKernel,164,41,0
cudaLaunchKernel,252,39,0
cudaOccupancyMaxActiveBlocksPerMultiprocessorWithFlags,36,38,0
cudaLaunchKernel,264,39,0
cudaLaunchKernel,84,40,0
cudaLaunchKernel,128,39,0
cudaLaunchKernel,216,40,0
cudaLaunchKernel,272,41,0
cudaLaunchKernel,128,38,0
cudaLaunchKernel,216,43,0
cudaLaunchKernel,128,39,0
cudaLaunchKernel,216,40,0
cudaLaunchKernel,272,40,0
cudaLaunchKernel,128,40,0
cudaLaunchKernel,216,40,0
cudaLaunchKernel,164,40,0
cudaLaunchKernel,128,39,0
cudaLaunchKernel,216,40,0
cudaLaunchKernel,128,38,0
cudaLaunchKernel,216,42,0
cudaLaunchKernel,164,40,0
cudaLaunchKernel,252,41,0
cudaOccupancyMaxActiveBlocksPerMultiprocessorWithFlags,36,44,0
cudaLaunchKernel,264,40,0
cudaLaunchKernel,84,45,0
cudaLaunchKernel,128,39,0
cudaLaunchKernel,216,40,0
cudaLaunchKernel,272,41,0
cudaLaunchKernel,128,40,0
cudaLaunchKernel,216,44,0
cudaLaunchKernel,128,40,0
cudaLaunchKernel,216,42,0
cudaLaunchKernel,272,38,0
cudaLaunchKernel,128,41,0
cudaLaunchKernel,216,40,0
cudaLaunchKernel,164,40,0
cudaLaunchKernel,128,39,0
cudaLaunchKernel,216,40,0
cudaLaunchKernel,128,43,0
cudaLaunchKernel,216,39,0
cudaLaunchKernel,164,40,0
cudaLaunchKernel,252,40,0
cudaOccupancyMaxActiveBlocksPerMultiprocessorWithFlags,36,37,0
cudaLaunchKernel,264,41,0
cudaLaunchKernel,84,43,0
cudaLaunchKernel,128,40,0
cudaLaunchKernel,216,41,0
cudaLaunchKernel,272,40,0
cudaLaunchKernel,128,43,0
cudaLaunchKernel,216,40,0
cudaLaunchKernel,128,41,0
cudaLaunchKernel,216,41,0
cudaLaunchKernel,272,39,0
cudaLaunchKernel,128,39,0
cudaLaunchKernel,216,38,0
cudaLaunchKernel,164,40,0
cudaLaunchKernel,128,40,0
cudaLaunchKernel,216,42,0
cudaLaunchKernel,128,39,0
cudaLaunchKernel,216,40,0
cudaLaunchKernel,164,39,0
cudaLaunchKernel,252,39,0
cudaOccupancyMaxActiveBlocksPerMultiprocessorWithFlags,36,37,0
cudaLaunchKernel,264,39,0
cudaLaunchKernel,84,41,0
cudaLaunchKernel,128,40,0
cudaLaunchKernel,216,42,0
cudaLaunchKernel,272,45,0
cudaLaunchKernel,128,39,0
cudaLaunchKernel,216,40,0
cudaLaunchKernel,128,41,0
cudaLaunchKernel,216,40,0
cudaLaunchKernel,272,40,0
cudaLaunchKernel,128,39,0
cudaLaunchKernel,216,40,0
cudaLaunchKernel,164,41,0
cudaLaunchKernel,128,41,0
cudaLaunchKernel,216,43,0
cudaLaunchKernel,128,39,0
cudaLaunchKernel,216,41,0
cudaLaunchKernel,164,39,0
cudaLaunchKernel,252,39,0
cudaOccupancyMaxActiveBlocksPerMultiprocessorWithFlags,36,39,0
cudaLaunchKernel,264,40,0
cudaLaunchKernel,84,35,0
cudaLaunchKernel,128,40,0
cudaLaunchKernel,216,43,0
cudaLaunchKernel,272,39,0
cudaLaunchKernel,128,40,0
cudaLaunchKernel,216,40,0
cudaLaunchKernel,128,39,0
cudaLaunchKernel,216,41,0
cudaLaunchKernel,272,39,0
cudaLaunchKernel,128,40,0
cudaLaunchKernel,216,40,0
cudaLaunchKernel,164,40,0
cudaLaunchKernel,128,43,0
cudaLaunchKernel,216,40,0
cudaLaunchKernel,128,48,0
cudaLaunchKernel,216,40,0
cudaLaunchKernel,164,42,0
cudaLaunchKernel,252,41,0
cudaOccupancyMaxActiveBlocksPerMultiprocessorWithFlags,36,38,0
cudaLaunchKernel,264,41,0
cudaLaunchKernel,84,42,0
cudaLaunchKernel,128,40,0
cudaLaunchKernel,216,44,0
cudaLaunchKernel,272,38,0
cudaLaunchKernel,128,41,0
cudaLaunchKernel,216,40,0
cudaLaunchKernel,128,39,0
cudaLaunchKernel,216,42,0
cudaLaunchKernel,272,40,0
cudaLaunchKernel,128,41,0
cudaLaunchKernel,216,40,0
cudaLaunchKernel,164,43,0
cudaLaunchKernel,128,41,0
cudaLaunchKernel,216,39,0
cudaLaunchKernel,128,39,0
cudaLaunchKernel,216,38,0
cudaLaunchKernel,164,41,0
cudaLaunchKernel,252,39,0
cudaOccupancyMaxActiveBlocksPerMultiprocessorWithFlags,36,38,0
cudaLaunchKernel,264,40,0
cudaLaunchKernel,84,42,0
cudaLaunchKernel,128,42,0
cudaLaunchKernel,216,41,0
cudaLaunchKernel,272,44,0
cudaLaunchKernel,128,39,0
cudaLaunchKernel,216,39,0
cudaLaunchKernel,128,42,0
cudaLaunchKernel,216,41,0
cudaLaunchKernel,272,40,0
cudaLaunchKernel,128,40,0
cudaLaunchKernel,216,39,0
cudaLaunchKernel,164,42,0
cudaLaunchKernel,128,41,0
cudaLaunchKernel,216,40,0
cudaLaunchKernel,128,40,0
cudaLaunchKernel,216,42,0
cudaLaunchKernel,164,40,0
cudaLaunchKernel,252,40,0
cudaOccupancyMaxActiveBlocksPerMultiprocessorWithFlags,36,38,0
cudaLaunchKernel,264,41,0
cudaLaunchKernel,84,42,0
cudaLaunchKernel,128,41,0
cudaLaunchKernel,216,39,0
cudaLaunchKernel,272,40,0
cudaLaunchKernel,128,40,0
cudaLaunchKernel,216,41,0
cudaLaunchKernel,128,40,0
cudaLaunchKernel,216,40,0
cudaLaunchKernel,272,39,0
cudaLaunchKernel,128,39,0
cudaLaunchKernel,216,43,0
cudaLaunchKernel,164,38,0
cudaLaunchKernel,128,41,0
cudaLaunchKernel,216,40,0
cudaLaunchKernel,128,41,0
cudaLaunchKernel,216,41,0
cudaLaunchKernel,164,41,0
cudaLaunchKernel,252,38,0
cudaOccupancyMaxActiveBlocksPerMultiprocessorWithFlags,36,37,0
cudaLaunchKernel,264,39,0
cudaLaunchKernel,84,43,0
cudaLaunchKernel,128,39,0
cudaLaunchKernel,216,40,0
cudaLaunchKernel,272,40,0
cudaLaunchKernel,128,40,0
cudaLaunchKernel,216,39,0
cudaLaunchKernel,128,39,0
cudaLaunchKernel,216,39,0
cudaLaunchKernel,272,40,0
cudaLaunchKernel,128,42,0
cudaLaunchKernel,216,47,0
cudaLaunchKernel,164,42,0
cudaLaunchKernel,128,40,0
cudaLaunchKernel,216,40,0
cudaLaunchKernel,128,41,0
cudaLaunchKernel,216,40,0
cudaLaunchKernel,164,38,0
cudaLaunchKernel,252,40,0
cudaOccupancyMaxActiveBlocksPerMultiprocessorWithFlags,36,38,0
cudaLaunchKernel,264,43,0
cudaLaunchKernel,84,42,0
cudaLaunchKernel,128,39,0
cudaLaunchKernel,216,39,0
cudaLaunchKernel,272,41,0
cudaLaunchKernel,128,40,0
cudaLaunchKernel,216,41,0
cudaLaunchKernel,128,41,0
cudaLaunchKernel,216,41,0
cudaLaunchKernel,272,43,0
cudaLaunchKernel,128,40,0
cudaLaunchKernel,216,40,0
cudaLaunchKernel,164,41,0
cudaLaunchKernel,128,40,0
cudaLaunchKernel,216,39,0
cudaLaunchKernel,128,40,0
cudaLaunchKernel,216,42,0
cudaLaunchKernel,164,42,0
cudaLaunchKernel,252,42,0
cudaOccupancyMaxActiveBlocksPerMultiprocessorWithFlags,36,39,0
cudaLaunchKernel,264,41,0
cudaLaunchKernel,84,40,0
cudaLaunchKernel,128,41,0
cudaLaunchKernel,216,40,0
cudaLaunchKernel,272,40,0
cudaLaunchKernel,128,40,0
cudaLaunchKernel,216,42,0
cudaLaunchKernel,128,40,0
cudaLaunchKernel,216,42,0
cudaLaunchKernel,272,41,0
cudaLaunchKernel,128,39,0
cudaLaunchKernel,216,41,0
cudaLaunchKernel,164,39,0
cudaLaunchKernel,128,40,0
cudaLaunchKernel,216,42,0
cudaLaunchKernel,128,40,0
cudaLaunchKernel,216,40,0
cudaLaunchKernel,164,40,0
cudaLaunchKernel,252,41,0
cudaOccupancyMaxActiveBlocksPerMultiprocessorWithFlags,36,36,0
cudaLaunchKernel,264,41,0
cudaLaunchKernel,84,42,0
cudaLaunchKernel,128,40,0
cudaLaunchKernel,216,39,0
cudaLaunchKernel,272,39,0
cudaLaunchKernel,128,42,0
cudaLaunchKernel,216,41,0
cudaLaunchKernel,128,39,0
cudaLaunchKernel,216,44,0
cudaLaunchKernel,272,40,0
cudaLaunchKernel,128,42,0
cudaLaunchKernel,216,39,0
cudaLaunchKernel,164,40,0
cudaLaunchKernel,128,41,0
cudaLaunchKernel,216,40,0
cudaLaunchKernel,128,39,0
cudaLaunchKernel,216,42,0
cudaLaunchKernel,164,40,0
cudaLaunchKernel,252,41,0
cudaOccupancyMaxActiveBlocksPerMultiprocessorWithFlags,36,37,0
cudaLaunchKernel,264,39,0
cudaLaunchKernel,84,39,0
cudaLaunchKernel,128,40,0
cudaLaunchKernel,216,42,0
cudaLaunchKernel,272,39,0
cudaLaunchKernel,128,39,0
cudaLaunchKernel,216,41,0
cudaLaunchKernel,128,48,0
cudaLaunchKernel,216,42,0
cudaLaunchKernel,272,40,0
cudaLaunchKernel,128,39,0
cudaLaunchKernel,216,40,0
cudaLaunchKernel,164,40,0
cudaLaunchKernel,128,39,0
cudaLaunchKernel,216,41,0
cudaLaunchKernel,128,41,0
cudaLaunchKernel,216,40,0
cudaLaunchKernel,164,44,0
cudaLaunchKernel,252,41,0
cudaOccupancyMaxActiveBlocksPerMultiprocessorWithFlags,36,37,0
cudaLaunchKernel,264,40,0
cudaLaunchKernel,84,40,0
cudaLaunchKernel,128,39,0
cudaLaunchKernel,216,41,0
cudaLaunchKernel,272,39,0
cudaLaunchKernel,128,39,0
cudaLaunchKernel,216,39,0
cudaLaunchKernel,128,42,0
cudaLaunchKernel,216,43,0
cudaLaunchKernel,272,40,0
cudaLaunchKernel,128,40,0
cudaLaunchKernel,216,40,0
cudaLaunchKernel,164,42,0
cudaLaunchKernel,128,39,0
cudaLaunchKernel,216,39,0
cudaLaunchKernel,128,39,0
cudaLaunchKernel,216,43,0
cudaLaunchKernel,164,42,0
cudaLaunchKernel,252,42,0
cudaOccupancyMaxActiveBlocksPerMultiprocessorWithFlags,36,37,0
cudaLaunchKernel,264,42,0
cudaLaunchKernel,84,40,0
cudaLaunchKernel,128,39,0
cudaLaunchKernel,216,39,0
cudaLaunchKernel,272,40,0
cudaLaunchKernel,128,40,0
cudaLaunchKernel,216,43,0
cudaLaunchKernel,128,40,0
cudaLaunchKernel,216,40,0
cudaLaunchKernel,272,40,0
cudaLaunchKernel,128,39,0
cudaLaunchKernel,216,40,0
cudaLaunchKernel,164,41,0
cudaLaunchKernel,128,40,0
cudaLaunchKernel,216,40,0
cudaLaunchKernel,128,39,0
cudaLaunchKernel,216,42,0
cudaLaunchKernel,164,41,0
cudaLaunchKernel,252,40,0
cudaOccupancyMaxActiveBlocksPerMultiprocessorWithFlags,36,37,0
cudaLaunchKernel,264,40,0
cudaLaunchKernel,84,41,0
cudaLaunchKernel,128,39,0
cudaLaunchKernel,216,40,0
cudaLaunchKernel,272,40,0
cudaLaunchKernel,128,41,0
cudaLaunchKernel,216,39,0
cudaLaunchKernel,128,41,0
cudaLaunchKernel,216,41,0
cudaLaunchKernel,272,40,0
cudaLaunchKernel,128,39,0
cudaLaunchKernel,216,39,0
cudaLaunchKernel,164,42,0
cudaLaunchKernel,128,40,0
cudaLaunchKernel,216,40,0
cudaLaunchKernel,128,41,0
cudaLaunchKernel,216,39,0
cudaLaunchKernel,164,42,0
cudaLaunchKernel,252,42,0
cudaOccupancyMaxActiveBlocksPerMultiprocessorWithFlags,36,37,0
cudaLaunchKernel,264,39,0
cudaLaunchKernel,84,41,0
cudaLaunchKernel,128,39,0
cudaLaunchKernel,216,46,0
cudaLaunchKernel,272,40,0
cudaLaunchKernel,128,43,0
cudaLaunchKernel,216,40,0
cudaLaunchKernel,128,39,0
cudaLaunchKernel,216,41,0
cudaLaunchKernel,272,40,0
cudaLaunchKernel,128,39,0
cudaLaunchKernel,216,40,0
cudaLaunchKernel,164,39,0
cudaLaunchKernel,128,39,0
cudaLaunchKernel,216,43,0
cudaLaunchKernel,128,41,0
cudaLaunchKernel,216,40,0
cudaLaunchKernel,164,39,0
cudaLaunchKernel,252,40,0
cudaOccupancyMaxActiveBlocksPerMultiprocessorWithFlags,36,38,0
cudaLaunchKernel,264,41,0
cudaLaunchKernel,84,40,0
cudaLaunchKernel,128,40,0
cudaLaunchKernel,216,40,0
cudaLaunchKernel,272,41,0
cudaLaunchKernel,128,39,0
cudaLaunchKernel,216,39,0
cudaLaunchKernel,128,40,0
cudaLaunchKernel,216,39,0
cudaLaunchKernel,272,41,0
cudaLaunchKernel,128,40,0
cudaLaunchKernel,216,40,0
cudaLaunchKernel,164,40,0
cudaLaunchKernel,128,41,0
cudaLaunchKernel,216,39,0
cudaLaunchKernel,128,40,0
cudaLaunchKernel,216,39,0
cudaLaunchKernel,164,40,0
cudaLaunchKernel,252,39,0
cudaOccupancyMaxActiveBlocksPerMultiprocessorWithFlags,36,37,0
cudaLaunchKernel,264,40,0
cudaLaunchKernel,84,39,0
cudaLaunchKernel,128,39,0
cudaLaunchKernel,216,44,0
cudaLaunchKernel,272,40,0
cudaLaunchKernel,128,42,0
cudaLaunchKernel,216,41,0
cudaLaunchKernel,128,39,0
cudaLaunchKernel,216,40,0
cudaLaunchKernel,272,41,0
cudaLaunchKernel,128,41,0
cudaLaunchKernel,216,41,0
cudaLaunchKernel,164,39,0
cudaLaunchKernel,128,42,0
cudaLaunchKernel,216,41,0
cudaLaunchKernel,128,40,0
cudaLaunchKernel,216,40,0
cudaLaunchKernel,164,39,0
cudaLaunchKernel,252,40,0
cudaOccupancyMaxActiveBlocksPerMultiprocessorWithFlags,36,38,0
cudaLaunchKernel,264,38,0
cudaLaunchKernel,84,41,0
cudaLaunchKernel,128,43,0
cudaLaunchKernel,216,40,0
cudaLaunchKernel,184,40,0
cudaLaunchKernel,184,40,0
cudaLaunchKernel,208,39,0
cudaLaunchKernel,272,40,0
cudaLaunchKernel,128,41,0
cudaLaunchKernel,216,41,0
cudaLaunchKernel,128,39,0
cudaLaunchKernel,216,41,0
cudaLaunchKernel,272,44,0
cudaLaunchKernel,128,42,0
cudaLaunchKernel,216,41,0
cudaMemcpyAsync,37,124,0
cudaStreamSynchronize,8,29,0
cudaStreamSynchronize,8,29,0
cudaStreamSynchronize,8,40,0
cudaMemcpyAsync,8228,45,0
cudaStreamSynchronize,8,43,0
cudaStreamSynchronize,8,39,0
cudaMemcpyAsync,40,41,0
cudaStreamSynchronize,8,43,0
cudaStreamSynchronize,8,44,0
cudaMemcpyAsync,44,39,0
cudaStreamSynchronize,8,40,0
cudaStreamSynchronize,8,41,0
cudaMemcpyAsync,44,38,0
cudaStreamSynchronize,8,40,0
cudaStreamSynchronize,8,41,0
cudaMemcpyAsync,548,39,0
cudaStreamSynchronize,8,42,0
cudaStreamSynchronize,8,41,0
cudaMemcpyAsync,40,39,0
cudaStreamSynchronize,8,41,0
cudaLaunchKernel,272,42,0
cudaLaunchKernel,128,43,0
cudaLaunchKernel,216,43,0
cudaLaunchKernel,164,41,0
cudaLaunchKernel,128,40,0
cudaLaunchKernel,216,42,0
cudaLaunchKernel,128,41,0
cudaLaunchKernel,216,41,0
cudaLaunchKernel,164,40,0
cudaLaunchKernel,252,39,0
cudaOccupancyMaxActiveBlocksPerMultiprocessorWithFlags,36,38,0
cudaLaunchKernel,264,46,0
cudaLaunchKernel,84,40,0
cudaLaunchKernel,128,39,0
cudaLaunchKernel,216,39,0
cudaLaunchKernel,272,40,0
cudaLaunchKernel,128,40,0
cudaLaunchKernel,216,40,0
cudaLaunchKernel,128,42,0
cudaLaunchKernel,216,41,0
cudaLaunchKernel,272,40,0
cudaLaunchKernel,128,42,0
cudaLaunchKernel,216,39,0
cudaLaunchKernel,164,40,0
cudaLaunchKernel,128,39,0
cudaLaunchKernel,216,41,0
cudaLaunchKernel,128,40,0
cudaLaunchKernel,216,40,0
cudaLaunchKernel,164,41,0
cudaLaunchKernel,252,39,0
cudaOccupancyMaxActiveBlocksPerMultiprocessorWithFlags,36,40,0
cudaLaunchKernel,264,40,0
cudaLaunchKernel,84,42,0
cudaLaunchKernel,128,40,0
cudaLaunchKernel,216,41,0
cudaLaunchKernel,272,40,0
cudaLaunchKernel,128,40,0
cudaLaunchKernel,216,41,0
cudaLaunchKernel,128,41,0
cudaLaunchKernel,216,40,0
cudaLaunchKernel,272,43,0
cudaLaunchKernel,128,38,0
cudaLaunchKernel,216,41,0
cudaLaunchKernel,164,40,0
cudaLaunchKernel,128,41,0
cudaLaunchKernel,216,40,0
cudaLaunchKernel,128,40,0
cudaLaunchKernel,216,40,0
cudaLaunchKernel,164,39,0
cudaLaunchKernel,252,40,0
cudaOccupancyMaxActiveBlocksPerMultiprocessorWithFlags,36,39,0
cudaLaunchKernel,264,40,0
cudaLaunchKernel,84,40,0
cudaLaunchKernel,128,40,0
cudaLaunchKernel,216,41,0
cudaLaunchKernel,272,39,0
cudaLaunchKernel,128,39,0
cudaLaunchKernel,216,40,0
cudaLaunchKernel,128,39,0
cudaLaunchKernel,216,51,0
cudaLaunchKernel,272,38,0
cudaLaunchKernel,128,40,0
cudaLaunchKernel,216,40,0
cudaLaunchKernel,164,40,0
cudaLaunchKernel,128,40,0
cudaLaunchKernel,216,40,0
cudaLaunchKernel,128,40,0
cudaLaunchKernel,216,40,0
cudaLaunchKernel,164,40,0
cudaLaunchKernel,252,42,0
cudaOccupancyMaxActiveBlocksPerMultiprocessorWithFlags,36,38,0
cudaLaunchKernel,264,40,0
cudaLaunchKernel,84,40,0
cudaLaunchKernel,128,39,0
cudaLaunchKernel,216,40,0
cudaLaunchKernel,272,40,0
cudaLaunchKernel,128,38,0
cudaLaunchKernel,216,40,0
cudaLaunchKernel,128,41,0
cudaLaunchKernel,216,39,0
cudaLaunchKernel,272,40,0
cudaLaunchKernel,128,40,0
cudaLaunchKernel,216,40,0
cudaLaunchKernel,164,40,0
cudaLaunchKernel,128,40,0
cudaLaunchKernel,216,40,0
cudaLaunchKernel,128,38,0
cudaLaunchKernel,216,40,0
cudaLaunchKernel,164,42,0
cudaLaunchKernel,252,41,0
cudaOccupancyMaxActiveBlocksPerMultiprocessorWithFlags,36,38,0
cudaLaunchKernel,264,40,0
cudaLaunchKernel,84,42,0
cudaLaunchKernel,128,38,0
cudaLaunchKernel,216,39,0
cudaLaunchKernel,272,41,0
cudaLaunchKernel,128,39,0
cudaLaunchKernel,216,40,0
cudaLaunchKernel,128,41,0
cudaLaunchKernel,216,40,0
cudaLaunchKernel,272,38,0
cudaLaunchKernel,128,39,0
cudaLaunchKernel,216,41,0
cudaLaunchKernel,164,41,0
cudaLaunchKernel,128,40,0
cudaLaunchKernel,216,42,0
cudaLaunchKernel,128,39,0
cudaLaunchKernel,216,43,0
cudaLaunchKernel,164,39,0
cudaLaunchKernel,252,40,0
cudaOccupancyMaxActiveBlocksPerMultiprocessorWithFlags,36,38,0
cudaLaunchKernel,264,41,0
cudaLaunchKernel,84,41,0
cudaLaunchKernel,128,40,0
cudaLaunchKernel,216,40,0
cudaLaunchKernel,272,42,0
cudaLaunchKernel,128,39,0
cudaLaunchKernel,216,45,0
cudaLaunchKernel,128,40,0
cudaLaunchKernel,216,39,0
cudaLaunchKernel,272,40,0
cudaLaunchKernel,128,40,0
cudaLaunchKernel,216,41,0
cudaLaunchKernel,164,39,0
cudaLaunchKernel,128,38,0
cudaLaunchKernel,216,39,0
cudaLaunchKernel,128,40,0
cudaLaunchKernel,216,45,0
cudaLaunchKernel,164,40,0
cudaLaunchKernel,252,39,0
cudaOccupancyMaxActiveBlocksPerMultiprocessorWithFlags,36,39,0
cudaLaunchKernel,264,41,0
cudaLaunchKernel,84,40,0
cudaLaunchKernel,128,41,0
cudaLaunchKernel,216,41,0
cudaLaunchKernel,272,46,0
cudaLaunchKernel,128,42,0
cudaLaunchKernel,216,40,0
cudaLaunchKernel,128,39,0
cudaLaunchKernel,216,40,0
cudaLaunchKernel,272,41,0
cudaLaunchKernel,128,39,0
cudaLaunchKernel,216,41,0
cudaLaunchKernel,164,39,0
cudaLaunchKernel,128,39,0
cudaLaunchKernel,216,39,0
cudaLaunchKernel,128,44,0
cudaLaunchKernel,216,41,0
cudaLaunchKernel,164,40,0
cudaLaunchKernel,252,39,0
cudaOccupancyMaxActiveBlocksPerMultiprocessorWithFlags,36,38,0
cudaLaunchKernel,264,41,0
cudaLaunchKernel,84,42,0
cudaLaunchKernel,128,41,0
cudaLaunchKernel,216,40,0
cudaLaunchKernel,272,39,0
cudaLaunchKernel,128,42,0
cudaLaunchKernel,216,41,0
cudaLaunchKernel,128,40,0
cudaLaunchKernel,216,42,0
cudaLaunchKernel,272,39,0
cudaLaunchKernel,128,44,0
cudaLaunchKernel,216,41,0
cudaLaunchKernel,164,38,0
cudaLaunchKernel,128,40,0
cudaLaunchKernel,216,43,0
cudaLaunchKernel,128,40,0
cudaLaunchKernel,216,39,0
cudaLaunchKernel,164,41,0
cudaLaunchKernel,252,39,0
cudaOccupancyMaxActiveBlocksPerMultiprocessorWithFlags,36,37,0
cudaLaunchKernel,264,41,0
cudaLaunchKernel,84,41,0
cudaLaunchKernel,128,39,0
cudaLaunchKernel,216,40,0
cudaLaunchKernel,272,43,0
cudaLaunchKernel,128,42,0
cudaLaunchKernel,216,38,0
cudaLaunchKernel,128,41,0
cudaLaunchKernel,216,39,0
cudaLaunchKernel,272,40,0
cudaLaunchKernel,128,40,0
cudaLaunchKernel,216,40,0
cudaLaunchKernel,164,41,0
cudaLaunchKernel,128,39,0
cudaLaunchKernel,216,43,0
cudaLaunchKernel,128,41,0
cudaLaunchKernel,216,40,0
cudaLaunchKernel,164,40,0
cudaLaunchKernel,252,41,0
cudaOccupancyMaxActiveBlocksPerMultiprocessorWithFlags,36,37,0
cudaLaunchKernel,264,40,0
cudaLaunchKernel,84,42,0
cudaLaunchKernel,128,40,0
cudaLaunchKernel,216,43,0
cudaLaunchKernel,272,40,0
cudaLaunchKernel,128,41,0
cudaLaunchKernel,216,39,0
cudaLaunchKernel,128,40,0
cudaLaunchKernel,216,41,0
cudaLaunchKernel,272,41,0
cudaLaunchKernel,128,39,0
cudaLaunchKernel,216,40,0
cudaLaunchKernel,164,39,0
cudaLaunchKernel,128,44,0
cudaLaunchKernel,216,39,0
cudaLaunchKernel,128,42,0
cudaLaunchKernel,216,39,0
cudaLaunchKernel,164,36,0
cudaLaunchKernel,252,40,0
cudaOccupancyMaxActiveBlocksPerMultiprocessorWithFlags,36,46,0
cudaLaunchKernel,264,38,0
cudaLaunchKernel,84,41,0
cudaLaunchKernel,128,41,0
cudaLaunchKernel,216,41,0
cudaLaunchKernel,272,40,0
cudaLaunchKernel,128,39,0
cudaLaunchKernel,216,40,0
cudaLaunchKernel,128,40,0
cudaLaunchKernel,216,40,0
cudaLaunchKernel,272,41,0
cudaLaunchKernel,128,41,0
cudaLaunchKernel,216,38,0
cudaLaunchKernel,164,43,0
cudaLaunchKernel,128,39,0
cudaLaunchKernel,216,40,0
cudaLaunchKernel,128,39,0
cudaLaunchKernel,216,41,0
cudaLaunchKernel,164,39,0
cudaLaunchKernel,252,40,0
cudaOccupancyMaxActiveBlocksPerMultiprocessorWithFlags,36,39,0
cudaLaunchKernel,264,40,0
cudaLaunchKernel,84,40,0
cudaLaunchKernel,128,40,0
cudaLaunchKernel,216,40,0
cudaLaunchKernel,272,39,0
cudaLaunchKernel,128,40,0
cudaLaunchKernel,216,41,0
cudaLaunchKernel,128,39,0
cudaLaunchKernel,216,40,0
cudaLaunchKernel,272,41,0
cudaLaunchKernel,128,40,0
cudaLaunchKernel,216,42,0
cudaLaunchKernel,164,40,0
cudaLaunchKernel,128,39,0
cudaLaunchKernel,216,39,0
cudaLaunchKernel,128,40,0
cudaLaunchKernel,216,40,0
cudaLaunchKernel,164,41,0
cudaLaunchKernel,252,40,0
cudaOccupancyMaxActiveBlocksPerMultiprocessorWithFlags,36,38,0
cudaLaunchKernel,264,40,0
cudaLaunchKernel,84,43,0
cudaLaunchKernel,128,38,0
cudaLaunchKernel,216,41,0
cudaLaunchKernel,272,43,0
cudaLaunchKernel,128,40,0
cudaLaunchKernel,216,40,0
cudaLaunchKernel,128,40,0
cudaLaunchKernel,216,41,0
cudaLaunchKernel,272,41,0
cudaLaunchKernel,128,40,0
cudaLaunchKernel,216,42,0
cudaLaunchKernel,164,40,0
cudaLaunchKernel,128,41,0
cudaLaunchKernel,216,39,0
cudaLaunchKernel,128,41,0
cudaLaunchKernel,216,40,0
cudaLaunchKernel,164,39,0
cudaLaunchKernel,252,39,0
cudaOccupancyMaxActiveBlocksPerMultiprocessorWithFlags,36,39,0
cudaLaunchKernel,264,42,0
cudaLaunchKernel,84,42,0
cudaLaunchKernel,128,39,0
cudaLaunchKernel,216,39,0
cudaLaunchKernel,272,40,0
cudaLaunchKernel,128,40,0
cudaLaunchKernel,216,39,0
cudaLaunchKernel,128,39,0
cudaLaunchKernel,216,41,0
cudaLaunchKernel,272,39,0
cudaLaunchKernel,128,43,0
cudaLaunchKernel,216,41,0
cudaLaunchKernel,164,39,0
cudaLaunchKernel,128,35,0
cudaLaunchKernel,216,41,0
cudaLaunchKernel,128,45,0
cudaLaunchKernel,216,39,0
cudaLaunchKernel,164,41,0
cudaLaunchKernel,252,40,0
cudaOccupancyMaxActiveBlocksPerMultiprocessorWithFlags,36,39,0
cudaLaunchKernel,264,42,0
cudaLaunchKernel,84,40,0
cudaLaunchKernel,128,40,0
cudaLaunchKernel,216,38,0
cudaLaunchKernel,272,40,0
cudaLaunchKernel,128,40,0
cudaLaunchKernel,216,41,0
cudaLaunchKernel,128,39,0
cudaLaunchKernel,216,41,0
cudaLaunchKernel,272,43,0
cudaLaunchKernel,128,39,0
cudaLaunchKernel,216,42,0
cudaLaunchKernel,164,39,0
cudaLaunchKernel,128,40,0
cudaLaunchKernel,216,40,0
cudaLaunchKernel,128,41,0
cudaLaunchKernel,216,40,0
cudaLaunchKernel,164,40,0
cudaLaunchKernel,252,40,0
cudaOccupancyMaxActiveBlocksPerMultiprocessorWithFlags,36,42,0
cudaLaunchKernel,264,40,0
cudaLaunchKernel,84,39,0
cudaLaunchKernel,128,39,0
cudaLaunchKernel,216,40,0
cudaLaunchKernel,272,39,0
cudaLaunchKernel,128,40,0
cudaLaunchKernel,216,40,0
cudaLaunchKernel,128,40,0
cudaLaunchKernel,216,42,0
cudaLaunchKernel,272,42,0
cudaLaunchKernel,128,39,0
cudaLaunchKernel,216,40,0
cudaLaunchKernel,164,40,0
cudaLaunchKernel,128,41,0
cudaLaunchKernel,216,40,0
cudaLaunchKernel,128,39,0
cudaLaunchKernel,216,40,0
cudaLaunchKernel,164,39,0
cudaLaunchKernel,252,43,0
cudaOccupancyMaxActiveBlocksPerMultiprocessorWithFlags,36,38,0
cudaLaunchKernel,264,39,0
cudaLaunchKernel,84,42,0
cudaLaunchKernel,128,40,0
cudaLaunchKernel,216,41,0
cudaLaunchKernel,272,39,0
cudaLaunchKernel,128,41,0
cudaLaunchKernel,216,40,0
cudaLaunchKernel,128,41,0
cudaLaunchKernel,216,43,0
cudaLaunchKernel,272,37,0
cudaLaunchKernel,128,40,0
cudaLaunchKernel,216,40,0
cudaLaunchKernel,164,41,0
cudaLaunchKernel,128,40,0
cudaLaunchKernel,216,40,0
cudaLaunchKernel,128,40,0
cudaLaunchKernel,216,41,0
cudaLaunchKernel,164,43,0
cudaLaunchKernel,252,40,0
cudaOccupancyMaxActiveBlocksPerMultiprocessorWithFlags,36,37,0
cudaLaunchKernel,264,39,0
cudaLaunchKernel,84,40,0
cudaLaunchKernel,128,40,0
cudaLaunchKernel,216,39,0
cudaLaunchKernel,272,39,0
cudaLaunchKernel,128,40,0
cudaLaunchKernel,216,39,0
cudaLaunchKernel,128,42,0
cudaLaunchKernel,216,41,0
cudaLaunchKernel,272,34,0
cudaLaunchKernel,128,39,0
cudaLaunchKernel,216,45,0
cudaLaunchKernel,164,42,0
cudaLaunchKernel,128,41,0
cudaLaunchKernel,216,40,0
cudaLaunchKernel,128,40,0
cudaLaunchKernel,216,40,0
cudaLaunchKernel,164,43,0
cudaLaunchKernel,252,40,0
cudaOccupancyMaxActiveBlocksPerMultiprocessorWithFlags,36,40,0
cudaLaunchKernel,264,39,0
cudaLaunchKernel,84,40,0
cudaLaunchKernel,128,41,0
cudaLaunchKernel,216,41,0
cudaLaunchKernel,272,39,0
cudaLaunchKernel,128,40,0
cudaLaunchKernel,216,43,0
cudaLaunchKernel,128,39,0
cudaLaunchKernel,216,40,0
cudaLaunchKernel,272,41,0
cudaLaunchKernel,128,40,0
cudaLaunchKernel,216,41,0
cudaLaunchKernel,164,39,0
cudaLaunchKernel,128,39,0
cudaLaunchKernel,216,41,0
cudaLaunchKernel,128,42,0
cudaLaunchKernel,216,43,0
cudaLaunchKernel,164,42,0
cudaLaunchKernel,252,39,0
cudaOccupancyMaxActiveBlocksPerMultiprocessorWithFlags,36,37,0
cudaLaunchKernel,264,41,0
cudaLaunchKernel,84,41,0
cudaLaunchKernel,128,39,0
cudaLaunchKernel,216,40,0
cudaLaunchKernel,272,44,0
cudaLaunchKernel,128,39,0
cudaLaunchKernel,216,43,0
cudaLaunchKernel,128,40,0
cudaLaunchKernel,216,40,0
cudaLaunchKernel,272,41,0
cudaLaunchKernel,128,40,0
cudaLaunchKernel,216,41,0
cudaLaunchKernel,164,39,0
cudaLaunchKernel,128,42,0
cudaLaunchKernel,216,39,0
cudaLaunchKernel,128,42,0
cudaLaunchKernel,216,41,0
cudaLaunchKernel,164,40,0
cudaLaunchKernel,252,41,0
cudaOccupancyMaxActiveBlocksPerMultiprocessorWithFlags,36,38,0
cudaLaunchKernel,264,40,0
cudaLaunchKernel,84,41,0
cudaLaunchKernel,128,40,0
cudaLaunchKernel,216,40,0
cudaLaunchKernel,272,40,0
cudaLaunchKernel,128,43,0
cudaLaunchKernel,216,40,0
cudaLaunchKernel,128,41,0
cudaLaunchKernel,216,40,0
cudaLaunchKernel,272,39,0
cudaLaunchKernel,128,40,0
cudaLaunchKernel,216,41,0
cudaLaunchKernel,164,40,0
cudaLaunchKernel,128,42,0
cudaLaunchKernel,216,39,0
cudaLaunchKernel,128,44,0
cudaLaunchKernel,216,41,0
cudaLaunchKernel,164,39,0
cudaLaunchKernel,252,40,0
cudaOccupancyMaxActiveBlocksPerMultiprocessorWithFlags,36,37,0
cudaLaunchKernel,264,38,0
cudaLaunchKernel,84,40,0
cudaLaunchKernel,128,36,0
cudaLaunchKernel,216,35,0
cudaLaunchKernel,184,42,0
cudaLaunchKernel,184,93,0
cudaLaunchKernel,208,46,0
cudaLaunchKernel,272,31,0
cudaLaunchKernel,128,30,0
cudaLaunchKernel,216,34,0
cudaLaunchKernel,128,36,0
cudaLaunchKernel,216,41,0
cudaLaunchKernel,272,40,0
cudaLaunchKernel,128,39,0
cudaLaunchKernel,216,38,0
cudaMemcpyAsync,37,136,0
cudaStreamSynchronize,8,29,0
cudaStreamSynchronize,8,24,0
cudaStreamSynchronize,8,42,0
cudaMemcpyAsync,8228,43,0
cudaStreamSynchronize,8,42,0
cudaStreamSynchronize,8,41,0
cudaMemcpyAsync,40,39,0
cudaStreamSynchronize,8,41,0
cudaStreamSynchronize,8,41,0
cudaMemcpyAsync,44,38,0
cudaStreamSynchronize,8,41,0
cudaStreamSynchronize,8,44,0
cudaMemcpyAsync,44,38,0
cudaStreamSynchronize,8,43,0
cudaStreamSynchronize,8,41,0
cudaMemcpyAsync,548,40,0
cudaStreamSynchronize,8,40,0
cudaStreamSynchronize,8,41,0
cudaMemcpyAsync,40,39,0
cudaStreamSynchronize,8,42,0
cudaLaunchKernel,272,41,0
cudaLaunchKernel,128,39,0
cudaLaunchKernel,216,39,0
cudaLaunchKernel,164,35,0
cudaLaunchKernel,128,39,0
cudaLaunchKernel,216,41,0
cudaLaunchKernel,128,40,0
cudaLaunchKernel,216,41,0
cudaLaunchKernel,164,38,0
cudaLaunchKernel,252,36,0
cudaOccupancyMaxActiveBlocksPerMultiprocessorWithFlags,36,34,0
cudaLaunchKernel,264,30,0
cudaLaunchKernel,84,34,0
cudaLaunchKernel,128,43,0
cudaLaunchKernel,216,40,0
cudaLaunchKernel,272,39,0
cudaLaunchKernel,128,39,0
cudaLaunchKernel,216,40,0
cudaLaunchKernel,128,40,0
cudaLaunchKernel,216,39,0
cudaLaunchKernel,272,40,0
cudaLaunchKernel,128,40,0
cudaLaunchKernel,216,43,0
cudaLaunchKernel,164,40,0
cudaLaunchKernel,128,38,0
cudaLaunchKernel,216,40,0
cudaLaunchKernel,128,39,0
cudaLaunchKernel,216,41,0
cudaLaunchKernel,164,38,0
cudaLaunchKernel,252,40,0
cudaOccupancyMaxActiveBlocksPerMultiprocessorWithFlags,36,36,0
cudaLaunchKernel,264,40,0
cudaLaunchKernel,84,42,0
cudaLaunchKernel,128,40,0
cudaLaunchKernel,216,41,0
cudaLaunchKernel,272,42,0
cudaLaunchKernel,128,39,0
cudaLaunchKernel,216,41,0
cudaLaunchKernel,128,39,0
cudaLaunchKernel,216,39,0
cudaLaunchKernel,272,50,0
cudaLaunchKernel,128,31,0
cudaLaunchKernel,216,41,0
cudaLaunchKernel,164,47,0
cudaLaunchKernel,128,40,0
cudaLaunchKernel,216,41,0
cudaLaunchKernel,128,39,0
cudaLaunchKernel,216,38,0
cudaLaunchKernel,164,39,0
cudaLaunchKernel,252,40,0
cudaOccupancyMaxActiveBlocksPerMultiprocessorWithFlags,36,39,0
cudaLaunchKernel,264,39,0
cudaLaunchKernel,84,43,0
cudaLaunchKernel,128,39,0
cudaLaunchKernel,216,40,0
cudaLaunchKernel,272,40,0
cudaLaunchKernel,128,39,0
cudaLaunchKernel,216,41,0
cudaLaunchKernel,128,39,0
cudaLaunchKernel,216,41,0
cudaLaunchKernel,272,39,0
cudaLaunchKernel,128,44,0
cudaLaunchKernel,216,41,0
cudaLaunchKernel,164,39,0
cudaLaunchKernel,128,40,0
cudaLaunchKernel,216,40,0
cudaLaunchKernel,128,41,0
cudaLaunchKernel,216,41,0
cudaLaunchKernel,164,39,0
cudaLaunchKernel,252,43,0
cudaOccupancyMaxActiveBlocksPerMultiprocessorWithFlags,36,37,0
cudaLaunchKernel,264,42,0
cudaLaunchKernel,84,40,0
cudaLaunchKernel,128,40,0
cudaLaunchKernel,216,41,0
cudaLaunchKernel,272,37,0
cudaLaunchKernel,128,39,0
cudaLaunchKernel,216,39,0
cudaLaunchKernel,128,38,0
cudaLaunchKernel,216,39,0
cudaLaunchKernel,272,42,0
cudaLaunchKernel,128,40,0
cudaLaunchKernel,216,42,0
cudaLaunchKernel,164,39,0
cudaLaunchKernel,128,39,0
cudaLaunchKernel,216,42,0
cudaLaunchKernel,128,38,0
cudaLaunchKernel,216,40,0
cudaLaunchKernel,164,42,0
cudaLaunchKernel,252,40,0
cudaOccupancyMaxActiveBlocksPerMultiprocessorWithFlags,36,40,0
cudaLaunchKernel,264,41,0
cudaLaunchKernel,84,42,0
cudaLaunchKernel,128,39,0
cudaLaunchKernel,216,29,0
cudaLaunchKernel,272,40,0
cudaLaunchKernel,128,39,0
cudaLaunchKernel,216,41,0
cudaLaunchKernel,128,39,0
cudaLaunchKernel,216,41,0
cudaLaunchKernel,272,42,0
cudaLaunchKernel,128,40,0
cudaLaunchKernel,216,41,0
cudaLaunchKernel,164,39,0
cudaLaunchKernel,128,40,0
cudaLaunchKernel,216,40,0
cudaLaunchKernel,128,39,0
cudaLaunchKernel,216,40,0
cudaLaunchKernel,164,39,0
cudaLaunchKernel,252,45,0
cudaOccupancyMaxActiveBlocksPerMultiprocessorWithFlags,36,37,0
cudaLaunchKernel,264,38,0
cudaLaunchKernel,84,41,0
cudaLaunchKernel,128,40,0
cudaLaunchKernel,216,40,0
cudaLaunchKernel,272,40,0
cudaLaunchKernel,128,39,0
cudaLaunchKernel,216,36,0
cudaLaunchKernel,128,40,0
cudaLaunchKernel,216,51,0
cudaLaunchKernel,272,39,0
cudaLaunchKernel,128,39,0
cudaLaunchKernel,216,41,0
cudaLaunchKernel,164,38,0
cudaLaunchKernel,128,39,0
cudaLaunchKernel,216,41,0
cudaLaunchKernel,128,40,0
cudaLaunchKernel,216,39,0
cudaLaunchKernel,164,39,0
cudaLaunchKernel,252,42,0
cudaOccupancyMaxActiveBlocksPerMultiprocessorWithFlags,36,36,0
cudaLaunchKernel,264,39,0
cudaLaunchKernel,84,40,0
cudaLaunchKernel,128,40,0
cudaLaunchKernel,216,41,0
cudaLaunchKernel,272,39,0
cudaLaunchKernel,128,41,0
cudaLaunchKernel,216,41,0
cudaLaunchKernel,128,42,0
cudaLaunchKernel,216,40,0
cudaLaunchKernel,272,39,0
cudaLaunchKernel,128,39,0
cudaLaunchKernel,216,40,0
cudaLaunchKernel,164,39,0
cudaLaunchKernel,128,39,0
cudaLaunchKernel,216,38,0
cudaLaunchKernel,128,39,0
cudaLaunchKernel,216,41,0
cudaLaunchKernel,164,42,0
cudaLaunchKernel,252,39,0
cudaOccupancyMaxActiveBlocksPerMultiprocessorWithFlags,36,38,0
cudaLaunchKernel,264,40,0
cudaLaunchKernel,84,40,0
cudaLaunchKernel,128,41,0
cudaLaunchKernel,216,42,0
cudaLaunchKernel,272,40,0
cudaLaunchKernel,128,41,0
cudaLaunchKernel,216,41,0
cudaLaunchKernel,128,41,0
cudaLaunchKernel,216,41,0
cudaLaunchKernel,272,39,0
cudaLaunchKernel,128,39,0
cudaLaunchKernel,216,39,0
cudaLaunchKernel,164,40,0
cudaLaunchKernel,128,41,0
cudaLaunchKernel,216,44,0
cudaLaunchKernel,128,40,0
cudaLaunchKernel,216,43,0
cudaLaunchKernel,164,38,0
cudaLaunchKernel,252,39,0
cudaOccupancyMaxActiveBlocksPerMultiprocessorWithFlags,36,39,0
cudaLaunchKernel,264,39,0
cudaLaunchKernel,84,40,0
cudaLaunchKernel,128,41,0
cudaLaunchKernel,216,39,0
cudaLaunchKernel,272,39,0
cudaLaunchKernel,128,39,0
cudaLaunchKernel,216,43,0
cudaLaunchKernel,128,39,0
cudaLaunchKernel,216,39,0
cudaLaunchKernel,272,39,0
cudaLaunchKernel,128,39,0
cudaLaunchKernel,216,40,0
cudaLaunchKernel,164,39,0
cudaLaunchKernel,128,39,0
cudaLaunchKernel,216,41,0
cudaLaunchKernel,128,43,0
cudaLaunchKernel,216,40,0
cudaLaunchKernel,164,39,0
cudaLaunchKernel,252,39,0
cudaOccupancyMaxActiveBlocksPerMultiprocessorWithFlags,36,37,0
cudaLaunchKernel,264,39,0
cudaLaunchKernel,84,42,0
cudaLaunchKernel,128,40,0
cudaLaunchKernel,216,41,0
cudaLaunchKernel,272,44,0
cudaLaunchKernel,128,44,0
cudaLaunchKernel,216,41,0
cudaLaunchKernel,128,40,0
cudaLaunchKernel,216,40,0
cudaLaunchKernel,272,39,0
cudaLaunchKernel,128,40,0
cudaLaunchKernel,216,39,0
cudaLaunchKernel,164,39,0
cudaLaunchKernel,128,39,0
cudaLaunchKernel,216,38,0
cudaLaunchKernel,128,42,0
cudaLaunchKernel,216,39,0
cudaLaunchKernel,164,40,0
cudaLaunchKernel,252,40,0
cudaOccupancyMaxActiveBlocksPerMultiprocessorWithFlags,36,39,0
cudaLaunchKernel,264,40,0
cudaLaunchKernel,84,41,0
cudaLaunchKernel,128,40,0
cudaLaunchKernel,216,39,0
cudaLaunchKernel,272,42,0
cudaLaunchKernel,128,38,0
cudaLaunchKernel,216,40,0
cudaLaunchKernel,128,41,0
cudaLaunchKernel,216,39,0
cudaLaunchKernel,272,39,0
cudaLaunchKernel,128,40,0
cudaLaunchKernel,216,39,0
cudaLaunchKernel,164,40,0
cudaLaunchKernel,128,39,0
cudaLaunchKernel,216,45,0
cudaLaunchKernel,128,40,0
cudaLaunchKernel,216,39,0
cudaLaunchKernel,164,40,0
cudaLaunchKernel,252,40,0
cudaOccupancyMaxActiveBlocksPerMultiprocessorWithFlags,36,37,0
cudaLaunchKernel,264,41,0
cudaLaunchKernel,84,41,0
cudaLaunchKernel,128,40,0
cudaLaunchKernel,216,40,0
cudaLaunchKernel,272,43,0
cudaLaunchKernel,128,39,0
cudaLaunchKernel,216,40,0
cudaLaunchKernel,128,41,0
cudaLaunchKernel,216,42,0
cudaLaunchKernel,272,40,0
cudaLaunchKernel,128,42,0
cudaLaunchKernel,216,40,0
cudaLaunchKernel,164,40,0
cudaLaunchKernel,128,43,0
cudaLaunchKernel,216,40,0
cudaLaunchKernel,128,40,0
cudaLaunchKernel,216,38,0
cudaLaunchKernel,164,41,0
cudaLaunchKernel,252,40,0
cudaOccupancyMaxActiveBlocksPerMultiprocessorWithFlags,36,38,0
cudaLaunchKernel,264,39,0
cudaLaunchKernel,84,40,0
cudaLaunchKernel,128,39,0
cudaLaunchKernel,216,42,0
cudaLaunchKernel,272,42,0
cudaLaunchKernel,128,38,0
cudaLaunchKernel,216,41,0
cudaLaunchKernel,128,40,0
cudaLaunchKernel,216,39,0
cudaLaunchKernel,272,39,0
cudaLaunchKernel,128,41,0
cudaLaunchKernel,216,40,0
cudaLaunchKernel,164,39,0
cudaLaunchKernel,128,56,0
cudaLaunchKernel,216,41,0
cudaLaunchKernel,128,40,0
cudaLaunchKernel,216,40,0
cudaLaunchKernel,164,39,0
cudaLaunchKernel,252,35,0
cudaOccupancyMaxActiveBlocksPerMultiprocessorWithFlags,36,38,0
cudaLaunchKernel,264,45,0
cudaLaunchKernel,84,41,0
cudaLaunchKernel,128,43,0
cudaLaunchKernel,216,41,0
cudaLaunchKernel,272,41,0
cudaLaunchKernel,128,39,0
cudaLaunchKernel,216,40,0
cudaLaunchKernel,128,39,0
cudaLaunchKernel,216,38,0
cudaLaunchKernel,272,39,0
cudaLaunchKernel,128,39,0
cudaLaunchKernel,216,41,0
cudaLaunchKernel,164,43,0
cudaLaunchKernel,128,39,0
cudaLaunchKernel,216,41,0
cudaLaunchKernel,128,40,0
cudaLaunchKernel,216,40,0
cudaLaunchKernel,164,40,0
cudaLaunchKernel,252,39,0
cudaOccupancyMaxActiveBlocksPerMultiprocessorWithFlags,36,38,0
cudaLaunchKernel,264,40,0
cudaLaunchKernel,84,42,0
cudaLaunchKernel,128,40,0
cudaLaunchKernel,216,40,0
cudaLaunchKernel,272,39,0
cudaLaunchKernel,128,41,0
cudaLaunchKernel,216,40,0
cudaLaunchKernel,128,38,0
cudaLaunchKernel,216,39,0
cudaLaunchKernel,272,38,0
cudaLaunchKernel,128,39,0
cudaLaunchKernel,216,42,0
cudaLaunchKernel,164,41,0
cudaLaunchKernel,128,41,0
cudaLaunchKernel,216,41,0
cudaLaunchKernel,128,39,0
cudaLaunchKernel,216,40,0
cudaLaunchKernel,164,39,0
cudaLaunchKernel,252,42,0
cudaOccupancyMaxActiveBlocksPerMultiprocessorWithFlags,36,38,0
cudaLaunchKernel,264,39,0
cudaLaunchKernel,84,47,0
cudaLaunchKernel,128,41,0
cudaLaunchKernel,216,41,0
cudaLaunchKernel,272,40,0
cudaLaunchKernel,128,39,0
cudaLaunchKernel,216,40,0
cudaLaunchKernel,128,39,0
cudaLaunchKernel,216,40,0
cudaLaunchKernel,272,39,0
cudaLaunchKernel,128,43,0
cudaLaunchKernel,216,39,0
cudaLaunchKernel,164,40,0
cudaLaunchKernel,128,41,0
cudaLaunchKernel,216,39,0
cudaLaunchKernel,128,40,0
cudaLaunchKernel,216,40,0
cudaLaunchKernel,164,41,0
cudaLaunchKernel,252,41,0
cudaOccupancyMaxActiveBlocksPerMultiprocessorWithFlags,36,39,0
cudaLaunchKernel,264,40,0
cudaLaunchKernel,84,40,0
cudaLaunchKernel,128,39,0
cudaLaunchKernel,216,40,0
cudaLaunchKernel,272,40,0
cudaLaunchKernel,128,41,0
cudaLaunchKernel,216,40,0
cudaLaunchKernel,128,38,0
cudaLaunchKernel,216,41,0
cudaLaunchKernel,272,39,0
cudaLaunchKernel,128,41,0
cudaLaunchKernel,216,41,0
cudaLaunchKernel,164,40,0
cudaLaunchKernel,128,40,0
cudaLaunchKernel,216,37,0
cudaLaunchKernel,128,40,0
cudaLaunchKernel,216,48,0
cudaLaunchKernel,164,40,0
cudaLaunchKernel,252,40,0
cudaOccupancyMaxActiveBlocksPerMultiprocessorWithFlags,36,36,0
cudaLaunchKernel,264,40,0
cudaLaunchKernel,84,39,0
cudaLaunchKernel,128,39,0
cudaLaunchKernel,216,39,0
cudaLaunchKernel,272,39,0
cudaLaunchKernel,128,41,0
cudaLaunchKernel,216,40,0
cudaLaunchKernel,128,39,0
cudaLaunchKernel,216,41,0
cudaLaunchKernel,272,43,0
cudaLaunchKernel,128,41,0
cudaLaunchKernel,216,42,0
cudaLaunchKernel,164,39,0
cudaLaunchKernel,128,39,0
cudaLaunchKernel,216,40,0
cudaLaunchKernel,128,39,0
cudaLaunchKernel,216,41,0
cudaLaunchKernel,164,41,0
cudaLaunchKernel,252,41,0
cudaOccupancyMaxActiveBlocksPerMultiprocessorWithFlags,36,41,0
cudaLaunchKernel,264,40,0
cudaLaunchKernel,84,41,0
cudaLaunchKernel,128,38,0
cudaLaunchKernel,216,41,0
cudaLaunchKernel,272,41,0
cudaLaunchKernel,128,39,0
cudaLaunchKernel,216,39,0
cudaLaunchKernel,128,39,0
cudaLaunchKernel,216,43,0
cudaLaunchKernel,272,40,0
cudaLaunchKernel,128,40,0
cudaLaunchKernel,216,39,0
cudaLaunchKernel,164,39,0
cudaLaunchKernel,128,39,0
cudaLaunchKernel,216,41,0
cudaLaunchKernel,128,40,0
cudaLaunchKernel,216,41,0
cudaLaunchKernel,164,40,0
cudaLaunchKernel,252,44,0
cudaOccupancyMaxActiveBlocksPerMultiprocessorWithFlags,36,36,0
cudaLaunchKernel,264,41,0
cudaLaunchKernel,84,41,0
cudaLaunchKernel,128,40,0
cudaLaunchKernel,216,40,0
cudaLaunchKernel,272,39,0
cudaLaunchKernel,128,39,0
cudaLaunchKernel,216,40,0
cudaLaunchKernel,128,40,0
cudaLaunchKernel,216,43,0
cudaLaunchKernel,272,40,0
cudaLaunchKernel,128,40,0
cudaLaunchKernel,216,41,0
cudaLaunchKernel,164,38,0
cudaLaunchKernel,128,40,0
cudaLaunchKernel,216,41,0
cudaLaunchKernel,128,41,0
cudaLaunchKernel,216,42,0
cudaLaunchKernel,164,41,0
cudaLaunchKernel,252,40,0
cudaOccupancyMaxActiveBlocksPerMultiprocessorWithFlags,36,39,0
cudaLaunchKernel,264,39,0
cudaLaunchKernel,84,40,0
cudaLaunchKernel,128,40,0
cudaLaunchKernel,216,40,0
cudaLaunchKernel,272,40,0
cudaLaunchKernel,128,41,0
cudaLaunchKernel,216,42,0
cudaLaunchKernel,128,44,0
cudaLaunchKernel,216,39,0
cudaLaunchKernel,272,39,0
cudaLaunchKernel,128,37,0
cudaLaunchKernel,216,40,0
cudaLaunchKernel,164,45,0
cudaLaunchKernel,128,40,0
cudaLaunchKernel,216,40,0
cudaLaunchKernel,128,40,0
cudaLaunchKernel,216,39,0
cudaLaunchKernel,164,42,0
cudaLaunchKernel,252,41,0
cudaOccupancyMaxActiveBlocksPerMultiprocessorWithFlags,36,38,0
cudaLaunchKernel,264,41,0
cudaLaunchKernel,84,40,0
cudaLaunchKernel,128,40,0
cudaLaunchKernel,216,39,0
cudaLaunchKernel,184,33,0
cudaLaunchKernel,184,38,0
cudaLaunchKernel,208,41,0
cudaLaunchKernel,272,40,0
cudaLaunchKernel,128,39,0
cudaLaunchKernel,216,40,0
cudaLaunchKernel,128,40,0
cudaLaunchKernel,216,39,0
cudaLaunchKernel,272,39,0
cudaLaunchKernel,128,40,0
cudaLaunchKernel,216,41,0
cudaMemcpyAsync,37,123,0
cudaStreamSynchronize,8,31,0
cudaStreamSynchronize,8,23,0
cudaStreamSynchronize,8,42,0
cudaMemcpyAsync,8228,43,0
cudaStreamSynchronize,8,42,0
cudaStreamSynchronize,8,40,0
cudaMemcpyAsync,40,40,0
cudaStreamSynchronize,8,40,0
cudaStreamSynchronize,8,40,0
cudaMemcpyAsync,44,41,0
cudaStreamSynchronize,8,43,0
cudaStreamSynchronize,8,42,0
cudaMemcpyAsync,44,39,0
cudaStreamSynchronize,8,41,0
cudaStreamSynchronize,8,43,0
cudaMemcpyAsync,548,41,0
cudaStreamSynchronize,8,42,0
cudaStreamSynchronize,8,42,0
cudaMemcpyAsync,40,41,0
cudaStreamSynchronize,8,43,0
cudaLaunchKernel,272,42,0
cudaLaunchKernel,128,42,0
cudaLaunchKernel,216,41,0
cudaLaunchKernel,164,39,0
cudaLaunchKernel,128,41,0
cudaLaunchKernel,216,45,0
cudaLaunchKernel,128,39,0
cudaLaunchKernel,216,39,0
cudaLaunchKernel,164,40,0
cudaLaunchKernel,252,39,0
cudaOccupancyMaxActiveBlocksPerMultiprocessorWithFlags,36,39,0
cudaLaunchKernel,264,37,0
cudaLaunchKernel,84,41,0
cudaLaunchKernel,128,40,0
cudaLaunchKernel,216,41,0
cudaLaunchKernel,272,43,0
cudaLaunchKernel,128,39,0
cudaLaunchKernel,216,39,0
cudaLaunchKernel,128,39,0
cudaLaunchKernel,216,40,0
cudaLaunchKernel,272,39,0
cudaLaunchKernel,128,41,0
cudaLaunchKernel,216,41,0
cudaLaunchKernel,164,40,0
cudaLaunchKernel,128,42,0
cudaLaunchKernel,216,39,0
cudaLaunchKernel,128,40,0
cudaLaunchKernel,216,41,0
cudaLaunchKernel,164,41,0
cudaLaunchKernel,252,44,0
cudaOccupancyMaxActiveBlocksPerMultiprocessorWithFlags,36,37,0
cudaLaunchKernel,264,39,0
cudaLaunchKernel,84,47,0
cudaLaunchKernel,128,41,0
cudaLaunchKernel,216,45,0
cudaLaunchKernel,272,40,0
cudaLaunchKernel,128,40,0
cudaLaunchKernel,216,41,0
cudaLaunchKernel,128,41,0
cudaLaunchKernel,216,41,0
cudaLaunchKernel,272,39,0
cudaLaunchKernel,128,40,0
cudaLaunchKernel,216,39,0
cudaLaunchKernel,164,40,0
cudaLaunchKernel,128,41,0
cudaLaunchKernel,216,41,0
cudaLaunchKernel,128,40,0
cudaLaunchKernel,216,40,0
cudaLaunchKernel,164,39,0
cudaLaunchKernel,252,40,0
cudaOccupancyMaxActiveBlocksPerMultiprocessorWithFlags,36,38,0
cudaLaunchKernel,264,41,0
cudaLaunchKernel,84,40,0
cudaLaunchKernel,128,44,0
cudaLaunchKernel,216,41,0
cudaLaunchKernel,272,40,0
cudaLaunchKernel,128,39,0
cudaLaunchKernel,216,40,0
cudaLaunchKernel,128,40,0
cudaLaunchKernel,216,38,0
cudaLaunchKernel,272,40,0
cudaLaunchKernel,128,39,0
cudaLaunchKernel,216,41,0
cudaLaunchKernel,164,43,0
cudaLaunchKernel,128,39,0
cudaLaunchKernel,216,42,0
cudaLaunchKernel,128,39,0
cudaLaunchKernel,216,40,0
cudaLaunchKernel,164,41,0
cudaLaunchKernel,252,40,0
cudaOccupancyMaxActiveBlocksPerMultiprocessorWithFlags,36,41,0
cudaLaunchKernel,264,40,0
cudaLaunchKernel,84,41,0
cudaLaunchKernel,128,42,0
cudaLaunchKernel,216,38,0
cudaLaunchKernel,272,39,0
cudaLaunchKernel,128,39,0
cudaLaunchKernel,216,40,0
cudaLaunchKernel,128,38,0
cudaLaunchKernel,216,40,0
cudaLaunchKernel,272,39,0
cudaLaunchKernel,128,39,0
cudaLaunchKernel,216,42,0
cudaLaunchKernel,164,38,0
cudaLaunchKernel,128,39,0
cudaLaunchKernel,216,40,0
cudaLaunchKernel,128,40,0
cudaLaunchKernel,216,40,0
cudaLaunchKernel,164,39,0
cudaLaunchKernel,252,39,0
cudaOccupancyMaxActiveBlocksPerMultiprocessorWithFlags,36,38,0
cudaLaunchKernel,264,39,0
cudaLaunchKernel,84,45,0
cudaLaunchKernel,128,39,0
cudaLaunchKernel,216,42,0
cudaLaunchKernel,272,39,0
cudaLaunchKernel,128,40,0
cudaLaunchKernel,216,39,0
cudaLaunchKernel,128,39,0
cudaLaunchKernel,216,41,0
cudaLaunchKernel,272,39,0
cudaLaunchKernel,128,39,0
cudaLaunchKernel,216,44,0
cudaLaunchKernel,164,40,0
cudaLaunchKernel,128,38,0
cudaLaunchKernel,216,49,0
cudaLaunchKernel,128,36,0
cudaLaunchKernel,216,39,0
cudaLaunchKernel,164,46,0
cudaLaunchKernel,252,39,0
cudaOccupancyMaxActiveBlocksPerMultiprocessorWithFlags,36,36,0
cudaLaunchKernel,264,43,0
cudaLaunchKernel,84,39,0
cudaLaunchKernel,128,39,0
cudaLaunchKernel,216,41,0
cudaLaunchKernel,272,40,0
cudaLaunchKernel,128,39,0
cudaLaunchKernel,216,41,0
cudaLaunchKernel,128,41,0
cudaLaunchKernel,216,39,0
cudaLaunchKernel,272,39,0
cudaLaunchKernel,128,42,0
cudaLaunchKernel,216,39,0
cudaLaunchKernel,164,40,0
cudaLaunchKernel,128,40,0
cudaLaunchKernel,216,41,0
cudaLaunchKernel,128,43,0
cudaLaunchKernel,216,40,0
cudaLaunchKernel,164,40,0
cudaLaunchKernel,252,40,0
cudaOccupancyMaxActiveBlocksPerMultiprocessorWithFlags,36,39,0
cudaLaunchKernel,264,40,0
cudaLaunchKernel,84,39,0
cudaLaunchKernel,128,39,0
cudaLaunchKernel,216,39,0
cudaLaunchKernel,272,40,0
cudaLaunchKernel,128,38,0
cudaLaunchKernel,216,40,0
cudaLaunchKernel,128,39,0
cudaLaunchKernel,216,34,0
cudaLaunchKernel,272,45,0
cudaLaunchKernel,128,39,0
cudaLaunchKernel,216,39,0
cudaLaunchKernel,164,39,0
cudaLaunchKernel,128,39,0
cudaLaunchKernel,216,41,0
cudaLaunchKernel,128,39,0
cudaLaunchKernel,216,40,0
cudaLaunchKernel,164,40,0
cudaLaunchKernel,252,39,0
cudaOccupancyMaxActiveBlocksPerMultiprocessorWithFlags,36,39,0
cudaLaunchKernel,264,39,0
cudaLaunchKernel,84,39,0
cudaLaunchKernel,128,39,0
cudaLaunchKernel,216,41,0
cudaLaunchKernel,272,39,0
cudaLaunchKernel,128,39,0
cudaLaunchKernel,216,38,0
cudaLaunchKernel,128,40,0
cudaLaunchKernel,216,43,0
cudaLaunchKernel,272,40,0
cudaLaunchKernel,128,39,0
cudaLaunchKernel,216,42,0
cudaLaunchKernel,164,42,0
cudaLaunchKernel,128,39,0
cudaLaunchKernel,216,41,0
cudaLaunchKernel,128,42,0
cudaLaunchKernel,216,39,0
cudaLaunchKernel,164,41,0
cudaLaunchKernel,252,44,0
cudaOccupancyMaxActiveBlocksPerMultiprocessorWithFlags,36,38,0
cudaLaunchKernel,264,39,0
cudaLaunchKernel,84,40,0
cudaLaunchKernel,128,40,0
cudaLaunchKernel,216,41,0
cudaLaunchKernel,272,40,0
cudaLaunchKernel,128,39,0
cudaLaunchKernel,216,40,0
cudaLaunchKernel,128,40,0
cudaLaunchKernel,216,40,0
cudaLaunchKernel,272,39,0
cudaLaunchKernel,128,40,0
cudaLaunchKernel,216,40,0
cudaLaunchKernel,164,38,0
cudaLaunchKernel,128,44,0
cudaLaunchKernel,216,40,0
cudaLaunchKernel,128,42,0
cudaLaunchKernel,216,41,0
cudaLaunchKernel,164,43,0
cudaLaunchKernel,252,41,0
cudaOccupancyMaxActiveBlocksPerMultiprocessorWithFlags,36,39,0
cudaLaunchKernel,264,40,0
cudaLaunchKernel,84,41,0
cudaLaunchKernel,128,41,0
cudaLaunchKernel,216,41,0
cudaLaunchKernel,272,40,0
cudaLaunchKernel,128,40,0
cudaLaunchKernel,216,40,0
cudaLaunchKernel,128,43,0
cudaLaunchKernel,216,41,0
cudaLaunchKernel,272,39,0
cudaLaunchKernel,128,40,0
cudaLaunchKernel,216,40,0
cudaLaunchKernel,164,40,0
cudaLaunchKernel,128,39,0
cudaLaunchKernel,216,40,0
cudaLaunchKernel,128,39,0
cudaLaunchKernel,216,40,0
cudaLaunchKernel,164,42,0
cudaLaunchKernel,252,40,0
cudaOccupancyMaxActiveBlocksPerMultiprocessorWithFlags,36,37,0
cudaLaunchKernel,264,41,0
cudaLaunchKernel,84,40,0
cudaLaunchKernel,128,41,0
cudaLaunchKernel,216,41,0
cudaLaunchKernel,272,40,0
cudaLaunchKernel,128,39,0
cudaLaunchKernel,216,42,0
cudaLaunchKernel,128,40,0
cudaLaunchKernel,216,41,0
cudaLaunchKernel,272,42,0
cudaLaunchKernel,128,42,0
cudaLaunchKernel,216,40,0
cudaLaunchKernel,164,39,0
cudaLaunchKernel,128,39,0
cudaLaunchKernel,216,40,0
cudaLaunchKernel,128,42,0
cudaLaunchKernel,216,43,0
cudaLaunchKernel,164,41,0
cudaLaunchKernel,252,40,0
cudaOccupancyMaxActiveBlocksPerMultiprocessorWithFlags,36,39,0
cudaLaunchKernel,264,40,0
cudaLaunchKernel,84,41,0
cudaLaunchKernel,128,40,0
cudaLaunchKernel,216,41,0
cudaLaunchKernel,272,40,0
cudaLaunchKernel,128,40,0
cudaLaunchKernel,216,43,0
cudaLaunchKernel,128,41,0
cudaLaunchKernel,216,39,0
cudaLaunchKernel,272,39,0
cudaLaunchKernel,128,40,0
cudaLaunchKernel,216,43,0
cudaLaunchKernel,164,42,0
cudaLaunchKernel,128,39,0
cudaLaunchKernel,216,41,0
cudaLaunchKernel,128,44,0
cudaLaunchKernel,216,41,0
cudaLaunchKernel,164,39,0
cudaLaunchKernel,252,39,0
cudaOccupancyMaxActiveBlocksPerMultiprocessorWithFlags,36,39,0
cudaLaunchKernel,264,43,0
cudaLaunchKernel,84,42,0
cudaLaunchKernel,128,41,0
cudaLaunchKernel,216,40,0
cudaLaunchKernel,272,41,0
cudaLaunchKernel,128,41,0
cudaLaunchKernel,216,40,0
cudaLaunchKernel,128,33,0
cudaLaunchKernel,216,41,0
cudaLaunchKernel,272,46,0
cudaLaunchKernel,128,39,0
cudaLaunchKernel,216,42,0
cudaLaunchKernel,164,40,0
cudaLaunchKernel,128,39,0
cudaLaunchKernel,216,41,0
cudaLaunchKernel,128,40,0
cudaLaunchKernel,216,36,0
cudaLaunchKernel,164,40,0
cudaLaunchKernel,252,41,0
cudaOccupancyMaxActiveBlocksPerMultiprocessorWithFlags,36,39,0
cudaLaunchKernel,264,41,0
cudaLaunchKernel,84,39,0
cudaLaunchKernel,128,40,0
cudaLaunchKernel,216,41,0
cudaLaunchKernel,272,44,0
cudaLaunchKernel,128,39,0
cudaLaunchKernel,216,40,0
cudaLaunchKernel,128,40,0
cudaLaunchKernel,216,43,0
cudaLaunchKernel,272,39,0
cudaLaunchKernel,128,39,0
cudaLaunchKernel,216,41,0
cudaLaunchKernel,164,40,0
cudaLaunchKernel,128,40,0
cudaLaunchKernel,216,43,0
cudaLaunchKernel,128,41,0
cudaLaunchKernel,216,40,0
cudaLaunchKernel,164,39,0
cudaLaunchKernel,252,40,0
cudaOccupancyMaxActiveBlocksPerMultiprocessorWithFlags,36,38,0
cudaLaunchKernel,264,42,0
cudaLaunchKernel,84,41,0
cudaLaunchKernel,128,39,0
cudaLaunchKernel,216,43,0
cudaLaunchKernel,272,41,0
cudaLaunchKernel,128,40,0
cudaLaunchKernel,216,39,0
cudaLaunchKernel,128,40,0
cudaLaunchKernel,216,40,0
cudaLaunchKernel,272,41,0
cudaLaunchKernel,128,39,0
cudaLaunchKernel,216,40,0
cudaLaunchKernel,164,40,0
cudaLaunchKernel,128,42,0
cudaLaunchKernel,216,42,0
cudaLaunchKernel,128,39,0
cudaLaunchKernel,216,41,0
cudaLaunchKernel,164,42,0
cudaLaunchKernel,252,41,0
cudaOccupancyMaxActiveBlocksPerMultiprocessorWithFlags,36,39,0
cudaLaunchKernel,264,39,0
cudaLaunchKernel,84,42,0
cudaLaunchKernel,128,38,0
cudaLaunchKernel,216,46,0
cudaLaunchKernel,272,40,0
cudaLaunchKernel,128,40,0
cudaLaunchKernel,216,40,0
cudaLaunchKernel,128,38,0
cudaLaunchKernel,216,40,0
cudaLaunchKernel,272,40,0
cudaLaunchKernel,128,42,0
cudaLaunchKernel,216,40,0
cudaLaunchKernel,164,42,0
cudaLaunchKernel,128,38,0
cudaLaunchKernel,216,40,0
cudaLaunchKernel,128,40,0
cudaLaunchKernel,216,41,0
cudaLaunchKernel,164,40,0
cudaLaunchKernel,252,40,0
cudaOccupancyMaxActiveBlocksPerMultiprocessorWithFlags,36,37,0
cudaLaunchKernel,264,39,0
cudaLaunchKernel,84,41,0
cudaLaunchKernel,128,44,0
cudaLaunchKernel,216,43,0
cudaLaunchKernel,272,41,0
cudaLaunchKernel,128,44,0
cudaLaunchKernel,216,41,0
cudaLaunchKernel,128,40,0
cudaLaunchKernel,216,43,0
cudaLaunchKernel,272,40,0
cudaLaunchKernel,128,39,0
cudaLaunchKernel,216,41,0
cudaLaunchKernel,164,42,0
cudaLaunchKernel,128,40,0
cudaLaunchKernel,216,41,0
cudaLaunchKernel,128,41,0
cudaLaunchKernel,216,40,0
cudaLaunchKernel,164,42,0
cudaLaunchKernel,252,40,0
cudaOccupancyMaxActiveBlocksPerMultiprocessorWithFlags,36,39,0
cudaLaunchKernel,264,40,0
cudaLaunchKernel,84,44,0
cudaLaunchKernel,128,40,0
cudaLaunchKernel,216,42,0
cudaLaunchKernel,272,40,0
cudaLaunchKernel,128,40,0
cudaLaunchKernel,216,44,0
cudaLaunchKernel,128,41,0
cudaLaunchKernel,216,42,0
cudaLaunchKernel,272,40,0
cudaLaunchKernel,128,41,0
cudaLaunchKernel,216,45,0
cudaLaunchKernel,164,40,0
cudaLaunchKernel,128,39,0
cudaLaunchKernel,216,42,0
cudaLaunchKernel,128,38,0
cudaLaunchKernel,216,40,0
cudaLaunchKernel,164,40,0
cudaLaunchKernel,252,40,0
cudaOccupancyMaxActiveBlocksPerMultiprocessorWithFlags,36,39,0
cudaLaunchKernel,264,38,0
cudaLaunchKernel,84,42,0
cudaLaunchKernel,128,40,0
cudaLaunchKernel,216,40,0
cudaLaunchKernel,272,40,0
cudaLaunchKernel,128,39,0
cudaLaunchKernel,216,40,0
cudaLaunchKernel,128,39,0
cudaLaunchKernel,216,43,0
cudaLaunchKernel,272,40,0
cudaLaunchKernel,128,41,0
cudaLaunchKernel,216,41,0
cudaLaunchKernel,164,39,0
cudaLaunchKernel,128,39,0
cudaLaunchKernel,216,40,0
cudaLaunchKernel,128,38,0
cudaLaunchKernel,216,39,0
cudaLaunchKernel,164,39,0
cudaLaunchKernel,252,39,0
cudaOccupancyMaxActiveBlocksPerMultiprocessorWithFlags,36,37,0
cudaLaunchKernel,264,43,0
cudaLaunchKernel,84,40,0
cudaLaunchKernel,128,40,0
cudaLaunchKernel,216,42,0
cudaLaunchKernel,272,37,0
cudaLaunchKernel,128,38,0
cudaLaunchKernel,216,41,0
cudaLaunchKernel,128,39,0
cudaLaunchKernel,216,39,0
cudaLaunchKernel,272,40,0
cudaLaunchKernel,128,40,0
cudaLaunchKernel,216,41,0
cudaLaunchKernel,164,39,0
cudaLaunchKernel,128,41,0
cudaLaunchKernel,216,39,0
cudaLaunchKernel,128,41,0
cudaLaunchKernel,216,40,0
cudaLaunchKernel,164,39,0
cudaLaunchKernel,252,39,0
cudaOccupancyMaxActiveBlocksPerMultiprocessorWithFlags,36,40,0
cudaLaunchKernel,264,41,0
cudaLaunchKernel,84,44,0
cudaLaunchKernel,128,40,0
cudaLaunchKernel,216,41,0
cudaLaunchKernel,272,40,0
cudaLaunchKernel,128,40,0
cudaLaunchKernel,216,41,0
cudaLaunchKernel,128,40,0
cudaLaunchKernel,216,41,0
cudaLaunchKernel,272,43,0
cudaLaunchKernel,128,42,0
cudaLaunchKernel,216,40,0
cudaLaunchKernel,164,40,0
cudaLaunchKernel,128,40,0
cudaLaunchKernel,216,39,0
cudaLaunchKernel,128,40,0
cudaLaunchKernel,216,41,0
cudaLaunchKernel,164,41,0
cudaLaunchKernel,252,43,0
cudaOccupancyMaxActiveBlocksPerMultiprocessorWithFlags,36,38,0
cudaLaunchKernel,264,41,0
cudaLaunchKernel,84,40,0
cudaLaunchKernel,128,39,0
cudaLaunchKernel,216,41,0
cudaLaunchKernel,184,39,0
cudaLaunchKernel,184,40,0
cudaLaunchKernel,208,39,0
cudaLaunchKernel,272,40,0
cudaLaunchKernel,128,41,0
cudaLaunchKernel,216,38,0
cudaLaunchKernel,128,41,0
cudaLaunchKernel,216,39,0
cudaLaunchKernel,272,38,0
cudaLaunchKernel,128,40,0
cudaLaunchKernel,216,39,0
cudaMemcpyAsync,37,123,0
cudaStreamSynchronize,8,27,0
cudaStreamSynchronize,8,23,0
cudaStreamSynchronize,8,44,0
cudaMemcpyAsync,8228,46,0
cudaStreamSynchronize,8,42,0
cudaStreamSynchronize,8,43,0
cudaMemcpyAsync,40,40,0
cudaStreamSynchronize,8,42,0
cudaStreamSynchronize,8,41,0
cudaMemcpyAsync,44,39,0
cudaStreamSynchronize,8,43,0
cudaStreamSynchronize,8,41,0
cudaMemcpyAsync,44,40,0
cudaStreamSynchronize,8,42,0
cudaStreamSynchronize,8,41,0
cudaMemcpyAsync,548,38,0
cudaStreamSynchronize,8,43,0
cudaStreamSynchronize,8,42,0
cudaMemcpyAsync,40,38,0
cudaStreamSynchronize,8,42,0
cudaLaunchKernel,272,45,0
cudaLaunchKernel,128,41,0
cudaLaunchKernel,216,39,0
cudaLaunchKernel,164,40,0
cudaLaunchKernel,128,40,0
cudaLaunchKernel,216,39,0
cudaLaunchKernel,128,39,0
cudaLaunchKernel,216,45,0
cudaLaunchKernel,164,40,0
cudaLaunchKernel,252,39,0
cudaOccupancyMaxActiveBlocksPerMultiprocessorWithFlags,36,38,0
cudaLaunchKernel,264,42,0
cudaLaunchKernel,84,39,0
cudaLaunchKernel,128,40,0
cudaLaunchKernel,216,40,0
cudaLaunchKernel,272,39,0
cudaLaunchKernel,128,41,0
cudaLaunchKernel,216,43,0
cudaLaunchKernel,128,40,0
cudaLaunchKernel,216,41,0
cudaLaunchKernel,272,39,0
cudaLaunchKernel,128,47,0
cudaLaunchKernel,216,41,0
cudaLaunchKernel,164,42,0
cudaLaunchKernel,128,39,0
cudaLaunchKernel,216,40,0
cudaLaunchKernel,128,41,0
cudaLaunchKernel,216,39,0
cudaLaunchKernel,164,40,0
cudaLaunchKernel,252,39,0
cudaOccupancyMaxActiveBlocksPerMultiprocessorWithFlags,36,37,0
cudaLaunchKernel,264,39,0
cudaLaunchKernel,84,41,0
cudaLaunchKernel,128,39,0
cudaLaunchKernel,216,42,0
cudaLaunchKernel,272,42,0
cudaLaunchKernel,128,41,0
cudaLaunchKernel,216,38,0
cudaLaunchKernel,128,40,0
cudaLaunchKernel,216,39,0
cudaLaunchKernel,272,39,0
cudaLaunchKernel,128,39,0
cudaLaunchKernel,216,42,0
cudaLaunchKernel,164,41,0
cudaLaunchKernel,128,39,0
cudaLaunchKernel,216,40,0
cudaLaunchKernel,128,42,0
cudaLaunchKernel,216,40,0
cudaLaunchKernel,164,39,0
cudaLaunchKernel,252,40,0
cudaOccupancyMaxActiveBlocksPerMultiprocessorWithFlags,36,36,0
cudaLaunchKernel,264,39,0
cudaLaunchKernel,84,40,0
cudaLaunchKernel,128,40,0
cudaLaunchKernel,216,39,0
cudaLaunchKernel,272,42,0
cudaLaunchKernel,128,36,0
cudaLaunchKernel,216,40,0
cudaLaunchKernel,128,39,0
cudaLaunchKernel,216,41,0
cudaLaunchKernel,272,41,0
cudaLaunchKernel,128,39,0
cudaLaunchKernel,216,41,0
cudaLaunchKernel,164,39,0
cudaLaunchKernel,128,40,0
cudaLaunchKernel,216,43,0
cudaLaunchKernel,128,40,0
cudaLaunchKernel,216,40,0
cudaLaunchKernel,164,40,0
cudaLaunchKernel,252,40,0
cudaOccupancyMaxActiveBlocksPerMultiprocessorWithFlags,36,39,0
cudaLaunchKernel,264,40,0
cudaLaunchKernel,84,41,0
cudaLaunchKernel,128,39,0
cudaLaunchKernel,216,40,0
cudaLaunchKernel,272,43,0
cudaLaunchKernel,128,40,0
cudaLaunchKernel,216,41,0
cudaLaunchKernel,128,39,0
cudaLaunchKernel,216,39,0
cudaLaunchKernel,272,40,0
cudaLaunchKernel,128,39,0
cudaLaunchKernel,216,39,0
cudaLaunchKernel,164,42,0
cudaLaunchKernel,128,42,0
cudaLaunchKernel,216,38,0
cudaLaunchKernel,128,41,0
cudaLaunchKernel,216,41,0
cudaLaunchKernel,164,39,0
cudaLaunchKernel,252,40,0
cudaOccupancyMaxActiveBlocksPerMultiprocessorWithFlags,36,37,0
cudaLaunchKernel,264,41,0
cudaLaunchKernel,84,41,0
cudaLaunchKernel,128,39,0
cudaLaunchKernel,216,41,0
cudaLaunchKernel,272,38,0
cudaLaunchKernel,128,41,0
cudaLaunchKernel,216,45,0
cudaLaunchKernel,128,41,0
cudaLaunchKernel,216,40,0
cudaLaunchKernel,272,39,0
cudaLaunchKernel,128,40,0
cudaLaunchKernel,216,42,0
cudaLaunchKernel,164,42,0
cudaLaunchKernel,128,40,0
cudaLaunchKernel,216,40,0
cudaLaunchKernel,128,39,0
cudaLaunchKernel,216,41,0
cudaLaunchKernel,164,40,0
cudaLaunchKernel,252,39,0
cudaOccupancyMaxActiveBlocksPerMultiprocessorWithFlags,36,38,0
cudaLaunchKernel,264,38,0
cudaLaunchKernel,84,41,0
cudaLaunchKernel,128,42,0
cudaLaunchKernel,216,41,0
cudaLaunchKernel,272,40,0
cudaLaunchKernel,128,41,0
cudaLaunchKernel,216,41,0
cudaLaunchKernel,128,39,0
cudaLaunchKernel,216,41,0
cudaLaunchKernel,272,40,0
cudaLaunchKernel,128,39,0
cudaLaunchKernel,216,40,0
cudaLaunchKernel,164,40,0
cudaLaunchKernel,128,39,0
cudaLaunchKernel,216,41,0
cudaLaunchKernel,128,39,0
cudaLaunchKernel,216,41,0
cudaLaunchKernel,164,40,0
cudaLaunchKernel,252,39,0
cudaOccupancyMaxActiveBlocksPerMultiprocessorWithFlags,36,38,0
cudaLaunchKernel,264,40,0
cudaLaunchKernel,84,42,0
cudaLaunchKernel,128,39,0
cudaLaunchKernel,216,42,0
cudaLaunchKernel,272,40,0
cudaLaunchKernel,128,40,0
cudaLaunchKernel,216,41,0
cudaLaunchKernel,128,39,0
cudaLaunchKernel,216,41,0
cudaLaunchKernel,272,41,0
cudaLaunchKernel,128,39,0
cudaLaunchKernel,216,42,0
cudaLaunchKernel,164,39,0
cudaLaunchKernel,128,40,0
cudaLaunchKernel,216,41,0
cudaLaunchKernel,128,41,0
cudaLaunchKernel,216,38,0
cudaLaunchKernel,164,40,0
cudaLaunchKernel,252,40,0
cudaOccupancyMaxActiveBlocksPerMultiprocessorWithFlags,36,38,0
cudaLaunchKernel,264,42,0
cudaLaunchKernel,84,41,0
cudaLaunchKernel,128,40,0
cudaLaunchKernel,216,42,0
cudaLaunchKernel,272,39,0
cudaLaunchKernel,128,39,0
cudaLaunchKernel,216,40,0
cudaLaunchKernel,128,41,0
cudaLaunchKernel,216,40,0
cudaLaunchKernel,272,39,0
cudaLaunchKernel,128,41,0
cudaLaunchKernel,216,40,0
cudaLaunchKernel,164,38,0
cudaLaunchKernel,128,39,0
cudaLaunchKernel,216,40,0
cudaLaunchKernel,128,40,0
cudaLaunchKernel,216,42,0
cudaLaunchKernel,164,39,0
cudaLaunchKernel,252,41,0
cudaOccupancyMaxActiveBlocksPerMultiprocessorWithFlags,36,38,0
cudaLaunchKernel,264,33,0
cudaLaunchKernel,84,40,0
cudaLaunchKernel,128,46,0
cudaLaunchKernel,216,40,0
cudaLaunchKernel,272,40,0
cudaLaunchKernel,128,39,0
cudaLaunchKernel,216,40,0
cudaLaunchKernel,128,39,0
cudaLaunchKernel,216,42,0
cudaLaunchKernel,272,39,0
cudaLaunchKernel,128,40,0
cudaLaunchKernel,216,40,0
cudaLaunchKernel,164,39,0
cudaLaunchKernel,128,37,0
cudaLaunchKernel,216,39,0
cudaLaunchKernel,128,40,0
cudaLaunchKernel,216,40,0
cudaLaunchKernel,164,40,0
cudaLaunchKernel,252,40,0
cudaOccupancyMaxActiveBlocksPerMultiprocessorWithFlags,36,41,0
cudaLaunchKernel,264,40,0
cudaLaunchKernel,84,41,0
cudaLaunchKernel,128,39,0
cudaLaunchKernel,216,39,0
cudaLaunchKernel,272,40,0
cudaLaunchKernel,128,41,0
cudaLaunchKernel,216,43,0
cudaLaunchKernel,128,40,0
cudaLaunchKernel,216,40,0
cudaLaunchKernel,272,44,0
cudaLaunchKernel,128,41,0
cudaLaunchKernel,216,42,0
cudaLaunchKernel,164,41,0
cudaLaunchKernel,128,41,0
cudaLaunchKernel,216,39,0
cudaLaunchKernel,128,39,0
cudaLaunchKernel,216,40,0
cudaLaunchKernel,164,40,0
cudaLaunchKernel,252,44,0
cudaOccupancyMaxActiveBlocksPerMultiprocessorWithFlags,36,40,0
cudaLaunchKernel,264,39,0
cudaLaunchKernel,84,41,0
cudaLaunchKernel,128,41,0
cudaLaunchKernel,216,39,0
cudaLaunchKernel,272,40,0
cudaLaunchKernel,128,38,0
cudaLaunchKernel,216,40,0
cudaLaunchKernel,128,41,0
cudaLaunchKernel,216,42,0
cudaLaunchKernel,272,41,0
cudaLaunchKernel,128,41,0
cudaLaunchKernel,216,41,0
cudaLaunchKernel,164,39,0
cudaLaunchKernel,128,40,0
cudaLaunchKernel,216,39,0
cudaLaunchKernel,128,40,0
cudaLaunchKernel,216,41,0
cudaLaunchKernel,164,41,0
cudaLaunchKernel,252,42,0
cudaOccupancyMaxActiveBlocksPerMultiprocessorWithFlags,36,37,0
cudaLaunchKernel,264,40,0
cudaLaunchKernel,84,40,0
cudaLaunchKernel,128,40,0
cudaLaunchKernel,216,40,0
cudaLaunchKernel,272,39,0
cudaLaunchKernel,128,40,0
cudaLaunchKernel,216,41,0
cudaLaunchKernel,128,40,0
cudaLaunchKernel,216,43,0
cudaLaunchKernel,272,40,0
cudaLaunchKernel,128,40,0
cudaLaunchKernel,216,41,0
cudaLaunchKernel,164,40,0
cudaLaunchKernel,128,40,0
cudaLaunchKernel,216,39,0
cudaLaunchKernel,128,40,0
cudaLaunchKernel,216,34,0
cudaLaunchKernel,164,44,0
cudaLaunchKernel,252,49,0
cudaOccupancyMaxActiveBlocksPerMultiprocessorWithFlags,36,38,0
cudaLaunchKernel,264,39,0
cudaLaunchKernel,84,41,0
cudaLaunchKernel,128,40,0
cudaLaunchKernel,216,39,0
cudaLaunchKernel,272,39,0
cudaLaunchKernel,128,41,0
cudaLaunchKernel,216,40,0
cudaLaunchKernel,128,42,0
cudaLaunchKernel,216,41,0
cudaLaunchKernel,272,39,0
cudaLaunchKernel,128,40,0
cudaLaunchKernel,216,41,0
cudaLaunchKernel,164,39,0
cudaLaunchKernel,128,40,0
cudaLaunchKernel,216,40,0
cudaLaunchKernel,128,39,0
cudaLaunchKernel,216,42,0
cudaLaunchKernel,164,38,0
cudaLaunchKernel,252,39,0
cudaOccupancyMaxActiveBlocksPerMultiprocessorWithFlags,36,37,0
cudaLaunchKernel,264,41,0
cudaLaunchKernel,84,40,0
cudaLaunchKernel,128,39,0
cudaLaunchKernel,216,39,0
cudaLaunchKernel,272,40,0
cudaLaunchKernel,128,39,0
cudaLaunchKernel,216,43,0
cudaLaunchKernel,128,38,0
cudaLaunchKernel,216,41,0
cudaLaunchKernel,272,39,0
cudaLaunchKernel,128,40,0
cudaLaunchKernel,216,40,0
cudaLaunchKernel,164,40,0
cudaLaunchKernel,128,37,0
cudaLaunchKernel,216,40,0
cudaLaunchKernel,128,39,0
cudaLaunchKernel,216,41,0
cudaLaunchKernel,164,41,0
cudaLaunchKernel,252,41,0
cudaOccupancyMaxActiveBlocksPerMultiprocessorWithFlags,36,37,0
cudaLaunchKernel,264,39,0
cudaLaunchKernel,84,43,0
cudaLaunchKernel,128,40,0
cudaLaunchKernel,216,40,0
cudaLaunchKernel,272,41,0
cudaLaunchKernel,128,42,0
cudaLaunchKernel,216,40,0
cudaLaunchKernel,128,40,0
cudaLaunchKernel,216,39,0
cudaLaunchKernel,272,40,0
cudaLaunchKernel,128,42,0
cudaLaunchKernel,216,39,0
cudaLaunchKernel,164,38,0
cudaLaunchKernel,128,40,0
cudaLaunchKernel,216,41,0
cudaLaunchKernel,128,46,0
cudaLaunchKernel,216,41,0
cudaLaunchKernel,164,40,0
cudaLaunchKernel,252,39,0
cudaOccupancyMaxActiveBlocksPerMultiprocessorWithFlags,36,39,0
cudaLaunchKernel,264,43,0
cudaLaunchKernel,84,39,0
cudaLaunchKernel,128,40,0
cudaLaunchKernel,216,39,0
cudaLaunchKernel,272,40,0
cudaLaunchKernel,128,43,0
cudaLaunchKernel,216,39,0
cudaLaunchKernel,128,39,0
cudaLaunchKernel,216,39,0
cudaLaunchKernel,272,41,0
cudaLaunchKernel,128,41,0
cudaLaunchKernel,216,40,0
cudaLaunchKernel,164,36,0
cudaLaunchKernel,128,40,0
cudaLaunchKernel,216,49,0
cudaLaunchKernel,128,41,0
cudaLaunchKernel,216,40,0
cudaLaunchKernel,164,41,0
cudaLaunchKernel,252,41,0
cudaOccupancyMaxActiveBlocksPerMultiprocessorWithFlags,36,38,0
cudaLaunchKernel,264,39,0
cudaLaunchKernel,84,41,0
cudaLaunchKernel,128,40,0
cudaLaunchKernel,216,40,0
cudaLaunchKernel,272,45,0
cudaLaunchKernel,128,40,0
cudaLaunchKernel,216,40,0
cudaLaunchKernel,128,40,0
cudaLaunchKernel,216,42,0
cudaLaunchKernel,272,39,0
cudaLaunchKernel,128,38,0
cudaLaunchKernel,216,39,0
cudaLaunchKernel,164,40,0
cudaLaunchKernel,128,39,0
cudaLaunchKernel,216,41,0
cudaLaunchKernel,128,38,0
cudaLaunchKernel,216,40,0
cudaLaunchKernel,164,40,0
cudaLaunchKernel,252,40,0
cudaOccupancyMaxActiveBlocksPerMultiprocessorWithFlags,36,38,0
cudaLaunchKernel,264,40,0
cudaLaunchKernel,84,41,0
cudaLaunchKernel,128,40,0
cudaLaunchKernel,216,43,0
cudaLaunchKernel,272,38,0
cudaLaunchKernel,128,39,0
cudaLaunchKernel,216,41,0
cudaLaunchKernel,128,39,0
cudaLaunchKernel,216,41,0
cudaLaunchKernel,272,38,0
cudaLaunchKernel,128,39,0
cudaLaunchKernel,216,41,0
cudaLaunchKernel,164,40,0
cudaLaunchKernel,128,42,0
cudaLaunchKernel,216,40,0
cudaLaunchKernel,128,39,0
cudaLaunchKernel,216,39,0
cudaLaunchKernel,164,40,0
cudaLaunchKernel,252,40,0
cudaOccupancyMaxActiveBlocksPerMultiprocessorWithFlags,36,36,0
cudaLaunchKernel,264,41,0
cudaLaunchKernel,84,39,0
cudaLaunchKernel,128,39,0
cudaLaunchKernel,216,44,0
cudaLaunchKernel,272,39,0
cudaLaunchKernel,128,40,0
cudaLaunchKernel,216,42,0
cudaLaunchKernel,128,40,0
cudaLaunchKernel,216,40,0
cudaLaunchKernel,272,41,0
cudaLaunchKernel,128,40,0
cudaLaunchKernel,216,40,0
cudaLaunchKernel,164,44,0
cudaLaunchKernel,128,39,0
cudaLaunchKernel,216,41,0
cudaLaunchKernel,128,40,0
cudaLaunchKernel,216,41,0
cudaLaunchKernel,164,41,0
cudaLaunchKernel,252,39,0
cudaOccupancyMaxActiveBlocksPerMultiprocessorWithFlags,36,39,0
cudaLaunchKernel,264,39,0
cudaLaunchKernel,84,41,0
cudaLaunchKernel,128,44,0
cudaLaunchKernel,216,40,0
cudaLaunchKernel,272,41,0
cudaLaunchKernel,128,38,0
cudaLaunchKernel,216,42,0
cudaLaunchKernel,128,39,0
cudaLaunchKernel,216,38,0
cudaLaunchKernel,272,40,0
cudaLaunchKernel,128,46,0
cudaLaunchKernel,216,42,0
cudaLaunchKernel,164,40,0
cudaLaunchKernel,128,40,0
cudaLaunchKernel,216,39,0
cudaLaunchKernel,128,39,0
cudaLaunchKernel,216,41,0
cudaLaunchKernel,164,39,0
cudaLaunchKernel,252,41,0
cudaOccupancyMaxActiveBlocksPerMultiprocessorWithFlags,36,37,0
cudaLaunchKernel,264,40,0
cudaLaunchKernel,84,43,0
cudaLaunchKernel,128,37,0
cudaLaunchKernel,216,43,0
cudaLaunchKernel,272,39,0
cudaLaunchKernel,128,40,0
cudaLaunchKernel,216,40,0
cudaLaunchKernel,128,39,0
cudaLaunchKernel,216,42,0
cudaLaunchKernel,272,40,0
cudaLaunchKernel,128,40,0
cudaLaunchKernel,216,42,0
cudaLaunchKernel,164,40,0
cudaLaunchKernel,128,39,0
cudaLaunchKernel,216,41,0
cudaLaunchKernel,128,39,0
cudaLaunchKernel,216,39,0
cudaLaunchKernel,164,43,0
cudaLaunchKernel,252,39,0
cudaOccupancyMaxActiveBlocksPerMultiprocessorWithFlags,36,37,0
cudaLaunchKernel,264,42,0
cudaLaunchKernel,84,41,0
cudaLaunchKernel,128,39,0
cudaLaunchKernel,216,39,0
cudaLaunchKernel,184,37,0
cudaLaunchKernel,184,38,0
cudaLaunchKernel,208,40,0
cudaLaunchKernel,272,40,0
cudaLaunchKernel,128,40,0
cudaLaunchKernel,216,38,0
cudaLaunchKernel,128,44,0
cudaLaunchKernel,216,42,0
cudaLaunchKernel,272,39,0
cudaLaunchKernel,128,39,0
cudaLaunchKernel,216,40,0
cudaMemcpyAsync,37,122,0
cudaStreamSynchronize,8,33,0
cudaStreamSynchronize,8,23,0
cudaStreamSynchronize,8,43,0
cudaMemcpyAsync,8228,48,0
cudaStreamSynchronize,8,41,0
cudaStreamSynchronize,8,44,0
cudaMemcpyAsync,40,40,0
cudaStreamSynchronize,8,44,0
cudaStreamSynchronize,8,43,0
cudaMemcpyAsync,44,39,0
cudaStreamSynchronize,8,44,0
cudaStreamSynchronize,8,41,0
cudaMemcpyAsync,44,39,0
cudaStreamSynchronize,8,44,0
cudaStreamSynchronize,8,42,0
cudaMemcpyAsync,548,39,0
cudaStreamSynchronize,8,42,0
cudaStreamSynchronize,8,42,0
cudaMemcpyAsync,40,38,0
cudaStreamSynchronize,8,43,0
cudaLaunchKernel,272,42,0
cudaLaunchKernel,128,40,0
cudaLaunchKernel,216,39,0
cudaLaunchKernel,164,41,0
cudaLaunchKernel,128,39,0
cudaLaunchKernel,216,41,0
cudaLaunchKernel,128,39,0
cudaLaunchKernel,216,39,0
cudaLaunchKernel,164,36,0
cudaLaunchKernel,252,44,0
cudaOccupancyMaxActiveBlocksPerMultiprocessorWithFlags,36,43,0
cudaLaunchKernel,264,40,0
cudaLaunchKernel,84,40,0
cudaLaunchKernel,128,40,0
cudaLaunchKernel,216,41,0
cudaLaunchKernel,272,41,0
cudaLaunchKernel,128,40,0
cudaLaunchKernel,216,41,0
cudaLaunchKernel,128,39,0
cudaLaunchKernel,216,43,0
cudaLaunchKernel,272,41,0
cudaLaunchKernel,128,39,0
cudaLaunchKernel,216,40,0
cudaLaunchKernel,164,39,0
cudaLaunchKernel,128,40,0
cudaLaunchKernel,216,39,0
cudaLaunchKernel,128,40,0
cudaLaunchKernel,216,40,0
cudaLaunchKernel,164,42,0
cudaLaunchKernel,252,39,0
cudaOccupancyMaxActiveBlocksPerMultiprocessorWithFlags,36,38,0
cudaLaunchKernel,264,41,0
cudaLaunchKernel,84,40,0
cudaLaunchKernel,128,40,0
cudaLaunchKernel,216,39,0
cudaLaunchKernel,272,40,0
cudaLaunchKernel,128,41,0
cudaLaunchKernel,216,40,0
cudaLaunchKernel,128,42,0
cudaLaunchKernel,216,41,0
cudaLaunchKernel,272,39,0
cudaLaunchKernel,128,40,0
cudaLaunchKernel,216,42,0
cudaLaunchKernel,164,39,0
cudaLaunchKernel,128,40,0
cudaLaunchKernel,216,40,0
cudaLaunchKernel,128,40,0
cudaLaunchKernel,216,43,0
cudaLaunchKernel,164,39,0
cudaLaunchKernel,252,40,0
cudaOccupancyMaxActiveBlocksPerMultiprocessorWithFlags,36,38,0
cudaLaunchKernel,264,39,0
cudaLaunchKernel,84,41,0
cudaLaunchKernel,128,40,0
cudaLaunchKernel,216,42,0
cudaLaunchKernel,272,38,0
cudaLaunchKernel,128,40,0
cudaLaunchKernel,216,42,0
cudaLaunchKernel,128,40,0
cudaLaunchKernel,216,39,0
cudaLaunchKernel,272,40,0
cudaLaunchKernel,128,40,0
cudaLaunchKernel,216,41,0
cudaLaunchKernel,164,42,0
cudaLaunchKernel,128,38,0
cudaLaunchKernel,216,43,0
cudaLaunchKernel,128,39,0
cudaLaunchKernel,216,43,0
cudaLaunchKernel,164,40,0
cudaLaunchKernel,252,40,0
cudaOccupancyMaxActiveBlocksPerMultiprocessorWithFlags,36,38,0
cudaLaunchKernel,264,41,0
cudaLaunchKernel,84,41,0
cudaLaunchKernel,128,39,0
cudaLaunchKernel,216,40,0
cudaLaunchKernel,272,40,0
cudaLaunchKernel,128,39,0
cudaLaunchKernel,216,43,0
cudaLaunchKernel,128,39,0
cudaLaunchKernel,216,40,0
cudaLaunchKernel,272,40,0
cudaLaunchKernel,128,39,0
cudaLaunchKernel,216,41,0
cudaLaunchKernel,164,40,0
cudaLaunchKernel,128,41,0
cudaLaunchKernel,216,39,0
cudaLaunchKernel,128,47,0
cudaLaunchKernel,216,41,0
cudaLaunchKernel,164,41,0
cudaLaunchKernel,252,39,0
cudaOccupancyMaxActiveBlocksPerMultiprocessorWithFlags,36,35,0
cudaLaunchKernel,264,40,0
cudaLaunchKernel,84,40,0
cudaLaunchKernel,128,39,0
cudaLaunchKernel,216,42,0
cudaLaunchKernel,272,40,0
cudaLaunchKernel,128,41,0
cudaLaunchKernel,216,40,0
cudaLaunchKernel,128,41,0
cudaLaunchKernel,216,41,0
cudaLaunchKernel,272,39,0
cudaLaunchKernel,128,37,0
cudaLaunchKernel,216,41,0
cudaLaunchKernel,164,39,0
cudaLaunchKernel,128,40,0
cudaLaunchKernel,216,42,0
cudaLaunchKernel,128,40,0
cudaLaunchKernel,216,40,0
cudaLaunchKernel,164,42,0
cudaLaunchKernel,252,40,0
cudaOccupancyMaxActiveBlocksPerMultiprocessorWithFlags,36,38,0
cudaLaunchKernel,264,40,0
cudaLaunchKernel,84,38,0
cudaLaunchKernel,128,38,0
cudaLaunchKernel,216,40,0
cudaLaunchKernel,272,43,0
cudaLaunchKernel,128,39,0
cudaLaunchKernel,216,41,0
cudaLaunchKernel,128,40,0
cudaLaunchKernel,216,42,0
cudaLaunchKernel,272,40,0
cudaLaunchKernel,128,39,0
cudaLaunchKernel,216,42,0
cudaLaunchKernel,164,39,0
cudaLaunchKernel,128,41,0
cudaLaunchKernel,216,42,0
cudaLaunchKernel,128,40,0
cudaLaunchKernel,216,41,0
cudaLaunchKernel,164,42,0
cudaLaunchKernel,252,40,0
cudaOccupancyMaxActiveBlocksPerMultiprocessorWithFlags,36,38,0
cudaLaunchKernel,264,40,0
cudaLaunchKernel,84,41,0
cudaLaunchKernel,128,40,0
cudaLaunchKernel,216,41,0
cudaLaunchKernel,272,43,0
cudaLaunchKernel,128,39,0
cudaLaunchKernel,216,40,0
cudaLaunchKernel,128,39,0
cudaLaunchKernel,216,39,0
cudaLaunchKernel,272,40,0
cudaLaunchKernel,128,39,0
cudaLaunchKernel,216,42,0
cudaLaunchKernel,164,40,0
cudaLaunchKernel,128,44,0
cudaLaunchKernel,216,40,0
cudaLaunchKernel,128,39,0
cudaLaunchKernel,216,39,0
cudaLaunchKernel,164,40,0
cudaLaunchKernel,252,40,0
cudaOccupancyMaxActiveBlocksPerMultiprocessorWithFlags,36,37,0
cudaLaunchKernel,264,40,0
cudaLaunchKernel,84,40,0
cudaLaunchKernel,128,41,0
cudaLaunchKernel,216,43,0
cudaLaunchKernel,272,40,0
cudaLaunchKernel,128,40,0
cudaLaunchKernel,216,40,0
cudaLaunchKernel,128,40,0
cudaLaunchKernel,216,40,0
cudaLaunchKernel,272,40,0
cudaLaunchKernel,128,39,0
cudaLaunchKernel,216,44,0
cudaLaunchKernel,164,42,0
cudaLaunchKernel,128,40,0
cudaLaunchKernel,216,40,0
cudaLaunchKernel,128,42,0
cudaLaunchKernel,216,41,0
cudaLaunchKernel,164,40,0
cudaLaunchKernel,252,41,0
cudaOccupancyMaxActiveBlocksPerMultiprocessorWithFlags,36,37,0
cudaLaunchKernel,264,41,0
cudaLaunchKernel,84,41,0
cudaLaunchKernel,128,45,0
cudaLaunchKernel,216,42,0
cudaLaunchKernel,272,39,0
cudaLaunchKernel,128,41,0
cudaLaunchKernel,216,39,0
cudaLaunchKernel,128,39,0
cudaLaunchKernel,216,39,0
cudaLaunchKernel,272,41,0
cudaLaunchKernel,128,39,0
cudaLaunchKernel,216,40,0
cudaLaunchKernel,164,41,0
cudaLaunchKernel,128,39,0
cudaLaunchKernel,216,39,0
cudaLaunchKernel,128,38,0
cudaLaunchKernel,216,42,0
cudaLaunchKernel,164,41,0
cudaLaunchKernel,252,40,0
cudaOccupancyMaxActiveBlocksPerMultiprocessorWithFlags,36,37,0
cudaLaunchKernel,264,40,0
cudaLaunchKernel,84,44,0
cudaLaunchKernel,128,42,0
cudaLaunchKernel,216,42,0
cudaLaunchKernel,272,39,0
cudaLaunchKernel,128,41,0
cudaLaunchKernel,216,40,0
cudaLaunchKernel,128,40,0
cudaLaunchKernel,216,39,0
cudaLaunchKernel,272,40,0
cudaLaunchKernel,128,39,0
cudaLaunchKernel,216,44,0
cudaLaunchKernel,164,39,0
cudaLaunchKernel,128,41,0
cudaLaunchKernel,216,40,0
cudaLaunchKernel,128,40,0
cudaLaunchKernel,216,39,0
cudaLaunchKernel,164,39,0
cudaLaunchKernel,252,39,0
cudaOccupancyMaxActiveBlocksPerMultiprocessorWithFlags,36,37,0
cudaLaunchKernel,264,40,0
cudaLaunchKernel,84,42,0
cudaLaunchKernel,128,39,0
cudaLaunchKernel,216,41,0
cudaLaunchKernel,272,40,0
cudaLaunchKernel,128,41,0
cudaLaunchKernel,216,41,0
cudaLaunchKernel,128,40,0
cudaLaunchKernel,216,40,0
cudaLaunchKernel,272,41,0
cudaLaunchKernel,128,43,0
cudaLaunchKernel,216,40,0
cudaLaunchKernel,164,39,0
cudaLaunchKernel,128,41,0
cudaLaunchKernel,216,40,0
cudaLaunchKernel,128,39,0
cudaLaunchKernel,216,40,0
cudaLaunchKernel,164,41,0
cudaLaunchKernel,252,39,0
cudaOccupancyMaxActiveBlocksPerMultiprocessorWithFlags,36,38,0
cudaLaunchKernel,264,43,0
cudaLaunchKernel,84,40,0
cudaLaunchKernel,128,41,0
cudaLaunchKernel,216,40,0
cudaLaunchKernel,272,41,0
cudaLaunchKernel,128,39,0
cudaLaunchKernel,216,40,0
cudaLaunchKernel,128,43,0
cudaLaunchKernel,216,41,0
cudaLaunchKernel,272,43,0
cudaLaunchKernel,128,39,0
cudaLaunchKernel,216,39,0
cudaLaunchKernel,164,39,0
cudaLaunchKernel,128,38,0
cudaLaunchKernel,216,41,0
cudaLaunchKernel,128,40,0
cudaLaunchKernel,216,40,0
cudaLaunchKernel,164,40,0
cudaLaunchKernel,252,40,0
cudaOccupancyMaxActiveBlocksPerMultiprocessorWithFlags,36,41,0
cudaLaunchKernel,264,40,0
cudaLaunchKernel,84,42,0
cudaLaunchKernel,128,38,0
cudaLaunchKernel,216,43,0
cudaLaunchKernel,272,41,0
cudaLaunchKernel,128,40,0
cudaLaunchKernel,216,41,0
cudaLaunchKernel,128,40,0
cudaLaunchKernel,216,42,0
cudaLaunchKernel,272,42,0
cudaLaunchKernel,128,40,0
cudaLaunchKernel,216,40,0
cudaLaunchKernel,164,40,0
cudaLaunchKernel,128,40,0
cudaLaunchKernel,216,39,0
cudaLaunchKernel,128,39,0
cudaLaunchKernel,216,40,0
cudaLaunchKernel,164,42,0
cudaLaunchKernel,252,42,0
cudaOccupancyMaxActiveBlocksPerMultiprocessorWithFlags,36,36,0
cudaLaunchKernel,264,40,0
cudaLaunchKernel,84,41,0
cudaLaunchKernel,128,40,0
cudaLaunchKernel,216,41,0
cudaLaunchKernel,272,41,0
cudaLaunchKernel,128,41,0
cudaLaunchKernel,216,41,0
cudaLaunchKernel,128,39,0
cudaLaunchKernel,216,44,0
cudaLaunchKernel,272,41,0
cudaLaunchKernel,128,41,0
cudaLaunchKernel,216,41,0
cudaLaunchKernel,164,41,0
cudaLaunchKernel,128,41,0
cudaLaunchKernel,216,40,0
cudaLaunchKernel,128,42,0
cudaLaunchKernel,216,40,0
cudaLaunchKernel,164,43,0
cudaLaunchKernel,252,41,0
cudaOccupancyMaxActiveBlocksPerMultiprocessorWithFlags,36,38,0
cudaLaunchKernel,264,39,0
cudaLaunchKernel,84,40,0
cudaLaunchKernel,128,40,0
cudaLaunchKernel,216,41,0
cudaLaunchKernel,272,39,0
cudaLaunchKernel,128,41,0
cudaLaunchKernel,216,39,0
cudaLaunchKernel,128,41,0
cudaLaunchKernel,216,39,0
cudaLaunchKernel,272,41,0
cudaLaunchKernel,128,38,0
cudaLaunchKernel,216,39,0
cudaLaunchKernel,164,39,0
cudaLaunchKernel,128,40,0
cudaLaunchKernel,216,41,0
cudaLaunchKernel,128,41,0
cudaLaunchKernel,216,39,0
cudaLaunchKernel,164,44,0
cudaLaunchKernel,252,41,0
cudaOccupancyMaxActiveBlocksPerMultiprocessorWithFlags,36,39,0
cudaLaunchKernel,264,38,0
cudaLaunchKernel,84,41,0
cudaLaunchKernel,128,43,0
cudaLaunchKernel,216,44,0
cudaLaunchKernel,272,40,0
cudaLaunchKernel,128,40,0
cudaLaunchKernel,216,43,0
cudaLaunchKernel,128,42,0
cudaLaunchKernel,216,40,0
cudaLaunchKernel,272,39,0
cudaLaunchKernel,128,40,0
cudaLaunchKernel,216,41,0
cudaLaunchKernel,164,39,0
cudaLaunchKernel,128,40,0
cudaLaunchKernel,216,40,0
cudaLaunchKernel,128,40,0
cudaLaunchKernel,216,42,0
cudaLaunchKernel,164,41,0
cudaLaunchKernel,252,39,0
cudaOccupancyMaxActiveBlocksPerMultiprocessorWithFlags,36,38,0
cudaLaunchKernel,264,39,0
cudaLaunchKernel,84,42,0
cudaLaunchKernel,128,38,0
cudaLaunchKernel,216,40,0
cudaLaunchKernel,272,40,0
cudaLaunchKernel,128,41,0
cudaLaunchKernel,216,43,0
cudaLaunchKernel,128,39,0
cudaLaunchKernel,216,39,0
cudaLaunchKernel,272,40,0
cudaLaunchKernel,128,39,0
cudaLaunchKernel,216,40,0
cudaLaunchKernel,164,40,0
cudaLaunchKernel,128,39,0
cudaLaunchKernel,216,41,0
cudaLaunchKernel,128,42,0
cudaLaunchKernel,216,38,0
cudaLaunchKernel,164,40,0
cudaLaunchKernel,252,41,0
cudaOccupancyMaxActiveBlocksPerMultiprocessorWithFlags,36,38,0
cudaLaunchKernel,264,41,0
cudaLaunchKernel,84,41,0
cudaLaunchKernel,128,41,0
cudaLaunchKernel,216,41,0
cudaLaunchKernel,272,40,0
cudaLaunchKernel,128,43,0
cudaLaunchKernel,216,39,0
cudaLaunchKernel,128,40,0
cudaLaunchKernel,216,40,0
cudaLaunchKernel,272,42,0
cudaLaunchKernel,128,41,0
cudaLaunchKernel,216,39,0
cudaLaunchKernel,164,40,0
cudaLaunchKernel,128,39,0
cudaLaunchKernel,216,41,0
cudaLaunchKernel,128,43,0
cudaLaunchKernel,216,41,0
cudaLaunchKernel,164,40,0
cudaLaunchKernel,252,39,0
cudaOccupancyMaxActiveBlocksPerMultiprocessorWithFlags,36,40,0
cudaLaunchKernel,264,39,0
cudaLaunchKernel,84,42,0
cudaLaunchKernel,128,39,0
cudaLaunchKernel,216,41,0
cudaLaunchKernel,272,42,0
cudaLaunchKernel,128,40,0
cudaLaunchKernel,216,40,0
cudaLaunchKernel,128,41,0
cudaLaunchKernel,216,41,0
cudaLaunchKernel,272,41,0
cudaLaunchKernel,128,39,0
cudaLaunchKernel,216,40,0
cudaLaunchKernel,164,38,0
cudaLaunchKernel,128,41,0
cudaLaunchKernel,216,42,0
cudaLaunchKernel,128,39,0
cudaLaunchKernel,216,40,0
cudaLaunchKernel,164,40,0
cudaLaunchKernel,252,40,0
cudaOccupancyMaxActiveBlocksPerMultiprocessorWithFlags,36,46,0
cudaLaunchKernel,264,41,0
cudaLaunchKernel,84,40,0
cudaLaunchKernel,128,42,0
cudaLaunchKernel,216,39,0
cudaLaunchKernel,272,41,0
cudaLaunchKernel,128,39,0
cudaLaunchKernel,216,40,0
cudaLaunchKernel,128,40,0
cudaLaunchKernel,216,40,0
cudaLaunchKernel,272,41,0
cudaLaunchKernel,128,41,0
cudaLaunchKernel,216,39,0
cudaLaunchKernel,164,40,0
cudaLaunchKernel,128,42,0
cudaLaunchKernel,216,39,0
cudaLaunchKernel,128,39,0
cudaLaunchKernel,216,41,0
cudaLaunchKernel,164,40,0
cudaLaunchKernel,252,39,0
cudaOccupancyMaxActiveBlocksPerMultiprocessorWithFlags,36,37,0
cudaLaunchKernel,264,39,0
cudaLaunchKernel,84,41,0
cudaLaunchKernel,128,41,0
cudaLaunchKernel,216,45,0
cudaLaunchKernel,272,42,0
cudaLaunchKernel,128,40,0
cudaLaunchKernel,216,40,0
cudaLaunchKernel,128,40,0
cudaLaunchKernel,216,40,0
cudaLaunchKernel,272,40,0
cudaLaunchKernel,128,38,0
cudaLaunchKernel,216,42,0
cudaLaunchKernel,164,40,0
cudaLaunchKernel,128,42,0
cudaLaunchKernel,216,39,0
cudaLaunchKernel,128,39,0
cudaLaunchKernel,216,40,0
cudaLaunchKernel,164,40,0
cudaLaunchKernel,252,40,0
cudaOccupancyMaxActiveBlocksPerMultiprocessorWithFlags,36,39,0
cudaLaunchKernel,264,40,0
cudaLaunchKernel,84,42,0
cudaLaunchKernel,128,42,0
cudaLaunchKernel,216,40,0
cudaLaunchKernel,184,39,0
cudaLaunchKernel,184,39,0
cudaLaunchKernel,208,42,0
cudaLaunchKernel,272,41,0
cudaLaunchKernel,128,39,0
cudaLaunchKernel,216,40,0
cudaLaunchKernel,128,41,0
cudaLaunchKernel,216,40,0
cudaLaunchKernel,272,41,0
cudaLaunchKernel,128,42,0
cudaLaunchKernel,216,40,0
cudaMemcpyAsync,37,126,0
cudaStreamSynchronize,8,34,0
cudaStreamDestroy,8,40,0
cuMemUnmap,16,224,0
cuMemAddressFree,16,68,0
cudaFree,8,131,0
cudaFree,8,89,0
cudaFree,8,468,0
cudaUnregisterFatBinary,31,83,0
cudaUnregisterFatBinary,31,44,0
cudaUnregisterFatBinary,31,48,0
cudaUnregisterFatBinary,31,44,0
cudaUnregisterFatBinary,31,42,0
cudaUnregisterFatBinary,31,42,0
cudaUnregisterFatBinary,31,41,0
cudaUnregisterFatBinary,31,41,0
cudaUnregisterFatBinary,31,40,0
cudaUnregisterFatBinary,31,42,0
cudaUnregisterFatBinary,31,40,0
cudaUnregisterFatBinary,31,40,0
cudaUnregisterFatBinary,31,40,0
cudaUnregisterFatBinary,31,40,0
cudaUnregisterFatBinary,31,42,0
cudaUnregisterFatBinary,31,41,0
cudaUnregisterFatBinary,31,41,0
cudaUnregisterFatBinary,31,42,0
cudaUnregisterFatBinary,31,43,0
cudaUnregisterFatBinary,31,43,0
cudaUnregisterFatBinary,31,42,0
cudaUnregisterFatBinary,31,41,0
cudaUnregisterFatBinary,31,42,0
cudaUnregisterFatBinary,31,40,0
cudaUnregisterFatBinary,31,38,0
cudaUnregisterFatBinary,31,39,0
cudaUnregisterFatBinary,31,45,0
cudaUnregisterFatBinary,31,39,0
cudaUnregisterFatBinary,31,39,0
cudaUnregisterFatBinary,31,39,0
cudaUnregisterFatBinary,31,43,0
cudaUnregisterFatBinary,31,37,0
cudaUnregisterFatBinary,31,40,0
cudaUnregisterFatBinary,31,50,0
cudaUnregisterFatBinary,31,38,0
cudaUnregisterFatBinary,31,42,0
cudaUnregisterFatBinary,31,39,0
cudaUnregisterFatBinary,31,38,0
cudaUnregisterFatBinary,31,40,0
cudaUnregisterFatBinary,31,40,0
cudaUnregisterFatBinary,31,39,0
cudaUnregisterFatBinary,31,43,0
cudaUnregisterFatBinary,31,38,0
cudaUnregisterFatBinary,31,44,0
cudaUnregisterFatBinary,31,41,0
cudaUnregisterFatBinary,31,38,0
cudaUnregisterFatBinary,31,38,0
cudaUnregisterFatBinary,31,47,0
cudaUnregisterFatBinary,31,38,0
cudaUnregisterFatBinary,31,43,0
cudaUnregisterFatBinary,31,41,0
cudaUnregisterFatBinary,31,45,0
cudaUnregisterFatBinary,31,43,0
cudaUnregisterFatBinary,31,43,0
cudaUnregisterFatBinary,31,40,0
cudaUnregisterFatBinary,31,44,0
cudaUnregisterFatBinary,31,39,0
cudaUnregisterFatBinary,31,39,0
cudaUnregisterFatBinary,31,44,0
cudaUnregisterFatBinary,31,40,0
cudaUnregisterFatBinary,31,42,0
cudaUnregisterFatBinary,31,42,0
cudaUnregisterFatBinary,31,40,0
cudaUnregisterFatBinary,31,38,0
cudaUnregisterFatBinary,31,37,0
cudaUnregisterFatBinary,31,40,0
cudaUnregisterFatBinary,31,37,0
cudaUnregisterFatBinary,31,41,0
cudaUnregisterFatBinary,31,38,0
cudaUnregisterFatBinary,31,42,0
cudaUnregisterFatBinary,31,41,0
cudaUnregisterFatBinary,31,44,0
cudaUnregisterFatBinary,31,40,0
cudaUnregisterFatBinary,31,40,0
cudaUnregisterFatBinary,31,43,0
cudaUnregisterFatBinary,31,43,0
cudaUnregisterFatBinary,31,42,0
cudaUnregisterFatBinary,31,45,0
cudaUnregisterFatBinary,31,41,0
cudaUnregisterFatBinary,31,40,0
cudaUnregisterFatBinary,31,44,0
cudaUnregisterFatBinary,31,45,0
cudaUnregisterFatBinary,31,43,0
cudaUnregisterFatBinary,31,43,0
cudaUnregisterFatBinary,31,39,0
cudaUnregisterFatBinary,31,44,0
cudaUnregisterFatBinary,31,44,0
cudaUnregisterFatBinary,31,47,0
cudaUnregisterFatBinary,31,43,0
cudaUnregisterFatBinary,31,43,0
cudaUnregisterFatBinary,31,43,0
cudaUnregisterFatBinary,31,42,0
cudaUnregisterFatBinary,31,44,0
cudaUnregisterFatBinary,31,44,0
cudaUnregisterFatBinary,31,43,0
cudaUnregisterFatBinary,31,43,0
cudaUnregisterFatBinary,31,45,0
cudaUnregisterFatBinary,31,44,0
cudaUnregisterFatBinary,31,45,0
cudaUnregisterFatBinary,31,43,0
cudaUnregisterFatBinary,31,46,0
cudaUnregisterFatBinary,31,43,0
cudaUnregisterFatBinary,31,45,0
cudaUnregisterFatBinary,31,39,0
cudaUnregisterFatBinary,31,39,0
cudaUnregisterFatBinary,31,46,0
cudaUnregisterFatBinary,31,43,0
cudaUnregisterFatBinary,31,46,0
cudaUnregisterFatBinary,31,42,0
cudaUnregisterFatBinary,31,45,0
cudaUnregisterFatBinary,31,44,0
cudaUnregisterFatBinary,31,43,0
cudaUnregisterFatBinary,31,44,0
cudaUnregisterFatBinary,31,42,0
cudaUnregisterFatBinary,31,43,0
cudaUnregisterFatBinary,31,43,0
cudaUnregisterFatBinary,31,42,0
cudaUnregisterFatBinary,31,40,0
cudaUnregisterFatBinary,31,39,0
cudaUnregisterFatBinary,31,42,0
cudaUnregisterFatBinary,31,42,0
cudaUnregisterFatBinary,31,43,0
cudaUnregisterFatBinary,31,47,0
cudaUnregisterFatBinary,31,43,0
cudaUnregisterFatBinary,31,40,0
cudaUnregisterFatBinary,31,43,0
cudaUnregisterFatBinary,31,39,0
cudaUnregisterFatBinary,31,43,0
cudaUnregisterFatBinary,31,42,0
cudaUnregisterFatBinary,31,42,0
cudaUnregisterFatBinary,31,43,0
cudaUnregisterFatBinary,31,45,0
cudaUnregisterFatBinary,31,41,0
cudaUnregisterFatBinary,31,43,0
cudaUnregisterFatBinary,31,44,0
cudaUnregisterFatBinary,31,44,0
cudaUnregisterFatBinary,31,43,0
cudaUnregisterFatBinary,31,41,0
cudaUnregisterFatBinary,31,42,0
cudaUnregisterFatBinary,31,45,0
cudaUnregisterFatBinary,31,42,0
